[
  {
    "review_id": "10215540",
    "movie_id": "100097",
    "author": "bitz****",
    "review": "이거 보고 재밌다는색기들은 친일파쪽바리색기냐? 초딩급영화 평점에 속지마라 절대 내내 보면서 이게뭐지? 왠 ㅂㅅ들이 10년째 ㅂㅅ짓거리하고 야쿠자는 총상입은색기들이없어 맞은거봤는데 사망자가없대 개 ㅅㅂ련색기들 감독 싸대기전나때리고싶다 진심",
    "rating": "1",
    "date": "15.08.11"
  },
  {
    "review_id": "10128414",
    "movie_id": "100097",
    "author": "dlwo****",
    "review": "감독이 전하고싶었던 메세지가 지나치게 많았던거같음",
    "rating": "7",
    "date": "15.07.22"
  },
  {
    "review_id": "10128197",
    "movie_id": "100097",
    "author": "dpsw****",
    "review": "이 말도 안 되는 평점은 뭐지?2배속으로 20분쯤보다가 그마저도 시간이 아까운 것 같아 꺼버렸다. 매니악해도 너무 매니악하다...",
    "rating": "1",
    "date": "15.07.22"
  },
  {
    "review_id": "10077795",
    "movie_id": "100097",
    "author": "mr_f****",
    "review": "미친영화는 매드맥스보단 이 영화를 말하는게 아닌가 싶다.",
    "rating": "9",
    "date": "15.07.07"
  },
  {
    "review_id": "10043271",
    "movie_id": "100097",
    "author": "blue****",
    "review": "소노시온 제일 좋아하는 감독인데 개인적으로 이 작품이 나랑 제일 안 맞았어 ㅠㅠ",
    "rating": "6",
    "date": "15.06.27"
  },
  {
    "review_id": "10022010",
    "movie_id": "100097",
    "author": "ccor****",
    "review": "미친영화란 이 영화였다 킹스맨 매드맥스가 아니라",
    "rating": "10",
    "date": "15.06.22"
  },
  {
    "review_id": "10014100",
    "movie_id": "100097",
    "author": "holy****",
    "review": "정말 정신나간 영화인데 그게 다다. 이런 무질서함을 작품성이라고 불러주기는 싫다.",
    "rating": "5",
    "date": "15.06.20"
  },
  {
    "review_id": "10006002",
    "movie_id": "100097",
    "author": "peac****",
    "review": "난 재밋었음볼만엔딩 갠춘",
    "rating": "9",
    "date": "15.06.17"
  },
  {
    "review_id": "9930042",
    "movie_id": "100097",
    "author": "yhs4****",
    "review": "병맛에다가 잔혹하기 이를 데 없지만 어느 순간 눈시울이 붉혀지기도 한 영화. 소노 시온이라는 감독이 얼마나 대단한지 보여주는 작품! 한국에도 이런 영화가 나와야 한다!",
    "rating": "9",
    "date": "15.05.18"
  },
  {
    "review_id": "9908661",
    "movie_id": "100097",
    "author": "neof****",
    "review": "죽었던 코지가 문뚫고 나올때 뿜었습니다",
    "rating": "7",
    "date": "15.05.10"
  },
  {
    "review_id": "9875511",
    "movie_id": "100097",
    "author": "min_****",
    "review": "너무 좋아서 두번봄 격하지만 다정한 영화",
    "rating": "10",
    "date": "15.04.28"
  },
  {
    "review_id": "9838948",
    "movie_id": "100097",
    "author": "bles****",
    "review": "정신없이 쫓아가면 지옥을 볼 수 있다",
    "rating": "7",
    "date": "15.04.10"
  },
  {
    "review_id": "9835588",
    "movie_id": "100097",
    "author": "redp****",
    "review": "한바탕 시원하게 즐기기 좋네.",
    "rating": "9",
    "date": "15.04.09"
  },
  {
    "review_id": "9834970",
    "movie_id": "100097",
    "author": "zzin****",
    "review": "깜짝 놀랐네요. 정말 이 영화제작은 야쿠자가 했을겁니다. 그렇지 않고서야 어찌 이런 풋풋한 학생졸업작품에 이런 A급 배우들과 자금이 투입되겠어요. 50~60년대 일본영화보다 못한 졸작.",
    "rating": "1",
    "date": "15.04.08"
  },
  {
    "review_id": "9834765",
    "movie_id": "100097",
    "author": "drea****",
    "review": "약 제대로 빨고 만든... 병맛 잔혹 코믹물...",
    "rating": "10",
    "date": "15.04.08"
  },
  {
    "review_id": "9828698",
    "movie_id": "100097",
    "author": "do11****",
    "review": "뭐 이런 미친 영화가 다있어..ㅎㅎㅎ",
    "rating": "8",
    "date": "15.04.05"
  },
  {
    "review_id": "9824726",
    "movie_id": "100097",
    "author": "devi****",
    "review": "평점보고 봤다가 내용도 노잼이고 웃긴것도 아닌 유치한 개그나 치고있고 액션이 쩌는것도 아닌 80년대 액션을 보여주고 20분 보다가 짜증나서 넘겨가면서 보다가 꺼버렸음. 지금 궁금한건 저기 나온 딸래미 여자애 분명히 AV에서 본거같은데 누군지 기억이안나",
    "rating": "1",
    "date": "15.04.03"
  },
  {
    "review_id": "9823577",
    "movie_id": "100097",
    "author": "eva1****",
    "review": "일본영화 싫어하는 분들도 정말 재밌게 볼수있는 영화입니다. 연출, 시나리오, 연기 어느것하나 부족함이 없는 명작!",
    "rating": "10",
    "date": "15.04.03"
  },
  {
    "review_id": "9823527",
    "movie_id": "100097",
    "author": "iris****",
    "review": "주성치같이 생긴 놈이 설치는 주성치스러운 영화. 아~~~ 일본 영화보고 재미를 느낀 적이 단 한 번도 없다. 하나같이 진행 조올~~라 느리고 10노잼",
    "rating": "5",
    "date": "15.04.03"
  },
  {
    "review_id": "9781854",
    "movie_id": "100097",
    "author": "haha****",
    "review": "B급 감성!재미있어요!단 아무생각없이 봐야해요!!",
    "rating": "8",
    "date": "15.03.14"
  },
  {
    "review_id": "9764388",
    "movie_id": "100097",
    "author": "phho****",
    "review": "충격적이고 뭔가 당한 느낌이다...",
    "rating": "8",
    "date": "15.03.07"
  },
  {
    "review_id": "9756362",
    "movie_id": "100097",
    "author": "temo****",
    "review": "좋아요. 음악도 좋았음",
    "rating": "10",
    "date": "15.03.04"
  },
  {
    "review_id": "9752706",
    "movie_id": "100097",
    "author": "stem****",
    "review": "오 굿 아이디어. 액션 좋고.",
    "rating": "9",
    "date": "15.03.02"
  },
  {
    "review_id": "9733789",
    "movie_id": "100097",
    "author": "lman****",
    "review": "지옥에서 꺼내온 영화는 이런맛일까?",
    "rating": "8",
    "date": "15.02.24"
  },
  {
    "review_id": "9728069",
    "movie_id": "100097",
    "author": "kimd****",
    "review": "일본 코미디 스러운 영화, 양치송 노래도 좋고 배우도 좋다.그런데 잔인한 장면이 꽤 많이 보임.",
    "rating": "8",
    "date": "15.02.22"
  },
  {
    "review_id": "9709132",
    "movie_id": "100097",
    "author": "suhb****",
    "review": "일본놈들은 만화를 영화 같이 만들고, 영화를 만화 같이 만드는 ...",
    "rating": "5",
    "date": "15.02.18"
  },
  {
    "review_id": "9707515",
    "movie_id": "100097",
    "author": "hss9****",
    "review": "이게 머가 9.5나돼~~~  계속 지루하다가 끝에 쪼금  재밌어~",
    "rating": "6",
    "date": "15.02.18"
  },
  {
    "review_id": "9706869",
    "movie_id": "100097",
    "author": "rkaw****",
    "review": "코드가 잘 맞다면 미친듯이 웃을수 있는영화  영화를 좋아하신다면 꼭 추천하고 싶네요 ㅎㅎ",
    "rating": "9",
    "date": "15.02.17"
  },
  {
    "review_id": "9706132",
    "movie_id": "100097",
    "author": "seen****",
    "review": "별점 주기도 아깝다. 욕나옴.",
    "rating": "1",
    "date": "15.02.17"
  },
  {
    "review_id": "9689041",
    "movie_id": "100097",
    "author": "yana****",
    "review": "무난하다고 본다...",
    "rating": "7",
    "date": "15.02.12"
  },
  {
    "review_id": "9676350",
    "movie_id": "100097",
    "author": "bagg****",
    "review": "말그대로 미친 영화다. 음악도 최고",
    "rating": "10",
    "date": "15.02.07"
  },
  {
    "review_id": "9675349",
    "movie_id": "100097",
    "author": "khao****",
    "review": "빅잼 이다 !!!!&@",
    "rating": "10",
    "date": "15.02.07"
  },
  {
    "review_id": "9670998",
    "movie_id": "100097",
    "author": "bul2****",
    "review": "영화란 무엇인가 소노시온형 짱드셈!!",
    "rating": "10",
    "date": "15.02.05"
  },
  {
    "review_id": "9656581",
    "movie_id": "100097",
    "author": "pete****",
    "review": "너는 단 한번이라도 죽을 각오와 열정으로 영화를 찍어본적이 있는가? 소노시온이 일본 영화계에 전하는 위트있는 돌직구 한방.",
    "rating": "7",
    "date": "15.02.01"
  },
  {
    "review_id": "9641077",
    "movie_id": "100097",
    "author": "live****",
    "review": "상영관좀 많이 잡아줘 볼수가 없잖아",
    "rating": "10",
    "date": "15.01.27"
  },
  {
    "review_id": "9635644",
    "movie_id": "100097",
    "author": "rame****",
    "review": "등장인물들도 미쳤고 영화도 미쳤다. 괜찮은 액션장면이 많다. 끝내는 유쾌한 피바다다.",
    "rating": "8",
    "date": "15.01.25"
  },
  {
    "review_id": "9601903",
    "movie_id": "100097",
    "author": "smms****",
    "review": "진심 존잼 영화평 남긴지가 얼마만이더라",
    "rating": "10",
    "date": "15.01.16"
  },
  {
    "review_id": "9562663",
    "movie_id": "100097",
    "author": "dbu1****",
    "review": "역시 발상이 남다름 너무 좋음 ㅠㅠ",
    "rating": "10",
    "date": "15.01.04"
  },
  {
    "review_id": "9491002",
    "movie_id": "100097",
    "author": "perr****",
    "review": "퍼크 보머스~ 퍼크 보머스~",
    "rating": "10",
    "date": "14.12.20"
  },
  {
    "review_id": "9485389",
    "movie_id": "100097",
    "author": "guev****",
    "review": "초반부터 엔딩까지 코믹한 설정을 유쾌하게 전개 시키는군",
    "rating": "7",
    "date": "14.12.18"
  },
  {
    "review_id": "9478710",
    "movie_id": "100097",
    "author": "haha****",
    "review": "웃기고 뭉클하더라..",
    "rating": "10",
    "date": "14.12.16"
  },
  {
    "review_id": "9477214",
    "movie_id": "100097",
    "author": "babo****",
    "review": "와  재밌다! 호불호가 갈리수도 있겠지만 그래도 참 잘만듬~!~!",
    "rating": "10",
    "date": "14.12.15"
  },
  {
    "review_id": "9430801",
    "movie_id": "100097",
    "author": "6153****",
    "review": "이건 차라리 예술이다...",
    "rating": "10",
    "date": "14.11.29"
  },
  {
    "review_id": "9429002",
    "movie_id": "100097",
    "author": "copy****",
    "review": "영화광 감독의 영화의대한 끝없는 열정",
    "rating": "9",
    "date": "14.11.28"
  },
  {
    "review_id": "9428903",
    "movie_id": "100097",
    "author": "shin****",
    "review": "최곸ㅋㅋ 미친듯하다.",
    "rating": "9",
    "date": "14.11.28"
  },
  {
    "review_id": "9426132",
    "movie_id": "100097",
    "author": "byul****",
    "review": "특이하지만 재미는 없는, 그래서 지루한 이 영화는 나빠",
    "rating": "1",
    "date": "14.11.27"
  },
  {
    "review_id": "9424887",
    "movie_id": "100097",
    "author": "lala****",
    "review": "지옥이라도 상관없는 간절하고 절박한 마음들.",
    "rating": "10",
    "date": "14.11.26"
  },
  {
    "review_id": "9401854",
    "movie_id": "100097",
    "author": "jcpa****",
    "review": "초반에 영화관에서 나가지 마세요. 중반 넘기면 허탈해서 웃는 장면들 많이 나와요..^^",
    "rating": "6",
    "date": "14.11.20"
  },
  {
    "review_id": "9398816",
    "movie_id": "100097",
    "author": "chom****",
    "review": "두더지부터ㅡ니카이도 후미가 점점 좋아짐 나도 키스하고싶다",
    "rating": "8",
    "date": "14.11.18"
  },
  {
    "review_id": "9397492",
    "movie_id": "100097",
    "author": "tran****",
    "review": "뭐지? 이 병맛같은 유치찬란한 C급 영화는??",
    "rating": "3",
    "date": "14.11.18"
  },
  {
    "review_id": "9397226",
    "movie_id": "100097",
    "author": "lrun****",
    "review": "정말 쓰레기 쓰레기....암튼 별점 5 이상은 전부 낚시라고 보여짐....필름이 아까울정도....",
    "rating": "1",
    "date": "14.11.18"
  },
  {
    "review_id": "9396838",
    "movie_id": "100097",
    "author": "koak****",
    "review": "킬빌보다 더 쎄다. 그러나 배우들 연기가 좀...",
    "rating": "7",
    "date": "14.11.17"
  },
  {
    "review_id": "9396664",
    "movie_id": "100097",
    "author": "logo****",
    "review": "영화 광인..' 안좋은 감을 따라가야지 인생이 재미있어져.'",
    "rating": "9",
    "date": "14.11.17"
  },
  {
    "review_id": "9396519",
    "movie_id": "100097",
    "author": "qorr****",
    "review": "경쾌하고 정신없고 신나는 소노 시온의 B급 개난장에 시간가는줄 모르고 2시간 6분을 즐겁게 감상하게 된다. 소노 시온 작품중 가장 오락적이고 낭만적이기도한 장르영화",
    "rating": "8",
    "date": "14.11.17"
  },
  {
    "review_id": "9394047",
    "movie_id": "100097",
    "author": "ogr5****",
    "review": "영화광이 선사하는 멈출 줄 모르는 활보.",
    "rating": "6",
    "date": "14.11.17"
  },
  {
    "review_id": "9392647",
    "movie_id": "100097",
    "author": "pass****",
    "review": "와우  즐겁고 하지만 잔인한 영화 ~~",
    "rating": "8",
    "date": "14.11.16"
  },
  {
    "review_id": "9392503",
    "movie_id": "100097",
    "author": "ghdu****",
    "review": "러브익스포져같은 희대의 명작은 이제 안 나오는 것인가...",
    "rating": "6",
    "date": "14.11.16"
  },
  {
    "review_id": "9388890",
    "movie_id": "100097",
    "author": "534k****",
    "review": "와 소노시온 감독 얼마만이야",
    "rating": "10",
    "date": "14.11.16"
  },
  {
    "review_id": "9386113",
    "movie_id": "100097",
    "author": "give****",
    "review": "무토의 우아한 걸음걸이와 몸동작이 너무 매력적이야",
    "rating": "10",
    "date": "14.11.15"
  },
  {
    "review_id": "9384219",
    "movie_id": "100097",
    "author": "anih****",
    "review": "영화에 대한 열정과 의리로 시종일관 시선을 사로 잡는다.  경력이 많은 감독이 이런 영화를 만들어 냈다는 것이 더욱 멋져 보인다. 신선하고 강렬한 연출이 기억에 오래 남는다. 신기한 영화다. 영화의 에너지가 나에게도 힘을 주는 듯 발걸음이 가볍다.",
    "rating": "9",
    "date": "14.11.14"
  },
  {
    "review_id": "9383752",
    "movie_id": "100097",
    "author": "myco****",
    "review": "오랜만에 실컷 웃었다 b급 코메디라고 느끼지만 재미는 최고^^",
    "rating": "8",
    "date": "14.11.14"
  },
  {
    "review_id": "9383694",
    "movie_id": "100097",
    "author": "ldy6****",
    "review": "명백한 주인공도 없지만 마지막에는 모두가 주인공이 되는 영화라는 자체에 대한 감독의 무한한 경이가 느껴지는 소노 시온 최고 걸작.",
    "rating": "10",
    "date": "14.11.14"
  },
  {
    "review_id": "9383414",
    "movie_id": "100097",
    "author": "rldb****",
    "review": "딱 좋다. 놀이기구를 탄 기분으로 따라가면 되네.",
    "rating": "8",
    "date": "14.11.14"
  },
  {
    "review_id": "9382476",
    "movie_id": "100097",
    "author": "qort****",
    "review": "걸작인거 같습니다. 멋져요~",
    "rating": "10",
    "date": "14.11.14"
  },
  {
    "review_id": "9382129",
    "movie_id": "100097",
    "author": "slam****",
    "review": "막가파식의 블랙유머가 찰진 영화..",
    "rating": "10",
    "date": "14.11.14"
  },
  {
    "review_id": "9381601",
    "movie_id": "100097",
    "author": "11ba****",
    "review": "난 완전 잘봤는데 역시 소노시온이란 말밖엔 안나옴 영화를 사랑하는 열정을 잘 표현한 영화임",
    "rating": "9",
    "date": "14.11.14"
  },
  {
    "review_id": "9381121",
    "movie_id": "100097",
    "author": "cool****",
    "review": "도대체 뭐라고 해야 할 지 모르겠음. 멘탈 붕괴 ㅎㅎ. 괜찮은 장면 많음. 음악과 연기도 좋음. 킬빌을 봤을 때와 유사한 기분임.",
    "rating": "7",
    "date": "14.11.14"
  },
  {
    "review_id": "9377082",
    "movie_id": "100097",
    "author": "phin****",
    "review": "정말 잘 만든 비급영화. 일본 특유의 오버도 완성도가 높으니 볼만 하네요. 초반만 버티면 재밌음.",
    "rating": "7",
    "date": "14.11.13"
  }
]