[
  {
    "review_id": "10202312",
    "movie_id": "100039",
    "author": "arin****",
    "review": "싸우나랑 싸우는 영화.",
    "rating": "1",
    "date": "15.08.08"
  },
  {
    "review_id": "10137870",
    "movie_id": "100039",
    "author": "dlal****",
    "review": "하.... 할말이 없다 .",
    "rating": "1",
    "date": "15.07.24"
  },
  {
    "review_id": "10122585",
    "movie_id": "100039",
    "author": "saki****",
    "review": "킬링타임으로 괜찮은거 같음",
    "rating": "10",
    "date": "15.07.20"
  },
  {
    "review_id": "10085485",
    "movie_id": "100039",
    "author": "wjdr****",
    "review": "하... 뭐냐 이건 그냥 노답",
    "rating": "1",
    "date": "15.07.09"
  },
  {
    "review_id": "10073351",
    "movie_id": "100039",
    "author": "sbe9****",
    "review": "이 영화를 보고 암이 나았습니다",
    "rating": "1",
    "date": "15.07.05"
  },
  {
    "review_id": "9958587",
    "movie_id": "100039",
    "author": "gall****",
    "review": "밀폐된 사우나속 온도지수가 상승할수록 몰입지수는 하강. 소재는 좋았지만 한정된 장소와 제한된 여건속 지속적 흥미를 주기 위한 아이템 즉 장치적 요소가 부족하지 않았나 싶다.",
    "rating": "3",
    "date": "15.05.29"
  },
  {
    "review_id": "9939640",
    "movie_id": "100039",
    "author": "cind****",
    "review": "재개봉했냐.. 영화제목은 왜그러냐",
    "rating": "10",
    "date": "15.05.22"
  },
  {
    "review_id": "9844125",
    "movie_id": "100039",
    "author": "deff****",
    "review": "멍청한 친구 하나 때문에 이게 뭐냐 ...그런데 이걸 왜 만든거야",
    "rating": "1",
    "date": "15.04.13"
  },
  {
    "review_id": "9459347",
    "movie_id": "100039",
    "author": "nys0****",
    "review": "마지막 진자 존나 허무하고 화난다",
    "rating": "1",
    "date": "14.12.08"
  },
  {
    "review_id": "9405926",
    "movie_id": "100039",
    "author": "www2****",
    "review": "이안 없었으면 어쩔뻔햇노 개허무하네",
    "rating": "1",
    "date": "14.11.21"
  },
  {
    "review_id": "9334067",
    "movie_id": "100039",
    "author": "ke_s****",
    "review": "아오 시간 낭비했네 괜히봤어",
    "rating": "1",
    "date": "14.11.01"
  },
  {
    "review_id": "9280478",
    "movie_id": "100039",
    "author": "mnbv****",
    "review": "재가공포용영화매니아인대요^^이건보지마새요ㅎㅎ돈만낭비합니다.공포영화매니아로서얘기하는겁니다.",
    "rating": "1",
    "date": "14.10.10"
  },
  {
    "review_id": "9278570",
    "movie_id": "100039",
    "author": "chiv****",
    "review": "마이클 존나 패죽이고싶다",
    "rating": "5",
    "date": "14.10.09"
  },
  {
    "review_id": "9270344",
    "movie_id": "100039",
    "author": "soul****",
    "review": "여러분! 우리만당할순없지 않습니까?! 일어섭시다!",
    "rating": "1",
    "date": "14.10.06"
  },
  {
    "review_id": "9260213",
    "movie_id": "100039",
    "author": "tae1****",
    "review": "개꿀잼^_^ ㄷㄷㄷ 굿",
    "rating": "10",
    "date": "14.10.03"
  },
  {
    "review_id": "9239135",
    "movie_id": "100039",
    "author": "pc50****",
    "review": "기대했는데 뻔한 스토리;;",
    "rating": "2",
    "date": "14.09.24"
  },
  {
    "review_id": "9238632",
    "movie_id": "100039",
    "author": "534k****",
    "review": "걍 답이 없는 영화..노답",
    "rating": "1",
    "date": "14.09.24"
  },
  {
    "review_id": "9238581",
    "movie_id": "100039",
    "author": "dnjs****",
    "review": "어째서 생존게임이야?",
    "rating": "1",
    "date": "14.09.24"
  },
  {
    "review_id": "9238471",
    "movie_id": "100039",
    "author": "asqz****",
    "review": "이런건 본다는건 시간낭비예요.... 이런쓰레기영화는 없애버려야함",
    "rating": "1",
    "date": "14.09.24"
  },
  {
    "review_id": "9238213",
    "movie_id": "100039",
    "author": "jeju****",
    "review": "우와 진짜 재밌다 꼭보세요",
    "rating": "10",
    "date": "14.09.24"
  },
  {
    "review_id": "9237383",
    "movie_id": "100039",
    "author": "kara****",
    "review": "정제 모호한 사우나 밀실게임...스릴없는 스릴러...",
    "rating": "2",
    "date": "14.09.24"
  }
]