[
  {
    "review": "2015년 미래로 왔다고 하는게 보면서도 기분이 묘했음ㅋㅋㅋㅋ 하기야 25년 전 영화니... 옅느 꿀ㄹ잼!",
    "date": "15.08.17",
    "rating": "10",
    "author": "ehsy****",
    "review_id": "10244944",
    "movie_id": "10003"
  },
  {
    "review": "아~ 이 영화 음악이 너무 좋아~",
    "date": "15.08.11",
    "rating": "10",
    "author": "kimm****",
    "review_id": "10215774",
    "movie_id": "10003"
  },
  {
    "review": "1편에 비해 완성도가 떨어지는 느낌. 자꾸 1편 생각이 나는건 왜일까",
    "date": "15.08.07",
    "rating": "8",
    "author": "jiam****",
    "review_id": "10196608",
    "movie_id": "10003"
  },
  {
    "review": "원보다는 그닥이지만 재미는 충만함",
    "date": "15.07.29",
    "rating": "8",
    "author": "phea****",
    "review_id": "10158847",
    "movie_id": "10003"
  },
  {
    "review": "명작갑이다. 개재미짐.",
    "date": "15.07.20",
    "rating": "10",
    "author": "tbvj****",
    "review_id": "10124358",
    "movie_id": "10003"
  },
  {
    "review": "1 2 3 편중 가장 아쉬운 2편...",
    "date": "15.07.20",
    "rating": "9",
    "author": "prs7****",
    "review_id": "10123505",
    "movie_id": "10003"
  },
  {
    "review": "25년만에 다시 봤는데 잼있게 봤다. 추억이 새록새록. 그런데 마이클J폭스는 결국 파킨슨병에 걸리다?",
    "date": "15.07.19",
    "rating": "9",
    "author": "sykm****",
    "review_id": "10120518",
    "movie_id": "10003"
  },
  {
    "review": "2015 는 미끼... 우려먹기 재탕...!",
    "date": "15.07.19",
    "rating": "5",
    "author": "popy****",
    "review_id": "10120190",
    "movie_id": "10003"
  },
  {
    "review": "잡힐듯 안잡힐듯 .  90년대영화가 다그런듯.  요즘 영화보다 스토리 좋다고?   스토리 그대로하고  영상만 다시찍어서 개봉하면 어떻게 될것같냐?  . 말이되는소리를 해야지",
    "date": "15.07.19",
    "rating": "1",
    "author": "posi****",
    "review_id": "10120058",
    "movie_id": "10003"
  },
  {
    "review": "영화를 다시보니... 영화상의 미래가 2015년인데 하늘에 택시가 막 날아다녀...ㅎㅎ 엄청난 상상력이구만...1989에서 2015에 발전한건... 컴퓨터와 스맛폰외엔 별루 없구만.... ㅎ",
    "date": "15.07.19",
    "rating": "10",
    "author": "igam****",
    "review_id": "10119732",
    "movie_id": "10003"
  },
  {
    "review": "미래, 즉 현재의 모습을 나름대로 상상해서 영화로 꾸몄을 장면들을 보니 왜 이렇게 웃음만 나오는지 모르겠다 ㅋㅋ 날아다니는 차 부터 빵 터짐",
    "date": "15.07.18",
    "rating": "9",
    "author": "hunt****",
    "review_id": "10115013",
    "movie_id": "10003"
  },
  {
    "review": "1985 1989 1990 년도에 무슨일이 있었던 거죠?",
    "date": "15.07.17",
    "rating": "10",
    "author": "ac67****",
    "review_id": "10113274",
    "movie_id": "10003"
  },
  {
    "review": "지금봐도 완벽함. 무조건 1,2편 같이 보셔야 함. 2만 보면 이해 안됨. 그리고 2편에선 남자주인공이 암덩어리같은 존재가 되버리니 감안하고 보시길ㅋㅋ",
    "date": "15.07.13",
    "rating": "10",
    "author": "rnld****",
    "review_id": "10099975",
    "movie_id": "10003"
  },
  {
    "review": "재밌음 넘 넘 ~~!! 최고의 영화~",
    "date": "15.07.12",
    "rating": "10",
    "author": "tome****",
    "review_id": "10097753",
    "movie_id": "10003"
  },
  {
    "review": "와...진짜 보다가 암걸림",
    "date": "15.07.04",
    "rating": "4",
    "author": "gvbf****",
    "review_id": "10070110",
    "movie_id": "10003"
  },
  {
    "review": "거장 둘이서 영화를 만들면 이렇게 되는구나. 지금 2015년인데 자동으로 끈 묶이는 신발이 빨리 시중에 나왔으면 좋겠다.",
    "date": "15.06.23",
    "rating": "10",
    "author": "dkdl****",
    "review_id": "10023383",
    "movie_id": "10003"
  },
  {
    "review": "1편을 본사람도 신선하게 볼 수 있는 전개",
    "date": "15.06.19",
    "rating": "9",
    "author": "0292****",
    "review_id": "10013018",
    "movie_id": "10003"
  },
  {
    "review": "2015년 10월 ..얼마안남았다..나도 날아다니고싶다.",
    "date": "15.06.18",
    "rating": "10",
    "author": "bhn0****",
    "review_id": "10009294",
    "movie_id": "10003"
  },
  {
    "review": "1,2,3화 모두 재밌어요!! 옛날 작품인데도 전혀 촌스럽지 않고 훌륭합니다!!",
    "date": "15.06.15",
    "rating": "10",
    "author": "kdur****",
    "review_id": "10001531",
    "movie_id": "10003"
  },
  {
    "review": "스타워즈처럼 이런 영화는 언제봐도 대감동이다.",
    "date": "15.06.14",
    "rating": "10",
    "author": "band****",
    "review_id": "9998793",
    "movie_id": "10003"
  },
  {
    "review": "내가 태어나기 거의 한참 전에 나온 건데 진짜 재밌음. 요즘 나오는 트릴로지 시리즈가 배워야 한다.",
    "date": "15.06.13",
    "rating": "10",
    "author": "elws****",
    "review_id": "9995925",
    "movie_id": "10003"
  },
  {
    "review": "스토리구성과 저 상상력은 정말 압권!!!",
    "date": "15.06.05",
    "rating": "8",
    "author": "kenn****",
    "review_id": "9977479",
    "movie_id": "10003"
  },
  {
    "review": "\"완벽한 재연출이군\"",
    "date": "15.05.31",
    "rating": "10",
    "author": "dday****",
    "review_id": "9965003",
    "movie_id": "10003"
  },
  {
    "review": "전작에 버금가는 영화다.",
    "date": "15.05.23",
    "rating": "9",
    "author": "lysk****",
    "review_id": "9939911",
    "movie_id": "10003"
  },
  {
    "review": "개봉당시에도 인기 장난 아니였는데..  역시나 재미있게 잘만든 영화",
    "date": "15.05.22",
    "rating": "9",
    "author": "adiv****",
    "review_id": "9939708",
    "movie_id": "10003"
  },
  {
    "review": "90년대 영화치고는 스토리나 완성도가 높은것은 인정하는데 책때문에 답답하고 암걸리는줄알았다. 주인공이 쳐맞기를 바랬어",
    "date": "15.05.22",
    "rating": "7",
    "author": "namg****",
    "review_id": "9937288",
    "movie_id": "10003"
  },
  {
    "review": "2015년~♥ 명작입니다~~^^",
    "date": "15.05.20",
    "rating": "10",
    "author": "inam****",
    "review_id": "9934152",
    "movie_id": "10003"
  },
  {
    "review": "그냥최고 완전대박 짱짱",
    "date": "15.05.20",
    "rating": "10",
    "author": "cdld****",
    "review_id": "9934107",
    "movie_id": "10003"
  },
  {
    "review": "너무 재밌다....최고",
    "date": "15.05.17",
    "rating": "10",
    "author": "jp88****",
    "review_id": "9924680",
    "movie_id": "10003"
  },
  {
    "review": "2탄은 스릴감이 더 쫄깃해졌네!!",
    "date": "15.04.03",
    "rating": "10",
    "author": "wlgp****",
    "review_id": "9825066",
    "movie_id": "10003"
  },
  {
    "review": "말이필요없는영화..그냥 봐!",
    "date": "15.03.18",
    "rating": "10",
    "author": "kjon****",
    "review_id": "9790724",
    "movie_id": "10003"
  },
  {
    "review": "내가 태어난 해에 2가 나왔네. 지금에야 보지만 진짜 대작이다.",
    "date": "15.03.01",
    "rating": "10",
    "author": "cn31****",
    "review_id": "9749798",
    "movie_id": "10003"
  },
  {
    "review": "하 그냥 좋다 ㅎㅎㅎ 최고!",
    "date": "15.02.27",
    "rating": "10",
    "author": "minh****",
    "review_id": "9743416",
    "movie_id": "10003"
  },
  {
    "review": "꼭 봐야하는 영화. 우연히 쉬는날 킬링타임용으로 1편봤다가 너무 재미있어서 홀린듯이 한자리에서 3편까지 쉬지 않고 본 후 로버트 저메키스 감독의 팬이 되었음... 꼭 보세요",
    "date": "15.02.25",
    "rating": "10",
    "author": "kyrm****",
    "review_id": "9735915",
    "movie_id": "10003"
  },
  {
    "review": "백투터퓨쳐 진짜재밌음.추천합니다. 꼭보세요 123편 다. 일편만봐도 삼편까지 다 볼수밖에없음.  백투더퓨처는 명작입니다. 몇OO이지나도 재밌게볼수있는영화.",
    "date": "15.02.22",
    "rating": "10",
    "author": "ppss****",
    "review_id": "9726185",
    "movie_id": "10003"
  },
  {
    "review": "기대를 저버리질 안는구만~",
    "date": "15.02.14",
    "rating": "10",
    "author": "sssy****",
    "review_id": "9694881",
    "movie_id": "10003"
  },
  {
    "review": "1탄하고 이어지는 스토리만큼은 최고다!따봉~",
    "date": "15.02.11",
    "rating": "10",
    "author": "fdq2****",
    "review_id": "9686589",
    "movie_id": "10003"
  },
  {
    "review": "뒤늦게나마 이 시리즈를 보기 시작한건 내 행운이다.",
    "date": "15.02.09",
    "rating": "10",
    "author": "ajtw****",
    "review_id": "9681104",
    "movie_id": "10003"
  },
  {
    "review": "1편까지는 봐줄만 하지만 2편부터는 정말 유치하다..",
    "date": "15.02.02",
    "rating": "1",
    "author": "wjrh****",
    "review_id": "9660225",
    "movie_id": "10003"
  },
  {
    "review": "역사상 가장 위대한 속편 중 하나!!",
    "date": "15.01.27",
    "rating": "10",
    "author": "nirv****",
    "review_id": "9641184",
    "movie_id": "10003"
  },
  {
    "review": "2015년, 지금 이 영화를 봤다. 2015년이나와서 정말 놀랐다 하지만 영화속 2015년과 지금이 너무 차이나는것이다 과거엔 지금이 저렇게 발전되있을거라는 희망이 있었겠지? 과거의 사람들이 지금을 안봐서 다행이다.",
    "date": "15.01.16",
    "rating": "10",
    "author": "rnld****",
    "review_id": "9599831",
    "movie_id": "10003"
  },
  {
    "review": "말로 할수가 없음 무조건 보셈 2번보셈 아니 3번보셈 백투더퓨쳐 시리즈는 무조건 3번이상 보셈",
    "date": "15.01.14",
    "rating": "10",
    "author": "gaha****",
    "review_id": "9594139",
    "movie_id": "10003"
  },
  {
    "review": "이 영화는 봐도봐도 질리지가 않아...웅장한 OST만들어도 전율~~",
    "date": "15.01.14",
    "rating": "10",
    "author": "zaem****",
    "review_id": "9593203",
    "movie_id": "10003"
  },
  {
    "review": "드디어 영화속 배경으로 나온 2015년이 되었습니다...저 영화 첨 볼때 진짜 2015년은 어떨까 많이 궁금했었는데..현실은 많이 다르네요^^ 확실히 영화는 80년대 스타일이라 좀 촌스럽습니다. 날아다니는 자동차같은 최첨단 기술은 아직 없지만..",
    "date": "15.01.13",
    "rating": "10",
    "author": "paa2****",
    "review_id": "9589567",
    "movie_id": "10003"
  },
  {
    "review": "탄탄한 스토리의 킬링타임 영화!",
    "date": "15.01.12",
    "rating": "10",
    "author": "cono****",
    "review_id": "9588586",
    "movie_id": "10003"
  },
  {
    "review": "1보다 더 재밌었어요 ㅠㅠㅠㅠ",
    "date": "15.01.11",
    "rating": "9",
    "author": "diam****",
    "review_id": "9584630",
    "movie_id": "10003"
  },
  {
    "review": "tv는 여기서 상상했던것보다 훨씬 발전함..",
    "date": "15.01.06",
    "rating": "10",
    "author": "real****",
    "review_id": "9566910",
    "movie_id": "10003"
  },
  {
    "review": "스토리, 전개, 개연성, 흥미 모두 훌륭하다.",
    "date": "15.01.05",
    "rating": "9",
    "author": "rhdm****",
    "review_id": "9565142",
    "movie_id": "10003"
  },
  {
    "review": "2015년에 보는 백 투 더 퓨쳐 2편은 그 당시 상상했던 2015년의 모습과 비교해가면서 보는 것도 재밌습니다 ㅎㅎ",
    "date": "15.01.02",
    "rating": "8",
    "author": "dk10****",
    "review_id": "9552937",
    "movie_id": "10003"
  },
  {
    "review": "2015년.... 그런데 그것이 실제로 일어났습니다.",
    "date": "15.01.01",
    "rating": "9",
    "author": "gint****",
    "review_id": "9543162",
    "movie_id": "10003"
  },
  {
    "review": "이영화의 호버보드와 호버 차량들이 나오는 미래가2015년이었다니. . 너무 놀랍고 처량하구나. .발전한건 스마트폰 뿐인듯",
    "date": "14.12.31",
    "rating": "10",
    "author": "kang****",
    "review_id": "9541473",
    "movie_id": "10003"
  },
  {
    "review": "10점이기에는 백투더퓨처1보다 뒤떨어지고.. 8점이기에는 너무 부족한 영화...",
    "date": "14.12.29",
    "rating": "9",
    "author": "alex****",
    "review_id": "9535825",
    "movie_id": "10003"
  },
  {
    "review": "누구에겐 클래식이다. 할리우드 플롯의 정점이 아닐까",
    "date": "14.12.27",
    "rating": "9",
    "author": "xhip****",
    "review_id": "9523408",
    "movie_id": "10003"
  },
  {
    "review": "전편과의 뛰어난 합이 인상적이다",
    "date": "14.12.25",
    "rating": "8",
    "author": "arkj****",
    "review_id": "9510850",
    "movie_id": "10003"
  },
  {
    "review": "영화는 명작 중의 명작감독은 명장 중의 명장1 2 3 편 연속으로봤는대 연계성 개쩜 ㅋㅋ",
    "date": "14.12.20",
    "rating": "10",
    "author": "tete****",
    "review_id": "9492610",
    "movie_id": "10003"
  },
  {
    "review": "늦게 나마 본 영화지만 ..그 당시에 이렇게 꼼꼼하고 연출력까지 완벽한 영화를 만들었는지 의문이다.. 지금 백투 더 퓨쳐를 지금 자본력과 CG기술로 만든다면 어마어마한 작품이 나오지 않을까 싶음.. 내 인생 베스트 영화에 두번째라해도 손색이 없는 작품",
    "date": "14.12.19",
    "rating": "10",
    "author": "jino****",
    "review_id": "9488313",
    "movie_id": "10003"
  },
  {
    "review": "30여년전에 미국은 이런 영화 만들때 이놈에 한국영화는 에휴..",
    "date": "14.12.14",
    "rating": "10",
    "author": "ske4****",
    "review_id": "9473210",
    "movie_id": "10003"
  },
  {
    "review": "마티는  언제봐도 멋있다!",
    "date": "14.12.12",
    "rating": "10",
    "author": "98ap****",
    "review_id": "9467799",
    "movie_id": "10003"
  },
  {
    "review": "전편이 너무 강렬하고 재미있어서 재미가 좀 덜하지만 그래도 충분히 재미있음. 다만, 안타까운것은 미래 설정이면 차라리 3편에서처럼 100년 단위로 끊어서 아예 2085년으로 배경을 잡았으면 좋았을 듯, 2015년 설정이 지금하고 많이 안맞는게 아쉬움.",
    "date": "14.12.07",
    "rating": "9",
    "author": "khj8****",
    "review_id": "9455950",
    "movie_id": "10003"
  },
  {
    "review": "아~ 거 시나리오가 참 기가막히게 걸어놨네. GooD!!!",
    "date": "14.12.05",
    "rating": "7",
    "author": "samg****",
    "review_id": "9450532",
    "movie_id": "10003"
  },
  {
    "review": "탁월한 감각으로 쉽게 풀어낸 순수하고 때묻지 않은 상상력",
    "date": "14.12.02",
    "rating": "9",
    "author": "rcan****",
    "review_id": "9439947",
    "movie_id": "10003"
  },
  {
    "review": "요즘 영화보다 훨 재밌음  이어지는 스토리니 1편 보고 보길 . 요즘 SF보다 훨 미래 발전된 도시를 잘 보여주고 어둡지 않아 더 좋음",
    "date": "14.12.01",
    "rating": "10",
    "author": "jkin****",
    "review_id": "9437743",
    "movie_id": "10003"
  },
  {
    "review": "내인생 최고의 명작 시리즈",
    "date": "14.11.22",
    "rating": "10",
    "author": "koda****",
    "review_id": "9411695",
    "movie_id": "10003"
  },
  {
    "review": "여러분 2015년까지 2달 남았습니다근데 날아다니는 자동차는 어디있죠",
    "date": "14.11.18",
    "rating": "10",
    "author": "grea****",
    "review_id": "9399288",
    "movie_id": "10003"
  },
  {
    "review": "말이 필요한가? 어릴때 보고 최근에 다시 다운 받아 봐도 느낌이 다르고, 재밌었다. 10점도 적다.",
    "date": "14.11.18",
    "rating": "10",
    "author": "jini****",
    "review_id": "9398115",
    "movie_id": "10003"
  },
  {
    "review": "정말 마티와 마티 주니어가 다른사람같다.. 가장짜릿하고 몰입이 가장컸던 2편.. 근데 2015년에 비행보드가 안나왔다",
    "date": "14.11.13",
    "rating": "10",
    "author": "hist****",
    "review_id": "9379479",
    "movie_id": "10003"
  },
  {
    "review": "진짜 과학적이네,이거내가 태어나기 15년 전 영환데,진짜 좋습니다..",
    "date": "14.11.12",
    "rating": "10",
    "author": "gene****",
    "review_id": "9374751",
    "movie_id": "10003"
  },
  {
    "review": "1탄보다 더 꼬인 스토리 ㅋㅋㅋ지금 리메이크해도 손색이 없을 정도로 완벽하다!",
    "date": "14.10.08",
    "rating": "10",
    "author": "qhrt****",
    "review_id": "9274220",
    "movie_id": "10003"
  },
  {
    "review": "백투더 퓨처 시리즈중 개인적으로 제가 가장 좋아하는 편 당시는 미래의 모습을 정말 흥미롭게보았는데 어느새 지금은 2014년 ..후후...ㅠ_ㅠ 세월 빠르다....(응?)",
    "date": "14.10.04",
    "rating": "10",
    "author": "yist****",
    "review_id": "9262671",
    "movie_id": "10003"
  },
  {
    "review": "재밌는데 1편보다는아닌거같다 2편에서는 너무주인공이 답답할정도로 영화스토리를지연시키는장치가 너무많이들어가서 보는내내짜증이날정도였다...아 이거보면서진짜암걸린다는느낌이 뭔지 제대로느끼게되었다",
    "date": "14.09.09",
    "rating": "5",
    "author": "cws9****",
    "review_id": "9189407",
    "movie_id": "10003"
  },
  {
    "review": "3부작중 과거와 미래를 연결해주는 중요한 연결고리 역할을 하는 시리즈.",
    "date": "14.09.08",
    "rating": "10",
    "author": "stie****",
    "review_id": "9182947",
    "movie_id": "10003"
  },
  {
    "review": "내년이면 2015년이다. 언제나 미래하면 떠오르는 날아다니는 자동차는 100년뒤에도 실용화되기는 힘들어 보인다.",
    "date": "14.09.03",
    "rating": "8",
    "author": "jong****",
    "review_id": "9157370",
    "movie_id": "10003"
  },
  {
    "review": "백투더퓨터는 1,2,3 다 명작이지",
    "date": "14.08.28",
    "rating": "10",
    "author": "sieu****",
    "review_id": "9140581",
    "movie_id": "10003"
  },
  {
    "review": "와...진짜 최고에요 우리나라 영화 이 영화 본받아야 될 듯...",
    "date": "14.08.20",
    "rating": "10",
    "author": "rudd****",
    "review_id": "9113781",
    "movie_id": "10003"
  },
  {
    "review": "워낙 유명해서 찾아보기는 했으나 1편은 볼만했으나 2편은 좀 아니다 싶음. 물론 당시에 봤으면 훌륭한 작품임",
    "date": "14.08.09",
    "rating": "1",
    "author": "jjaj****",
    "review_id": "9053876",
    "movie_id": "10003"
  },
  {
    "review": "2014년 8월 5일에 다시 봤는데 ... 영화에서 나오는 2015년과는 차이가 많이 나는구나 ... 기술이 앞으로 30년은 더 발전해야 영화같이 될것같다",
    "date": "14.08.05",
    "rating": "10",
    "author": "lish****",
    "review_id": "9034006",
    "movie_id": "10003"
  },
  {
    "review": "악역으로 나온 사람 명치한대 때리고 싶었던 영화영화 잘만들었어요",
    "date": "14.07.24",
    "rating": "10",
    "author": "tkdt****",
    "review_id": "8951097",
    "movie_id": "10003"
  },
  {
    "review": "이 영화를 본게 30년이 다 되어가는데 지금에서야 오류를 알았다스포츠연감을 가지고 과거로간 늙은 비프는 마티와 박사가 있는 미래로 갈수가없다미래로 간다면 엄청난 부자가 된 비프 자신이 살고있는 미래로 가야 말이 된다",
    "date": "14.07.20",
    "rating": "8",
    "author": "ljhs****",
    "review_id": "8933470",
    "movie_id": "10003"
  },
  {
    "review": "정말 최첨단 미래의 모습에 완전 신기해하며 본 기억이~1편에 이어 천재감독의 역작~",
    "date": "14.07.13",
    "rating": "10",
    "author": "whia****",
    "review_id": "8913950",
    "movie_id": "10003"
  },
  {
    "review": "분명 무리수처럼 보이는 장면들이 있지만, 1편과 긴밀히 연결되어 더 확장된 이야기를 재밌게 들려주고 1편처럼 나비효과와 관련된 요소들도 흥미롭다.",
    "date": "14.07.04",
    "rating": "8",
    "author": "zxc1****",
    "review_id": "8883537",
    "movie_id": "10003"
  },
  {
    "review": "골목길에서 타다가 놓쳐 차도로 굴러가 반쪽이 나버린 내 스케이드보드를 갖고 들어와 이 영화를 보곤 내가 어른이 되면 저 스케이트보드를 탈 수 있게지 하며 한참동안을 마냥 즐거워 하며 빨리 시간이 흘러 어른이 되고 싶어하던 내 유년시절의 생각이 난다",
    "date": "14.06.25",
    "rating": "10",
    "author": "pkh0****",
    "review_id": "8853612",
    "movie_id": "10003"
  },
  {
    "review": "1에 이어서 역시 개쩐다 진짜 이시대에 이런영화가나왔다는게 놀랍다.",
    "date": "14.05.30",
    "rating": "10",
    "author": "jhh5****",
    "review_id": "8777574",
    "movie_id": "10003"
  },
  {
    "review": "전작의 줄거리 공식을 비슷하게 따라가는데다가 그나마 재미있던 초반부 미래편이 너무 짧게 나오는 점은 아쉽다.",
    "date": "14.05.27",
    "rating": "5",
    "author": "inos****",
    "review_id": "8769353",
    "movie_id": "10003"
  },
  {
    "review": "2014년 2의 무대배경은1년뒤인데 이걸1980년대에촬영했다니 정말지금봐도 정말참신한미래를 표현한거같아요.좀심하게말하면 천재 라고할수있는상상력이네요.",
    "date": "14.05.18",
    "rating": "10",
    "author": "hedc****",
    "review_id": "8742114",
    "movie_id": "10003"
  },
  {
    "review": "80년에 이런 영화를 어떻게 만들었을까. 지금도 이렇게 멋진 영화는 못만든다.",
    "date": "14.05.06",
    "rating": "10",
    "author": "mool****",
    "review_id": "8711291",
    "movie_id": "10003"
  },
  {
    "review": "1편보단 확실히 못하다",
    "date": "14.03.24",
    "rating": "8",
    "author": "jewe****",
    "review_id": "8602544",
    "movie_id": "10003"
  },
  {
    "review": "모든 SF영화의 최고봉.",
    "date": "14.03.08",
    "rating": "10",
    "author": "dool****",
    "review_id": "8562543",
    "movie_id": "10003"
  },
  {
    "review": "미래로 돌아가다 2. 미래로 가서 하늘을 나는 차도 나오고 볼거리 많아서 좋았어유. 1편보다 2편이 더 좋았어유. 그런데 2015년에 하늘을 나는 차가 나온다는 건 지금 돼서 보니 안타깝구유.",
    "date": "14.02.14",
    "rating": "10",
    "author": "real****",
    "review_id": "8508205",
    "movie_id": "10003"
  },
  {
    "review": "예전에나온영화를 1,2,3편 쭈루룩볼수잇어서 행복하다.",
    "date": "14.02.14",
    "rating": "10",
    "author": "1234****",
    "review_id": "8507340",
    "movie_id": "10003"
  },
  {
    "review": "현재 2014년...이런일은 나타나지 않았다..;;",
    "date": "14.02.11",
    "rating": "7",
    "author": "do11****",
    "review_id": "8499410",
    "movie_id": "10003"
  },
  {
    "review": "스펙타클입니다 와우 죽여주네여",
    "date": "14.02.09",
    "rating": "10",
    "author": "zbi1****",
    "review_id": "8493886",
    "movie_id": "10003"
  },
  {
    "review": "진짜 명작임 진심 이런영화는 리메이크하지말고 내버려둬야됨 괜히 리메이크했다가 영화 망치지말고",
    "date": "14.01.20",
    "rating": "10",
    "author": "jwa0****",
    "review_id": "8402592",
    "movie_id": "10003"
  },
  {
    "review": "스케일의 방대함. 각본이 3배는 세밀해졌음. 이런 대주제를 가지고 어렵지 않게 풀어주는것도 진짜 능력.",
    "date": "14.01.10",
    "rating": "9",
    "author": "mhth****",
    "review_id": "8368147",
    "movie_id": "10003"
  },
  {
    "review": "이영화 못봤으면 어쩔뻔..",
    "date": "14.01.10",
    "rating": "10",
    "author": "gpwl****",
    "review_id": "8367940",
    "movie_id": "10003"
  },
  {
    "review": "1편 2편 연속으로 봐야되는구나.. 1편과의 연개성 대단하다. 정말 명작임.",
    "date": "14.01.06",
    "rating": "10",
    "author": "qorc****",
    "review_id": "8354833",
    "movie_id": "10003"
  },
  {
    "review": "지금봐도 정말 재미있는 영화 ㅋㅋ",
    "date": "13.12.31",
    "rating": "10",
    "author": "usap****",
    "review_id": "8329833",
    "movie_id": "10003"
  },
  {
    "review": "1탄을 봤다면 2탄도 꼭 봐라",
    "date": "13.12.15",
    "rating": "9",
    "author": "zxvt****",
    "review_id": "8215668",
    "movie_id": "10003"
  },
  {
    "review": "다시는 못느낄  어릴 적 그때의 신비로움.판타지...",
    "date": "13.11.14",
    "rating": "10",
    "author": "cred****",
    "review_id": "8136129",
    "movie_id": "10003"
  },
  {
    "review": "너무재밋고 주연여배우들도 이쁨",
    "date": "13.10.15",
    "rating": "10",
    "author": "hell****",
    "review_id": "8061996",
    "movie_id": "10003"
  },
  {
    "review": "요즘 영화는 정말 이 영화를 본 받아야 한다  죽기전에 꼭 봐야 할 영화",
    "date": "13.10.08",
    "rating": "10",
    "author": "kk00****",
    "review_id": "8045730",
    "movie_id": "10003"
  }
]