[
  {
    "review": "이영화는 말이 필요없다",
    "date": "15.08.26",
    "rating": "10",
    "author": "sck2****",
    "review_id": "10276789",
    "movie_id": "10005"
  },
  {
    "review": "시대를 뛰어넘지는 못했다.",
    "date": "15.08.16",
    "rating": "5",
    "author": "soqu****",
    "review_id": "10242959",
    "movie_id": "10005"
  },
  {
    "review": "옛날 SF라고 보지도 않고 기대하지 않은게 부끄러울 정도. 스토리도 전혀 어색하지 않고 영화 내내 나오는 배경음악은 영화를 더 재밌게 해주는 조미료 역할! 정말 재밌게 봤다. 스타워즈 7을 위해서 복습하는 중인데 ㅎㅎㅎ",
    "date": "15.08.15",
    "rating": "8",
    "author": "cobb****",
    "review_id": "10234187",
    "movie_id": "10005"
  },
  {
    "review": "당시로서는 SF를 재정의한 마스터피스.",
    "date": "15.08.11",
    "rating": "8",
    "author": "tear****",
    "review_id": "10215239",
    "movie_id": "10005"
  },
  {
    "review": "정말 어떻게 30 몇년전에 이런 스케일이 나오나 나는 10대라 이게 젤먼저 만든거지만 1편부터 6편까지 봐서 이해가 잘됨 정말 대가답다 왜 최곤지 알게해주는 영화",
    "date": "15.08.08",
    "rating": "10",
    "author": "sara****",
    "review_id": "10204309",
    "movie_id": "10005"
  },
  {
    "review": "건담의 광선검이 스타워즈를 모방한 거라지?",
    "date": "15.07.24",
    "rating": "10",
    "author": "ldj0****",
    "review_id": "10138530",
    "movie_id": "10005"
  },
  {
    "review": "시대를 뛰어넘지는 못했다. 2",
    "date": "15.07.03",
    "rating": "6",
    "author": "sa2d****",
    "review_id": "10065973",
    "movie_id": "10005"
  },
  {
    "review": "앞으로 나는 이 영화를 다시 볼 일이 없을 것이다. 다시 볼 필요가 없다. 보지 않아도 모든 장면과 대사를 머리 속에서 재생할 수 있으니까.",
    "date": "15.06.26",
    "rating": "10",
    "author": "stil****",
    "review_id": "10039080",
    "movie_id": "10005"
  },
  {
    "review": "무지막지하게 재미있을 것 같다.^-^",
    "date": "15.06.18",
    "rating": "10",
    "author": "gun0****",
    "review_id": "10009996",
    "movie_id": "10005"
  },
  {
    "review": "그 당시 스필버그 감독의 미지와의 조우와 흥행대결을 펼치고 아주 가볍게 씹어먹은 작품아닌가?",
    "date": "15.06.11",
    "rating": "10",
    "author": "jsga****",
    "review_id": "9989537",
    "movie_id": "10005"
  },
  {
    "review": "이건 그냥 유네스코 세계문화유산이며 전설이며 신화다",
    "date": "15.06.10",
    "rating": "10",
    "author": "khj1****",
    "review_id": "9988566",
    "movie_id": "10005"
  },
  {
    "review": "전설의 시작. 지금 봐도 독창적이고 참신하고 재밌는 이야기..",
    "date": "15.06.10",
    "rating": "9",
    "author": "nine****",
    "review_id": "9988484",
    "movie_id": "10005"
  },
  {
    "review": "어떻게 이런 SF영화를 만들 생각을 했지? 대단한 상상력이다.",
    "date": "15.06.10",
    "rating": "10",
    "author": "kmcc****",
    "review_id": "9987738",
    "movie_id": "10005"
  },
  {
    "review": "78년도에 이런 영화가 나오다니..",
    "date": "15.05.31",
    "rating": "8",
    "author": "phea****",
    "review_id": "9966910",
    "movie_id": "10005"
  },
  {
    "review": "내가 스타워즈를 보고나서 영화감독 하고싶다는꿈이생겼지..",
    "date": "15.05.19",
    "rating": "10",
    "author": "kimk****",
    "review_id": "9931887",
    "movie_id": "10005"
  },
  {
    "review": "요즘 액션과 컴퓨터 그래픽이 얼마나 발전 했는지 스토리는 여전히 흥미진진하지만 어릴때 그렇게 멋있다 하고 봤던 오비완과 다스베이더의 전투씬이나 총격씬이 그렇게 어설프게 보일 수가 없다  하지만이 영화가 있어기에 지금의 스타워즈 시리즈가 존재한다",
    "date": "15.05.18",
    "rating": "9",
    "author": "gsst****",
    "review_id": "9929674",
    "movie_id": "10005"
  },
  {
    "review": "78년 작이라는 거에 눈을 의심함 88년작이라도 놀라울 수준이었음 당시로는 아바타나 타이타닉 이상의 영상 혁명이었을듯",
    "date": "15.05.15",
    "rating": "10",
    "author": "lobc****",
    "review_id": "9918061",
    "movie_id": "10005"
  },
  {
    "review": "흥미로운 이야기와 환타지가 가져다주는 재미가 풍부하군",
    "date": "15.04.21",
    "rating": "8",
    "author": "guev****",
    "review_id": "9855978",
    "movie_id": "10005"
  },
  {
    "review": "SF, 액션 대서사시의 서막이 이것으로 열렸다",
    "date": "15.03.31",
    "rating": "10",
    "author": "juno****",
    "review_id": "9819047",
    "movie_id": "10005"
  },
  {
    "review": "시대적 역점을 두면 스타워즈 시작은 신성시 되어야 할 작품이다. 분명  아바타가 비주얼 모든 연출적측면에서 우위라고 할수 있겠으나~ SF충격은 이영화를 따라 올수 없다. 아직도 완성도는 대단하고 영화적 요소를 어떻게 이렇게 완벽하게 갖추었느지 의문이다",
    "date": "15.03.23",
    "rating": "10",
    "author": "next****",
    "review_id": "9801161",
    "movie_id": "10005"
  },
  {
    "review": "재밌어 그시대때에 이러한 영상을 구현했다는거 자체가 대단한듯",
    "date": "15.03.12",
    "rating": "10",
    "author": "time****",
    "review_id": "9773928",
    "movie_id": "10005"
  },
  {
    "review": "스타크래프트랑 동갑이네 그러고보니 ㅋㅋ 뜬끔 없지만",
    "date": "15.02.21",
    "rating": "10",
    "author": "zerr****",
    "review_id": "9721370",
    "movie_id": "10005"
  },
  {
    "review": "지금은 컴퓨터 그래픽 투성의 영화가 난무하지만그래픽 기술 없이도 최고의 영화를 만들어냄",
    "date": "15.02.19",
    "rating": "10",
    "author": "dydc****",
    "review_id": "9714673",
    "movie_id": "10005"
  },
  {
    "review": "조지 루카스를 통해 새로운 희망을 연 영화혁명의 탄생.",
    "date": "15.02.14",
    "rating": "8",
    "author": "ogr5****",
    "review_id": "9696399",
    "movie_id": "10005"
  },
  {
    "review": "아주 오래 전 멀고 먼 시대에 스타워즈가 있었다",
    "date": "15.02.09",
    "rating": "9",
    "author": "jjog****",
    "review_id": "9683066",
    "movie_id": "10005"
  },
  {
    "review": "말이 필요없는 영화네요",
    "date": "15.01.28",
    "rating": "10",
    "author": "roon****",
    "review_id": "9645497",
    "movie_id": "10005"
  },
  {
    "review": "생각했던 것보다 실망이다",
    "date": "14.12.29",
    "rating": "5",
    "author": "bejo****",
    "review_id": "9535670",
    "movie_id": "10005"
  },
  {
    "review": "벤허가 마차경주신. 이티가 자전거신 때문에 먹고살듯이이작품은 데쓰스타와의 우주전투신때문에 인정을 안할수가없다. 나온지 40년가까이 되었는데. 왜 그후 스타워즈,스타트렉 씨리즈는 이 시퀸스를 능가할 장면을 못찍는건지 이해가 안간다.",
    "date": "14.12.26",
    "rating": "10",
    "author": "ajho****",
    "review_id": "9517443",
    "movie_id": "10005"
  },
  {
    "review": "스타워즈의 시작이니까",
    "date": "14.12.24",
    "rating": "10",
    "author": "game****",
    "review_id": "9509605",
    "movie_id": "10005"
  },
  {
    "review": "SF영화의 아버지!!!!",
    "date": "14.12.24",
    "rating": "8",
    "author": "rcan****",
    "review_id": "9505701",
    "movie_id": "10005"
  },
  {
    "review": "스타워즈 시리즈의 시작.",
    "date": "14.12.23",
    "rating": "8",
    "author": "didr****",
    "review_id": "9503497",
    "movie_id": "10005"
  },
  {
    "review": "전설의 시작이 된 영화. 개인적으로는 요즘 CG에 익숙해져서인지 좀 거슬리긴 했지만 전체적으로 무난했다",
    "date": "14.12.17",
    "rating": "7",
    "author": "zxvt****",
    "review_id": "9483551",
    "movie_id": "10005"
  },
  {
    "review": "21세기를 빗겨나가지 못한 스타워즈",
    "date": "14.12.11",
    "rating": "8",
    "author": "lkdg****",
    "review_id": "9464713",
    "movie_id": "10005"
  },
  {
    "review": "그냥말이필요없다최고다",
    "date": "14.12.11",
    "rating": "9",
    "author": "xx41****",
    "review_id": "9464388",
    "movie_id": "10005"
  },
  {
    "review": "드넓은 우주. 세계관을 만들어 낸 조지 루카스에게 찬사를. 이해가 가는 당시의 충격.",
    "date": "14.12.04",
    "rating": "10",
    "author": "qkre****",
    "review_id": "9447607",
    "movie_id": "10005"
  },
  {
    "review": "10번을 넘게 봐도 위대하다는 느낌이 드는 영화",
    "date": "14.11.13",
    "rating": "10",
    "author": "jdss****",
    "review_id": "9377706",
    "movie_id": "10005"
  },
  {
    "review": "스페이스 오딧세이와 함께 길이 남을 명작. 세월을 감안해 보시라.",
    "date": "14.11.09",
    "rating": "10",
    "author": "echo****",
    "review_id": "9359228",
    "movie_id": "10005"
  },
  {
    "review": "역사에 길이 남을,위대한 작품.",
    "date": "14.11.02",
    "rating": "7",
    "author": "aa45****",
    "review_id": "9336485",
    "movie_id": "10005"
  },
  {
    "review": "이게 과연 77년대 영화인가 몇번을봐도 진짜 재밌다 ㅎㅎ",
    "date": "14.11.02",
    "rating": "10",
    "author": "kpu5****",
    "review_id": "9335954",
    "movie_id": "10005"
  },
  {
    "review": "스타워즈 에피소드4 좀 졸렸다...",
    "date": "14.11.01",
    "rating": "10",
    "author": "ball****",
    "review_id": "9333166",
    "movie_id": "10005"
  },
  {
    "review": "SF영화에 새로운 희망",
    "date": "14.10.24",
    "rating": "8",
    "author": "bow3****",
    "review_id": "9312684",
    "movie_id": "10005"
  },
  {
    "review": "이게 78년도 작품이란다...  전세계 sf영화사의 혁명적인 영화",
    "date": "14.10.23",
    "rating": "10",
    "author": "adiv****",
    "review_id": "9309023",
    "movie_id": "10005"
  },
  {
    "review": "‘스타 워즈’ 시리즈 중 제일 처음 만들어진 작품으로써 영화는 훌륭한 첫 걸음을 내딛는다. 지금 봐도 스펙터클한 시각 효과와 흥미로운 설정 및 캐릭터 등은 재밌게 다가온다.",
    "date": "14.10.04",
    "rating": "8",
    "author": "zxc1****",
    "review_id": "9262374",
    "movie_id": "10005"
  },
  {
    "review": "지금으로부터 약 30여년전 이 충격적인 수작이 탄생했으리라곤 누가 알았을까? 그리고 아주 먼 은하계, 선과 악의 불꽃 튀는 우주전쟁을 다루고, 사운드트랙까지도 찐한 감동을 준 SF계의 레전드!!",
    "date": "14.08.31",
    "rating": "10",
    "author": "trex****",
    "review_id": "9148448",
    "movie_id": "10005"
  },
  {
    "review": "SF 영화의 교과서라 할 수 있지 않을까.",
    "date": "14.08.21",
    "rating": "9",
    "author": "ljk1****",
    "review_id": "9118216",
    "movie_id": "10005"
  },
  {
    "review": "스타워즈는 스타워즈다.",
    "date": "14.08.15",
    "rating": "10",
    "author": "mdkw****",
    "review_id": "9089231",
    "movie_id": "10005"
  },
  {
    "review": "진심 77년 개봉작이라고!?!?!",
    "date": "14.08.13",
    "rating": "10",
    "author": "dulc****",
    "review_id": "9077567",
    "movie_id": "10005"
  },
  {
    "review": "스타워즈 오리지널 트릴로지도 재밌었어요.",
    "date": "14.08.06",
    "rating": "10",
    "author": "jjy3****",
    "review_id": "9038248",
    "movie_id": "10005"
  },
  {
    "review": "어릴때 본 기억으로 다시 봣는데 역시나 재미있다 그래픽이나 기술이 예전거인데도 불구하고 촌스럽기보다는 재밌다 나중에 리메이크작이라도 ..",
    "date": "14.08.03",
    "rating": "10",
    "author": "hkh2****",
    "review_id": "9020083",
    "movie_id": "10005"
  },
  {
    "review": "어떤영화든2편이상만들면지루한영화들만은데 스타워즈는4편까지봤는데도 최고다",
    "date": "14.07.24",
    "rating": "10",
    "author": "amls****",
    "review_id": "8952637",
    "movie_id": "10005"
  },
  {
    "review": "지루하고 진부함. 픽사가 성장할 수 있었던 발판이 된 부분 중 하나가 된 영화! 그리고 조지 루카스에게 무한한 영광과 명예와 부를 가져다 준 영화의 시작!",
    "date": "14.07.18",
    "rating": "1",
    "author": "jjaj****",
    "review_id": "8926728",
    "movie_id": "10005"
  },
  {
    "review": "개연성 없는 만화영화같지만 70년대의 그 정도 기술력으로 당시 미개척지였던 우주를 이만큼 표현해낸 것 만으로도 대단하다. 고전작이지만 그 상상력만으로도 흥미진진해서 전혀 지루할 수가 없었음.",
    "date": "14.06.30",
    "rating": "10",
    "author": "floo****",
    "review_id": "8870190",
    "movie_id": "10005"
  },
  {
    "review": "그 당시에 가장 높은 수준의 CG 및 EFX를 보여주었지만 지금 보면 촌스럽다. 하지만 유니크한 스토리와 상상력은 여전히 유효하며 진행중이기에 많은 영감을 준다.",
    "date": "14.06.28",
    "rating": "8",
    "author": "hepy****",
    "review_id": "8865598",
    "movie_id": "10005"
  },
  {
    "review": "상상 이상이 된 작품의 서막..",
    "date": "14.06.25",
    "rating": "8",
    "author": "imf0****",
    "review_id": "8852220",
    "movie_id": "10005"
  },
  {
    "review": "역시 스타워즈 대단 하다는 말 봤게 안 나온다.",
    "date": "14.05.31",
    "rating": "10",
    "author": "pc59****",
    "review_id": "8781405",
    "movie_id": "10005"
  },
  {
    "review": "어린시절 우주에 관심을 갖게 해준 영화다. 당시 어린나이에 너무나 큰 충격이엇고 그떄의 감동이 아직도 생생하다.  조지 루카스 감독에게 진심 존경을 표합니다.",
    "date": "14.05.22",
    "rating": "10",
    "author": "heal****",
    "review_id": "8752662",
    "movie_id": "10005"
  },
  {
    "review": "명작중에 명작 22세기 까지도 길이 남을 영화",
    "date": "14.05.11",
    "rating": "10",
    "author": "jetr****",
    "review_id": "8724115",
    "movie_id": "10005"
  },
  {
    "review": "시간이 지나도 절대 빛바래지 않을 아주 먼 옛날의 은하계",
    "date": "14.05.03",
    "rating": "7",
    "author": "setm****",
    "review_id": "8698056",
    "movie_id": "10005"
  },
  {
    "review": "sf의 바이블. sf중 최고의 영화를 뽑으라고 하면 이걸 뽑겠다",
    "date": "14.04.23",
    "rating": "10",
    "author": "mrju****",
    "review_id": "8668125",
    "movie_id": "10005"
  },
  {
    "review": "영원한 SF 로망. 세월을 넘는 무한 상상력",
    "date": "14.04.20",
    "rating": "10",
    "author": "djki****",
    "review_id": "8661201",
    "movie_id": "10005"
  },
  {
    "review": "그래픽보고 놀람!!!!",
    "date": "14.03.30",
    "rating": "10",
    "author": "smc7****",
    "review_id": "8618203",
    "movie_id": "10005"
  },
  {
    "review": "1970년대 cg라곤 날라다니는것정도 밖에 없었던 시절에 엄청난 놀라움과 엄청난상상을 보여준 영화였다 내인생의최고의 상상력영화 였다",
    "date": "14.03.27",
    "rating": "10",
    "author": "shaw****",
    "review_id": "8611128",
    "movie_id": "10005"
  },
  {
    "review": "에피소드 1~3을 보고 난 후 봤더니 더 재미있다.",
    "date": "14.03.26",
    "rating": "10",
    "author": "ykdi****",
    "review_id": "8608537",
    "movie_id": "10005"
  },
  {
    "review": "역사에 남을 위대한 영화",
    "date": "14.03.17",
    "rating": "10",
    "author": "cnyk****",
    "review_id": "8584912",
    "movie_id": "10005"
  },
  {
    "review": "하아루나가라사나아구",
    "date": "14.03.10",
    "rating": "10",
    "author": "erar****",
    "review_id": "8567723",
    "movie_id": "10005"
  },
  {
    "review": "역사상 가장 영향력있는 영화",
    "date": "14.03.10",
    "rating": "10",
    "author": "ytse****",
    "review_id": "8567148",
    "movie_id": "10005"
  },
  {
    "review": "눈을 호강시키는 영화입니다. 스토리는 지금까지 몇 번을 봤지만 질리지가 않습니다.",
    "date": "14.02.25",
    "rating": "10",
    "author": "izli****",
    "review_id": "8536672",
    "movie_id": "10005"
  },
  {
    "review": "완전대박 저번에 이비에스에서 시리즈다하길래 봤는데 완전쵝오",
    "date": "14.02.24",
    "rating": "10",
    "author": "tjd1****",
    "review_id": "8534043",
    "movie_id": "10005"
  },
  {
    "review": "지금 봐도 감탄하며 보게되는 스타워즈 오리지널 1편. 어떻게 77년도에 이런 영화를 만들어냈을까?",
    "date": "14.02.04",
    "rating": "9",
    "author": "coco****",
    "review_id": "8475053",
    "movie_id": "10005"
  },
  {
    "review": "정말 보고 싶었는데 드디어 EBS에서 한답니다. 스타 워즈 에피소드 4 - 새로운 희망EBS낮 12:10 ~2: 20",
    "date": "14.01.29",
    "rating": "10",
    "author": "9336****",
    "review_id": "8445496",
    "movie_id": "10005"
  },
  {
    "review": "1978년에 이런 명작이 나온것 만으로도 놀랍다. 시대적 기술로 부족한 점도 있지만 놀라운 상상력으로 모든 흠을 매웠다.",
    "date": "13.12.19",
    "rating": "10",
    "author": "xyz2****",
    "review_id": "8236892",
    "movie_id": "10005"
  },
  {
    "review": "재미 하나는 보장합니다!",
    "date": "13.11.29",
    "rating": "8",
    "author": "sjzm****",
    "review_id": "8178029",
    "movie_id": "10005"
  },
  {
    "review": "조지 루카스 성님은 영화계의 스티브 잡스",
    "date": "13.10.28",
    "rating": "9",
    "author": "skar****",
    "review_id": "8097870",
    "movie_id": "10005"
  },
  {
    "review": "스타워즈는 걍 대박 명불허전임",
    "date": "13.10.23",
    "rating": "9",
    "author": "534k****",
    "review_id": "8082744",
    "movie_id": "10005"
  },
  {
    "review": "당시 시대의 기술력으로 이정도를 표현하니 SF대작의 혁명이라 평받는 것이겠지.내가 70년대로 돌아가서 보고싶다는 느낌이들었다.",
    "date": "13.10.21",
    "rating": "8",
    "author": "goko****",
    "review_id": "8078771",
    "movie_id": "10005"
  },
  {
    "review": "말이 필요없네 대박 재밌다",
    "date": "13.09.14",
    "rating": "10",
    "author": "blue****",
    "review_id": "7977391",
    "movie_id": "10005"
  },
  {
    "review": "그래픽과 내용이 너무 훌륭해서 근래 나온것 으로 착각하는 분들 있는듯 ㅋㅋ1977년에 만든것임 1977년!!!  시대를 뛰어넘은 작품~",
    "date": "13.09.12",
    "rating": "10",
    "author": "tige****",
    "review_id": "7967810",
    "movie_id": "10005"
  },
  {
    "review": "어떻게 포를 먼저 만들 생각을 했을까? 소름돋는 스토리네! cg도 괜찮네",
    "date": "13.08.29",
    "rating": "10",
    "author": "hbo1****",
    "review_id": "7931536",
    "movie_id": "10005"
  },
  {
    "review": "뻔한 평이지만 전설의 시작~~~",
    "date": "13.08.29",
    "rating": "9",
    "author": "cray****",
    "review_id": "7930898",
    "movie_id": "10005"
  },
  {
    "review": "34년 전 영화라니...",
    "date": "13.08.21",
    "rating": "9",
    "author": "hae9****",
    "review_id": "7908559",
    "movie_id": "10005"
  },
  {
    "review": "4.5.6. 편은 20세 후반에 나온게 아니잖아 .. 저때 저 정도의 스펙이다면 진짜 조지형이 대단한거지 시대의 흐름을 앞선 영화~ 캬 정말 할말이 없다 조지의형은 살아있는 전설이었어... 루카형",
    "date": "13.08.03",
    "rating": "10",
    "author": "tjrg****",
    "review_id": "7828127",
    "movie_id": "10005"
  },
  {
    "review": "70년에 나온 sf영화에선 당연 으뜸",
    "date": "13.07.19",
    "rating": "8",
    "author": "qkrt****",
    "review_id": "7761418",
    "movie_id": "10005"
  },
  {
    "review": "SF 영화은 가강큰 변화를 준 영화",
    "date": "13.07.11",
    "rating": "9",
    "author": "00rn****",
    "review_id": "7727242",
    "movie_id": "10005"
  },
  {
    "review": "한편의 영화로도 대단하지만 문화사적 가치는 역대최고이다. 블록버스터SF의 시조격으로 광선검을 앞세워 권총 서부영화의 지배를 바꿔놓았다. 대학시절부터 이런 초대작 시리즈를 기획한 루카스는 진정 천재이다. 에디 피셔의 딸인 공주역이 좀 아쉽다.",
    "date": "13.07.07",
    "rating": "9",
    "author": "dhka****",
    "review_id": "7712411",
    "movie_id": "10005"
  },
  {
    "review": "CG란 것이 없던 시절 만들어진 영화다. 지금의 대작들과 비교하는 것 자체가 불가!  예전 1 편(에피소드4)의 모든 레이저 빔 장면은 하나하나 필름에 수작업한 결과물이다. 지금의 CG와는 비교하면 안되는 것이지~",
    "date": "13.06.29",
    "rating": "10",
    "author": "amur****",
    "review_id": "7689578",
    "movie_id": "10005"
  },
  {
    "review": "1년 늦게 만들어진 수퍼맨과 비교하면...... 이건 뭐..... 완전 압승!",
    "date": "13.06.27",
    "rating": "10",
    "author": "amro****",
    "review_id": "7682673",
    "movie_id": "10005"
  },
  {
    "review": "최고...",
    "date": "13.06.26",
    "rating": "10",
    "author": "tyk5****",
    "review_id": "7682231",
    "movie_id": "10005"
  },
  {
    "review": "스토리라인보다 놀라운 상상력에 감탄하게 되는 영화. 현재의 기술력으로도 다시 나오기 힘든 영화.",
    "date": "13.06.24",
    "rating": "8",
    "author": "jys4****",
    "review_id": "7675050",
    "movie_id": "10005"
  },
  {
    "review": "현대의 기준으로 아니지만 70년대 영화라는 것을 감안하면 충분히 훌륭함",
    "date": "13.06.23",
    "rating": "7",
    "author": "hshi****",
    "review_id": "7670959",
    "movie_id": "10005"
  },
  {
    "review": "영화의 기술도 많이 진보하였고 현란한 CG로 못만드는게 없는 요즘이지만 30년 넘게 살면서 본 SF 영화중에 스타워즈 새로운 희망을 능가하는 SF는 본 적이 없다 발끝정도 따라오는 건 몇개 있을까...",
    "date": "13.06.22",
    "rating": "9",
    "author": "p85k****",
    "review_id": "7667710",
    "movie_id": "10005"
  },
  {
    "review": "SF영화의 혁명",
    "date": "13.06.12",
    "rating": "9",
    "author": "blue****",
    "review_id": "7631420",
    "movie_id": "10005"
  },
  {
    "review": "1977년에 만들어졌다는 게 믿기지 않을 정도로 특수효과와 영상미가 뛰어났다. 게다가 결말을 미리 알고 있었음에도 영화 끝부분의 비행전투씬은 굉장히 긴장하면서 보았다.",
    "date": "13.06.11",
    "rating": "10",
    "author": "ieew****",
    "review_id": "7626881",
    "movie_id": "10005"
  },
  {
    "review": "캐리피셔 이쁘다",
    "date": "13.06.07",
    "rating": "10",
    "author": "mara****",
    "review_id": "7600705",
    "movie_id": "10005"
  },
  {
    "review": "78년도에 이런영화가 나오다니, 정말 깨알재미 입니다 ㅎ",
    "date": "13.05.30",
    "rating": "9",
    "author": "yoon****",
    "review_id": "7562717",
    "movie_id": "10005"
  },
  {
    "review": "광선검 액션은 부족하다고 느낄지 모르겠으나 비행전투신은 최고다! 지루한줄 모르고 또봄!",
    "date": "13.05.23",
    "rating": "10",
    "author": "sime****",
    "review_id": "7549739",
    "movie_id": "10005"
  },
  {
    "review": "옛날영화지만 재밌군",
    "date": "13.05.19",
    "rating": "10",
    "author": "kkii****",
    "review_id": "7540387",
    "movie_id": "10005"
  },
  {
    "review": "찜",
    "date": "13.05.17",
    "rating": "10",
    "author": "cmh9****",
    "review_id": "7533249",
    "movie_id": "10005"
  },
  {
    "review": "두시간이 짧게 느껴지는 영화",
    "date": "13.04.14",
    "rating": "10",
    "author": "ajtw****",
    "review_id": "7457988",
    "movie_id": "10005"
  },
  {
    "review": "68년-스페이스오딧세이. 77년-스타워즈. 82년-블레이드러너.. SF의 3대 명작들은 지금봐도 손색이 없다. 레아공주의 홀로그램. 쓰레기장속 외계인. 오비완의 해탈. 데스스타 파괴작전",
    "date": "13.04.06",
    "rating": "10",
    "author": "danz****",
    "review_id": "7438242",
    "movie_id": "10005"
  },
  {
    "review": "생각외로 별로였다.ㄷ",
    "date": "13.03.26",
    "rating": "8",
    "author": "gnld****",
    "review_id": "7413390",
    "movie_id": "10005"
  }
]