[
  {
    "review_id": "9878428",
    "movie_id": "100084",
    "author": "pass****",
    "review": "스토리가 슬픈데 모자이크는 더 슬프고",
    "rating": "7",
    "date": "15.04.29"
  },
  {
    "review_id": "9245996",
    "movie_id": "100084",
    "author": "chum****",
    "review": "코코네짱 귀여워 ㅎㅎㅋ 이 영화는 진짜 여주인공 노고 생각해서라도 무조건 10점 줘야함!! 고생 많았겠다 찍느라 ㅎㄷㄷ",
    "rating": "10",
    "date": "14.09.28"
  },
  {
    "review_id": "9200636",
    "movie_id": "100084",
    "author": "whia****",
    "review": "이런영화가 우리나라에서 개봉한게 놀랍고 다케나타나오토가 왜 나왔는지..남주가 너무 비호감이라 보기 힘들었고 피규어역의 노팬티 여배우가 불쌍했다. 엔딩도 한심하기 그지없다. B급영화의 재미도 없고 대체 이게뭔지.. \"공기인형\"을 보고 반성하길",
    "rating": "1",
    "date": "14.09.10"
  },
  {
    "review_id": "9067723",
    "movie_id": "100084",
    "author": "egyp****",
    "review": "마네킹과 인간 환상과 비참한 현실 사이에서...은근하고 측은하고 묘했던 에로틱 드라마...",
    "rating": "6",
    "date": "14.08.11"
  },
  {
    "review_id": "8942019",
    "movie_id": "100084",
    "author": "mean****",
    "review": "이런 영화는 부담스러워..",
    "rating": "7",
    "date": "14.07.23"
  },
  {
    "review_id": "8623454",
    "movie_id": "100084",
    "author": "esse****",
    "review": "야동급 영화인줄 알았는데 부천판타스틱 영화제 출품된 작품이더군요~출연배우중 유명배우분들도 있고 볼만합니다^^",
    "rating": "8",
    "date": "14.04.02"
  },
  {
    "review_id": "8607458",
    "movie_id": "100084",
    "author": "kmhh****",
    "review": "여주인공의 노고에 10점",
    "rating": "10",
    "date": "14.03.26"
  },
  {
    "review_id": "8601103",
    "movie_id": "100084",
    "author": "anyo****",
    "review": "호기심에 보았다 적나라한 여체의 노출",
    "rating": "2",
    "date": "14.03.23"
  },
  {
    "review_id": "8446385",
    "movie_id": "100084",
    "author": "pkm6****",
    "review": "에모토 배우를 세중사에서 재밌게 봐서 기대하고 봤는데 기대만큼 큰 영화는 아니네요...(하지만 몸매는 쥑이네요~~~)",
    "rating": "6",
    "date": "14.01.29"
  },
  {
    "review_id": "8351603",
    "movie_id": "100084",
    "author": "almo****",
    "review": "OOO들의 판타지를 만족시켜주는거니",
    "rating": "3",
    "date": "14.01.05"
  },
  {
    "review_id": "8301705",
    "movie_id": "100084",
    "author": "kors****",
    "review": "본지 오래되어서 기억이 잘 안나지만, 야한장면이 부족했던 걸로 기억..",
    "rating": "3",
    "date": "13.12.25"
  },
  {
    "review_id": "8261342",
    "movie_id": "100084",
    "author": "qkrq****",
    "review": "사사키코코네 개좋아 짱짱걸",
    "rating": "10",
    "date": "13.12.21"
  },
  {
    "review_id": "8216834",
    "movie_id": "100084",
    "author": "insu****",
    "review": "희한한 Japanese Fantasy... 마냥 깔 수만은 없는 뒷맛.",
    "rating": "7",
    "date": "13.12.15"
  },
  {
    "review_id": "8208505",
    "movie_id": "100084",
    "author": "ehdg****",
    "review": "이 영화는 남성 판타지의 충족이 아니다. 이 시대 모두 똑같이 개조된 피규어같은 여성들에게 일침을 놓는 명작이다. 획일된 미적 기준에 집착하는 여성은 모두 피규어일 뿐이며 그 의미없는 표준에 현혹되는 남성들의 헛된 욕망 또한 비참한 최후를 맞는다.",
    "rating": "10",
    "date": "13.12.12"
  },
  {
    "review_id": "8202258",
    "movie_id": "100084",
    "author": "goko****",
    "review": "인간의 본성과 에로티시즘에 집중하던 이시이 다카시가 그립다. 너무 많은 것을 껴안고 가니 관능적이지가 않다.",
    "rating": "5",
    "date": "13.12.09"
  },
  {
    "review_id": "8182033",
    "movie_id": "100084",
    "author": "skss****",
    "review": "나쁘지않았다나름 예술성도 있는것같고...특히 여배우의 연기에 진짜로 감탄...대단하다고 박수쳐주고싶다. 액션연기에 노출에다가 실감나는 인형연기;; 주인공이 자기랑 관계안해주고 혼자 위로하는거 지켜보고는 약간삐지던표정이 진짜 너무귀여웠다....ㅋㅋ",
    "rating": "10",
    "date": "13.12.01"
  },
  {
    "review_id": "8174102",
    "movie_id": "100084",
    "author": "mard****",
    "review": "원래 노팬티 모자이크 작품이니 노모를 찾는 수고는 하지 말길 바랍니다.",
    "rating": "10",
    "date": "13.11.28"
  },
  {
    "review_id": "8172412",
    "movie_id": "100084",
    "author": "rhyn****",
    "review": "왜 만든거지? 이걸...",
    "rating": "1",
    "date": "13.11.28"
  },
  {
    "review_id": "8164348",
    "movie_id": "100084",
    "author": "kyje****",
    "review": "너무 적나라헤서 슬픈 일본의 현주소.",
    "rating": "7",
    "date": "13.11.24"
  },
  {
    "review_id": "8156309",
    "movie_id": "100084",
    "author": "aaaa****",
    "review": "왜  이영화를 쓰레기라고 평가하는지 모르겠다.. 마치 하나의 야동에 비유하듯 색안경 끼고 바라보지 않았음 한다",
    "rating": "10",
    "date": "13.11.21"
  },
  {
    "review_id": "8149438",
    "movie_id": "100084",
    "author": "sash****",
    "review": "처음엔 그냥 야한 B급 영화라고 생각하고 봤는데, (그리고 실제로 야하다) 나름의 주제의식을 가진 예술 영화였다.",
    "rating": "6",
    "date": "13.11.18"
  },
  {
    "review_id": "8122673",
    "movie_id": "100084",
    "author": "donc****",
    "review": "신이시여 이런 영화를 보게 해 주셔서 감사합니다 한국에도 빨리 이런 아픈 마음을 치유할 수 있는 아름다운 영화가 많이 나왔으면 좋겠습니다",
    "rating": "8",
    "date": "13.11.07"
  },
  {
    "review_id": "8120940",
    "movie_id": "100084",
    "author": "heri****",
    "review": "재밌는 영화인줄 알고 봤다가 토할뻔. 작품성은 전혀 없고 야덩같음",
    "rating": "1",
    "date": "13.11.07"
  },
  {
    "review_id": "8119930",
    "movie_id": "100084",
    "author": "gloo****",
    "review": "그저 야한영화나 보자 해서 시청했는데 나름 좋은 영화였다~ 일본영화 특유의 익숙치 않은 화면도 있었지만 전체적으로 보여주는 줄거리와 마지막 여운까지 마음에 들었다.",
    "rating": "10",
    "date": "13.11.06"
  },
  {
    "review_id": "8116251",
    "movie_id": "100084",
    "author": "rnrw****",
    "review": "여주인공 몸매가 살아있네",
    "rating": "10",
    "date": "13.11.05"
  },
  {
    "review_id": "8112598",
    "movie_id": "100084",
    "author": "sjko****",
    "review": "별점이 높은 거 같다-ㅇ-;; 여튼 계속 보여주기 위해 구도잡고, 배우들도 자세 잡고...너무 작위적....한국에선 모자이크이지만 ㅋㅋㅋ",
    "rating": "1",
    "date": "13.11.03"
  },
  {
    "review_id": "8111215",
    "movie_id": "100084",
    "author": "gyju****",
    "review": "극장에 걸리는 영화로 눈이 이렇게 호강하기는 처음이다.",
    "rating": "10",
    "date": "13.11.02"
  },
  {
    "review_id": "8106678",
    "movie_id": "100084",
    "author": "cred****",
    "review": "나쁘지 않았다 엔딩음악도 좋다",
    "rating": "7",
    "date": "13.11.01"
  },
  {
    "review_id": "8102719",
    "movie_id": "100084",
    "author": "fall****",
    "review": "여배우 몸매는 10점...영화는 쓰레기",
    "rating": "1",
    "date": "13.10.30"
  },
  {
    "review_id": "8099472",
    "movie_id": "100084",
    "author": "bong****",
    "review": "여주인공이 처음부터 끝까지 노팬티로 나오는 영화는 처음이다...",
    "rating": "10",
    "date": "13.10.29"
  },
  {
    "review_id": "8099188",
    "movie_id": "100084",
    "author": "cs79****",
    "review": "서너번 흔들기용으로 굿",
    "rating": "10",
    "date": "13.10.29"
  },
  {
    "review_id": "8098557",
    "movie_id": "100084",
    "author": "dryw****",
    "review": "사사키코코네 개짱! 만점!",
    "rating": "10",
    "date": "13.10.29"
  },
  {
    "review_id": "8097501",
    "movie_id": "100084",
    "author": "lock****",
    "review": "왜 모자이크냐고 ..ㅜㅜ",
    "rating": "1",
    "date": "13.10.28"
  },
  {
    "review_id": "8095378",
    "movie_id": "100084",
    "author": "bles****",
    "review": "일장춘몽으로 끝난 남자들을 위한 판타지",
    "rating": "3",
    "date": "13.10.27"
  },
  {
    "review_id": "8086920",
    "movie_id": "100084",
    "author": "nand****",
    "review": "세상에 그냥 일반 포르노보다 예술성없는영화가 존재한다는것이 신기할뿐.. 약빨고 만든영화정도가 아니라 약이 만든.",
    "rating": "1",
    "date": "13.10.25"
  },
  {
    "review_id": "8085350",
    "movie_id": "100084",
    "author": "jhpa****",
    "review": "비티비 모자이크 짜증나네.",
    "rating": "10",
    "date": "13.10.24"
  },
  {
    "review_id": "8084948",
    "movie_id": "100084",
    "author": "sinl****",
    "review": "배두나가 나왔던 그런 분류의 비슷한 영화인건가?",
    "rating": "10",
    "date": "13.10.24"
  },
  {
    "review_id": "8083639",
    "movie_id": "100084",
    "author": "tmdd****",
    "review": "당신이 피규업니까  머하자는 겁니까",
    "rating": "1",
    "date": "13.10.24"
  }
]