[
  {
    "review": "느껴보았나? 남자는 나이가 들수록 멋있는법이야",
    "date": "15.08.24",
    "rating": "10",
    "author": "jsga****",
    "review_id": "10271046",
    "movie_id": "10019"
  },
  {
    "review": "종합 평점은 6점 드립니다.",
    "date": "15.08.13",
    "rating": "6",
    "author": "terr****",
    "review_id": "10221785",
    "movie_id": "10019"
  },
  {
    "review": "이 영화를 보고도 그냥 그렇다고 하는 사람들은..도대체 어떤영화를 보는건지 참ㅠ...인생에 있어 손꼽는 명작입니다. 그 시기에 이런 유머와 총격전,스토리,마지막 여운등 뭐하나 빠지지 안는다는..",
    "date": "15.05.24",
    "rating": "10",
    "author": "hsju****",
    "review_id": "9944310",
    "movie_id": "10019"
  },
  {
    "review": "다시 봐도 또 봐도 마지막 장면은 영장면",
    "date": "15.03.27",
    "rating": "9",
    "author": "ykdi****",
    "review_id": "9810216",
    "movie_id": "10019"
  },
  {
    "review": "두번보기에 아까운 영화",
    "date": "15.01.24",
    "rating": "10",
    "author": "sksd****",
    "review_id": "9630656",
    "movie_id": "10019"
  },
  {
    "review": "범죄자들이지만 그들의 우정은 정말 찡하네요 ㅠㅠ",
    "date": "14.11.28",
    "rating": "10",
    "author": "dand****",
    "review_id": "9430308",
    "movie_id": "10019"
  },
  {
    "review": "ost 너무 좋아 raindrops keep falling",
    "date": "14.11.16",
    "rating": "10",
    "author": "izms****",
    "review_id": "9388975",
    "movie_id": "10019"
  },
  {
    "review": "다시보니 마지막의 애절함은 덜해도 초반장면의 우수함과 기타등등 고전 명작...",
    "date": "14.11.07",
    "rating": "9",
    "author": "kara****",
    "review_id": "9349561",
    "movie_id": "10019"
  },
  {
    "review": "낭만적인 분위기가 영화를 이끌어나간다.",
    "date": "14.09.17",
    "rating": "8",
    "author": "kth3****",
    "review_id": "9220572",
    "movie_id": "10019"
  },
  {
    "review": "역사에 남을 OST, 독특한 연출",
    "date": "14.07.31",
    "rating": "7",
    "author": "aaas****",
    "review_id": "8989348",
    "movie_id": "10019"
  },
  {
    "review": "대부분 사람들이 착각을 하고 있는데, 우리나라 제목이 아니고 일본에서 만든 제목임",
    "date": "14.07.17",
    "rating": "9",
    "author": "sadc****",
    "review_id": "8922411",
    "movie_id": "10019"
  },
  {
    "review": "ost가 정말 좋음.. 하지만 영화자체는 그저그런 시시한 서부영화",
    "date": "14.07.13",
    "rating": "7",
    "author": "hanr****",
    "review_id": "8914075",
    "movie_id": "10019"
  },
  {
    "review": "갑자기 서부영화가 보고싶어서 다시 본 내일을향해쏴라~역시 명불허전 또 봐도 너무잼있네요 마지막장면은 가히 최고!",
    "date": "14.06.28",
    "rating": "10",
    "author": "casf****",
    "review_id": "8865444",
    "movie_id": "10019"
  },
  {
    "review": "옛날 영화 치고는 재미 있었다.",
    "date": "14.06.23",
    "rating": "8",
    "author": "01aj****",
    "review_id": "8849333",
    "movie_id": "10019"
  },
  {
    "review": "Raindrops keep falling on my head",
    "date": "14.06.11",
    "rating": "10",
    "author": "ksb2****",
    "review_id": "8820270",
    "movie_id": "10019"
  },
  {
    "review": "최고의 영화중 하나. 요즘 영화들도 못쫒아 오는 스타일과 재미",
    "date": "14.05.08",
    "rating": "10",
    "author": "juno****",
    "review_id": "8716092",
    "movie_id": "10019"
  },
  {
    "review": "최고의영화 ost도좋네",
    "date": "14.05.06",
    "rating": "10",
    "author": "park****",
    "review_id": "8710630",
    "movie_id": "10019"
  },
  {
    "review": "역대 가장 멋지고 낭만적인 서부극",
    "date": "14.04.05",
    "rating": "9",
    "author": "wkdd****",
    "review_id": "8629670",
    "movie_id": "10019"
  },
  {
    "review": "good 최고의 영화 짱이다용용",
    "date": "14.03.31",
    "rating": "10",
    "author": "kiwo****",
    "review_id": "8619640",
    "movie_id": "10019"
  },
  {
    "review": "낙천주의가 주는 열매는 늘 쓰다",
    "date": "14.03.20",
    "rating": "7",
    "author": "ghzm****",
    "review_id": "8590693",
    "movie_id": "10019"
  },
  {
    "review": "명작중의 명작 ost도 유명한 명곡",
    "date": "14.03.03",
    "rating": "10",
    "author": "adiv****",
    "review_id": "8554934",
    "movie_id": "10019"
  },
  {
    "review": "내가좋아하는 영화는 따로 있다 내일을 향해쏴라,토토의천국,",
    "date": "14.01.13",
    "rating": "10",
    "author": "maya****",
    "review_id": "8380715",
    "movie_id": "10019"
  },
  {
    "review": "명작을 논할때 대부1,2 와 그리고 시네마천국과 함께 꼭 봐야될영화",
    "date": "14.01.05",
    "rating": "10",
    "author": "suni****",
    "review_id": "8350325",
    "movie_id": "10019"
  },
  {
    "review": "진부한영화 강북고 서한길 남김..\"",
    "date": "13.12.23",
    "rating": "1",
    "author": "ektn****",
    "review_id": "8280716",
    "movie_id": "10019"
  },
  {
    "review": "리메이크 안하나..톰크루즈, 브래드피트 주연이면 딱인데. 캐서린 로스역은 나오미 왓츠?",
    "date": "13.11.25",
    "rating": "10",
    "author": "csmo****",
    "review_id": "8167186",
    "movie_id": "10019"
  },
  {
    "review": "요즘의 화려한 그래픽과 연출보다가 이 영화보니 색다른 경험이네요. 마지막 장면이 아직까지도 눈 앞에서 아른거려요...",
    "date": "13.11.12",
    "rating": "10",
    "author": "xeww****",
    "review_id": "8133248",
    "movie_id": "10019"
  },
  {
    "review": "독특한 구성과 신출귀몰한 강도짓. 하지만 상당히 쓸쓸했던 결말...ㅠㅠ",
    "date": "13.10.25",
    "rating": "9",
    "author": "sjzm****",
    "review_id": "8088867",
    "movie_id": "10019"
  },
  {
    "review": "볼리비아에 도착했을때의 정적이 웃기다",
    "date": "13.10.18",
    "rating": "10",
    "author": "mara****",
    "review_id": "8067431",
    "movie_id": "10019"
  },
  {
    "review": "감히 최고라 말할 수 있는 영화",
    "date": "13.10.06",
    "rating": "10",
    "author": "spt1****",
    "review_id": "8038578",
    "movie_id": "10019"
  },
  {
    "review": "적당히 볼만한 정도...",
    "date": "13.09.27",
    "rating": "7",
    "author": "dbzh****",
    "review_id": "8017401",
    "movie_id": "10019"
  },
  {
    "review": "충격적인 마지막장면이였다.",
    "date": "13.09.21",
    "rating": "10",
    "author": "sams****",
    "review_id": "8006535",
    "movie_id": "10019"
  },
  {
    "review": "내가 제일 좋아한 영화.",
    "date": "13.09.18",
    "rating": "10",
    "author": "clie****",
    "review_id": "7993367",
    "movie_id": "10019"
  },
  {
    "review": "...",
    "date": "13.09.16",
    "rating": "1",
    "author": "a1lo****",
    "review_id": "7985631",
    "movie_id": "10019"
  },
  {
    "review": "인간미 넘치는 악역이 제일 잼있다. 나도 이렇게 살고 싶은데 :)능력이 ㅡㅜ",
    "date": "13.09.15",
    "rating": "10",
    "author": "tkwk****",
    "review_id": "7984611",
    "movie_id": "10019"
  },
  {
    "review": "왜 사람들이 추천하는지 알겠더군요 최고!",
    "date": "13.08.21",
    "rating": "10",
    "author": "ksk0****",
    "review_id": "7908960",
    "movie_id": "10019"
  },
  {
    "review": "잊을수 없는 그 마지막 장면!!!!",
    "date": "13.08.17",
    "rating": "10",
    "author": "igel****",
    "review_id": "7896721",
    "movie_id": "10019"
  },
  {
    "review": "뉴먼과 레드포드를 구경하는 소소한 재미는 있으나 큰 재미는 바라면 안 된다",
    "date": "13.08.03",
    "rating": "6",
    "author": "crit****",
    "review_id": "7829828",
    "movie_id": "10019"
  },
  {
    "review": "캐릭터가좋고 특히마지막장면 연출이인상적임",
    "date": "13.07.02",
    "rating": "9",
    "author": "real****",
    "review_id": "7696601",
    "movie_id": "10019"
  },
  {
    "review": "폭력과 섹스를 경쾌하면서 재밌게 만드는 재주가 탁월하다. 특히 구성과 장면의 스타일리쉬함과 아름다움은 지금 봐도 전혀 손색이 없다. 뉴먼과 레드포드의 조합은 시너지가 난다.",
    "date": "13.06.07",
    "rating": "8",
    "author": "sunw****",
    "review_id": "7601632",
    "movie_id": "10019"
  },
  {
    "review": "니들은 오늘만 살지..? 오늘만 사는 놈은 경찰에게 죽는다..",
    "date": "13.05.20",
    "rating": "9",
    "author": "no41****",
    "review_id": "7545247",
    "movie_id": "10019"
  },
  {
    "review": "본 지 오래되었지만 마지막 장면만은 아직도 생생하게 남겨져있다. 중반부가 지루할 수도 있으나 폴 뉴먼과 로버트 레드포드가 티격태격하며 여행하는 것을 보는 맛이 있음.",
    "date": "13.05.19",
    "rating": "9",
    "author": "floo****",
    "review_id": "7540557",
    "movie_id": "10019"
  },
  {
    "review": "정말 최고입니다..",
    "date": "13.04.22",
    "rating": "10",
    "author": "yaoy****",
    "review_id": "7474682",
    "movie_id": "10019"
  },
  {
    "review": "사랑해 경희얌 ㅎㅎ ~",
    "date": "13.04.20",
    "rating": "9",
    "author": "junh****",
    "review_id": "7470205",
    "movie_id": "10019"
  },
  {
    "review": "게이들이 좋아할 영화..",
    "date": "13.03.19",
    "rating": "10",
    "author": "vmff****",
    "review_id": "7365212",
    "movie_id": "10019"
  },
  {
    "review": "아주 어릴적 흐릿한 기억임에도 이 영화의 마지막 장면은 생생하게 남아있었다.당대 최고의 배우들이 선사하는 멋진 버디무비",
    "date": "13.03.12",
    "rating": "10",
    "author": "ujum****",
    "review_id": "7342255",
    "movie_id": "10019"
  },
  {
    "review": "마지막장면이 아직도 너무 인상깊다. 현실의 위급함보다는 내일의 즐거움을 사는 그들에게 어울리는 제목인듯싶다. 중간중간에 웃음요소도많고. 서부영화라길래 좀 지루하고 재미없을것같았는데 아. 이래서 명작이구나",
    "date": "13.02.28",
    "rating": "9",
    "author": "gjw0****",
    "review_id": "7309834",
    "movie_id": "10019"
  },
  {
    "review": "둘의 치고 받는 재치와 웨스턴 노스탤지아.",
    "date": "13.01.30",
    "rating": "7",
    "author": "tear****",
    "review_id": "7198463",
    "movie_id": "10019"
  },
  {
    "review": "폴 뉴먼의 눈빛은 가희 천부적이다..",
    "date": "13.01.02",
    "rating": "10",
    "author": "aust****",
    "review_id": "7074373",
    "movie_id": "10019"
  },
  {
    "review": "60년대 영화임을 감안하면 명작임에는 틀림없으나 특별히 기억에 남을 영화는 아닌 것 같음. 아름다운 자연 풍광이 인상적인 영화.",
    "date": "12.12.31",
    "rating": "7",
    "author": "milk****",
    "review_id": "7066586",
    "movie_id": "10019"
  },
  {
    "review": "내 인생의 영화...",
    "date": "12.11.22",
    "rating": "10",
    "author": "kurt****",
    "review_id": "6914090",
    "movie_id": "10019"
  },
  {
    "review": "제작된지 벌써 42년이  되었네요..지금 이순간에도 지구의 어느곳에서도이영화는 상영,방영되고 있을 것입니다..",
    "date": "12.11.06",
    "rating": "10",
    "author": "anze****",
    "review_id": "6860738",
    "movie_id": "10019"
  },
  {
    "review": "ebs를 통해 아주 잘봤다. 마지막 장면은 진짜 소름이 돋는다.",
    "date": "12.11.04",
    "rating": "10",
    "author": "bin_****",
    "review_id": "6855664",
    "movie_id": "10019"
  },
  {
    "review": "요즘보기엔 그닥!!차라리 놈놈놈을봐라!!!!!",
    "date": "12.10.10",
    "rating": "3",
    "author": "ceo0****",
    "review_id": "6779982",
    "movie_id": "10019"
  },
  {
    "review": "영화를 넘어선  아련한 뭔가가 있는 부치와 선댄스",
    "date": "12.06.10",
    "rating": "10",
    "author": "kimg****",
    "review_id": "6381487",
    "movie_id": "10019"
  },
  {
    "review": "후세에소개될 영화를 꼽으라면 난 쇼생크탈출,타이타닉과더불어 이영화를 추천하겠다.",
    "date": "12.04.30",
    "rating": "10",
    "author": "chjy****",
    "review_id": "6260178",
    "movie_id": "10019"
  },
  {
    "review": "고전 서부활극 버디무비에 시대를 앞서간 연출력과 명배우들의 연기...",
    "date": "12.04.29",
    "rating": "10",
    "author": "bajj****",
    "review_id": "6257957",
    "movie_id": "10019"
  },
  {
    "review": "티격태격..   죽을 때까지 티격태격 하는 그 모습이 너무 익살맞게 보여서 좋았다.",
    "date": "12.03.24",
    "rating": "9",
    "author": "hy2o****",
    "review_id": "6164857",
    "movie_id": "10019"
  },
  {
    "review": "무조건 소장용. 누구나 나쁜짓 함께 하던 친구 한명쯤은 있지 않나요? ㅋ",
    "date": "12.03.11",
    "rating": "10",
    "author": "unli****",
    "review_id": "6137640",
    "movie_id": "10019"
  },
  {
    "review": "산골짜기 갱단들은 지금 모두 고인이 되었지만 명화는 살아있다",
    "date": "12.02.07",
    "rating": "9",
    "author": "kos4****",
    "review_id": "6060247",
    "movie_id": "10019"
  },
  {
    "review": "두번이나 보았지만 다시 보아도 정말 명화..",
    "date": "12.01.04",
    "rating": "10",
    "author": "luby****",
    "review_id": "5958754",
    "movie_id": "10019"
  },
  {
    "review": "낭만의 끝",
    "date": "11.12.21",
    "rating": "8",
    "author": "korn****",
    "review_id": "5920606",
    "movie_id": "10019"
  },
  {
    "review": "총과 총알, 그리고 로망. 이것이 서부영화다!!",
    "date": "11.12.20",
    "rating": "8",
    "author": "pupp****",
    "review_id": "5918074",
    "movie_id": "10019"
  },
  {
    "review": "마지막장면이 정말 인상깊다",
    "date": "11.12.16",
    "rating": "9",
    "author": "oper****",
    "review_id": "5909718",
    "movie_id": "10019"
  },
  {
    "review": "다시 봐도 유쾌한 그들의 '내일'은 여전히 많은 이들의 꿈을 향해 내달리고 있다!",
    "date": "11.12.09",
    "rating": "8",
    "author": "spik****",
    "review_id": "5895767",
    "movie_id": "10019"
  },
  {
    "review": "부치의 익살스러움과 선댄스의 사격술은 잊을 수가 없네요.",
    "date": "11.11.29",
    "rating": "10",
    "author": "limp****",
    "review_id": "5876915",
    "movie_id": "10019"
  },
  {
    "review": "영화 제목이 왜 내일을향해 쏴라 인지 이해간다..",
    "date": "11.11.27",
    "rating": "10",
    "author": "lse2****",
    "review_id": "5872810",
    "movie_id": "10019"
  },
  {
    "review": "자기전에 봤는데 개 명작 ... 왠지 너무 재밌다 했다. 앉아서 봤네",
    "date": "11.11.26",
    "rating": "10",
    "author": "kiss****",
    "review_id": "5871284",
    "movie_id": "10019"
  },
  {
    "review": "60년대작품 맞나 이정도 되줘야 명작이고 명배우고 소장가치가 있더는 것이다",
    "date": "11.11.26",
    "rating": "10",
    "author": "man1****",
    "review_id": "5870782",
    "movie_id": "10019"
  },
  {
    "review": "세기의 걸작",
    "date": "11.11.26",
    "rating": "10",
    "author": "tcp0****",
    "review_id": "5870732",
    "movie_id": "10019"
  },
  {
    "review": "Tv로 보고있는데 잼있어서 찾아보니 명작이었네용. 코미디가.적절히섞여서 더 잼있음",
    "date": "11.11.26",
    "rating": "10",
    "author": "kost****",
    "review_id": "5870628",
    "movie_id": "10019"
  },
  {
    "review": "명화란 아무리 봐도 멋지다.최고의 영화중 하나",
    "date": "11.11.26",
    "rating": "10",
    "author": "frid****",
    "review_id": "5870611",
    "movie_id": "10019"
  },
  {
    "review": "두고 두고 기억할 엔딩",
    "date": "11.11.24",
    "rating": "10",
    "author": "figh****",
    "review_id": "5868681",
    "movie_id": "10019"
  },
  {
    "review": "마지막 장면....절대 잊지 못할 것 같다.",
    "date": "11.10.23",
    "rating": "10",
    "author": "whdd****",
    "review_id": "5805139",
    "movie_id": "10019"
  },
  {
    "review": "썬댄스의 처음 총격씬, 마지막을 향해 달려가는씬은 고전의 맛을 그대로 보여준다.",
    "date": "11.09.30",
    "rating": "8",
    "author": "wlfa****",
    "review_id": "5762325",
    "movie_id": "10019"
  },
  {
    "review": "진정한 명화다.",
    "date": "11.09.10",
    "rating": "10",
    "author": "lhmj****",
    "review_id": "5719950",
    "movie_id": "10019"
  },
  {
    "review": "왠지둘이불쌍하다",
    "date": "11.09.07",
    "rating": "10",
    "author": "lmky****",
    "review_id": "5713901",
    "movie_id": "10019"
  },
  {
    "review": "마지막 장면을 어렸을때 너무 인상깊게 봤던 기억이 나는데..ㅋ 참 멋진영화!",
    "date": "11.08.27",
    "rating": "10",
    "author": "grea****",
    "review_id": "5692087",
    "movie_id": "10019"
  },
  {
    "review": "신세대 감각의 편집과 촬영, 아련한 주제곡, 먹먹한 라스트 스틸컷과 수백발의 총성..",
    "date": "11.08.25",
    "rating": "8",
    "author": "sioh****",
    "review_id": "5687438",
    "movie_id": "10019"
  },
  {
    "review": "부치와 썬댄스.. 정말 매력적인 캐릭터들.,",
    "date": "11.08.25",
    "rating": "9",
    "author": "dmag****",
    "review_id": "5685746",
    "movie_id": "10019"
  },
  {
    "review": "1점 준놈들은 영화 보기는 했냐? 양심이 있다면, 그런짓은 못할텐데.",
    "date": "11.08.03",
    "rating": "10",
    "author": "glom****",
    "review_id": "5593560",
    "movie_id": "10019"
  },
  {
    "review": "두 바보의 이야기.",
    "date": "11.07.16",
    "rating": "9",
    "author": "ifau****",
    "review_id": "5548567",
    "movie_id": "10019"
  },
  {
    "review": "엔딩 하나만으로도 좋은 평점을 받을수 있는 영화 내일을 향해 살아라",
    "date": "11.06.03",
    "rating": "9",
    "author": "reno****",
    "review_id": "5461598",
    "movie_id": "10019"
  },
  {
    "review": "십점도 모자라는 영화죠^^",
    "date": "11.04.26",
    "rating": "10",
    "author": "arik****",
    "review_id": "5393720",
    "movie_id": "10019"
  },
  {
    "review": "그들만의 고요하지만 유쾌한 분위기 속에 태양은 춤을 춘다.",
    "date": "11.03.07",
    "rating": "7",
    "author": "bbq2****",
    "review_id": "5298684",
    "movie_id": "10019"
  },
  {
    "review": "1970년대에 사회적분위기땜에 명작된 영화 허나지금은 영화음악으로 더유명함",
    "date": "11.01.30",
    "rating": "9",
    "author": "a109****",
    "review_id": "5196025",
    "movie_id": "10019"
  },
  {
    "review": "영원히 남을 마지막 명장면 ~~~~~~~~",
    "date": "11.01.28",
    "rating": "8",
    "author": "fnsk****",
    "review_id": "5189535",
    "movie_id": "10019"
  },
  {
    "review": "귀엽고 멋지고 재미있는. 매력 덩어리",
    "date": "10.12.23",
    "rating": "10",
    "author": "reds****",
    "review_id": "5077283",
    "movie_id": "10019"
  },
  {
    "review": "선댄스♥",
    "date": "10.12.19",
    "rating": "10",
    "author": "lapi****",
    "review_id": "5065497",
    "movie_id": "10019"
  },
  {
    "review": "정말 매력적인 영화.......",
    "date": "10.12.19",
    "rating": "10",
    "author": "adel****",
    "review_id": "5065492",
    "movie_id": "10019"
  },
  {
    "review": "같은 제작진이 만든 스팅보다 이걸 더 높게 놓고 싶다",
    "date": "10.11.26",
    "rating": "10",
    "author": "mann****",
    "review_id": "4993016",
    "movie_id": "10019"
  },
  {
    "review": "폴뉴먼...rain drops keep fallin on my head~ 인상적인 자전거씬의 연출과 음악",
    "date": "10.11.25",
    "rating": "9",
    "author": "come****",
    "review_id": "4990734",
    "movie_id": "10019"
  },
  {
    "review": "매력적인 두 주연의 환상적인 앙상블",
    "date": "10.11.03",
    "rating": "7",
    "author": "resm****",
    "review_id": "4936664",
    "movie_id": "10019"
  },
  {
    "review": "폴뉴먼과 레드포드가 호주를 가줬으면., 미국에서 끝장을 봐야지 볼리비아 군대라니",
    "date": "10.10.26",
    "rating": "10",
    "author": "dma9****",
    "review_id": "4922386",
    "movie_id": "10019"
  },
  {
    "review": "굿",
    "date": "10.10.04",
    "rating": "10",
    "author": "zxon****",
    "review_id": "4883394",
    "movie_id": "10019"
  },
  {
    "review": "마지막장면이 기억에 남는다",
    "date": "10.09.21",
    "rating": "10",
    "author": "iblu****",
    "review_id": "4855053",
    "movie_id": "10019"
  },
  {
    "review": "한번 쯤 봐야 할 명화 오래된 영화를 보는 이유는 당시 그 문화를 느끼기 위함 아닐까",
    "date": "10.09.20",
    "rating": "10",
    "author": "isdn****",
    "review_id": "4851597",
    "movie_id": "10019"
  },
  {
    "review": "그냥 내가 부치와선댄스가 된느낌? 여운도 있고 괜히 명작이라고 부르는게 아니었네~",
    "date": "10.09.17",
    "rating": "10",
    "author": "zipo****",
    "review_id": "4843319",
    "movie_id": "10019"
  },
  {
    "review": "눈매가 서글퍼서 미워 할수 없는 두 악당.",
    "date": "10.09.07",
    "rating": "8",
    "author": "lemo****",
    "review_id": "4822552",
    "movie_id": "10019"
  },
  {
    "review": "마지막이 괜찮았다...그런데 보니와 클라이드 제목지은 사람이 지어준듯한 제목..;;",
    "date": "10.07.25",
    "rating": "7",
    "author": "son1****",
    "review_id": "4669248",
    "movie_id": "10019"
  },
  {
    "review": "액션도 액션이거니와 다른요소들도 괜찮았다.",
    "date": "10.07.19",
    "rating": "10",
    "author": "dlwl****",
    "review_id": "4651629",
    "movie_id": "10019"
  }
]