[
  {
    "review": "상어는 위대 했다!!!",
    "date": "15.08.21",
    "rating": "10",
    "author": "gkdp****",
    "review_id": "10259444",
    "movie_id": "10029"
  },
  {
    "review": "무시무시한 느낌을 잔인한 장면이 별로 없이도 무섭게 만든다..75년이면 새마을 운동 할때이니... 참...",
    "date": "15.08.08",
    "rating": "9",
    "author": "jbbo****",
    "review_id": "10201464",
    "movie_id": "10029"
  },
  {
    "review": "지금보기엔 약간 허접하지만 어릴때 엄청 공포스런 기억이 난다. 우리나라는 참 늦게  알려졌는데  대단한 센세이션이었다. 미디어 적던 시대에 영화 한편이 주는 유행도는 엄청났던 기억이 난다. 죠OO가 그때 시작된게 아직도 나온다. 시대 앞선 스필버그~",
    "date": "15.08.02",
    "rating": "10",
    "author": "next****",
    "review_id": "10175955",
    "movie_id": "10029"
  },
  {
    "review": "40년전 20대 후반 나이에 이런 영화를 감독하다니 천재는 천재구만...",
    "date": "15.08.02",
    "rating": "10",
    "author": "mono****",
    "review_id": "10175821",
    "movie_id": "10029"
  },
  {
    "review": "노인과 바다 보는 줄..",
    "date": "15.08.02",
    "rating": "1",
    "author": "beho****",
    "review_id": "10175692",
    "movie_id": "10029"
  },
  {
    "review": "상업음악의 효과를 입증하며 스릴러 장르에 있어서도 기몀비 적인 작품드보르작 신세계 교향곡의 영향을 받은 습격예고음악은 영원히 회자될 것이다.",
    "date": "15.08.01",
    "rating": "10",
    "author": "jbc0****",
    "review_id": "10169237",
    "movie_id": "10029"
  },
  {
    "review": "요즘 잠시 잊고 있었지만, 40년 전 영화를 보고 다시 느낀 점은 스필버그는 천재다...",
    "date": "15.07.30",
    "rating": "9",
    "author": "inno****",
    "review_id": "10161353",
    "movie_id": "10029"
  },
  {
    "review": "정보의 최소화는 때에 따라 가장 훌륭한 전략이 된다.",
    "date": "15.07.29",
    "rating": "9",
    "author": "rygh****",
    "review_id": "10157052",
    "movie_id": "10029"
  },
  {
    "review": "결말이 단순해서 너무너무 좋았다.",
    "date": "15.07.28",
    "rating": "8",
    "author": "isla****",
    "review_id": "10154790",
    "movie_id": "10029"
  },
  {
    "review": "대박!! 이영화 완전 꿀임!! 게다가 갑툭튀 같은것 도 많이 나와서 좀 무서웠음, 게다가 좀 잔인한것도 후퍼가 물속에 들어갔는데 배에서 끔찍하게 사람 죽어있는거 겁나 깜놀!!완전 스릴러있었음",
    "date": "15.07.20",
    "rating": "10",
    "author": "bane****",
    "review_id": "10123142",
    "movie_id": "10029"
  },
  {
    "review": "단순히 크리쳐물 영화가 아니라 죠스를 잡기 위해 싸우는 사람들의 이야기를 더 중점적으로 다루며 매우 흥미롭게 이야기가 전개되서 좋았다.  후반부의 액션씬도 매우 훌륭하고 좋다.",
    "date": "15.07.06",
    "rating": "9",
    "author": "inos****",
    "review_id": "10075132",
    "movie_id": "10029"
  },
  {
    "review": "70년도 영화인데   요즘 명작영화 만큼 재밌어요",
    "date": "15.07.02",
    "rating": "10",
    "author": "dmsw****",
    "review_id": "10062438",
    "movie_id": "10029"
  },
  {
    "review": "저떄당시에 저런상어를만들다니 나중에 안건데 저게 진짜상어가아니었구나...",
    "date": "15.06.30",
    "rating": "10",
    "author": "dnjs****",
    "review_id": "10056564",
    "movie_id": "10029"
  },
  {
    "review": "스필버그가 지향하는 영화세계가 100% 드러난 상업영화의 최고봉.75년 당시 관객들이 받았을 충격은 실로 대단했을 것이다.시나리오의 완성도는 지금 봐도 수준급.그리고 불후의 영화음악.영화자체보다는 영화산업사에 한 획을 그은 대단한 작품.",
    "date": "15.06.20",
    "rating": "8",
    "author": "mlif****",
    "review_id": "10014757",
    "movie_id": "10029"
  },
  {
    "review": "어릴때봣엇지만매우재밋엇다",
    "date": "15.04.21",
    "rating": "10",
    "author": "alsr****",
    "review_id": "9855901",
    "movie_id": "10029"
  },
  {
    "review": "지금보면 조잡한면도있지만 당시 기준으로는 진짜 충격 그자체 죠스영화때문에 전세계적으로 여름철 피서지 장사가 안되었을정도였으니",
    "date": "15.04.19",
    "rating": "10",
    "author": "okdd****",
    "review_id": "9853049",
    "movie_id": "10029"
  },
  {
    "review": "고전 공포영화의 명작 특히 죠스음악은 유명하죠",
    "date": "15.04.12",
    "rating": "9",
    "author": "adiv****",
    "review_id": "9841348",
    "movie_id": "10029"
  },
  {
    "review": "상어영화 시작이면서 끝인....",
    "date": "15.03.31",
    "rating": "10",
    "author": "igel****",
    "review_id": "9819085",
    "movie_id": "10029"
  },
  {
    "review": "그땐 영화관에서 이 영화보면서 너무 무서워 다음 장면 보기가 두려울 정도였는데..ㅎㅎ",
    "date": "15.03.24",
    "rating": "10",
    "author": "stem****",
    "review_id": "9802953",
    "movie_id": "10029"
  },
  {
    "review": "죠스 = 빠밤빠밤이지 긴장감 하나는 최고",
    "date": "15.03.12",
    "rating": "8",
    "author": "kies****",
    "review_id": "9773722",
    "movie_id": "10029"
  },
  {
    "review": "진짜  1편은 대박입니다",
    "date": "15.02.26",
    "rating": "10",
    "author": "qkrd****",
    "review_id": "9740031",
    "movie_id": "10029"
  },
  {
    "review": "70년대 치고는 대박이였다",
    "date": "15.02.25",
    "rating": "10",
    "author": "sck2****",
    "review_id": "9736614",
    "movie_id": "10029"
  },
  {
    "review": "마지막 10분의 공포와 몰입감은 최고다.",
    "date": "15.02.23",
    "rating": "7",
    "author": "jys4****",
    "review_id": "9732154",
    "movie_id": "10029"
  },
  {
    "review": "40년전 헐리우드 특수효과를 보는 재미랄까",
    "date": "15.02.22",
    "rating": "9",
    "author": "beat****",
    "review_id": "9729911",
    "movie_id": "10029"
  },
  {
    "review": "정말 재밌어요~유명한 이유를 알겠네요",
    "date": "15.02.14",
    "rating": "10",
    "author": "sopi****",
    "review_id": "9695417",
    "movie_id": "10029"
  },
  {
    "review": "와 아 상어영화 따라오는 감독이 있을까",
    "date": "15.02.08",
    "rating": "10",
    "author": "joon****",
    "review_id": "9679682",
    "movie_id": "10029"
  },
  {
    "review": "여기 밑에분이 뜨든뜨든 하는 죠스 영화 브금 드로르자크의 신세계 교향곡 아님?ㅋㅋㅋ",
    "date": "15.01.30",
    "rating": "10",
    "author": "egg0****",
    "review_id": "9652736",
    "movie_id": "10029"
  },
  {
    "review": "78년도 영화가아니고 75년도 영화 78년도는 죠스2나올때",
    "date": "15.01.28",
    "rating": "9",
    "author": "chea****",
    "review_id": "9645283",
    "movie_id": "10029"
  },
  {
    "review": "완전 스릴넘침 짱짱무서움",
    "date": "15.01.24",
    "rating": "10",
    "author": "na42****",
    "review_id": "9630176",
    "movie_id": "10029"
  },
  {
    "review": "그저 이 평점을 주기위해 로그인했다.",
    "date": "14.12.30",
    "rating": "1",
    "author": "dkgk****",
    "review_id": "9539348",
    "movie_id": "10029"
  },
  {
    "review": "완전 재미있음 스필버그 사랑합니다.",
    "date": "14.12.15",
    "rating": "10",
    "author": "trao****",
    "review_id": "9475466",
    "movie_id": "10029"
  },
  {
    "review": "음악이 흐르고 지느러미가 물 위를 가를 당시의 공포와 스릴이란.",
    "date": "14.11.30",
    "rating": "8",
    "author": "tear****",
    "review_id": "9434032",
    "movie_id": "10029"
  },
  {
    "review": "어릴때 납량특집으로 티비에서 보여줬었는데  어린맘에 충격적이었던  기억이..",
    "date": "14.11.20",
    "rating": "10",
    "author": "cap1****",
    "review_id": "9404457",
    "movie_id": "10029"
  },
  {
    "review": "빠담~ 빠담~빠바바바바~~",
    "date": "14.11.19",
    "rating": "10",
    "author": "kjk9****",
    "review_id": "9399875",
    "movie_id": "10029"
  },
  {
    "review": "해수욕장 가기 무서워진 영화",
    "date": "14.11.01",
    "rating": "9",
    "author": "answ****",
    "review_id": "9334917",
    "movie_id": "10029"
  },
  {
    "review": "현실감 있는 원조 상어의 위엄",
    "date": "14.10.21",
    "rating": "5",
    "author": "goms****",
    "review_id": "9305999",
    "movie_id": "10029"
  },
  {
    "review": "무섭지도않고,웃기지도않고,스릴있지도 않고,솔직히 뭐 하나 잘했다고 내세울것 없다. 수학이나 국어 시험을 봤다면 올백을 맞던지 수학 100점, 국어70점 도 아닌 그냥 수학75점 국어 75점 받은 느낌의 잘만든것도 아니고 못만든것도아닌 참 애매한 영화",
    "date": "14.10.11",
    "rating": "4",
    "author": "jell****",
    "review_id": "9284189",
    "movie_id": "10029"
  },
  {
    "review": "항해 할때부터 재미있어진다 생각보다 상어한테 물려죽는 사람이 별로없으니 그 점 유의하길",
    "date": "14.10.10",
    "rating": "8",
    "author": "taeg****",
    "review_id": "9281645",
    "movie_id": "10029"
  },
  {
    "review": "대단하다는말밖에아라온다",
    "date": "14.10.04",
    "rating": "10",
    "author": "kimj****",
    "review_id": "9263046",
    "movie_id": "10029"
  },
  {
    "review": "이 영화는 그냥 대단하다고 밖에말할수 없을것같다긴장과 음악은최고이며 현실적인공포를 안겨준다",
    "date": "14.10.04",
    "rating": "10",
    "author": "apwl****",
    "review_id": "9263024",
    "movie_id": "10029"
  },
  {
    "review": "와후..진짜 정신없이..공포감이 정말..어떻게 저때 이런 엄청난 작품이 탄생했는지...",
    "date": "14.10.01",
    "rating": "10",
    "author": "kjwo****",
    "review_id": "9252162",
    "movie_id": "10029"
  },
  {
    "review": "스필버그감독의   수작이다.",
    "date": "14.08.25",
    "rating": "10",
    "author": "licj****",
    "review_id": "9131748",
    "movie_id": "10029"
  },
  {
    "review": "걍 봐라 닥치고 보면 다른 상어영화 송사리로 보인다",
    "date": "14.08.23",
    "rating": "10",
    "author": "andy****",
    "review_id": "9125746",
    "movie_id": "10029"
  },
  {
    "review": "공포를 어떻게 증폭시키는지 스필버그가 보여준다.",
    "date": "14.08.17",
    "rating": "8",
    "author": "ogr5****",
    "review_id": "9102259",
    "movie_id": "10029"
  },
  {
    "review": "끝이 뭔가 허무하지만 재미있었음 선장이 죽은건 너무 슬펐음",
    "date": "14.08.17",
    "rating": "10",
    "author": "ghkd****",
    "review_id": "9102186",
    "movie_id": "10029"
  },
  {
    "review": "보는 내내 진짜 긴장함 와 최고의 영화",
    "date": "14.08.17",
    "rating": "10",
    "author": "wlrk****",
    "review_id": "9102174",
    "movie_id": "10029"
  },
  {
    "review": "후퍼라는 도시샌놈때문에 보는내내 짜증났음.",
    "date": "14.08.17",
    "rating": "1",
    "author": "blue****",
    "review_id": "9102013",
    "movie_id": "10029"
  },
  {
    "review": "정말 대단한 영화다  후속작은....",
    "date": "14.08.16",
    "rating": "10",
    "author": "shpa****",
    "review_id": "9097706",
    "movie_id": "10029"
  },
  {
    "review": "음악을 들으면 지금도 다리가 오글거린다.",
    "date": "14.08.15",
    "rating": "10",
    "author": "cozo****",
    "review_id": "9091820",
    "movie_id": "10029"
  },
  {
    "review": "aa.. how scary it was..",
    "date": "14.08.15",
    "rating": "10",
    "author": "dri4****",
    "review_id": "9089296",
    "movie_id": "10029"
  },
  {
    "review": "불가사리가 조금 더 재미있기는하지만 최고다.^^",
    "date": "14.08.10",
    "rating": "10",
    "author": "jjun****",
    "review_id": "9062674",
    "movie_id": "10029"
  },
  {
    "review": "어릴때 이거보고 당분간 바다는 죽어도 안갔었지 ㅋㅋㅋ",
    "date": "14.08.10",
    "rating": "10",
    "author": "qwe2****",
    "review_id": "9060657",
    "movie_id": "10029"
  },
  {
    "review": "상어라는 주제로 이렇게 엄청난 공포를 만들어 낸 필버그에게 경의를 표한다",
    "date": "14.08.07",
    "rating": "10",
    "author": "cks1****",
    "review_id": "9045374",
    "movie_id": "10029"
  },
  {
    "review": "인형으로 극도의 긴장감을 이끌어내는 스필버그의 능력",
    "date": "14.07.04",
    "rating": "9",
    "author": "soqu****",
    "review_id": "8882749",
    "movie_id": "10029"
  },
  {
    "review": "평점이 아주 깔끔하군요. 하지만 9점받을꺼 까진 없는듯",
    "date": "14.06.18",
    "rating": "1",
    "author": "hang****",
    "review_id": "8838957",
    "movie_id": "10029"
  },
  {
    "review": "근 30년 된 영화가 요즘 나오는 양산형 영화보다 훨씬 스릴있고 공포감을 느끼게 해준다 명작은 명작이다",
    "date": "14.05.12",
    "rating": "9",
    "author": "jjan****",
    "review_id": "8726289",
    "movie_id": "10029"
  },
  {
    "review": "무서진 않지만 지루하지도 않았다.",
    "date": "14.04.19",
    "rating": "7",
    "author": "biga****",
    "review_id": "8660098",
    "movie_id": "10029"
  },
  {
    "review": "몇번을 봐도 멋지군요. 명작 반열에 손색없습니다.",
    "date": "14.04.19",
    "rating": "10",
    "author": "ajtw****",
    "review_id": "8657783",
    "movie_id": "10029"
  },
  {
    "review": "권력, 남성성, 많은 경험과 지식. 하지만 결국 그들을 구원하는 이는? '죠스'라는 위기를 통해 드러나는 인간의 참 모습.",
    "date": "14.03.30",
    "rating": "7",
    "author": "myse****",
    "review_id": "8617919",
    "movie_id": "10029"
  },
  {
    "review": "딥블루씨 더리프 보고왔는데 상어물 중에선 이게 대부네요",
    "date": "14.03.20",
    "rating": "8",
    "author": "zhde****",
    "review_id": "8589044",
    "movie_id": "10029"
  },
  {
    "review": "지금 다시보니 별로...",
    "date": "14.02.25",
    "rating": "7",
    "author": "yshh****",
    "review_id": "8537444",
    "movie_id": "10029"
  },
  {
    "review": "턱들. 이 영화 때문에 목욕탕 탕 안에 혼자 있으면 상어 나올 거 같아서 무서웠어유. 한 번도 제대로 본 적 없어서 이번에 제대로 봤는디 지금 시대에 보기엔 시시해유. 후반부까지는 상어 제대로 안 나오다가 후반부 가서 상어 많이 나오네유.",
    "date": "14.02.16",
    "rating": "5",
    "author": "real****",
    "review_id": "8513814",
    "movie_id": "10029"
  },
  {
    "review": "이 영화는 배경음 하나로도 기본 9점은 줘야한다.",
    "date": "14.01.27",
    "rating": "10",
    "author": "kjj0****",
    "review_id": "8435151",
    "movie_id": "10029"
  },
  {
    "review": "지루한 영화다!  두번다시 보고 싶다 않다!",
    "date": "14.01.22",
    "rating": "6",
    "author": "katy****",
    "review_id": "8412370",
    "movie_id": "10029"
  },
  {
    "review": "진짜 장난 아닌 듯 ㅎ 정말 재미 있게 봤다. ㅎ",
    "date": "14.01.01",
    "rating": "10",
    "author": "pc59****",
    "review_id": "8333706",
    "movie_id": "10029"
  },
  {
    "review": "이게 어떻게 12세야..나도 비위상했는데..잔인함..",
    "date": "13.12.03",
    "rating": "10",
    "author": "ik04****",
    "review_id": "8187932",
    "movie_id": "10029"
  },
  {
    "review": "소문듣고 왔다.죠스O를 다오!",
    "date": "13.11.23",
    "rating": "9",
    "author": "pont****",
    "review_id": "8161272",
    "movie_id": "10029"
  },
  {
    "review": "어릴때 이불 뒤집어 쓰고 공포에 쩔어서 티비로 본 기억 있는 사람?",
    "date": "13.10.26",
    "rating": "10",
    "author": "dela****",
    "review_id": "8090651",
    "movie_id": "10029"
  },
  {
    "review": "이건 마치 '노인과 바다'를 보는 기분. 정말 손에 땀을 쥐게 한다. 음악도 단단히 한 몫 했다.",
    "date": "13.08.26",
    "rating": "10",
    "author": "hyoh****",
    "review_id": "7923534",
    "movie_id": "10029"
  },
  {
    "review": "9.10은 넘어야 돼지않나??",
    "date": "13.08.24",
    "rating": "10",
    "author": "leo0****",
    "review_id": "7917092",
    "movie_id": "10029"
  },
  {
    "review": "정말 쵝5",
    "date": "13.08.11",
    "rating": "10",
    "author": "rlat****",
    "review_id": "7869710",
    "movie_id": "10029"
  },
  {
    "review": "우와~~무섭기도 하고 재밌세여",
    "date": "13.08.10",
    "rating": "10",
    "author": "jodi****",
    "review_id": "7864962",
    "movie_id": "10029"
  },
  {
    "review": "ㅋㅋ",
    "date": "13.08.08",
    "rating": "10",
    "author": "pedr****",
    "review_id": "7857849",
    "movie_id": "10029"
  },
  {
    "review": "영화는재밌었다 근데이게왜 12세관람가냐ㅡㅡ고딩인내가보기에도 되게잔인한데 이런걸 12세한테보여주라고;;",
    "date": "13.08.06",
    "rating": "9",
    "author": "lema****",
    "review_id": "7851494",
    "movie_id": "10029"
  },
  {
    "review": "어릴때 정말 긴장감있게 봤는데,, ㅋㅋ 지금봐도 명작 !",
    "date": "13.08.01",
    "rating": "9",
    "author": "sung****",
    "review_id": "7811214",
    "movie_id": "10029"
  },
  {
    "review": "미국은 이때도 좋았구나ㅋㅋㅋㅋㅋㅋㅋㅋㅋㅋ 홧팅",
    "date": "13.07.30",
    "rating": "10",
    "author": "youm****",
    "review_id": "7800431",
    "movie_id": "10029"
  },
  {
    "review": "유일한 어린이용 공포영화",
    "date": "13.07.06",
    "rating": "10",
    "author": "1235****",
    "review_id": "7711031",
    "movie_id": "10029"
  },
  {
    "review": "1편이 대박. 후속편이 나올수록 작품들이 아쉽지만 1편하나는 대박 !_! ㅋ",
    "date": "13.07.01",
    "rating": "10",
    "author": "ych5****",
    "review_id": "7695483",
    "movie_id": "10029"
  },
  {
    "review": "상어의 본질은 왜곡시켰지만 공포감은 극대로 이끌어낸 명작중에 명작... 1점은 상어의 본질을 왜곡해서 뺐음...ㅋ",
    "date": "13.06.19",
    "rating": "9",
    "author": "ehpt****",
    "review_id": "7657193",
    "movie_id": "10029"
  },
  {
    "review": "뜨든뜨든뜨든뜨든 ;;",
    "date": "13.06.09",
    "rating": "10",
    "author": "md10****",
    "review_id": "7620755",
    "movie_id": "10029"
  },
  {
    "review": "죠스가 다가올때 나는 음악 아직도 생생하게 기억난다",
    "date": "13.05.22",
    "rating": "10",
    "author": "eoal****",
    "review_id": "7548698",
    "movie_id": "10029"
  },
  {
    "review": "우와",
    "date": "13.05.22",
    "rating": "10",
    "author": "kmcr****",
    "review_id": "7548235",
    "movie_id": "10029"
  },
  {
    "review": "스티븐 스필버그의 연출과 존 윌리엄스의 사운드....... 엄청난 조합이었다.",
    "date": "13.05.18",
    "rating": "10",
    "author": "hoyk****",
    "review_id": "7537903",
    "movie_id": "10029"
  },
  {
    "review": "상어 하면 떠오르는 작품. ‘죠스’가 등장할 때 나오는 배경음악은 긴장감과 공포에 빠져들게 만든다.",
    "date": "13.05.15",
    "rating": "10",
    "author": "bsm9****",
    "review_id": "7530092",
    "movie_id": "10029"
  },
  {
    "review": "진짜 스필버그 BGM 활용은 어떤 영화를 보던 쩔어준다. 확실히 요즘 보기엔 다소 밋밋한 느낌.",
    "date": "13.04.30",
    "rating": "7",
    "author": "ldy6****",
    "review_id": "7494559",
    "movie_id": "10029"
  },
  {
    "review": "레알 재밌고 흥미진진한데 단점이라면 조금 잔인하다는것",
    "date": "13.04.21",
    "rating": "9",
    "author": "juno****",
    "review_id": "7473000",
    "movie_id": "10029"
  },
  {
    "review": "75년도 개봉영화 맞나? 그당시에 어떻게 저런 연출을 했는지 ㄷㄷ 대단하다... 실제 상어 사냥을 촬영한줄 알았다.",
    "date": "13.04.09",
    "rating": "8",
    "author": "madr****",
    "review_id": "7445372",
    "movie_id": "10029"
  },
  {
    "review": "아주 약간 봤는데 좀 재미 있었다 상어CG도 굿",
    "date": "13.03.31",
    "rating": "10",
    "author": "aaaw****",
    "review_id": "7425803",
    "movie_id": "10029"
  },
  {
    "review": "well-made awesome film. What a thriller.",
    "date": "13.03.16",
    "rating": "10",
    "author": "mmma****",
    "review_id": "7351573",
    "movie_id": "10029"
  },
  {
    "review": "대박",
    "date": "13.03.16",
    "rating": "10",
    "author": "taei****",
    "review_id": "7351111",
    "movie_id": "10029"
  },
  {
    "review": "막 무섭진 안았는데 계속 두렵다",
    "date": "13.03.10",
    "rating": "9",
    "author": "pian****",
    "review_id": "7337668",
    "movie_id": "10029"
  },
  {
    "review": "진짜 잼씀",
    "date": "13.03.03",
    "rating": "10",
    "author": "woni****",
    "review_id": "7321586",
    "movie_id": "10029"
  },
  {
    "review": "상어 개간지여서  10점만점에10점이에옄ㅋㅋ",
    "date": "13.03.02",
    "rating": "10",
    "author": "cha6****",
    "review_id": "7319486",
    "movie_id": "10029"
  },
  {
    "review": "한때 상어가 진짜 무서웠다",
    "date": "13.03.02",
    "rating": "8",
    "author": "jwjw****",
    "review_id": "7317798",
    "movie_id": "10029"
  },
  {
    "review": "smile you son of bitch",
    "date": "13.02.28",
    "rating": "10",
    "author": "fprh****",
    "review_id": "7311361",
    "movie_id": "10029"
  },
  {
    "review": "사운드, 스토리, 공포감까지... 정말 탄탄한 구성. 고전 스릴러 명작을 오늘날의 시점에서 보면 연출 부분에 약간약간은 허점이 보이지만... 정말 죠스는 흠잡을 때가 없다고 봅니다. 밑에 분 말씀대로 시대를 뛰어넘는 명작이라고 봅니다",
    "date": "13.02.15",
    "rating": "10",
    "author": "tyig****",
    "review_id": "7266297",
    "movie_id": "10029"
  },
  {
    "review": "글쎄요 94년생인데 이번ebs에서 특선영화로방영해주더라고요 다모여봣긴햇지만확실히옛날영화라 지루한감이잇엇습니다그래도마지막20분간은 스릴넘쳣기에",
    "date": "13.02.13",
    "rating": "7",
    "author": "jeon****",
    "review_id": "7258941",
    "movie_id": "10029"
  },
  {
    "review": "마지막에 엉성하게 끝났지만 최고의 상어영화라고 자부한다... 시대를 뛰어넘는다",
    "date": "13.02.11",
    "rating": "10",
    "author": "rlaw****",
    "review_id": "7251284",
    "movie_id": "10029"
  },
  {
    "review": "죠스 원작 정말 최고인 것 같습니다!",
    "date": "13.02.10",
    "rating": "10",
    "author": "haha****",
    "review_id": "7245611",
    "movie_id": "10029"
  },
  {
    "review": "아 추억의영화 그립다",
    "date": "13.02.09",
    "rating": "10",
    "author": "seoj****",
    "review_id": "7243815",
    "movie_id": "10029"
  }
]