[
  {
    "review": "굿굿굿굿진짜굿굿굿굿",
    "date": "15.08.17",
    "rating": "10",
    "author": "choj****",
    "review_id": "10245655",
    "movie_id": "10028"
  },
  {
    "review": "전설의 시작. 3 부터는 상업용으로 전락해 버린..",
    "date": "15.08.17",
    "rating": "10",
    "author": "kimb****",
    "review_id": "10245383",
    "movie_id": "10028"
  },
  {
    "review": "옛날의 기술력으로 만든영화중에 모든면에서 기가막힌 영화",
    "date": "15.08.16",
    "rating": "10",
    "author": "jij4****",
    "review_id": "10237977",
    "movie_id": "10028"
  },
  {
    "review": "단지 기계와의 전쟁이 아닌 약한 인간과 기계의 끝 모를 싸움이라는 점에서 액션 뿐 아니라 공포와 긴장감도 엄청나다.",
    "date": "15.08.13",
    "rating": "9",
    "author": "dlax****",
    "review_id": "10224784",
    "movie_id": "10028"
  },
  {
    "review": "기술 수준은 당시와 비교할 수 없을 만큼 발전했지만 요즘 나오는 대부분의 sf 영화는 이거 발꿈치도 못따라감ㄷㄷ",
    "date": "15.08.11",
    "rating": "10",
    "author": "klen****",
    "review_id": "10217223",
    "movie_id": "10028"
  },
  {
    "review": "전설적인 시리즈의 시작. 저예산 티 팍팍 나지만 이렇게 재미있을수가. 조악한 특수효과가 도리어 무서워 공포영화에 가깝다. 제니시스 안 본 사람들이 부디 1편부터 보기 시작했으면 한다",
    "date": "15.08.09",
    "rating": "8",
    "author": "getl****",
    "review_id": "10208540",
    "movie_id": "10028"
  },
  {
    "review": "저예산이라는 약점 안에서 최고의 완성도로 빚어낸 오락영화. 슬래셔 영화를 싫어하는 내 취향에는 안맞지만 기깔나게 죽여주는 SF 공포영화.",
    "date": "15.08.09",
    "rating": "9",
    "author": "evil****",
    "review_id": "10207126",
    "movie_id": "10028"
  },
  {
    "review": "명불허전 터미네이터2까지는 진짜 말그대로 명불허전",
    "date": "15.08.08",
    "rating": "10",
    "author": "axll****",
    "review_id": "10203547",
    "movie_id": "10028"
  },
  {
    "review": "최고다~~근데 시작부터 아놀드형 전신노출에 너무 몸이 좋아 놀라고 성기노출에 또 한번 놀랐다~~",
    "date": "15.08.07",
    "rating": "10",
    "author": "then****",
    "review_id": "10196070",
    "movie_id": "10028"
  },
  {
    "review": "당시 기술로 그정도 구현해낸거면 잘한거지.",
    "date": "15.08.04",
    "rating": "9",
    "author": "j2w0****",
    "review_id": "10183381",
    "movie_id": "10028"
  },
  {
    "review": "정말 터미네이터는ㅜㅜ아놀드님 진짜  완전 멋져ㅜ사랑해요 아놀드",
    "date": "15.08.01",
    "rating": "10",
    "author": "mill****",
    "review_id": "10171190",
    "movie_id": "10028"
  },
  {
    "review": "그당시의최고영화이다",
    "date": "15.07.31",
    "rating": "10",
    "author": "sjna****",
    "review_id": "10166287",
    "movie_id": "10028"
  },
  {
    "review": "캬.. 이거 죽이네.ㅎㅎㅎ",
    "date": "15.07.29",
    "rating": "10",
    "author": "hiph****",
    "review_id": "10158308",
    "movie_id": "10028"
  },
  {
    "review": "이 영화를 안 순간부터 여러분들은 무뚝뚝하고 무서운 사람들에게 터미네이터란 별명을 한번쯤은 만들었을 마법에 빠질지도 모릅니다",
    "date": "15.07.29",
    "rating": "10",
    "author": "hsut****",
    "review_id": "10157331",
    "movie_id": "10028"
  },
  {
    "review": "지금 다시보면 참 촌스럽기만한 그래픽 이지만 전설은 전설로 대접해줘야겠지.",
    "date": "15.07.29",
    "rating": "8",
    "author": "hyh7****",
    "review_id": "10156883",
    "movie_id": "10028"
  },
  {
    "review": "종합 평점은 8점 드립니다.",
    "date": "15.07.29",
    "rating": "8",
    "author": "terr****",
    "review_id": "10155427",
    "movie_id": "10028"
  },
  {
    "review": "30년전 영화인데~~대박~~쵝오 명작이군",
    "date": "15.07.28",
    "rating": "10",
    "author": "meih****",
    "review_id": "10152248",
    "movie_id": "10028"
  },
  {
    "review": "이 영화가 처음 나왔을 때 전세계적으로 엄청난 임팩트가 있었다. 30년 전 영화임을 감안해서 cg같은 것으로 영화를 평가하려 하지 말고 스토리와 연출을 보라. 스토리의 참신성, 흥미유발 정도 측면에서 전설로 평가받는 영화이다.",
    "date": "15.07.26",
    "rating": "10",
    "author": "yaso****",
    "review_id": "10146268",
    "movie_id": "10028"
  },
  {
    "review": "당시의 상황으로선 최고의 역작이다. 30년 후에도 속편이 만들어진다는게 과연 쉬운 일인가. 제임스 카메론의 창조적인 힘이 돋보인다.",
    "date": "15.07.26",
    "rating": "9",
    "author": "cksd****",
    "review_id": "10146151",
    "movie_id": "10028"
  },
  {
    "review": "생애 최고의 영화 가운데 하나. 명작 중의 명작.",
    "date": "15.07.22",
    "rating": "10",
    "author": "lsh5****",
    "review_id": "10127670",
    "movie_id": "10028"
  },
  {
    "review": "클래스가 다른 영화.엄저척",
    "date": "15.07.20",
    "rating": "10",
    "author": "ilov****",
    "review_id": "10122103",
    "movie_id": "10028"
  },
  {
    "review": "이 시대에 완성도를 이 만큼 끌어올릴 수 있었던 능력이라니. 정말 경이롭다.",
    "date": "15.07.19",
    "rating": "8",
    "author": "ilil****",
    "review_id": "10118336",
    "movie_id": "10028"
  },
  {
    "review": "좀 더 시각적으로 완벽한 영화가 될 수 있었는데 예산이 딸려서.. T-2 제작비의 10분의 1도 채 안된다는.. 정말 한푼, 한푼 아끼고 쥐어짜서 최대한 완성도 있게 만들려고 무진장 애 썼을듯.. T-2 처럼 제작비만 넉넉 했더라면 얼마나 좋았을까..",
    "date": "15.07.18",
    "rating": "10",
    "author": "ysm5****",
    "review_id": "10114782",
    "movie_id": "10028"
  },
  {
    "review": "어제 봤는데 주지사님이 사람죽이는 장면보고 무서웠음ㅎㄷㄷㄷ",
    "date": "15.07.18",
    "rating": "10",
    "author": "hera****",
    "review_id": "10114578",
    "movie_id": "10028"
  },
  {
    "review": "지금 봐도 저시대 어떻게 저렇게 재미나게 만들었을까 하는 의문이 드는 작품이다.  80년대 액션물의 역사적 작품이다.",
    "date": "15.07.17",
    "rating": "10",
    "author": "next****",
    "review_id": "10113307",
    "movie_id": "10028"
  },
  {
    "review": "당시 예산도 없는 무명감독의 빛나는 아이디어와 존경받을 만한 열정으로 태어난 수작 중의 수작..각본과 연출이 가공할만 하다.",
    "date": "15.07.17",
    "rating": "10",
    "author": "gray****",
    "review_id": "10112210",
    "movie_id": "10028"
  },
  {
    "review": "다소 공포스러운 분위기의 영상과 그속에서도 미칠듯한  몰입감...터미네이터2와 함께 최고의 명작!",
    "date": "15.07.16",
    "rating": "10",
    "author": "hiru****",
    "review_id": "10109086",
    "movie_id": "10028"
  },
  {
    "review": "아놀드 형 연기력 때문에 영화가 산것이다 이것드라...",
    "date": "15.07.15",
    "rating": "10",
    "author": "supe****",
    "review_id": "10107878",
    "movie_id": "10028"
  },
  {
    "review": "(H) 이 유명한걸 이제서야 봤다는ㅋ 시간여행은 항상 타임패러독스를 안고 있지만, 뭐 수용가능함ㅋ 잔인한 장면을 그대로 보여주고 생략해줘서 보기편했음. 84년도작인데 이런 수준의 연출이라니 대단함!",
    "date": "15.07.13",
    "rating": "9",
    "author": "ekfz****",
    "review_id": "10100810",
    "movie_id": "10028"
  },
  {
    "review": "SF도 액션도 호러도 아니다. 이것은 단지 터미네이터. 전설의 시작이다.",
    "date": "15.07.12",
    "rating": "9",
    "author": "ashc****",
    "review_id": "10098847",
    "movie_id": "10028"
  },
  {
    "review": "애들이 보기에는 조금(?)야한 씬이 있지만 그래도 스토리나 반전이나 그런것들이 정말 ㄷㄷ하다...정말아쉬운건 1984년때만들어져 뭔가 이상함ㅋㅋㅋ눈빼는 장면에서 갑자기 마네킹처럼 되었을때 ㅋㅋㅋ",
    "date": "15.07.12",
    "rating": "10",
    "author": "joon****",
    "review_id": "10097956",
    "movie_id": "10028"
  },
  {
    "review": "영화사는 터미네이터 이전과 이후로 구분할 수 있다",
    "date": "15.07.12",
    "rating": "10",
    "author": "jest****",
    "review_id": "10096838",
    "movie_id": "10028"
  },
  {
    "review": "내가 이 영화를 국민학교1한년 아니면 초등학교 2학년 쯤 봤던거 같은데 진짜 엄청난 임팩트였다. 죽여도 죽여도 쫓아 오는 터미네이터 때문에 밤에 악몽을 꾸기도 했음;;",
    "date": "15.07.11",
    "rating": "8",
    "author": "daho****",
    "review_id": "10091579",
    "movie_id": "10028"
  },
  {
    "review": "아놀드 형님께 존경을 표합니다.",
    "date": "15.07.11",
    "rating": "10",
    "author": "dpff****",
    "review_id": "10089936",
    "movie_id": "10028"
  },
  {
    "review": "이 영화가 나온지 벌써 30년이나 됐다니 정말 믿기지가 않네요..",
    "date": "15.07.09",
    "rating": "7",
    "author": "yshb****",
    "review_id": "10083931",
    "movie_id": "10028"
  },
  {
    "review": "카일은 사진 속 사라의 모습을 보며 무슨 생각을 하고 있었을지 궁금하다고 했다. 마지막 뱃속 아이에게 아빠에 대한 사랑을 얘기하던 순간 찍히는 사진. 이 영화 최고 명장면으로 세기말 적 엔딩으로 연결...ㅋ ㅑ...",
    "date": "15.07.08",
    "rating": "10",
    "author": "arch****",
    "review_id": "10079792",
    "movie_id": "10028"
  },
  {
    "review": "인류문화유산으로 남겨야 할 명작 오늘 터미네이터 제네시스 보고 기분 상해서 다시한번 터미네이터1 들려보고 간다",
    "date": "15.07.07",
    "rating": "10",
    "author": "real****",
    "review_id": "10077997",
    "movie_id": "10028"
  },
  {
    "review": "속편이 많이 나왔어도 지금도 터미네이터 1편이 제일 재미있다.  80년대 당시 어떻게 이런 스토리를 상상하고 만들어낼 수 있었을까?  명작! 명작!",
    "date": "15.07.07",
    "rating": "10",
    "author": "kaou****",
    "review_id": "10076979",
    "movie_id": "10028"
  },
  {
    "review": "왜헐리우드하는지알수있음.오늘날의기준으로는조악한영상에진부한전개란평을들을수있겠지만,이영화는무려1984년작.30년도넘은작품임.10년은앞선기술에파격적인타임슬립소재,긴장감까지.그리고SF보단공포스릴러영화에가까움.감정없는살육머신의무자비한추격은웬만한호러물보다무섭다.",
    "date": "15.07.06",
    "rating": "8",
    "author": "dldl****",
    "review_id": "10075619",
    "movie_id": "10028"
  },
  {
    "review": "지금 봐도 손색이 없는 당대 최고의 SF 걸작",
    "date": "15.07.06",
    "rating": "10",
    "author": "sunh****",
    "review_id": "10074467",
    "movie_id": "10028"
  },
  {
    "review": "어릴적 극장에서 봤는데 마지막 사라가 지프타고 가는 장면 보고 평생 느껴보지 못한 진정한 안도감이 느껴졌었다",
    "date": "15.07.05",
    "rating": "10",
    "author": "bin1****",
    "review_id": "10074040",
    "movie_id": "10028"
  },
  {
    "review": "그 당시에 대체 어떻게 이런 스토리를 만들어내고 연출한건지 정말 놀랍다. 내가 만약 그 때 극장에서 봤다면 정말 충격과 공포 그 자체였을 것 같다. 대단하다는 말밖에 안나오는 영화다.",
    "date": "15.07.05",
    "rating": "10",
    "author": "alsr****",
    "review_id": "10073709",
    "movie_id": "10028"
  },
  {
    "review": "매트릭스는 90년대 최고의영화다! 이영화는 그보다 15년전 영화다! 영화 얘기 할려면 채플린 영화 부터 봐라. 아그들아!",
    "date": "15.07.05",
    "rating": "10",
    "author": "lgmk****",
    "review_id": "10073455",
    "movie_id": "10028"
  },
  {
    "review": "요즘 애들은 모르겠지 내가 어렸을 때 비디오 가게에서  터미네이터1 덜덜 떨면서 봤는데...화려한 cg에만 물든 요즘 애들이 보기엔 좀 촌스러운 영화는 맞음 허나 t1000, t3000, t1억이 나온다 해도 이때의 아놀드의 포스는 절대 못따라간다",
    "date": "15.07.05",
    "rating": "10",
    "author": "alan****",
    "review_id": "10073082",
    "movie_id": "10028"
  },
  {
    "review": "매트릭스에 비하면 연출이나 세계관 모든면에 매트릭스에 비해 수준떨어지는 영화임",
    "date": "15.07.05",
    "rating": "5",
    "author": "k720****",
    "review_id": "10071931",
    "movie_id": "10028"
  },
  {
    "review": "이 감독은 타이타닉도 그러더만 꼭 마지막에 남자만 죽이네. 여성해방주의자인가ㅉㅉ 남자가 뭔 죄냐",
    "date": "15.07.05",
    "rating": "1",
    "author": "ksh5****",
    "review_id": "10070783",
    "movie_id": "10028"
  },
  {
    "review": "나와 출생년도도 같은,지금봐도 엄청난 고전 SF액션 명작",
    "date": "15.07.05",
    "rating": "10",
    "author": "byul****",
    "review_id": "10070274",
    "movie_id": "10028"
  },
  {
    "review": "터미네이터의 완성은 아놀드",
    "date": "15.07.04",
    "rating": "8",
    "author": "bbww****",
    "review_id": "10069415",
    "movie_id": "10028"
  },
  {
    "review": "이런명작에는 그냥 10점이지",
    "date": "15.07.04",
    "rating": "10",
    "author": "ssss****",
    "review_id": "10067932",
    "movie_id": "10028"
  },
  {
    "review": "극장용 개봉작이 아닌 비디오용 B급 영화를 명작으로 만든 제임스 카메룬 그 이후 에일리언2 도 명작이었지..",
    "date": "15.07.01",
    "rating": "10",
    "author": "viol****",
    "review_id": "10058179",
    "movie_id": "10028"
  },
  {
    "review": "아놀드 슈놀드 대박이다",
    "date": "15.07.01",
    "rating": "10",
    "author": "jh98****",
    "review_id": "10058058",
    "movie_id": "10028"
  },
  {
    "review": "제임스 카메론 영화의 서막을 연 역작",
    "date": "15.06.29",
    "rating": "10",
    "author": "djrw****",
    "review_id": "10052410",
    "movie_id": "10028"
  },
  {
    "review": "주연배우의 발연기가 극의 몰입도에 긍정적 영향을 끼친 드문 사례",
    "date": "15.06.26",
    "rating": "8",
    "author": "syoc****",
    "review_id": "10040390",
    "movie_id": "10028"
  },
  {
    "review": "걍최고입니다요오요용",
    "date": "15.06.25",
    "rating": "10",
    "author": "gods****",
    "review_id": "10034545",
    "movie_id": "10028"
  },
  {
    "review": "....말이 필요 없다.",
    "date": "15.06.24",
    "rating": "10",
    "author": "wlak****",
    "review_id": "10028523",
    "movie_id": "10028"
  },
  {
    "review": "아아 긴장감에 바싹바싹 타들어간다는 게 이런 거겠지.",
    "date": "15.06.24",
    "rating": "8",
    "author": "sckc****",
    "review_id": "10025308",
    "movie_id": "10028"
  },
  {
    "review": "그어떠한 영화도 이거 1탄은 못이긴다! 역대최강!!!",
    "date": "15.06.23",
    "rating": "10",
    "author": "lims****",
    "review_id": "10024068",
    "movie_id": "10028"
  },
  {
    "review": "이 영화 모르면 간첩 아닌가요",
    "date": "15.06.22",
    "rating": "10",
    "author": "west****",
    "review_id": "10022483",
    "movie_id": "10028"
  },
  {
    "review": "그 시대에 이런 긴장감과 몰입도를 끌어낸것이 대단하다.",
    "date": "15.06.21",
    "rating": "10",
    "author": "bbl7****",
    "review_id": "10019362",
    "movie_id": "10028"
  },
  {
    "review": "84년도에 나온 영화라고  생각하면 이 영화는 진정 끝판왕이다. 모든 부분에서 부족함이 없다.",
    "date": "15.06.21",
    "rating": "9",
    "author": "hi38****",
    "review_id": "10018302",
    "movie_id": "10028"
  },
  {
    "review": "84년도영화지만..재미있다 긴장감 넘친다",
    "date": "15.06.20",
    "rating": "8",
    "author": "ccor****",
    "review_id": "10015348",
    "movie_id": "10028"
  },
  {
    "review": "이게 진정 84년 영화란 말인가!!! SF영화계의 전설!!! 31년전 나왔음에도 불구하고 지금 봐도 전혀 퀄리티가 떨어지지 않는 멋진 액션영화!!! 처음부터 끝까지 몰입해서 집중하면서 본 영화!!! 대단하다!!! 훌륭하다!!! 멋지다!!!",
    "date": "15.06.19",
    "rating": "10",
    "author": "robo****",
    "review_id": "10010569",
    "movie_id": "10028"
  },
  {
    "review": "터미네이터의 전설은 1편에서 시작되었고 2편에서 완성되었다",
    "date": "15.06.17",
    "rating": "9",
    "author": "gshh****",
    "review_id": "10007080",
    "movie_id": "10028"
  },
  {
    "review": "꿀잼 이게 80년도 작품이다 ㅋ 아놀드형이 선글라스를 고집하는 이유는 당시 연출력의 한계 때문",
    "date": "15.06.16",
    "rating": "10",
    "author": "akak****",
    "review_id": "10004919",
    "movie_id": "10028"
  },
  {
    "review": "바이오렌스의 초강력 뉴 페이스! 아놀드 OO제네거!",
    "date": "15.06.16",
    "rating": "9",
    "author": "pont****",
    "review_id": "10003527",
    "movie_id": "10028"
  },
  {
    "review": "SF액션영화의 역대급 명작. 스토리는 1편이 낫고, 영상효과는 2편이 훨씬 낫고, 몰입도와 액션은 삐까삐까...",
    "date": "15.05.31",
    "rating": "10",
    "author": "heod****",
    "review_id": "9964327",
    "movie_id": "10028"
  },
  {
    "review": "84년도작을 이제야 보게되다니..블루레이로 봐 다행이네요. 31년전 영화를 보던 사람들은 충격 그 자체였겠네여  지금봐도 재밌는데 ..  앞으로 더 재밌는 영화들이 많이 나오겠죠.. 건강하게 오래 살아야 겠네여~ 뜬금없네여 ㅋ",
    "date": "15.05.26",
    "rating": "8",
    "author": "sd44****",
    "review_id": "9951951",
    "movie_id": "10028"
  },
  {
    "review": "2015.00.00",
    "date": "15.05.21",
    "rating": "10",
    "author": "sean****",
    "review_id": "9934759",
    "movie_id": "10028"
  },
  {
    "review": "오늘밤터미네이터가온다는 단순한 토요명화한마디에 아빠와하루종일기다렸다 난이영화가뭔지도몰랐던시절 정말그한마디면충분했다",
    "date": "15.05.15",
    "rating": "10",
    "author": "yoon****",
    "review_id": "9918292",
    "movie_id": "10028"
  },
  {
    "review": "대체 몬 말이필요한가... 내어릴적그 전율감동은아직도 생생하다",
    "date": "15.05.10",
    "rating": "10",
    "author": "kez6****",
    "review_id": "9907841",
    "movie_id": "10028"
  },
  {
    "review": "그당시에도 대단했던 영화고 지금봐도 대단한 영화다.",
    "date": "15.05.04",
    "rating": "10",
    "author": "pka1****",
    "review_id": "9891901",
    "movie_id": "10028"
  },
  {
    "review": "1984년도에 이런 영화가 만들어졌다는 게 믿기지 않는데 감독이 이후에 만든 작품들을 보니 수긍이 간다..",
    "date": "15.05.03",
    "rating": "9",
    "author": "the0****",
    "review_id": "9889055",
    "movie_id": "10028"
  },
  {
    "review": "멋있다 감동적이다 연출이 좋다 이런것도 좋지만 전쟁의 참혹성도 생각해보자  터미네이터 시리즈1 에서는 별로 안나오지만 2,3 이후부터는 정말 안타까운점도 많이 나온다. 그런것도 정말 잘 표현했다고 생각 특히 핵전쟁 봤을떄는 소름",
    "date": "15.04.27",
    "rating": "10",
    "author": "virl****",
    "review_id": "9874354",
    "movie_id": "10028"
  },
  {
    "review": "포스터 빼고는 완벽한 영화",
    "date": "15.04.17",
    "rating": "10",
    "author": "ksa2****",
    "review_id": "9848993",
    "movie_id": "10028"
  },
  {
    "review": "미친 이 퀄이 이 시대에...",
    "date": "15.04.15",
    "rating": "10",
    "author": "sdm8****",
    "review_id": "9846318",
    "movie_id": "10028"
  },
  {
    "review": "터미네이터 시리즈의 최고봉은 2편임. 물론 1편도 당시에 획기적이었던 영화지만 2편에 비해 철학적인 면에서 뒤떨어지기때문에 1점 감점",
    "date": "15.03.28",
    "rating": "9",
    "author": "ddab****",
    "review_id": "9812750",
    "movie_id": "10028"
  },
  {
    "review": "sf를 가장한 공포였음..",
    "date": "15.03.23",
    "rating": "10",
    "author": "jiny****",
    "review_id": "9801378",
    "movie_id": "10028"
  },
  {
    "review": "2편과 함께 SF영화 역사에 남을 명작. 후속편들처럼  기계와 기계의 싸움이 아닌 약한 인간과 기계의 싸움이란 점에서 공포와 긴장감이 최고였던 영화. 20대의 마이클빈도 멋있었음.",
    "date": "15.03.17",
    "rating": "10",
    "author": "eody****",
    "review_id": "9788691",
    "movie_id": "10028"
  },
  {
    "review": "역시 이런류의 서스펜스는 제임스 카메론.",
    "date": "15.03.04",
    "rating": "8",
    "author": "jys4****",
    "review_id": "9755171",
    "movie_id": "10028"
  },
  {
    "review": "1984년 단성사에서 개봉하는걸 봤었는데 최고영화다..그후 노컷으로도 봤는데 더 최고다..진짜 최고영화.",
    "date": "15.03.01",
    "rating": "10",
    "author": "ukal****",
    "review_id": "9750901",
    "movie_id": "10028"
  },
  {
    "review": "재미는 물론 감동과 메세지까지. 터미네이터 시리즈 뿐만 아니라 역대 SF 액션물 최고의 명작.",
    "date": "15.02.28",
    "rating": "10",
    "author": "sipj****",
    "review_id": "9746591",
    "movie_id": "10028"
  },
  {
    "review": "괜히 명감독 명배우 명작이 아니군요! 이 영화를 왜 이제 봤는지 아쉬운 한편, 지금에서야 더 명작으로 받아들일 수 있는듯~ 시대를 뛰어넘는 명작! 스토리 연출력 상징적이된 배경음악 배우들.. 더 이상 뭐가 필요할까요, 굿굿~!",
    "date": "15.02.23",
    "rating": "10",
    "author": "yumi****",
    "review_id": "9730500",
    "movie_id": "10028"
  },
  {
    "review": "아놀드 슈왈제네거의 인생을 바꿔놓은 첫 대작",
    "date": "15.02.21",
    "rating": "10",
    "author": "turp****",
    "review_id": "9721762",
    "movie_id": "10028"
  },
  {
    "review": "SF액션의 금자탑이자 기념비적인 걸작",
    "date": "15.02.18",
    "rating": "9",
    "author": "guev****",
    "review_id": "9709381",
    "movie_id": "10028"
  },
  {
    "review": "아직도 잊을 수 없는 명작",
    "date": "15.02.17",
    "rating": "10",
    "author": "adro****",
    "review_id": "9705249",
    "movie_id": "10028"
  },
  {
    "review": "지금보면 어설프겟지만 작품년도를보면 훌륭합니다",
    "date": "15.02.17",
    "rating": "10",
    "author": "sbke****",
    "review_id": "9704507",
    "movie_id": "10028"
  },
  {
    "review": "제임스 카메론의 시대를 앞서가는 능력은 떡잎부터",
    "date": "15.02.09",
    "rating": "7",
    "author": "goms****",
    "review_id": "9681876",
    "movie_id": "10028"
  },
  {
    "review": "많은 이를 홀린 SF액션 대작.",
    "date": "15.02.06",
    "rating": "8",
    "author": "tear****",
    "review_id": "9671398",
    "movie_id": "10028"
  },
  {
    "review": "어릴적 토요명화로 볼 땐 몰랐는데 커서 보니 대단한 작품이네요. 명불허전이란 말을 체감합니다. 30년이 지난 영화라 특수효과가 어설프게 보일런지는 모르겠지만 절대로 비웃을 수 없는 작품입니다. 터미네이터가 있었기에 지금 sf도 존재하는 거겠죠.",
    "date": "15.02.01",
    "rating": "10",
    "author": "thel****",
    "review_id": "9659428",
    "movie_id": "10028"
  },
  {
    "review": "토요명화에서  이 영화를 본후 6 개월동안 온통 머리속에는 터미네이터 생각뿐이었다.",
    "date": "15.01.31",
    "rating": "8",
    "author": "bfwe****",
    "review_id": "9655296",
    "movie_id": "10028"
  },
  {
    "review": "헐 이영화가 내가 태어났을때 만들어진 영화라니,. 충격이다 84년도에 태어났는데 그후 초딩때 터미네이터2를 영화관에서 봤으니 난 행운아였네 저 포스터 진짜 웃김",
    "date": "15.01.28",
    "rating": "10",
    "author": "urli****",
    "review_id": "9644987",
    "movie_id": "10028"
  },
  {
    "review": "정말이건 명작으로 남을것이다",
    "date": "15.01.27",
    "rating": "10",
    "author": "aatj****",
    "review_id": "9643402",
    "movie_id": "10028"
  },
  {
    "review": "토요명화 오늘밤 터미네이터가 온다 라고하여 난그날 아버지와 함께 밤을 기다렸습니다",
    "date": "15.01.27",
    "rating": "10",
    "author": "qngh****",
    "review_id": "9642830",
    "movie_id": "10028"
  },
  {
    "review": "2못지않은미친영화이다",
    "date": "15.01.15",
    "rating": "10",
    "author": "jmh5****",
    "review_id": "9596732",
    "movie_id": "10028"
  },
  {
    "review": "시대를 초월한 SF의 명작",
    "date": "15.01.07",
    "rating": "10",
    "author": "scly****",
    "review_id": "9572037",
    "movie_id": "10028"
  },
  {
    "review": "멋있는 영화 제임스 카메론의 능력을 알수있게 해준 영화 당시 유년시절 나의 마음을 두근거리게한 영화",
    "date": "15.01.06",
    "rating": "10",
    "author": "dygk****",
    "review_id": "9567937",
    "movie_id": "10028"
  },
  {
    "review": "비디오가게의 전설. 터미네이터와 영웅본색",
    "date": "15.01.05",
    "rating": "10",
    "author": "retr****",
    "review_id": "9565795",
    "movie_id": "10028"
  },
  {
    "review": "당시로서는 엉청난 대작이었겠지만 3, 4 를 보고나서 봐서 그런지 .. 존코너 아빠라는 스토리가 이해가 안된다 그렇지만 당시로서는 10점이상의 영화",
    "date": "15.01.04",
    "rating": "8",
    "author": "yyw8****",
    "review_id": "9562930",
    "movie_id": "10028"
  },
  {
    "review": "천하의 2편이라도 1편을 못따라가는게 3가지인데. 첫째가 아놀드 근육량이고 둘째가 사라코너 미모.. 셋째는 2편이 죽어도 따라올수없는 80년대 특유의 미래의 무서운 공포분위기이다.  90년대부턴 땟깔이 좋아져서 그런 무시무시한 공포분위기가 안난다.",
    "date": "15.01.04",
    "rating": "10",
    "author": "ajho****",
    "review_id": "9561869",
    "movie_id": "10028"
  },
  {
    "review": "넌 끝장이다 터미네이터!",
    "date": "15.01.03",
    "rating": "10",
    "author": "chan****",
    "review_id": "9554732",
    "movie_id": "10028"
  }
]