[
  {
    "review": "화려한 최첨단 과학 트레이닝 vs혹독한 소련(지금의 러시아)의 대자연속 무식한 트레이닝 ..록키와 드라고의 서로 상반되는 복싱트레이닝 장면이 이 영화의 뽀인뜨!",
    "date": "15.07.09",
    "rating": "10",
    "author": "revo****",
    "review_id": "10085314",
    "movie_id": "10024"
  },
  {
    "review": "친구의복수를시원하게해주네",
    "date": "15.06.10",
    "rating": "10",
    "author": "dnjs****",
    "review_id": "9987521",
    "movie_id": "10024"
  },
  {
    "review": "록키4도 재밌는데 소련선수 약물 먹고도 지냐",
    "date": "15.06.08",
    "rating": "9",
    "author": "kpor****",
    "review_id": "9984032",
    "movie_id": "10024"
  },
  {
    "review": "람보 2와 더불어 냉전시대 미국 우월주의의 결정체이자 록키 시리즈를 파탄낸 치명적인 망작",
    "date": "15.04.18",
    "rating": "4",
    "author": "sipj****",
    "review_id": "9851559",
    "movie_id": "10024"
  },
  {
    "review": "약쟁이를 때려잡던 록키는 단연최고",
    "date": "15.02.08",
    "rating": "10",
    "author": "fore****",
    "review_id": "9678304",
    "movie_id": "10024"
  },
  {
    "review": "No pain....",
    "date": "14.12.19",
    "rating": "10",
    "author": "srob****",
    "review_id": "9489151",
    "movie_id": "10024"
  },
  {
    "review": "미국식영웅주의 다 제쳐두고 봐라 명작이다!",
    "date": "14.11.28",
    "rating": "10",
    "author": "rlad****",
    "review_id": "9430301",
    "movie_id": "10024"
  },
  {
    "review": "소련과 미국이 치고 받는다!",
    "date": "14.11.13",
    "rating": "7",
    "author": "pont****",
    "review_id": "9376377",
    "movie_id": "10024"
  },
  {
    "review": "체급이 다른 두 스테로이더의 권투시합 ~ ㅎㅎㅎ",
    "date": "14.10.18",
    "rating": "9",
    "author": "pin0****",
    "review_id": "9299036",
    "movie_id": "10024"
  },
  {
    "review": "그만 만들 때가 확실히 됐는데 또 나온 영화",
    "date": "14.09.12",
    "rating": "1",
    "author": "jjaj****",
    "review_id": "9206597",
    "movie_id": "10024"
  },
  {
    "review": "돌프 룬드그렌을 알게 해준 영화! 1-3편에 비해서는 많이 약하다!",
    "date": "14.07.30",
    "rating": "7",
    "author": "clou****",
    "review_id": "8986763",
    "movie_id": "10024"
  },
  {
    "review": "1,2편의 감동은 어느정도 없어졌지만, 그래도 록키!!",
    "date": "14.07.16",
    "rating": "9",
    "author": "fghy****",
    "review_id": "8919632",
    "movie_id": "10024"
  },
  {
    "review": "재미만있구만  10점이딱이다     모든스포츠영화중  간지도  음악도 최고,,    영화를  왜상업성을따져 ??   네티즌들이  전문평론가인가?",
    "date": "14.06.30",
    "rating": "10",
    "author": "lww0****",
    "review_id": "8871422",
    "movie_id": "10024"
  },
  {
    "review": "현실성 없는 시나리오.. 냉전시대의 찌꺼기 같은 영화..",
    "date": "14.05.09",
    "rating": "4",
    "author": "niv9****",
    "review_id": "8717889",
    "movie_id": "10024"
  },
  {
    "review": "록키의 복수! 이거 진짜 재미있게 본거ㅋㅋㅋ, 또 다른 재미라면 붕괴 직전의 소련을 볼수 있다는점?ㅋㅋ",
    "date": "14.04.07",
    "rating": "10",
    "author": "vkfn****",
    "review_id": "8635112",
    "movie_id": "10024"
  },
  {
    "review": "어릴때 첨볼땐 잼있었지만 다시보니 남는건 러시아에서 훈련씬과 더불어 등장하는 OST뿐..시리즈중 오락성은 최강 작품성은 최악..",
    "date": "14.04.01",
    "rating": "8",
    "author": "gh75****",
    "review_id": "8621859",
    "movie_id": "10024"
  },
  {
    "review": "영화 운동하는 캐릭터 중에 록키가 제일 착해서 맘에 드네유.",
    "date": "14.02.26",
    "rating": "10",
    "author": "real****",
    "review_id": "8540108",
    "movie_id": "10024"
  },
  {
    "review": "전반적으로 아쉬웠지만 러시아로 떠날때 차타면서 회상하는 씬은 좋았음",
    "date": "14.02.10",
    "rating": "10",
    "author": "skdp****",
    "review_id": "8495493",
    "movie_id": "10024"
  },
  {
    "review": "실베스터 스탤론의 하락세가 시작된 것은 이 영화로부터가 시작",
    "date": "14.02.01",
    "rating": "7",
    "author": "tjtm****",
    "review_id": "8462452",
    "movie_id": "10024"
  },
  {
    "review": "냉전시대를 다루는 시도를 했으나 미국 우월주의만 부각",
    "date": "14.02.01",
    "rating": "5",
    "author": "rcan****",
    "review_id": "8461457",
    "movie_id": "10024"
  },
  {
    "review": "람보처럼 미국우월주의의 광대가 된 록키.",
    "date": "14.01.29",
    "rating": "4",
    "author": "kxvt****",
    "review_id": "8445991",
    "movie_id": "10024"
  },
  {
    "review": "이전 영화들은 주인공 혼자의 대결로 진행했는데, 4편은 뜬금없이 미국과 소련의 대결로 진행한다. 권투가 ‘인간 승리’ 대신 정치적으로 사용되는 것 같아 씁쓸해 보인다.",
    "date": "14.01.19",
    "rating": "4",
    "author": "zxc1****",
    "review_id": "8401411",
    "movie_id": "10024"
  },
  {
    "review": "최고의 명작 진짜 시리즈 다 최고다. ㅎ",
    "date": "14.01.17",
    "rating": "10",
    "author": "pc59****",
    "review_id": "8392193",
    "movie_id": "10024"
  },
  {
    "review": "역대 록키시리즈중 재미로만 따지면 단언컨데 최고~!!",
    "date": "13.12.16",
    "rating": "10",
    "author": "wlgn****",
    "review_id": "8218959",
    "movie_id": "10024"
  },
  {
    "review": "망작맞네. 드라고가 링에서 반칙쓰면서 싸운것도 아닌데  록키랑 똑같이 주먹날리면서 싸우는데 소련국민들이 왜 갑자기 록키의 투지에 반해서 록키를 응원하냐 말도안된다  막판 소련고위층이 기립박수치는거 압권이네. 왜 최악의감독상과 최악의 음악상인지 이해감",
    "date": "13.11.20",
    "rating": "4",
    "author": "wyr7****",
    "review_id": "8154271",
    "movie_id": "10024"
  },
  {
    "review": "록키 시리즈는 사골이고 아메리칸 드림에 미국우월주의등 여럿 부정적인 요소가 있다 할수 있지만 한마디로 정의 하자면, \"클라쓰는 영원하다\" 명작이다. 지금도 가슴이 두근거리는 'Gonna Fly Now' 남자라면 꼭 들어보길 바란다..포에버",
    "date": "13.10.23",
    "rating": "10",
    "author": "gatz****",
    "review_id": "8082532",
    "movie_id": "10024"
  },
  {
    "review": "재미있긴 했지만 미 우월주의 때문에 보기가 좀 그런....",
    "date": "13.09.29",
    "rating": "8",
    "author": "wown****",
    "review_id": "8021963",
    "movie_id": "10024"
  },
  {
    "review": "명작이지유. 돌프 형도 멋있기는 해유.",
    "date": "13.09.03",
    "rating": "10",
    "author": "real****",
    "review_id": "7946261",
    "movie_id": "10024"
  },
  {
    "review": "절묘하게 이끌어내는 위대한 미쿡",
    "date": "13.08.25",
    "rating": "3",
    "author": "u2ki****",
    "review_id": "7920056",
    "movie_id": "10024"
  },
  {
    "review": "누가 포 망작이라 했나? 대박영화구만!",
    "date": "13.08.01",
    "rating": "10",
    "author": "hbo1****",
    "review_id": "7812992",
    "movie_id": "10024"
  },
  {
    "review": "소름끼친다!",
    "date": "13.07.28",
    "rating": "10",
    "author": "ske4****",
    "review_id": "7793568",
    "movie_id": "10024"
  },
  {
    "review": "이것도 재밌음",
    "date": "13.07.27",
    "rating": "10",
    "author": "baza****",
    "review_id": "7791444",
    "movie_id": "10024"
  },
  {
    "review": "개감동",
    "date": "13.07.20",
    "rating": "10",
    "author": "incu****",
    "review_id": "7767992",
    "movie_id": "10024"
  },
  {
    "review": "7-8점이 맞은 평작. 그당시 미국이 소련에 유감있는것에 편승해서 스탤론이 만든영화!! 평점좀 조절합시다!!",
    "date": "13.07.16",
    "rating": "1",
    "author": "sinj****",
    "review_id": "7747718",
    "movie_id": "10024"
  },
  {
    "review": "시베리아인가  거기가서  훈련할때나오는  ost 개작살",
    "date": "13.07.01",
    "rating": "10",
    "author": "kire****",
    "review_id": "7696175",
    "movie_id": "10024"
  },
  {
    "review": "냉전시대의 배경을 넣었지만 1 2 3  처럼 4도 잼있었다!",
    "date": "13.05.23",
    "rating": "10",
    "author": "qorc****",
    "review_id": "7549381",
    "movie_id": "10024"
  },
  {
    "review": "영화처음부터  전율이 그대로 전해지는  아메리칸 드림   최고에 영화!",
    "date": "13.03.24",
    "rating": "10",
    "author": "sm33****",
    "review_id": "7407919",
    "movie_id": "10024"
  },
  {
    "review": "10점 만점",
    "date": "13.03.02",
    "rating": "10",
    "author": "sams****",
    "review_id": "7316048",
    "movie_id": "10024"
  },
  {
    "review": "록키는 록킨대 뭔가 아쉽다 지지않는 체력",
    "date": "13.02.09",
    "rating": "9",
    "author": "dlgo****",
    "review_id": "7243644",
    "movie_id": "10024"
  },
  {
    "review": "말이 필요없는 스텔론 걸작",
    "date": "13.01.31",
    "rating": "10",
    "author": "jjj2****",
    "review_id": "7205071",
    "movie_id": "10024"
  },
  {
    "review": "록키4가 시리즈중 백미이기는 한데 저때 돌프룬드그렌은 쾌남이였는데 요새 익스펜더블 보니 완전 폐인이더만 술때문일까?",
    "date": "13.01.28",
    "rating": "7",
    "author": "xscr****",
    "review_id": "7189553",
    "movie_id": "10024"
  },
  {
    "review": "ost진짜 맘에든다",
    "date": "13.01.20",
    "rating": "9",
    "author": "ghkd****",
    "review_id": "7137898",
    "movie_id": "10024"
  },
  {
    "review": "권투신은 단연 최고라 할수있지만 소련 대표가 미국선수에게 기립을 한다는건 받아들일 수 없고 너무 억지스러운 미국 우월주의가 깔려있는것 같다",
    "date": "13.01.07",
    "rating": "7",
    "author": "saf1****",
    "review_id": "7088782",
    "movie_id": "10024"
  },
  {
    "review": "헐~ 3편보다 재밌다..ㅋㅋㅋ",
    "date": "13.01.02",
    "rating": "10",
    "author": "gusw****",
    "review_id": "7076753",
    "movie_id": "10024"
  },
  {
    "review": "If I can change You can change Rocky Rocky Rocky Rokcy Rocky...",
    "date": "12.12.16",
    "rating": "10",
    "author": "hlch****",
    "review_id": "7008404",
    "movie_id": "10024"
  },
  {
    "review": "전형적 상업성이강했지만  시베리아에서 훈련할때 나오는 음악이 지금도 생각나",
    "date": "12.12.12",
    "rating": "10",
    "author": "lww9****",
    "review_id": "6995726",
    "movie_id": "10024"
  },
  {
    "review": "록키4도 그만의 매력이 있지만 그래도 시리즈중에 제일 재미없었던듯. 여기가 미국이냐?",
    "date": "12.12.01",
    "rating": "6",
    "author": "bigz****",
    "review_id": "6953586",
    "movie_id": "10024"
  },
  {
    "review": "보는 동안 계속 전기가 지릿지릿 몸을 관통하는듯 했다. 무시무시한 두려움을 이겨내기 위해 두려움을 정면으로 응시하며 이겨내는 록키... 삶에서 뛰어넘기 힘든 벽을 만날때 계속 생각나는 영화...",
    "date": "12.11.15",
    "rating": "9",
    "author": "xnc7****",
    "review_id": "6891278",
    "movie_id": "10024"
  },
  {
    "review": "아폴로 크리드...록키시리즈의 권투씬은 기막히다 !!!",
    "date": "12.10.28",
    "rating": "6",
    "author": "samg****",
    "review_id": "6831852",
    "movie_id": "10024"
  },
  {
    "review": "재미있다",
    "date": "12.10.18",
    "rating": "10",
    "author": "sj33****",
    "review_id": "6810410",
    "movie_id": "10024"
  },
  {
    "review": "재밌졍",
    "date": "12.10.04",
    "rating": "10",
    "author": "beck****",
    "review_id": "6762113",
    "movie_id": "10024"
  },
  {
    "review": "우리나라에서는 2년늦게 87년에 개봉했는데 충무로일대에서 스탈론영화가3개가 겹쳐 개봉하는바람에 흥행엔 실패했지만 당시에 포스작렬했던작품.후에비디오대여도 엄청됐었죠.오락적요소 훌륭합니다.돌프룬드그렌과 브리짓드닐센도 센세이션을 일으켰죠.막판에좀 코미디화",
    "date": "12.10.01",
    "rating": "6",
    "author": "alex****",
    "review_id": "6747911",
    "movie_id": "10024"
  },
  {
    "review": "오오오오오 록키시리즈중 가장 좋아 하는",
    "date": "12.08.31",
    "rating": "10",
    "author": "tron****",
    "review_id": "6659713",
    "movie_id": "10024"
  },
  {
    "review": "약물복용한놈을 이기다니....;;",
    "date": "12.08.30",
    "rating": "7",
    "author": "do11****",
    "review_id": "6654680",
    "movie_id": "10024"
  },
  {
    "review": "사상만 빼면 재미로는 단연 최고인 록키4! 적절한 동기부여, 드라고의 포스, 록키의 남자다움... 오락용으로는 단연 최고다!",
    "date": "12.07.23",
    "rating": "10",
    "author": "binn****",
    "review_id": "6521264",
    "movie_id": "10024"
  },
  {
    "review": "소련 놈 나쁜 놈~!!",
    "date": "12.06.24",
    "rating": "9",
    "author": "tn99****",
    "review_id": "6414050",
    "movie_id": "10024"
  },
  {
    "review": "이명작을 폄하하는 넘들은 자폭하라",
    "date": "12.06.16",
    "rating": "10",
    "author": "qngh****",
    "review_id": "6394681",
    "movie_id": "10024"
  },
  {
    "review": "그 당시 시대상이라면 흥행했겠지만, 현대의 관점에서는.....",
    "date": "12.05.27",
    "rating": "4",
    "author": "k384****",
    "review_id": "6337390",
    "movie_id": "10024"
  },
  {
    "review": "록키는 다 좋다 옛날 비디오가계를 OO서 찾은기억이 나네 기대만큼은 못했지만 ㅋㅋ",
    "date": "12.05.07",
    "rating": "10",
    "author": "pat6****",
    "review_id": "6281001",
    "movie_id": "10024"
  },
  {
    "review": "록키1의 여운은 영원하다.록키는 그 자체로 최고다.",
    "date": "12.04.04",
    "rating": "10",
    "author": "ilga****",
    "review_id": "6193547",
    "movie_id": "10024"
  },
  {
    "review": "분명 지금의 기준과 시점에서 평가할 영화가 절대 아니다",
    "date": "12.03.13",
    "rating": "9",
    "author": "kimb****",
    "review_id": "6142155",
    "movie_id": "10024"
  },
  {
    "review": "씨리즈중 흥미,몰입도 단연최고 시대적배경도 모르면서 이영화를 접하는자!평점풕오프",
    "date": "12.02.06",
    "rating": "10",
    "author": "mand****",
    "review_id": "6055689",
    "movie_id": "10024"
  },
  {
    "review": "망작이라 해도 난 록키가 좋아 ㅋㅋ",
    "date": "12.02.01",
    "rating": "7",
    "author": "tsp0****",
    "review_id": "6040966",
    "movie_id": "10024"
  },
  {
    "review": "지금에서의 미소 대립 설정은 헛웃음만 나올 뿐. 그리고 스탤론의 애국심, 눈물겹다.",
    "date": "11.12.29",
    "rating": "4",
    "author": "airi****",
    "review_id": "5944669",
    "movie_id": "10024"
  },
  {
    "review": "[7점] 멋있다 록키",
    "date": "11.12.19",
    "rating": "7",
    "author": "fann****",
    "review_id": "5914917",
    "movie_id": "10024"
  },
  {
    "review": "당연히 10점대는 안되지만 드라고의 간지..사람이 아닌줄 알았다.",
    "date": "11.11.21",
    "rating": "8",
    "author": "khmj****",
    "review_id": "5863416",
    "movie_id": "10024"
  },
  {
    "review": "록키 그 이름값만으로 이미 10점",
    "date": "11.09.07",
    "rating": "10",
    "author": "zndz****",
    "review_id": "5712656",
    "movie_id": "10024"
  },
  {
    "review": "많은 의미를 담고 있는 마지막 장면은 정말 명장면 중의 명장면이다.",
    "date": "11.08.25",
    "rating": "10",
    "author": "fpdl****",
    "review_id": "5686405",
    "movie_id": "10024"
  },
  {
    "review": "당시 미국소련의 관계를 우회적으로 표현하면서도 평화를 말하는...영화자체도 훌륭함",
    "date": "11.08.19",
    "rating": "10",
    "author": "rudd****",
    "review_id": "5668749",
    "movie_id": "10024"
  },
  {
    "review": "이쯤에서 망가지다.",
    "date": "11.07.29",
    "rating": "3",
    "author": "pria****",
    "review_id": "5580580",
    "movie_id": "10024"
  },
  {
    "review": "1,2,3 편에 비하면 그저 그랬어요...",
    "date": "11.06.26",
    "rating": "8",
    "author": "goli****",
    "review_id": "5501657",
    "movie_id": "10024"
  },
  {
    "review": "점점 록키주변의 캐릭터들이 사라져간다~악당을 악당답게 포장하는 이 설정!!",
    "date": "11.06.25",
    "rating": "8",
    "author": "read****",
    "review_id": "5498145",
    "movie_id": "10024"
  },
  {
    "review": "과거 미소의 극한냉전을 이해한다면, 내용면에서 1~3보다 못할것도 없다.",
    "date": "11.06.24",
    "rating": "9",
    "author": "brav****",
    "review_id": "5496061",
    "movie_id": "10024"
  },
  {
    "review": "록키vs드라고. 시리즈 사상 최고의 대결.",
    "date": "11.06.12",
    "rating": "9",
    "author": "lbj4****",
    "review_id": "5477195",
    "movie_id": "10024"
  },
  {
    "review": "냉전시대에는 이런 주제가 흥했음",
    "date": "11.05.02",
    "rating": "8",
    "author": "mais****",
    "review_id": "5401740",
    "movie_id": "10024"
  },
  {
    "review": "거구와의 대결은 흥미롭지",
    "date": "11.03.16",
    "rating": "8",
    "author": "ccpk****",
    "review_id": "5316032",
    "movie_id": "10024"
  },
  {
    "review": "인간승리가 아니라 국가영웅승리가 된게 아쉽네",
    "date": "11.03.16",
    "rating": "8",
    "author": "rame****",
    "review_id": "5316031",
    "movie_id": "10024"
  },
  {
    "review": "노골적인 냉전 이데올로기. 그래도 재미면에서는 훌륭",
    "date": "11.03.16",
    "rating": "8",
    "author": "kpcc****",
    "review_id": "5316030",
    "movie_id": "10024"
  },
  {
    "review": "돌프가 어느때보다 멋지게 나온 록키4",
    "date": "11.01.12",
    "rating": "10",
    "author": "oys0****",
    "review_id": "5152196",
    "movie_id": "10024"
  },
  {
    "review": "성조기가 많이 거슬렸지만 작품성을 떠나서 시리즈중에서는 가장 박진감넘쳤습니다.",
    "date": "11.01.07",
    "rating": "10",
    "author": "kesk****",
    "review_id": "5137571",
    "movie_id": "10024"
  },
  {
    "review": "ost 죽이네",
    "date": "10.11.12",
    "rating": "10",
    "author": "sund****",
    "review_id": "4952998",
    "movie_id": "10024"
  },
  {
    "review": "훈련할 때와 경기 때만 재밌는 록키...",
    "date": "10.11.01",
    "rating": "6",
    "author": "kysk****",
    "review_id": "4933945",
    "movie_id": "10024"
  },
  {
    "review": "스토리가 좀 부실하긴 했지만 보는 내내 지루하지 않고 아이같은 마음으로 재밌게봤다",
    "date": "10.10.14",
    "rating": "10",
    "author": "jsm7****",
    "review_id": "4902300",
    "movie_id": "10024"
  },
  {
    "review": "대박",
    "date": "10.09.20",
    "rating": "10",
    "author": "knba****",
    "review_id": "4850310",
    "movie_id": "10024"
  },
  {
    "review": "아폴로 불쌍하당....ㅋ 개인적으로 아폴로 좋아했는데 ㅜㅜ",
    "date": "10.08.29",
    "rating": "10",
    "author": "hw25****",
    "review_id": "4802662",
    "movie_id": "10024"
  },
  {
    "review": "미국만세고 정치색이고 하는것들   무슨 북녘에서 인터넷하십니까?",
    "date": "10.08.29",
    "rating": "10",
    "author": "dr_c****",
    "review_id": "4800981",
    "movie_id": "10024"
  },
  {
    "review": "음악이 쩐다! 훈련할때 .. 싸울때 ..특히 15라운드 제일 마지막에 나오는 음악 대박",
    "date": "10.08.14",
    "rating": "10",
    "author": "fanu****",
    "review_id": "4745807",
    "movie_id": "10024"
  },
  {
    "review": "정말 록키시리즈 중에서 가장 아쉬운 부분이 4편이다 아폴로를 죽이는 강수를 넣지만.",
    "date": "10.07.30",
    "rating": "7",
    "author": "foun****",
    "review_id": "4685289",
    "movie_id": "10024"
  },
  {
    "review": "씨리즈중 가장 화끈하고 재밋엇다..다음은3편~1.2편은 스토리만 좋치 재미는별로..",
    "date": "10.07.24",
    "rating": "10",
    "author": "zmfp****",
    "review_id": "4666798",
    "movie_id": "10024"
  },
  {
    "review": "록키 시리즈 중 록키4가 최고임. 드라고랑 맞짱 뜨는거 진짜 온몸에 전율이 돔.. ㅜㅜ",
    "date": "10.06.07",
    "rating": "10",
    "author": "stco****",
    "review_id": "4551056",
    "movie_id": "10024"
  },
  {
    "review": "스포츠 영화중 최고!! 남자의로망 복싱",
    "date": "10.05.22",
    "rating": "10",
    "author": "wjsg****",
    "review_id": "4515250",
    "movie_id": "10024"
  },
  {
    "review": "주눅들지 않은 챔피언의 모습은 여전히 살아있다.",
    "date": "10.05.22",
    "rating": "10",
    "author": "ssoz****",
    "review_id": "4514959",
    "movie_id": "10024"
  },
  {
    "review": "역대 시리즈중에 가장 부족한 영화. 명성에 먹칠을 한 작품이다.",
    "date": "10.04.25",
    "rating": "7",
    "author": "jini****",
    "review_id": "4454971",
    "movie_id": "10024"
  },
  {
    "review": "미국영화임을 알게해준다",
    "date": "10.04.14",
    "rating": "7",
    "author": "yuye****",
    "review_id": "4431963",
    "movie_id": "10024"
  },
  {
    "review": "결국 막장까지 가고야 만 록키.. 스포츠영화가 아닌 미국홍보영화를 찍다",
    "date": "10.03.28",
    "rating": "3",
    "author": "mygr****",
    "review_id": "4393094",
    "movie_id": "10024"
  },
  {
    "review": "다른 시리즈보다는 내용이 좀 그렇지만 드라고와의 대결장면은 정말 최고~",
    "date": "10.03.05",
    "rating": "10",
    "author": "tgun****",
    "review_id": "4335668",
    "movie_id": "10024"
  },
  {
    "review": "미국만세",
    "date": "10.02.20",
    "rating": "1",
    "author": "ttha****",
    "review_id": "4303024",
    "movie_id": "10024"
  },
  {
    "review": "괜찮구만뭐",
    "date": "10.02.12",
    "rating": "10",
    "author": "play****",
    "review_id": "4275542",
    "movie_id": "10024"
  },
  {
    "review": "1,2,3편에 비해 정말 만화같이 유치한 스토리;",
    "date": "10.02.06",
    "rating": "4",
    "author": "pree****",
    "review_id": "4250564",
    "movie_id": "10024"
  },
  {
    "review": "내 어린시절 가장 재밌게 봤던 영화 중 하나. 록키시리즈는 1, 4편이 최고.",
    "date": "10.01.19",
    "rating": "10",
    "author": "yaso****",
    "review_id": "4186552",
    "movie_id": "10024"
  }
]