[
  {
    "review_id": "10276612",
    "movie_id": "100274",
    "author": "asrh****",
    "review": "꿀잼 ㅋㅋ 전에 봤는데 또 생각나서 또 봤는데 다시 봐도 넘 재밌다 ! 여주진짜 러블리 ㅠ 영화자체가 사랑스럽고 마음이 간질간질해 지는 영화! 배경음악들도 넘 좋음 특히 타자기소리가 중독성쩖 ㅋㅋ",
    "rating": "10",
    "date": "15.08.26"
  },
  {
    "review_id": "10185659",
    "movie_id": "100274",
    "author": "eb58****",
    "review": "색감이며 느낌이며 너무 좋고재밌다 눈이 즐거워지는 영화 노래도 색깔도 여주인공도 참예쁘다",
    "rating": "10",
    "date": "15.08.04"
  },
  {
    "review_id": "10113117",
    "movie_id": "100274",
    "author": "aldj****",
    "review": "영화를 보고나면 여주와 남주에게 빠지게됩니다...둘다 너무 귀엽....",
    "rating": "10",
    "date": "15.07.17"
  },
  {
    "review_id": "10011184",
    "movie_id": "100274",
    "author": "ayor****",
    "review": "유치하지만 해피엔딩은 언제나 기분이 좋아집니다. 타자대회 4강에 한국도 나와요.",
    "rating": "9",
    "date": "15.06.19"
  },
  {
    "review_id": "9911881",
    "movie_id": "100274",
    "author": "twel****",
    "review": "타이핑은 스포츠다! 대박!",
    "rating": "9",
    "date": "15.05.11"
  },
  {
    "review_id": "9901071",
    "movie_id": "100274",
    "author": "qhde****",
    "review": "뻔한 로맨스 영화가 아니다 그 당시 여자들의 패션과 사회적인 시대상을 알수있는 매력있는영화",
    "rating": "10",
    "date": "15.05.07"
  },
  {
    "review_id": "9882936",
    "movie_id": "100274",
    "author": "nuri****",
    "review": "귀엽고 사랑스러운 영화. 주인공 두명과 주위 사람들 모두 매력넘친다. je t'amie 가 그렇게 멋있게 들리는건 오랜만이었다.",
    "rating": "8",
    "date": "15.05.01"
  },
  {
    "review_id": "9846457",
    "movie_id": "100274",
    "author": "roff****",
    "review": "너무 재밌네요~ 화면도 예쁘구요ㅎㅎ 잘봤습니다^^",
    "rating": "10",
    "date": "15.04.15"
  },
  {
    "review_id": "9846391",
    "movie_id": "100274",
    "author": "ysdi****",
    "review": "ost가 너무 좋아서 더 좋았다",
    "rating": "10",
    "date": "15.04.15"
  },
  {
    "review_id": "9828075",
    "movie_id": "100274",
    "author": "hyou****",
    "review": "달달한게 보고싶어서 그럴줄 알았는데유머와 감동까지 있네요.보는 내내 행복했어요 ^^",
    "rating": "10",
    "date": "15.04.05"
  },
  {
    "review_id": "9821294",
    "movie_id": "100274",
    "author": "eeta****",
    "review": "그냥 적당히 시간때우기 좋은 영화",
    "rating": "6",
    "date": "15.04.02"
  },
  {
    "review_id": "9813135",
    "movie_id": "100274",
    "author": "fate****",
    "review": "기분 좋아지는 영화네요",
    "rating": "8",
    "date": "15.03.29"
  },
  {
    "review_id": "9802244",
    "movie_id": "100274",
    "author": "tjsd****",
    "review": "장르가 로맨틱 코미디이지 않은가",
    "rating": "4",
    "date": "15.03.23"
  },
  {
    "review_id": "9761755",
    "movie_id": "100274",
    "author": "ddab****",
    "review": "전형적인 재벌남성과 결혼하는 영화ㅋㅋㅋ 이 영화 좋아하는 그룹이 20대여성임 더 이상의 설명은 필요없겠지?",
    "rating": "1",
    "date": "15.03.07"
  },
  {
    "review_id": "9754594",
    "movie_id": "100274",
    "author": "zzan****",
    "review": "귀여운여인 보는것과 같은 느낌 . 사랑스러운 영화. 영화본 후 지금 치는 타자가 색다르게 느껴짐ㅋㅋ",
    "rating": "10",
    "date": "15.03.03"
  },
  {
    "review_id": "9697823",
    "movie_id": "100274",
    "author": "1004****",
    "review": "보는 내내 즐거웠던 영화~  여주가 너무 사랑스럽고♥ 남자주인공의 꿀 떨어지는 눈빛이 설레는 영화ㅋㅋㅋ",
    "rating": "10",
    "date": "15.02.15"
  },
  {
    "review_id": "9692060",
    "movie_id": "100274",
    "author": "banv****",
    "review": "타자기 사고싶어지는 유쾌한 영화",
    "rating": "10",
    "date": "15.02.13"
  },
  {
    "review_id": "9690244",
    "movie_id": "100274",
    "author": "scol****",
    "review": "무뚝뚝한 사람도 미소짓게 만들어요",
    "rating": "10",
    "date": "15.02.12"
  },
  {
    "review_id": "9688509",
    "movie_id": "100274",
    "author": "sera****",
    "review": "France for love! 그야말로 사랑스러운 영화",
    "rating": "10",
    "date": "15.02.12"
  },
  {
    "review_id": "9647429",
    "movie_id": "100274",
    "author": "gorh****",
    "review": "여자주인공이 너무 사랑스러웠다~",
    "rating": "10",
    "date": "15.01.29"
  },
  {
    "review_id": "9607603",
    "movie_id": "100274",
    "author": "ekql****",
    "review": "로망뒤리스가 나오는 영화는 다 보는게 2015년 목표!  이런 상큼한 영화를 보게되다니!  새해에 좋은 영화 볼수 있게 해주셔서 감사합니다♥",
    "rating": "10",
    "date": "15.01.18"
  },
  {
    "review_id": "9577495",
    "movie_id": "100274",
    "author": "miso****",
    "review": "영화 포스터만큼이나 사랑스러운 영화. 흠 잡을 데 없는 이야기에, 타이핑이란 소재도 참신하고. 흥미진진하게 봤어요. 그나저나 끝에 나온 골프공 타자기 실제로도 있는 건가요?!",
    "rating": "10",
    "date": "15.01.09"
  },
  {
    "review_id": "9493640",
    "movie_id": "100274",
    "author": "tjdm****",
    "review": "남주 진짜 심쿵.. 오랜만에 너무 설레는 영화를 봤네요ㅠ",
    "rating": "10",
    "date": "14.12.20"
  },
  {
    "review_id": "9462127",
    "movie_id": "100274",
    "author": "tn99****",
    "review": "한국 4강~!! ㅋㅋㅋ",
    "rating": "9",
    "date": "14.12.10"
  },
  {
    "review_id": "9431349",
    "movie_id": "100274",
    "author": "mien****",
    "review": "독수리 타법이 인상적인 영화!!",
    "rating": "8",
    "date": "14.11.29"
  },
  {
    "review_id": "9261535",
    "movie_id": "100274",
    "author": "hui2****",
    "review": "사랑스러운 영화, 나도 행복할수있었는데",
    "rating": "10",
    "date": "14.10.04"
  },
  {
    "review_id": "9003093",
    "movie_id": "100274",
    "author": "aa10****",
    "review": "뻔한듯. 그러나 너무사랑스러운.",
    "rating": "10",
    "date": "14.08.01"
  },
  {
    "review_id": "8937593",
    "movie_id": "100274",
    "author": "egyp****",
    "review": "사랑의 감정(?)이 짙어질수록 타이핑 속도와 집중력은 날로 승승장구...과하지(?) 않은 컬러풀한 고전 영화같은 느낌의 러블리한 영상...현대/고전(?) 배경 등 다양한 시대적 배경에 정말 잘 어울리는 로맹 뒤리스...그리고 러블리한 매력의 데보",
    "rating": "7",
    "date": "14.07.21"
  },
  {
    "review_id": "8904647",
    "movie_id": "100274",
    "author": "hyun****",
    "review": "전형적인 프랑스식의 사랑스럽고 유쾌한 영화입니다",
    "rating": "8",
    "date": "14.07.11"
  },
  {
    "review_id": "8870260",
    "movie_id": "100274",
    "author": "cksd****",
    "review": "정말 사랑스럽고, 아기자기 하며 경쾌한 영화! 무엇보다 여주인공이 너무 예쁘고, 개인적으로 배경음악 설정을 아주 잘한 것 같아요. 영화 전반적인 내용이 앞서 말한 것 처럼 경쾌하기 때문에 밝은 로맨스 영화 좋아하시는 분들이라면 꼭 보시길...",
    "rating": "10",
    "date": "14.06.30"
  },
  {
    "review_id": "8833294",
    "movie_id": "100274",
    "author": "yoos****",
    "review": "상기된 두 볼이 아름다운 소녀의 미소를 떠올리게 만드는 영화。유쾌한 상상이 타이핑을 타고 당신에게로 두근거리고 있다。。",
    "rating": "10",
    "date": "14.06.15"
  },
  {
    "review_id": "8826043",
    "movie_id": "100274",
    "author": "rose****",
    "review": "로맨스와 함께 점점 빨라지는 타이핑이 관람 포인트! 그저 귀여움 ㅠㅠ",
    "rating": "7",
    "date": "14.06.13"
  },
  {
    "review_id": "8814503",
    "movie_id": "100274",
    "author": "tear****",
    "review": "베드신이 좀 뜬금없다 ....",
    "rating": "7",
    "date": "14.06.08"
  },
  {
    "review_id": "8765537",
    "movie_id": "100274",
    "author": "love****",
    "review": "재밌다 타자기로 존나 긴장감 쩔음",
    "rating": "10",
    "date": "14.05.25"
  },
  {
    "review_id": "8657240",
    "movie_id": "100274",
    "author": "wana****",
    "review": "프랑스 영화 특유의 발랄하고 상큼한 에너지로 가득찬 로맨틱 코미디! 독수리타법 시골처녀가, 사부와 연애전투하며, 세계 챔피언으로 질주한다! 독특하고 참신한 소재와 각본, 매력적인 괴짜 남녀배우들의 호연, 즐겁고 경쾌한 연출! 달고 싱싱한 자몽의 맛~!",
    "rating": "9",
    "date": "14.04.18"
  },
  {
    "review_id": "8608346",
    "movie_id": "100274",
    "author": "milk****",
    "review": "Deborah Francois 는 볼매, 볼 수록 매력덩어리네... 한국도 세계대회에 출전하다니...",
    "rating": "8",
    "date": "14.03.26"
  },
  {
    "review_id": "8547239",
    "movie_id": "100274",
    "author": "choa****",
    "review": "배경이 너무 아름답고 여주가  매력 넘치네요  프랑스영화인데  빠져서 봤어요  외국영화에  한국을  심기 어려울텐데  한국어도 보이고 우리 국기가 보이니  좋네요",
    "rating": "10",
    "date": "14.03.01"
  },
  {
    "review_id": "8522415",
    "movie_id": "100274",
    "author": "smit****",
    "review": "뻔하고 식상한 전개.여중생들이나 재밌다고 볼 영화",
    "rating": "3",
    "date": "14.02.20"
  },
  {
    "review_id": "8470181",
    "movie_id": "100274",
    "author": "yols****",
    "review": "소재도 참신하고 클래식한 매력이 있어서 볼만함",
    "rating": "7",
    "date": "14.02.03"
  },
  {
    "review_id": "8439743",
    "movie_id": "100274",
    "author": "drea****",
    "review": "별거없는데 재밌네요..",
    "rating": "8",
    "date": "14.01.28"
  },
  {
    "review_id": "8429945",
    "movie_id": "100274",
    "author": "roji****",
    "review": "오랜만에 정말 재미난 영화 봤습니다. 연인끼리 보기에 정말 좋은 영화네요^^",
    "rating": "10",
    "date": "14.01.26"
  },
  {
    "review_id": "8411560",
    "movie_id": "100274",
    "author": "aeyo****",
    "review": "꺅~~~♥♥♥아직도 남주의 묵직하면서도 달달한 목소리가 귓가를멤도네~~ 여주또한 러블리♥♥",
    "rating": "10",
    "date": "14.01.22"
  },
  {
    "review_id": "8385685",
    "movie_id": "100274",
    "author": "wleo****",
    "review": "나만재미없었나봐ㅠ진짜시간안가고재미없든데그나마 배경보는재미는잇엇네",
    "rating": "3",
    "date": "14.01.15"
  },
  {
    "review_id": "8380961",
    "movie_id": "100274",
    "author": "raju****",
    "review": "흥겨운 타자소리! 뜬금포 러브신이 웃겼지만 진짜 재밌게 봤네요^^ 너무 좋아~",
    "rating": "9",
    "date": "14.01.14"
  },
  {
    "review_id": "8235988",
    "movie_id": "100274",
    "author": "ddos****",
    "review": "우연히 보기된 영화.프랑스의 아름다움을 느끼게 해주는..ㅜㅠ너무 러블리한 영화~무겁도.가볍지도 읺은ㅋㅋ",
    "rating": "7",
    "date": "13.12.19"
  },
  {
    "review_id": "8170308",
    "movie_id": "100274",
    "author": "nown****",
    "review": "날씨가  추워지는 이 겨울 달콤하고 따뜻한 영화를 보고  싶다면 추천! ^^",
    "rating": "9",
    "date": "13.11.26"
  },
  {
    "review_id": "8160397",
    "movie_id": "100274",
    "author": "katy****",
    "review": "보는 내내 잔잔한 미소를 짓게 하는 보석 같은 영화!",
    "rating": "10",
    "date": "13.11.22"
  },
  {
    "review_id": "8159489",
    "movie_id": "100274",
    "author": "evan****",
    "review": "아. 상큼해라~!  전체적으로 러블리한 가벼운 영화",
    "rating": "7",
    "date": "13.11.22"
  },
  {
    "review_id": "8118467",
    "movie_id": "100274",
    "author": "edc1****",
    "review": "몰입하게 만드는 영화 나도 모르게 빠져든다. 단지 아쉬움이 있다면 중간중간 뭔가 연결해주는 매개체가 적다는게 아쉬웟으며 예상 가능햇던 결말이라 그러겠지하며 봣지만 그래도 빠져들게하는 매력이있다",
    "rating": "7",
    "date": "13.11.06"
  },
  {
    "review_id": "8108650",
    "movie_id": "100274",
    "author": "ddeg****",
    "review": "통통 튀면서 달콤한 프랑스 영화^^ 아기자기하고 달달한 영화를 원한다면 추천! 남자친구말고 친구를 데려가면 더 좋은 영화~",
    "rating": "10",
    "date": "13.11.02"
  },
  {
    "review_id": "8104225",
    "movie_id": "100274",
    "author": "wlgh****",
    "review": "은은한 감동이였다가슴속에서 뭔가 움직이는듯한",
    "rating": "10",
    "date": "13.10.31"
  },
  {
    "review_id": "8095550",
    "movie_id": "100274",
    "author": "9___****",
    "review": "영화는 귀여움ㅎㅎㅎ근데 1959년에 우리나라에서 미국까지가서 타이핑대회할 여건이됬을까ㅋㅋ좀 더 조사좀하시지...; 그리고 또 우리나라 사람 배우....약간 한국삘은아님ㅋㅋㅋ완전 아님",
    "rating": "8",
    "date": "13.10.27"
  },
  {
    "review_id": "8022801",
    "movie_id": "100274",
    "author": "vita****",
    "review": "조금 지루했지만 전체적으론 볼만했다~ 남녀 주인공 얼굴이 좀 밀린다",
    "rating": "8",
    "date": "13.09.29"
  },
  {
    "review_id": "7957399",
    "movie_id": "100274",
    "author": "kslv****",
    "review": "정말 사랑스러운 영화~! 타자기 연습하느라 손톱에 칠한 매니큐어도 귀여웠어요ㅎㅎ",
    "rating": "10",
    "date": "13.09.07"
  },
  {
    "review_id": "7954593",
    "movie_id": "100274",
    "author": "moom****",
    "review": "너무 귀엽고 박진감마저 느껴졌던 영화 ~ 거기에 깨알같이 등장하는 대한민국 신동 뿌듯했어요 ㅋ",
    "rating": "10",
    "date": "13.09.07"
  },
  {
    "review_id": "7946824",
    "movie_id": "100274",
    "author": "86jo****",
    "review": "그저그런 로맨틱 코미디가 아닙니다~로맨틱 코미디도 프랑스에서 만들면 이렇게 멋진 영화가 나오는 군요 ㅋㅋ 문화를 주도해 나갔던 유럽인들의 풍속사를 잘 재현해 내었네요~ 코디디는 기본이구요! 이놈의 망할 제목때문에 안 뜬 영화 같습니다. -_-",
    "rating": "10",
    "date": "13.09.04"
  },
  {
    "review_id": "7946579",
    "movie_id": "100274",
    "author": "knlk****",
    "review": "프랑스 영화 싫었었는데  좋아졌다",
    "rating": "8",
    "date": "13.09.04"
  },
  {
    "review_id": "7931605",
    "movie_id": "100274",
    "author": "harr****",
    "review": "참신한 소재에 사랑스러운 연출. 그런데 왜 여자 주인공은 항상 푼수여야 하는 걸까? 극이 진행될수록 뻔함의 연속이라 아쉬운 작품.",
    "rating": "6",
    "date": "13.08.29"
  },
  {
    "review_id": "7916782",
    "movie_id": "100274",
    "author": "yoon****",
    "review": "간만에 너무 사랑스러운영화 고전스타일을 현대적으로 이끌어냈으며 그당시 물건들을 다 구해놓는 치밀함과 IBM의 원형 전동타자기 정말 대박 ㅎㅎ",
    "rating": "10",
    "date": "13.08.24"
  },
  {
    "review_id": "7913163",
    "movie_id": "100274",
    "author": "nand****",
    "review": "내용은 그닥........",
    "rating": "4",
    "date": "13.08.22"
  },
  {
    "review_id": "7913152",
    "movie_id": "100274",
    "author": "limh****",
    "review": "사랑하는 애인의 발전과 성공을 위해 뒤로 물러설줄 아는 진정한 사랑",
    "rating": "8",
    "date": "13.08.22"
  },
  {
    "review_id": "7871561",
    "movie_id": "100274",
    "author": "hksu****",
    "review": "재밌습니다.. 타이핑 대회 스릴있어요ㅋㅋ",
    "rating": "8",
    "date": "13.08.12"
  },
  {
    "review_id": "7849715",
    "movie_id": "100274",
    "author": "k_hy****",
    "review": "너무 매력적인 영화 인것같아요",
    "rating": "10",
    "date": "13.08.06"
  },
  {
    "review_id": "7799083",
    "movie_id": "100274",
    "author": "clev****",
    "review": "너무 사랑스러운 여주인공과 독특한 소재가 있는 설레임 그 자체인 영화였어요!재밌는 영화에요~!",
    "rating": "9",
    "date": "13.07.30"
  },
  {
    "review_id": "7795674",
    "movie_id": "100274",
    "author": "cinn****",
    "review": "소재가 참 특이해서 보게 되었는데 볼만하다. 대한민국도 나오네.",
    "rating": "7",
    "date": "13.07.28"
  },
  {
    "review_id": "7792230",
    "movie_id": "100274",
    "author": "love****",
    "review": "대한민국 타이핑 대회 4강진출!",
    "rating": "7",
    "date": "13.07.27"
  },
  {
    "review_id": "7788896",
    "movie_id": "100274",
    "author": "happ****",
    "review": "오랜만에 정석의 로코를 봤는데 소재가 참신해서 뻔하면서도 지루하지 않게 봤어요ㅎㅎ 무엇보다도 배우들이 배역에 매우 잘 어울리고 사랑스럽고 멋지구..ㅎㅎ 그리구 1950년대 배경이라 고전 여성복이나 그당시 스타일을 잘 살려서 보는 재미도 있어요^^",
    "rating": "9",
    "date": "13.07.26"
  },
  {
    "review_id": "7788789",
    "movie_id": "100274",
    "author": "ahss****",
    "review": "첨에 루이가 로즈에게 흑심을 품은 건줄알고 그뒤에 내용이 평이하게 흘러갈거라 생각했는대 ...전혀 아니군 ㅎㅎ 이놈의 음란마귀ㅋㅋ 재밌슴!",
    "rating": "8",
    "date": "13.07.26"
  },
  {
    "review_id": "7787793",
    "movie_id": "100274",
    "author": "alem****",
    "review": "볼만함",
    "rating": "7",
    "date": "13.07.26"
  },
  {
    "review_id": "7787692",
    "movie_id": "100274",
    "author": "ehdd****",
    "review": "너무재밋어요!!!!!!ㅋㅋㅋㅋㅋㅋㅋ",
    "rating": "10",
    "date": "13.07.26"
  },
  {
    "review_id": "7785603",
    "movie_id": "100274",
    "author": "si44****",
    "review": "귀여운 영화",
    "rating": "10",
    "date": "13.07.26"
  },
  {
    "review_id": "7784535",
    "movie_id": "100274",
    "author": "hsw5****",
    "review": "다소 평이한 스토리이지만 보고나면 기분이 좋아지는 영화네요. 여자 주인공이 너무나도 매력적이네요",
    "rating": "10",
    "date": "13.07.25"
  },
  {
    "review_id": "7782619",
    "movie_id": "100274",
    "author": "ms93****",
    "review": "프랑스의 소소한 모습들과 배우들의 조합이 정말 잘맞았던영화까칠하고 예민한 루이지만 그런 그도 사랑스러운 로즈를 만나고 합숙훈련을 하면서  자존감도 회복하고 점차 부드러워져 갔던..제모습과 루이의 모습이 너무닮아 더 몰입하고 볼수있었을지도^^",
    "rating": "10",
    "date": "13.07.25"
  },
  {
    "review_id": "7779807",
    "movie_id": "100274",
    "author": "lesl****",
    "review": "마음이 우울할때 기분전환이 필요할때 보기 좋은영화 생각외로 배경음악도 꽤나 맘에들었던 영화",
    "rating": "10",
    "date": "13.07.24"
  },
  {
    "review_id": "7778042",
    "movie_id": "100274",
    "author": "judy****",
    "review": "너무 귀야워요",
    "rating": "10",
    "date": "13.07.23"
  },
  {
    "review_id": "7772247",
    "movie_id": "100274",
    "author": "yes9****",
    "review": "정말로 재밌고 감동있는 최고의 영화",
    "rating": "10",
    "date": "13.07.21"
  },
  {
    "review_id": "7726580",
    "movie_id": "100274",
    "author": "tear****",
    "review": "순박한 여성의 성공이라는 도식적인 키치함은 여성에게나 어필.",
    "rating": "5",
    "date": "13.07.11"
  },
  {
    "review_id": "7724284",
    "movie_id": "100274",
    "author": "rhyt****",
    "review": "딱딱하고 시크한 여자도 사랑앞에서는 소녀가 된다",
    "rating": "8",
    "date": "13.07.11"
  },
  {
    "review_id": "7721800",
    "movie_id": "100274",
    "author": "love****",
    "review": "여자라면 좋아할 그런 영화 :)  너무나 사랑스러운 화면, 주인공들, 그리고 음악..!  기분좋게 보고나면 여성스러움이  충전 100% 되있을것만 같은. 나름대로.  교훈도 있는 ..  여자친구들 끼리 보면 좋을 영화 :)",
    "rating": "10",
    "date": "13.07.10"
  },
  {
    "review_id": "7719200",
    "movie_id": "100274",
    "author": "iss2****",
    "review": "뻔한데 ㅋㅋㅋ 재밌었음 ㅋㅋㅋㅋ 소재가 독특",
    "rating": "7",
    "date": "13.07.09"
  },
  {
    "review_id": "7710746",
    "movie_id": "100274",
    "author": "jjcv****",
    "review": "솔직한 여주인공이 참 맘에들어",
    "rating": "7",
    "date": "13.07.06"
  },
  {
    "review_id": "7709529",
    "movie_id": "100274",
    "author": "kmjg****",
    "review": "유치할것같은데 재밌다!",
    "rating": "10",
    "date": "13.07.06"
  },
  {
    "review_id": "7707149",
    "movie_id": "100274",
    "author": "hyeo****",
    "review": "오랜만에 유쾌한 프랑스 로맨틱 영화! 타자기가 사고싶어질껄..",
    "rating": "8",
    "date": "13.07.05"
  },
  {
    "review_id": "7706360",
    "movie_id": "100274",
    "author": "ryou****",
    "review": "워낙 서양 멜로영화 잘 안보는데 프랑스거라서 한번 봐봤어요~ 진취적이고 도전적이고 당찬 여주인공이 시원스럽더라구요. 남주인공도 묘하게 매력넘치고.. 주인공들 고난겪고 그럴때 속상해하고 나중엔 아빠미소 짓게되게 하는 영화에요.",
    "rating": "8",
    "date": "13.07.05"
  },
  {
    "review_id": "7698545",
    "movie_id": "100274",
    "author": "rosy****",
    "review": "대한민국이 4강에 올랐다는것에 만족하고 여주매력있고 재미도있다!",
    "rating": "9",
    "date": "13.07.02"
  },
  {
    "review_id": "7696149",
    "movie_id": "100274",
    "author": "sa33****",
    "review": "타자연습 하고싶다..",
    "rating": "7",
    "date": "13.07.01"
  },
  {
    "review_id": "7695641",
    "movie_id": "100274",
    "author": "ilov****",
    "review": "유쾌하고 발랄한 영화:) 타이프라이터는 정말 매력적이다!",
    "rating": "8",
    "date": "13.07.01"
  },
  {
    "review_id": "7694784",
    "movie_id": "100274",
    "author": "bad5****",
    "review": "타이핑 대회라는 독특한 소재+ 약간은 뻔한 로맨틱 코미디. 여배우  매력적이고  은근 긴장감 넘치는 영화.",
    "rating": "9",
    "date": "13.07.01"
  },
  {
    "review_id": "7693601",
    "movie_id": "100274",
    "author": "mepi****",
    "review": "은근 심장 쫄깃하게만드는 타이핑대회.. ost가 너무 딱 맞는거 같아 좋음..덤으로 한국소녀도나오고",
    "rating": "8",
    "date": "13.06.30"
  },
  {
    "review_id": "7689630",
    "movie_id": "100274",
    "author": "dbss****",
    "review": "대회할떄 은근 긴장되는 ㅋㅋㅋ 근데 한국도 나오는데 왜 중국사람처럼보이든지...",
    "rating": "10",
    "date": "13.06.29"
  },
  {
    "review_id": "7689016",
    "movie_id": "100274",
    "author": "pria****",
    "review": "말랑말랑 로코.",
    "rating": "3",
    "date": "13.06.29"
  },
  {
    "review_id": "7687740",
    "movie_id": "100274",
    "author": "wonc****",
    "review": "뻔하고 유치하고 상업적인 수출용 영화.. 1959년 배경에 대한민국 어린이가 타이핑대회 나갔다고 해서 코웃음 나왔네.. 우리나라 타겟으로 만드셨쎄여",
    "rating": "1",
    "date": "13.06.28"
  },
  {
    "review_id": "7680236",
    "movie_id": "100274",
    "author": "yoob****",
    "review": "한국소녀ㅋㅋ",
    "rating": "9",
    "date": "13.06.26"
  },
  {
    "review_id": "7679932",
    "movie_id": "100274",
    "author": "gram****",
    "review": "재밌다 톡톡 튀는 매력",
    "rating": "10",
    "date": "13.06.25"
  },
  {
    "review_id": "7678469",
    "movie_id": "100274",
    "author": "sona****",
    "review": "소재는 별 것 없는데 영화가 아지자기하게 지루하지가 않습니다.",
    "rating": "7",
    "date": "13.06.25"
  },
  {
    "review_id": "7674902",
    "movie_id": "100274",
    "author": "mthe****",
    "review": "왠지 전형적인 우리나라 재벌2세와 시골여자의 사랑 얘기같지만. 탁월한 영상미와 지루하지 않고 즐겁게 볼 수 있고 여자주인공 매력에 빠져드는 영화!",
    "rating": "10",
    "date": "13.06.24"
  },
  {
    "review_id": "7673939",
    "movie_id": "100274",
    "author": "ddal****",
    "review": "타이핑 대회라는 소재를 제외하고 뻔한 로맨틱 코미디의 공식을 따라가지만 타이핑 대회가 생각보다 박진감 있는 듯...ㅎㅎ 초반의 뭔가 톡톡 튀는 재기발랄함을 끝까지 이어같다면 더 좋았을 것 같음. 프랑스 특유의 유머가 살아있어 나름 재밌게 본 영화~!",
    "rating": "8",
    "date": "13.06.23"
  },
  {
    "review_id": "7672316",
    "movie_id": "100274",
    "author": "yl70****",
    "review": "재밌어요",
    "rating": "10",
    "date": "13.06.23"
  },
  {
    "review_id": "7672203",
    "movie_id": "100274",
    "author": "wjda****",
    "review": "타이핑 대회라는 소재가 은근 흥미롭고 긴장감있음ㅎ 뻔한멜로지만 타자기가 있어 전혀 뻔하지 않았고, 훈훈한 배우들. 감각적인 시대의상. 적절한 유쾌함. 보고나서 기분좋아진 사랑스런 영화.",
    "rating": "10",
    "date": "13.06.23"
  },
  {
    "review_id": "7672187",
    "movie_id": "100274",
    "author": "sun_****",
    "review": "정말 그 시대 프랑스를 보는 느낌이어서 좋았다~ 로즈도 너무 사랑스러워",
    "rating": "8",
    "date": "13.06.23"
  }
]