[
  {
    "review_id": "10270134",
    "movie_id": "100206",
    "author": "kong****",
    "review": "엔진소리듣다가 지릴뻔..",
    "rating": "10",
    "date": "15.08.24"
  },
  {
    "review_id": "10268755",
    "movie_id": "100206",
    "author": "as12****",
    "review": "브레이킹 베드의 찌질이 제시가 사고 제대로 쳤네 ㅎㅎ",
    "rating": "10",
    "date": "15.08.23"
  },
  {
    "review_id": "10246546",
    "movie_id": "100206",
    "author": "jij4****",
    "review": "코닉세그 세대 전복사고 누명 머스탱 로드 무비 마지막 여섯대 명품 스포츠카 길거리 경주 금발 못생긴 미녀 막판 스퍼트 머스탱으로 길거리 경주 출전하려다 트럭에 받혀 세대의 코닉세그중 한대로 경주 참여 브레이킹 배드 주연 니드포 스피드 2014",
    "rating": "8",
    "date": "15.08.17"
  },
  {
    "review_id": "10195839",
    "movie_id": "100206",
    "author": "kale****",
    "review": "스토리야 당연히 말도안되지만 자동차 액션은 A급",
    "rating": "7",
    "date": "15.08.07"
  },
  {
    "review_id": "10168645",
    "movie_id": "100206",
    "author": "terr****",
    "review": "종합 평점은 6점 드립니다.",
    "rating": "6",
    "date": "15.08.01"
  },
  {
    "review_id": "10133410",
    "movie_id": "100206",
    "author": "ksj7****",
    "review": "재미났음 게임 생각남 게임하러 가야지 ㅋ",
    "rating": "8",
    "date": "15.07.23"
  },
  {
    "review_id": "10101022",
    "movie_id": "100206",
    "author": "kpor****",
    "review": "스피드 스릴 넘치고 화끈해서 좋다",
    "rating": "10",
    "date": "15.07.13"
  },
  {
    "review_id": "9994219",
    "movie_id": "100206",
    "author": "milk****",
    "review": "이화정 기자! 니드포스피드 게임이나 해보고 감상평 써라!",
    "rating": "7",
    "date": "15.06.12"
  },
  {
    "review_id": "9979198",
    "movie_id": "100206",
    "author": "labo****",
    "review": "분노의 질주 7보다 더 현실적이고 긴장감이 넘칩니다. 영화를 보고 있으면 니드포스피드 게임의 장면들이  생각나기도 하여 재미가 있습니다.",
    "rating": "10",
    "date": "15.06.06"
  },
  {
    "review_id": "9918025",
    "movie_id": "100206",
    "author": "bibi****",
    "review": "나는 차를 별로 안좋아하고 분노의 질주가 별로재미없다.그러나 니드포스피드는 정말 재밌는 영화다.게임 니드포스피드 더 런을 하고 나서 이 영화를 봐야한다.게임을 안해보고 보니까 분노의 질주보다 재미없다고 느끼는 것임.",
    "rating": "10",
    "date": "15.05.15"
  },
  {
    "review_id": "9911386",
    "movie_id": "100206",
    "author": "mien****",
    "review": "그런대로 재미있지만, \"그란보다 딸리네효\"",
    "rating": "10",
    "date": "15.05.11"
  },
  {
    "review_id": "9857382",
    "movie_id": "100206",
    "author": "gree****",
    "review": "내가 본  레이스 영화중 가장 재밌고  가장 스케일 큰 슈퍼카나오고 내용도  감동스럽다. 진짜 레이스 영화는  이레야 한다고 본다. p.s 니드 포 스피드  Hot Persuit 2 에  나왔던  배경나온다 ㅎ",
    "rating": "10",
    "date": "15.04.23"
  },
  {
    "review_id": "9856182",
    "movie_id": "100206",
    "author": "aop1****",
    "review": "가슴이 바운OO운스~",
    "rating": "10",
    "date": "15.04.21"
  },
  {
    "review_id": "9832369",
    "movie_id": "100206",
    "author": "a790****",
    "review": "차를 좋아한다면 이영화는 최고다.",
    "rating": "10",
    "date": "15.04.07"
  },
  {
    "review_id": "9828766",
    "movie_id": "100206",
    "author": "atom****",
    "review": "그냥...그저그런시리즈중에서 유별나게쟈밋지는않은듯..",
    "rating": "8",
    "date": "15.04.05"
  },
  {
    "review_id": "9810892",
    "movie_id": "100206",
    "author": "uefa****",
    "review": "마지막 결말이 아쉽네....",
    "rating": "8",
    "date": "15.03.28"
  },
  {
    "review_id": "9798899",
    "movie_id": "100206",
    "author": "kkmp****",
    "review": "김ㅁㅎ이 자꾸 강요함 진짜 개짱남",
    "rating": "3",
    "date": "15.03.22"
  },
  {
    "review_id": "9795895",
    "movie_id": "100206",
    "author": "jang****",
    "review": "내가 웬만하면 점수 후하게 주는편인데 이건 그냥 킬링타임용",
    "rating": "6",
    "date": "15.03.21"
  },
  {
    "review_id": "9764647",
    "movie_id": "100206",
    "author": "doog****",
    "review": "겜원작을 잘살려 계속등장하는 경찰들과 눈호강시켜주는 슈퍼카들과 쉴틈없는 불법운전과레이스. 웅장한배기사운드에 스트레스풀림. 남자영화? 첨엔재미없을거같다던 어머니와 여동생이 어느새집중하며 봄. 끝나고는 스트레스풀린다고. 분노의질주처럼 시리즈로만들길바래봄.",
    "rating": "10",
    "date": "15.03.08"
  },
  {
    "review_id": "9753577",
    "movie_id": "100206",
    "author": "heav****",
    "review": "포드 머스탱 쉘비 ♡♡ 개져아",
    "rating": "10",
    "date": "15.03.03"
  },
  {
    "review_id": "9753000",
    "movie_id": "100206",
    "author": "knsp****",
    "review": "이제까지의 레이싱 영화중 단연 최고네요.",
    "rating": "10",
    "date": "15.03.02"
  },
  {
    "review_id": "9704325",
    "movie_id": "100206",
    "author": "xkwh****",
    "review": "잘만들었다 주인공도 예쁘고",
    "rating": "10",
    "date": "15.02.17"
  },
  {
    "review_id": "9700611",
    "movie_id": "100206",
    "author": "bd10****",
    "review": "분노의 질주를 따라가기엔 역부족. 마지막 레이스에 차들은 좋아보이네.",
    "rating": "6",
    "date": "15.02.15"
  },
  {
    "review_id": "9684823",
    "movie_id": "100206",
    "author": "cjfd****",
    "review": "이건 레이스 영화가 아니라 그냥 범죄영화 인듯합니다.남자영화라고요? 이건 중2 영화? 철없는 어른들이 자기 잼이를 위해 경찰도 죽이고 평범한 시민들도 죽이고 감동도 없고 잼이도없는  한마디로 그냥 철없는 영화  나도 스포츠카를 몰지만 이건아니다..",
    "rating": "2",
    "date": "15.02.10"
  },
  {
    "review_id": "9678726",
    "movie_id": "100206",
    "author": "eseu****",
    "review": "나도 늙었나...3류 인간쓰레기들이 똥폼잡는 영화로밖에 안보인다. 270만달러 짜리 그것도 빌린차를 박살낸 주인공한테 200만달러가 탐나지 않느냐는 대사는 대체 뭐지?차값은 안물어주나?",
    "rating": "1",
    "date": "15.02.08"
  },
  {
    "review_id": "9676445",
    "movie_id": "100206",
    "author": "clou****",
    "review": "슈퍼 구경 정말 잘했네요!",
    "rating": "7",
    "date": "15.02.07"
  },
  {
    "review_id": "9662107",
    "movie_id": "100206",
    "author": "tyle****",
    "review": "평론가들이 정의하는 최고의 영화는 과연 무엇인가? 친구들과의 우정/피트와의 의리/줄리아와의 사랑 이야기. 화려한 최고의 슈퍼카들의 레이싱 속에 감동도 어우러져 최고라고 생각한다.",
    "rating": "10",
    "date": "15.02.03"
  },
  {
    "review_id": "9658015",
    "movie_id": "100206",
    "author": "myhj****",
    "review": "차덕에겐 꿀맛 흐흐흐흐",
    "rating": "10",
    "date": "15.02.01"
  },
  {
    "review_id": "9649575",
    "movie_id": "100206",
    "author": "kyuw****",
    "review": "자동차에 대한 열망이 싹트게 된 계기!!! 특히 코닉세그 아게라R의 아우라는...ㄷㄷㄷ",
    "rating": "10",
    "date": "15.01.29"
  },
  {
    "review_id": "9645055",
    "movie_id": "100206",
    "author": "marc****",
    "review": "경주 장면이 인상적 이었다.",
    "rating": "8",
    "date": "15.01.28"
  },
  {
    "review_id": "9636803",
    "movie_id": "100206",
    "author": "ljbb****",
    "review": "분노의 질주보다 훨씬 현실감있고 재밌다. 중간중간 개그요소도 마음에 듬 ㅋㅋ 단지 스토리는 너무 따지지 않고 레이스에 집중해서만 보길 바람.  ㅋㅋ 10점!",
    "rating": "10",
    "date": "15.01.25"
  },
  {
    "review_id": "9631973",
    "movie_id": "100206",
    "author": "figf****",
    "review": "쓰레기영화임 졸라 구짐",
    "rating": "1",
    "date": "15.01.24"
  },
  {
    "review_id": "9600841",
    "movie_id": "100206",
    "author": "firs****",
    "review": "자동차 매니아인 나의 평점은 5점 이하~속았다...아오~",
    "rating": "1",
    "date": "15.01.16"
  },
  {
    "review_id": "9599226",
    "movie_id": "100206",
    "author": "xx41****",
    "review": "스트레스풀기용영화ㅋ",
    "rating": "10",
    "date": "15.01.16"
  },
  {
    "review_id": "9586053",
    "movie_id": "100206",
    "author": "ruin****",
    "review": "초반에 지루하긴한데 뭔가 부족함...",
    "rating": "1",
    "date": "15.01.12"
  },
  {
    "review_id": "9578710",
    "movie_id": "100206",
    "author": "jupi****",
    "review": "이 영화가 왜 이렇게 평점이 낮은 거야 ?! 레이싱 영화가 이만하면 됐지 !!",
    "rating": "10",
    "date": "15.01.10"
  },
  {
    "review_id": "9565907",
    "movie_id": "100206",
    "author": "zecl****",
    "review": "스릴넘치네요. 재미있네요",
    "rating": "10",
    "date": "15.01.05"
  },
  {
    "review_id": "9565872",
    "movie_id": "100206",
    "author": "kilh****",
    "review": "시원시원한 영화 평점너무 높아서 낮게줌",
    "rating": "1",
    "date": "15.01.05"
  },
  {
    "review_id": "9565657",
    "movie_id": "100206",
    "author": "kimw****",
    "review": "작살나던 차들 진짜 달리던늠들은 아니겠지 설마....분노의질주 못지않다. 차 좋아하는늠들한텐 아카데미작품상감.",
    "rating": "10",
    "date": "15.01.05"
  },
  {
    "review_id": "9537055",
    "movie_id": "100206",
    "author": "adiv****",
    "review": "자동차경주 별로 안좋아하는데 진짜 속도감있게 촬영 잘해서 보는 내내 즐거웠음.",
    "rating": "8",
    "date": "14.12.30"
  },
  {
    "review_id": "9511328",
    "movie_id": "100206",
    "author": "52no****",
    "review": "상당한 수작, 분노의 질주 시리즈보다 레이싱 그 자체에 초점을 두어서 보다 순수한 재미를 느낄 수 있었다. 히로인 배우도 매력적이였고, 연출들도 좋았다. 레이싱 영화계에 명작으로남을뻔했지만, 부족한 부분들이 상당히 눈에 띄었다.",
    "rating": "8",
    "date": "14.12.25"
  },
  {
    "review_id": "9504988",
    "movie_id": "100206",
    "author": "dodo****",
    "review": "감히 레이스 영화중에 최고봉으로 뽑고싶다. 게임 원작의 느낌도 물씬 풍기고 모든 레이스 씬들의 속도감과 스릴은 차의 추종을 불허한다. 스토리도 뻔하지 않고 무엇보다 여주가 너무너무너무너무 매력적이었다. 간만에 시원한 레이스 영화를 한편 본 느낌.",
    "rating": "10",
    "date": "14.12.23"
  },
  {
    "review_id": "9502878",
    "movie_id": "100206",
    "author": "free****",
    "review": "이 영화는 그냥 미쳤다 .. 심장 터지는줄 ~",
    "rating": "10",
    "date": "14.12.23"
  },
  {
    "review_id": "9488748",
    "movie_id": "100206",
    "author": "rhtn****",
    "review": "기승전 '결' 의 아쉬움",
    "rating": "6",
    "date": "14.12.19"
  },
  {
    "review_id": "9477264",
    "movie_id": "100206",
    "author": "bajj****",
    "review": "EA사의 유명한 게임을 스크린으로 옮겼다, 도심을 종횡무진 질주하다보면 자연스레 따라붙는 경찰과의 추격전과 모든 남자들의 로망인 옆자리 금발머리 쭉빵 미녀를 태우는 설정만으로 설레였다. 그리고 밟는거지 엑셀이 됬던, 악당이 됬던 하얐게 불태우는 거지",
    "rating": "10",
    "date": "14.12.15"
  },
  {
    "review_id": "9472491",
    "movie_id": "100206",
    "author": "reco****",
    "review": "쵝오... 다시 보고 있음.. 인물들이 다 매력적이예요.",
    "rating": "10",
    "date": "14.12.14"
  },
  {
    "review_id": "9471805",
    "movie_id": "100206",
    "author": "dudw****",
    "review": "가족끼리 보니까 정말로 재미 짱 굳!! 왜 근데 왜 별점이 ㅠㅠ  아ㅏ아  노래도 좋음 이거 사면좋음   따른사람들  빨리사서 보시는게",
    "rating": "10",
    "date": "14.12.13"
  },
  {
    "review_id": "9467190",
    "movie_id": "100206",
    "author": "tank****",
    "review": "뻔...뻔...뻔한 내용이지만 이상하게 끌리는 여주인공 이뻐~ㅎ 자동차씬은 양호하네~",
    "rating": "5",
    "date": "14.12.12"
  },
  {
    "review_id": "9422264",
    "movie_id": "100206",
    "author": "taeh****",
    "review": "차구경함 부앙부앙ㅇㅇ",
    "rating": "7",
    "date": "14.11.26"
  },
  {
    "review_id": "9417437",
    "movie_id": "100206",
    "author": "qnft****",
    "review": "피를끓게하는영화다 포드머스탱은 진짜 남자들의 꿈의 머슬카",
    "rating": "10",
    "date": "14.11.24"
  },
  {
    "review_id": "9415321",
    "movie_id": "100206",
    "author": "alsd****",
    "review": "명실공히 레이싱게임 정상으로 군림하는 니드포스피드 시리즈. 남성의 로망충족에 더할 나위없다.",
    "rating": "8",
    "date": "14.11.23"
  },
  {
    "review_id": "9403956",
    "movie_id": "100206",
    "author": "khju****",
    "review": "스케일이 난대없이 너무 높다. 거기에비해 스토리가 부족하다.",
    "rating": "3",
    "date": "14.11.20"
  },
  {
    "review_id": "9377983",
    "movie_id": "100206",
    "author": "rudf****",
    "review": "진짜 스트레스가 풀리고 잠을 확깨워 줌니다.",
    "rating": "10",
    "date": "14.11.13"
  },
  {
    "review_id": "9373561",
    "movie_id": "100206",
    "author": "bogr****",
    "review": "흥미진진 재밋게 봣다~~ 이정도면 굿~",
    "rating": "9",
    "date": "14.11.12"
  },
  {
    "review_id": "9354297",
    "movie_id": "100206",
    "author": "jaba****",
    "review": "이 영화를 최근에 접하고 난게 후회 스러울 정도로 재미있게 빠져서 봤습니다.  b급 영화는 아닐까하는 의구심 조차 시원하게 날려주는 리얼한 자동차 액션이네요!!  스토리도 괜찮았고, 슈퍼카 엔진의 굉음이 심장을 울려줍니다. 강추!!",
    "rating": "10",
    "date": "14.11.08"
  },
  {
    "review_id": "9342969",
    "movie_id": "100206",
    "author": "nice****",
    "review": "잼있음 자동차 추격신은 역시",
    "rating": "10",
    "date": "14.11.05"
  },
  {
    "review_id": "9333921",
    "movie_id": "100206",
    "author": "sidi****",
    "review": "박진감 넘치는 화려한 레이싱 .스트레스를 날려 버리다",
    "rating": "9",
    "date": "14.11.01"
  },
  {
    "review_id": "9328648",
    "movie_id": "100206",
    "author": "kiss****",
    "review": "제시 핑크맨,, 왓츠업  비~~치이~~",
    "rating": "10",
    "date": "14.10.30"
  },
  {
    "review_id": "9327380",
    "movie_id": "100206",
    "author": "crew****",
    "review": "눈과 귀가 즐겁네 ㅎㅎㅎ",
    "rating": "10",
    "date": "14.10.29"
  },
  {
    "review_id": "9325815",
    "movie_id": "100206",
    "author": "ssys****",
    "review": "보통액션영화에 나오는 자동차액션씬보다 못한 느낌인데요? 차만 좋지. 간간히 소리만 빠른것처럼하고 엄청 느려보이던데 드리프트 할때도그렇고 멋진 기술도 그닥, 없어 보이고. 쓰다보니까 평점 더 낮게 주고싶네요.",
    "rating": "4",
    "date": "14.10.29"
  },
  {
    "review_id": "9306302",
    "movie_id": "100206",
    "author": "wein****",
    "review": "옛다! 8점  눈이즐겁다면 내용은 부실해도 상관없다",
    "rating": "8",
    "date": "14.10.21"
  },
  {
    "review_id": "9302830",
    "movie_id": "100206",
    "author": "lass****",
    "review": "노력은 가상하나..역대 레이싱 영화중 스피드감 떨어지고 박진감이 떨어지는 영화인듯",
    "rating": "4",
    "date": "14.10.19"
  },
  {
    "review_id": "9293484",
    "movie_id": "100206",
    "author": "jumm****",
    "review": "너무 뻔한 흐름. 수퍼카와 영국 여인 캐릭터에게 10점.",
    "rating": "10",
    "date": "14.10.15"
  },
  {
    "review_id": "9293333",
    "movie_id": "100206",
    "author": "shho****",
    "review": "Very Good~!",
    "rating": "10",
    "date": "14.10.15"
  },
  {
    "review_id": "9268537",
    "movie_id": "100206",
    "author": "ssun****",
    "review": "멋진 차들이 많이 나와서 눈이 즐겁다.",
    "rating": "7",
    "date": "14.10.06"
  },
  {
    "review_id": "9267002",
    "movie_id": "100206",
    "author": "ac67****",
    "review": "사나이의 심장을 벌렁벌렁하게 만드는 매우잘만든 레이싱 영화 그리고 이모겐 푸츠는 매우 이쁘다",
    "rating": "9",
    "date": "14.10.05"
  },
  {
    "review_id": "9246666",
    "movie_id": "100206",
    "author": "wkhe****",
    "review": "분노의 질주보다 재미있음. 지금까지 나온 레이싱 영화중 최고인듯.  자동차 마니아가 아니더라도 시원한 영상미와 함께 최고급 스포츠카 보는 재미가 쏠쏠. 촬영도 잘했고 배기음이 사람을 자극함. 스토리도 나쁘지 않았음. 특히 트럭이 포드 머스탱 박는 장면",
    "rating": "8",
    "date": "14.09.28"
  },
  {
    "review_id": "9245333",
    "movie_id": "100206",
    "author": "napo****",
    "review": "내용이 허술하나 그림이 좋음",
    "rating": "7",
    "date": "14.09.27"
  },
  {
    "review_id": "9243194",
    "movie_id": "100206",
    "author": "seon****",
    "review": "주연배우들은 좀 낮설지만  완전대박이네요..레이싱종류영화거의많이봤는데 다들 아슬아슬어마어마..가슴후련..저도여자치곤 질주를즐기는편이라..ㅋㅋㅋ",
    "rating": "10",
    "date": "14.09.27"
  },
  {
    "review_id": "9239330",
    "movie_id": "100206",
    "author": "lh87****",
    "review": "정말 스트레스풀려요 다이나믹합니다",
    "rating": "10",
    "date": "14.09.25"
  },
  {
    "review_id": "9235452",
    "movie_id": "100206",
    "author": "yosh****",
    "review": "장근석도 울고 갈 허세... 그리고 역할에 굉장히 충실한 악당은 덤",
    "rating": "7",
    "date": "14.09.22"
  },
  {
    "review_id": "9234851",
    "movie_id": "100206",
    "author": "ant4****",
    "review": "정말 지루하다. 내용이 너무 산만하다. 몰입감 없다.  10점 평가들 믿지 마라. 그냥 차 광택만 번쩍번쩍하다.",
    "rating": "3",
    "date": "14.09.22"
  },
  {
    "review_id": "9228482",
    "movie_id": "100206",
    "author": "wind****",
    "review": "눈이 호강하는 슈퍼카들과 시원한 질주본능은 좋았는데 스피드 매니아나 자동차 매니아가 아니여서 그런지 분노의 질주만큼의 오락성과 임펙트는 없었다",
    "rating": "6",
    "date": "14.09.20"
  },
  {
    "review_id": "9221342",
    "movie_id": "100206",
    "author": "youn****",
    "review": "건달, 쓰레기들의 광란... ㅜ.ㅜ",
    "rating": "1",
    "date": "14.09.17"
  },
  {
    "review_id": "9215911",
    "movie_id": "100206",
    "author": "don0****",
    "review": "속도를 위해 차를 선택한 대신 스토리를 버렸다",
    "rating": "7",
    "date": "14.09.15"
  },
  {
    "review_id": "9214243",
    "movie_id": "100206",
    "author": "alst****",
    "review": "이모겐 푸츠의 매력에 빠져듭시다 ㅋㅋ",
    "rating": "10",
    "date": "14.09.14"
  },
  {
    "review_id": "9210258",
    "movie_id": "100206",
    "author": "j0s0****",
    "review": "뻔하게오그라들었지만, 너무나잘만들어서 결국엔굴복할수밖에없었다.",
    "rating": "9",
    "date": "14.09.13"
  },
  {
    "review_id": "9208357",
    "movie_id": "100206",
    "author": "csmo****",
    "review": "차도 역주행, 영화도 역주행",
    "rating": "2",
    "date": "14.09.12"
  },
  {
    "review_id": "9204838",
    "movie_id": "100206",
    "author": "minj****",
    "review": "잼잼꿀잼허니잼핵잼잼잼",
    "rating": "10",
    "date": "14.09.11"
  },
  {
    "review_id": "9204110",
    "movie_id": "100206",
    "author": "mi86****",
    "review": "원작의 속도감과 배경을 잘 살린거 같다",
    "rating": "7",
    "date": "14.09.11"
  },
  {
    "review_id": "9201336",
    "movie_id": "100206",
    "author": "pass****",
    "review": "저 예산 영화인가? ㅋㅋ 스토리는 그렇타 쳐도, 슈퍼카가 아닌듯한 느낌..",
    "rating": "7",
    "date": "14.09.10"
  },
  {
    "review_id": "9181203",
    "movie_id": "100206",
    "author": "dowk****",
    "review": "캬~머스탱의 멋을 이제야 알다니..ㅠ ㅠ 끝까지 나왔으면 좋으련만! 외에도 세스토엘레멘토도 이쁘구 진짜 슈퍼카의 향연! 강추!",
    "rating": "10",
    "date": "14.09.07"
  },
  {
    "review_id": "9174013",
    "movie_id": "100206",
    "author": "hell****",
    "review": "사고씬은 가짜차를 쓰더라도 평소엔 진짜를 써야지... 티가 너무난다",
    "rating": "5",
    "date": "14.09.06"
  },
  {
    "review_id": "9173047",
    "movie_id": "100206",
    "author": "kise****",
    "review": "이거 정말 꿀잼 .근래 이보다 박진감넘치는 영화 못봤음  . 킬링타임용으로도 최고",
    "rating": "9",
    "date": "14.09.06"
  },
  {
    "review_id": "9172995",
    "movie_id": "100206",
    "author": "bonj****",
    "review": "작품성은 그닥. 영화적 완성도보다는 자동차 자랑에 급급한 영화. 차를 좋아한다면 전시관 가는 기분으로 보면 괜찮을듯!",
    "rating": "4",
    "date": "14.09.06"
  },
  {
    "review_id": "9167455",
    "movie_id": "100206",
    "author": "red_****",
    "review": "슈퍼카듦만 봐도 눈이 돌아간다!!",
    "rating": "9",
    "date": "14.09.05"
  },
  {
    "review_id": "9158304",
    "movie_id": "100206",
    "author": "pdh9****",
    "review": "코쟁이들 참 잘 맹근다잉. 두시간 넘는 러닝타임인데 박진감 넘치는 속도감으로 전혀 지루함을  느낄수가 없다. 만점을 줘도 모자랄 영화다",
    "rating": "10",
    "date": "14.09.03"
  },
  {
    "review_id": "9158105",
    "movie_id": "100206",
    "author": "gund****",
    "review": "나 니포 게임으로도해봤는데 꿀잼이었고.. 예고편봣는데도 내눈을즐겁게해줄 차들이엄청많았다..  슈퍼카!!만세~니포는 차를좋아하는사람들에게 열광하고 반가운 영화다!!슈퍼카땜에 재밌어서 미칠뻔ㅋㅋ",
    "rating": "10",
    "date": "14.09.03"
  },
  {
    "review_id": "9158012",
    "movie_id": "100206",
    "author": "lyh4****",
    "review": "깨알같은 게임속에서 봤던 장면들 ㅎㅎㅎ 니드포스피드 안해보신분들 한번 해보시면 더 잼있을듯 하네요",
    "rating": "10",
    "date": "14.09.03"
  },
  {
    "review_id": "9157223",
    "movie_id": "100206",
    "author": "ehzn****",
    "review": "영화보는내내 눈과 귀와 화면을 한시라도 놓치지못할정도로 정신이팔렸었다그리고 어짜피역주행하고 쓰레기영화라는평점이있던데 이렇게생각하는 년놈들눈에는 레이싱영화가 법 다지키면서 달리면 뭐가재밋겠냐앞에 도둑이 도망간다치믄 신호받으면 걍 서서 잡혀야되네?ㅉㅉ",
    "rating": "9",
    "date": "14.09.03"
  },
  {
    "review_id": "9143188",
    "movie_id": "100206",
    "author": "dw27****",
    "review": "7.5점! 영국식 발음이 이렇게 귀엽고 섹시할줄일이야..",
    "rating": "8",
    "date": "14.08.29"
  },
  {
    "review_id": "9142351",
    "movie_id": "100206",
    "author": "coco****",
    "review": "도심 속 레이싱을 즐기는 사람들에겐 화끈한 영화가 될 수도? 하지만 온갖 도로 위 민폐에 역주행을 미화하는 쓰레기 영화. 심지어 여타 레이싱 영화보다 재미도 없다",
    "rating": "2",
    "date": "14.08.29"
  },
  {
    "review_id": "9136854",
    "movie_id": "100206",
    "author": "0119****",
    "review": "와 정말보는내내 심장졸이면서 봣던영화보는내내감탄이!!후회없는영화네요!!굿",
    "rating": "10",
    "date": "14.08.27"
  },
  {
    "review_id": "9131325",
    "movie_id": "100206",
    "author": "seve****",
    "review": "우연히 알게되어 본영화인데 너무재밌게봣다",
    "rating": "10",
    "date": "14.08.25"
  },
  {
    "review_id": "9129156",
    "movie_id": "100206",
    "author": "wixx****",
    "review": "진짜 남자들을 위한 영화",
    "rating": "10",
    "date": "14.08.24"
  },
  {
    "review_id": "9128311",
    "movie_id": "100206",
    "author": "ssb9****",
    "review": "하여간 기레기...맨날 기레기짓만 하니까 쾌감넘치는 질주에 쾌감을 못느끼는듯",
    "rating": "10",
    "date": "14.08.24"
  },
  {
    "review_id": "9123333",
    "movie_id": "100206",
    "author": "yosu****",
    "review": "재밌을줄 알고 봤는데 스토리가 너무 허접하네요!러쉬 및 분노의 질주 같은 수작은 분명히 아닙니다!영상미도 퀄리티가 떨어지고요!재밌다는 분들은 자동차를 진짜 사랑하는 분들임!기대하지말고 보세요!",
    "rating": "6",
    "date": "14.08.23"
  },
  {
    "review_id": "9111087",
    "movie_id": "100206",
    "author": "rygh****",
    "review": "인물이 차 밖으로 나온 순간 영화가 힘을 잃는다.",
    "rating": "4",
    "date": "14.08.19"
  },
  {
    "review_id": "9107075",
    "movie_id": "100206",
    "author": "syt0****",
    "review": "진짜 B급 그 이상이하도 아니다. 시간이 썩어넘쳐흘러 주체할수 없을때 볼것.",
    "rating": "1",
    "date": "14.08.18"
  },
  {
    "review_id": "9106439",
    "movie_id": "100206",
    "author": "kaga****",
    "review": "그냥 차타고 가네~정도~~자동차 액션이 그렇게 긴장감 있는 것도 아니고 스토리는 부실하고 딱 7점정도 킬링타임용~",
    "rating": "7",
    "date": "14.08.18"
  }
]