[
  {
    "review_id": "9373929",
    "movie_id": "100337",
    "author": "haha****",
    "review": "이 작품을 보고 안재욱님을 사랑하게 된 사람이 많았죠! 벌써 20년전 작품이네요",
    "rating": "9",
    "date": "14.11.12"
  },
  {
    "review_id": "8544388",
    "movie_id": "100337",
    "author": "wp11****",
    "review": "요거 본사람이 없단 말인가..안재욱이 데뷔작일텐데.. 신인인데도 정말 연기잘했다는..김혜수가 뭍힐정도 였으니",
    "rating": "9",
    "date": "14.02.28"
  }
]