[
  {
    "review_id": "10060531",
    "movie_id": "100399",
    "author": "fesh****",
    "review": "끝난지 2년이 지났는데도 기억나고 다시 보고 싶은 드라마, 트랜드를 거스른 배우들의 연기가 돋보이는 작품이다.",
    "rating": "10",
    "date": "15.07.02"
  },
  {
    "review_id": "9833143",
    "movie_id": "100399",
    "author": "2021****",
    "review": "막장없이 기여운 악역이있는 재밌는 드라마였어요~",
    "rating": "10",
    "date": "15.04.07"
  },
  {
    "review_id": "9758992",
    "movie_id": "100399",
    "author": "aqua****",
    "review": "신하균이라는 배우에게 완전 빠져들게 하는 매력적인 드라마~~보고 또 보고.  반복을 해도 너무 좋다",
    "rating": "10",
    "date": "15.03.05"
  },
  {
    "review_id": "9669830",
    "movie_id": "100399",
    "author": "sei0****",
    "review": "봄이 되면 생각나는 드라마",
    "rating": "10",
    "date": "15.02.05"
  },
  {
    "review_id": "9504066",
    "movie_id": "100399",
    "author": "lk10****",
    "review": "내 연애의 모든 것 이야말로 웰메이드 드라마!",
    "rating": "10",
    "date": "14.12.23"
  },
  {
    "review_id": "9439366",
    "movie_id": "100399",
    "author": "dbst****",
    "review": "신하균ㅠㅠ아 이거보면 ㅠㅠ으",
    "rating": "10",
    "date": "14.12.01"
  },
  {
    "review_id": "9396177",
    "movie_id": "100399",
    "author": "gusd****",
    "review": "사랑스러운  드라마 그리고 한국정치를 꼬집어 줬던  드라마가 아닌가 싶다",
    "rating": "10",
    "date": "14.11.17"
  },
  {
    "review_id": "9378550",
    "movie_id": "100399",
    "author": "yr62****",
    "review": "다시보기로 세 번 봄... 오로지 균신 때문에...",
    "rating": "10",
    "date": "14.11.13"
  },
  {
    "review_id": "9310533",
    "movie_id": "100399",
    "author": "chan****",
    "review": "한번만 봐봐라!! 진짜 재밌다",
    "rating": "10",
    "date": "14.10.23"
  },
  {
    "review_id": "9275240",
    "movie_id": "100399",
    "author": "ys_s****",
    "review": "시청률이 왜  잘 안 나왔는지 이해할 수 없다. 주, 조연 한 명도 빼놓지 않고 매력 있는, 정치와 연애의 적절한 조화를 이룬 진정한 의미의 웰메이드 드라마!",
    "rating": "10",
    "date": "14.10.08"
  },
  {
    "review_id": "8859283",
    "movie_id": "100399",
    "author": "wert****",
    "review": "그냥 짱 이민정은 이쁘고 신하균은 멋있음",
    "rating": "10",
    "date": "14.06.26"
  },
  {
    "review_id": "8803361",
    "movie_id": "100399",
    "author": "ksy0****",
    "review": "짱짱짱♥♥신하균 사랑해요!!!",
    "rating": "10",
    "date": "14.06.06"
  },
  {
    "review_id": "8778550",
    "movie_id": "100399",
    "author": "neve****",
    "review": "본방사수에 vod다시보기세번...보고또와도질리는 장면없이 어찌나 깨알재미가있는지..캐릭터 설정좋고 연기력은 뭐 말할필요없구요 이민정씨도 요기선 캐미가좋은듯해요. 겁나 달콤하지만 유치하지않고 2013년도본드라마중 유일하게 계속돌려보는드라마입니다..",
    "rating": "10",
    "date": "14.05.30"
  },
  {
    "review_id": "8697299",
    "movie_id": "100399",
    "author": "kio4****",
    "review": "정말 재밌는 드라마예요 ㅠ ㅠ 작년에 잠깐보고 올해 생각나서 다시 보고있는데 너무 너무 재밌고 좋아요ㅎ ㅎ",
    "rating": "10",
    "date": "14.05.03"
  },
  {
    "review_id": "8673859",
    "movie_id": "100399",
    "author": "hyos****",
    "review": "이 드라마 이렇게 재밌는지  몰랐네요ㅠㅠ 하균신짱!!",
    "rating": "10",
    "date": "14.04.26"
  },
  {
    "review_id": "8409532",
    "movie_id": "100399",
    "author": "some****",
    "review": "신하균 팬이 된 계기!! 김수영 의원 짱짱!!",
    "rating": "8",
    "date": "14.01.22"
  },
  {
    "review_id": "8391925",
    "movie_id": "100399",
    "author": "yg08****",
    "review": "하균신  연기력  지립니다...재미도있고...6",
    "rating": "10",
    "date": "14.01.17"
  },
  {
    "review_id": "8370807",
    "movie_id": "100399",
    "author": "ifon****",
    "review": "정말  재미  있고 유쾌한 드라마에요~  강추~시청률이  모든게 아닌거 같아요~사실 첨엔  시청률보고  볼까 말까  하다가  봤는데~너무재미 있어요",
    "rating": "10",
    "date": "14.01.11"
  },
  {
    "review_id": "8243834",
    "movie_id": "100399",
    "author": "kyun****",
    "review": "난 그저 이런 드라마가 좋을 뿐",
    "rating": "8",
    "date": "13.12.19"
  },
  {
    "review_id": "8200688",
    "movie_id": "100399",
    "author": "keit****",
    "review": "신하균 앓이 시작~ 이렇게 괜찮은 드라마가 와면받는 한국사회에 통탄하게 됨",
    "rating": "10",
    "date": "13.12.09"
  },
  {
    "review_id": "8163182",
    "movie_id": "100399",
    "author": "1195****",
    "review": "정치라고 보면 분명 미흡한 드라마다. 하지만 로코라고 생각하고보면 로코에 정치를 적절히 배합한 최고의 드라마다. 신하균 이민정 연기 잘어울림bb",
    "rating": "10",
    "date": "13.11.23"
  },
  {
    "review_id": "8102322",
    "movie_id": "100399",
    "author": "mush****",
    "review": "이걸 이제서야 보다니....정말 최고의 로코. 하균신의 달달함 진심 최고임",
    "rating": "10",
    "date": "13.10.30"
  },
  {
    "review_id": "8100208",
    "movie_id": "100399",
    "author": "baks****",
    "review": "10점은 다 국회에서 나왔냐?응?(웃음)(웃음)(웃음)",
    "rating": "7",
    "date": "13.10.30"
  },
  {
    "review_id": "8083249",
    "movie_id": "100399",
    "author": "ac91****",
    "review": "시청률이낮았어도전혀아쉽지않을만큼 재밌고유쾌한 로코드라마♥♥♥",
    "rating": "10",
    "date": "13.10.24"
  },
  {
    "review_id": "8026591",
    "movie_id": "100399",
    "author": "kims****",
    "review": "신하균이다! 무슨 말이 더 필요한가!",
    "rating": "10",
    "date": "13.10.02"
  },
  {
    "review_id": "8023578",
    "movie_id": "100399",
    "author": "dd78****",
    "review": "배우들 연기도 우수하고 스토리도 흥미진진하고 대사 하나하나 넘 재미있었어요. 단지 소재가 '정치'이다 보니 대중들에게 쉽게 다가가지 못한 것이 아쉬웠어요. 정치에 문외했던 저는 정치와 국회에 대해서 쉽게 이해할 수 있어 좋았어요. !! 시청률이 아쉬워",
    "rating": "10",
    "date": "13.09.30"
  },
  {
    "review_id": "7933615",
    "movie_id": "100399",
    "author": "v_ho****",
    "review": "전 진짜 재밌게 봤는데 시청률이 안나와서 아쉬웠던드라마에요ㅠㅠ",
    "rating": "10",
    "date": "13.08.29"
  },
  {
    "review_id": "7916972",
    "movie_id": "100399",
    "author": "95_1****",
    "review": "나야 말로 잘 알아 노민영 댁이 왜 이러는지. 생각을 좀 해봤는데 나랑 똑같더라구? 노민영 당신 지금 도망가고 있는거야, 내가 그랬던 것처럼. 그건 곧 노민영이 나 김수영을 신경 쓰기 시작했다는거지. 아니, 좋아하기 시작했어. 내가 그랬던 것처럼",
    "rating": "10",
    "date": "13.08.24"
  },
  {
    "review_id": "7905550",
    "movie_id": "100399",
    "author": "oojo****",
    "review": "보다보면 어느새 미소짓게되는ㅜㅜ 시청률이 왜 그렇게 나왔는지 모르겠다 신하균 존잘졸귀!!",
    "rating": "10",
    "date": "13.08.20"
  },
  {
    "review_id": "7882116",
    "movie_id": "100399",
    "author": "fjqm****",
    "review": "신하균최고!",
    "rating": "10",
    "date": "13.08.15"
  },
  {
    "review_id": "7873488",
    "movie_id": "100399",
    "author": "bch0****",
    "review": "내 인생 대박 재밌는 드라마!!!완전 너무 아기자기한 드라마!! 넘좋아요",
    "rating": "10",
    "date": "13.08.12"
  },
  {
    "review_id": "7798487",
    "movie_id": "100399",
    "author": "syd0****",
    "review": "내연모 잘봤습니다^^♥",
    "rating": "10",
    "date": "13.07.29"
  },
  {
    "review_id": "7784409",
    "movie_id": "100399",
    "author": "jk27****",
    "review": "시청률이랑관계없이너무재밌었어요!!!준하오빠짱짱",
    "rating": "10",
    "date": "13.07.25"
  },
  {
    "review_id": "7784066",
    "movie_id": "100399",
    "author": "kshj****",
    "review": "달달한 로코에 이렇게나 멋지게 어울리는 배우라는 사실을 왜 이제야 알게된건지!!!!앞으로도 이런 달달한 모습 좀 많이 보여주세요!!!!",
    "rating": "10",
    "date": "13.07.25"
  },
  {
    "review_id": "7781988",
    "movie_id": "100399",
    "author": "h252****",
    "review": "시청률이아쉽긴했지만 만족하는작품!하균신짱",
    "rating": "10",
    "date": "13.07.25"
  },
  {
    "review_id": "7770788",
    "movie_id": "100399",
    "author": "ssam****",
    "review": "보는내내, 그리고 보고나서도 계속 행복한 미소가 지어지게하는 명작!대사나 생각하는 방향 등이 정말 마음에 들었고, 배우들 연기도 정말 집중 할수밖에 없게 만들었네요~!이런작품 또 나오길 바랍니다!",
    "rating": "10",
    "date": "13.07.21"
  },
  {
    "review_id": "7748265",
    "movie_id": "100399",
    "author": "jyop****",
    "review": "최고최고!  시청률과 재미는 비례하지 않는다",
    "rating": "10",
    "date": "13.07.16"
  },
  {
    "review_id": "7721726",
    "movie_id": "100399",
    "author": "mcsi****",
    "review": "너무 재밌다 크아아아아아아아",
    "rating": "10",
    "date": "13.07.10"
  },
  {
    "review_id": "7711037",
    "movie_id": "100399",
    "author": "miya****",
    "review": "신하균 눈빛이 진짜 사랑에 빠진 남자같아요",
    "rating": "10",
    "date": "13.07.06"
  },
  {
    "review_id": "7665447",
    "movie_id": "100399",
    "author": "ssom****",
    "review": "최고. 말로할수없을만큼..아직도 하균앓이중...ㅠㅠ",
    "rating": "10",
    "date": "13.06.21"
  },
  {
    "review_id": "7658876",
    "movie_id": "100399",
    "author": "ohra****",
    "review": "연출, 대본, 연기 다 좋았던 보석같은 드라마",
    "rating": "10",
    "date": "13.06.20"
  },
  {
    "review_id": "7652210",
    "movie_id": "100399",
    "author": "ssun****",
    "review": "계속 보고싶은 드라마",
    "rating": "10",
    "date": "13.06.17"
  },
  {
    "review_id": "7652089",
    "movie_id": "100399",
    "author": "occl****",
    "review": "무겁지도 않지만 또한 가볍지도 않게 정치와 연애를 맛깔나게 풀어간 수작",
    "rating": "10",
    "date": "13.06.17"
  },
  {
    "review_id": "7647443",
    "movie_id": "100399",
    "author": "yomi****",
    "review": "내연모ㅠㅠㅠㅠ 끝나서 아쉽다ㅠㅠ",
    "rating": "10",
    "date": "13.06.16"
  },
  {
    "review_id": "7638406",
    "movie_id": "100399",
    "author": "mooj****",
    "review": "지금도 보고 싶다.",
    "rating": "10",
    "date": "13.06.14"
  },
  {
    "review_id": "7637492",
    "movie_id": "100399",
    "author": "burd****",
    "review": "신하균 매력이 넘쳐남.. 설레이면서 보았다..!",
    "rating": "10",
    "date": "13.06.14"
  },
  {
    "review_id": "7635402",
    "movie_id": "100399",
    "author": "chai****",
    "review": "Gooooooooooooooooooooooooooooooood!!!!!!",
    "rating": "10",
    "date": "13.06.13"
  },
  {
    "review_id": "7633790",
    "movie_id": "100399",
    "author": "keun****",
    "review": "정말 사랑스럽고 소중한 드라마.신하균의 재발견!",
    "rating": "10",
    "date": "13.06.13"
  },
  {
    "review_id": "7616907",
    "movie_id": "100399",
    "author": "yull****",
    "review": "설레임가득하고 모든 출연진이 사랑스러운 드라마였습니다",
    "rating": "10",
    "date": "13.06.09"
  },
  {
    "review_id": "7601755",
    "movie_id": "100399",
    "author": "chla****",
    "review": "하균신의 옴팡지고 귀여운모습이 많이나와 행복한 드라마 ㅋㅋ♥",
    "rating": "10",
    "date": "13.06.07"
  },
  {
    "review_id": "7600210",
    "movie_id": "100399",
    "author": "hae5****",
    "review": "내인생최고의드라마",
    "rating": "10",
    "date": "13.06.07"
  },
  {
    "review_id": "7577693",
    "movie_id": "100399",
    "author": "ssah****",
    "review": "웰메이드 드라마란 이런것!",
    "rating": "10",
    "date": "13.06.04"
  },
  {
    "review_id": "7577589",
    "movie_id": "100399",
    "author": "choi****",
    "review": "한번보면 빠져들거다",
    "rating": "10",
    "date": "13.06.04"
  },
  {
    "review_id": "7576613",
    "movie_id": "100399",
    "author": "papa****",
    "review": "마지막회가 너무 달달해~",
    "rating": "10",
    "date": "13.06.03"
  },
  {
    "review_id": "7573800",
    "movie_id": "100399",
    "author": "leeh****",
    "review": "로맨스와 정치 모두 잡은 달달한 드라마",
    "rating": "10",
    "date": "13.06.02"
  },
  {
    "review_id": "7568500",
    "movie_id": "100399",
    "author": "hhto****",
    "review": "최고",
    "rating": "10",
    "date": "13.06.01"
  },
  {
    "review_id": "7568352",
    "movie_id": "100399",
    "author": "0723****",
    "review": "내생에최고의드라마♥♥경스그사세연애시대재치고내마음속1순위로굳건히자리잡았다 순위변동은오랫동안변하지않을것같다^^",
    "rating": "10",
    "date": "13.06.01"
  },
  {
    "review_id": "7568015",
    "movie_id": "100399",
    "author": "eh88****",
    "review": "주연에서부터 조연까지 소외되는 것 없이 모든 캐릭터가 살아있고, 이야기가 있으며, 사랑스러웠다. 이런 드라마... 본 적 있는가?",
    "rating": "10",
    "date": "13.06.01"
  },
  {
    "review_id": "7567947",
    "movie_id": "100399",
    "author": "ghar****",
    "review": "드라마보면서 설렛던적은별로없엇는데 정말 꿀잼드라마이고 신하균앓이.신하균♥",
    "rating": "10",
    "date": "13.06.01"
  },
  {
    "review_id": "7565208",
    "movie_id": "100399",
    "author": "happ****",
    "review": "하균 신. 최고!",
    "rating": "10",
    "date": "13.05.31"
  },
  {
    "review_id": "7564879",
    "movie_id": "100399",
    "author": "muse****",
    "review": "명연기 명대사 명연출 한마디로 최고의 드라마",
    "rating": "10",
    "date": "13.05.31"
  },
  {
    "review_id": "7564560",
    "movie_id": "100399",
    "author": "1563****",
    "review": "드라마를 보면서  설레이면서  봤던거 같다..",
    "rating": "8",
    "date": "13.05.31"
  },
  {
    "review_id": "7562754",
    "movie_id": "100399",
    "author": "lily****",
    "review": "마지막 연설 정말 감동. 한번더 생각하게하는 좋은 드라마였어요. 정말 좋아하는 배우 신하균님이 나와 더 행복했던 고품격 명품 드라마였어요~오래 기억남을거에요.",
    "rating": "10",
    "date": "13.05.30"
  },
  {
    "review_id": "7561961",
    "movie_id": "100399",
    "author": "beav****",
    "review": "최고의 드라마입니다. 신하균 매력을 알다~~!!!일하는 바쁜 우리들은 DMB로 시청하니까^^",
    "rating": "9",
    "date": "13.05.29"
  },
  {
    "review_id": "7561938",
    "movie_id": "100399",
    "author": "kkw9****",
    "review": "많은 사람이 정치와 진보, 보수란 소재 때문에 이 드라마를 보기 꺼려하는것 같은데.. 그냥 그것은 소재일 뿐입니다. 뻔한 스토리라고 생각하신다면 정말 잘못된 생각입니다. 오히려 연애에 초점을 맞추고 이것에 정치라는 새로운 소재를 더하여 참신하고 재밌죠",
    "rating": "10",
    "date": "13.05.29"
  },
  {
    "review_id": "7561926",
    "movie_id": "100399",
    "author": "dais****",
    "review": "시청률이 적어서 많은 사람들이 이 좋은 작품을 못봐 아쉽지만.. 정말 재밌었다.",
    "rating": "10",
    "date": "13.05.29"
  },
  {
    "review_id": "7561925",
    "movie_id": "100399",
    "author": "mnar****",
    "review": "연애세포를 강제로 깨우게 하는 드라마임... 왕설렘... 반함-썸타기-고백-사귐-시련-이별-재회-결혼 모두 등장하는데 스킨쉽이나 데이트 장면이 드라마 제목에 걸맞게 깨알같음!!! 나중에라도 사람들이 알아봐줄 드라마♥ 짱짱",
    "rating": "10",
    "date": "13.05.29"
  },
  {
    "review_id": "7561921",
    "movie_id": "100399",
    "author": "jayl****",
    "review": "이민정 사랑합니다..",
    "rating": "10",
    "date": "13.05.29"
  },
  {
    "review_id": "7561919",
    "movie_id": "100399",
    "author": "publ****",
    "review": "말이필요없다.....최고...............진짜최고...교훈+재미 둘다 최고...",
    "rating": "10",
    "date": "13.05.29"
  },
  {
    "review_id": "7561912",
    "movie_id": "100399",
    "author": "kay0****",
    "review": "하 정말 수목 내연모보는게 제 삶의 낙이었는데 이렇게 끝나니 전이제 어떻게 사나요ㅠㅠ주말마다 정주행해야겠어요;0; 감독님들 출연자분들 모두 수고하셨고 이렇게 멋진작품 만들어주셔서 감사합니다♥소화기커플 젓갈커플 영원하길♥",
    "rating": "10",
    "date": "13.05.29"
  },
  {
    "review_id": "7561905",
    "movie_id": "100399",
    "author": "lsb4****",
    "review": "안보면 후회할 최고의 드라마... 이제 수요일 목요일은 뭘보며 버티지..",
    "rating": "10",
    "date": "13.05.29"
  },
  {
    "review_id": "7561904",
    "movie_id": "100399",
    "author": "jrw9****",
    "review": "정말너무재밌는데시청률이항상안타까울뿐ㅠ",
    "rating": "10",
    "date": "13.05.29"
  },
  {
    "review_id": "7561895",
    "movie_id": "100399",
    "author": "xg11****",
    "review": "완전 재미지다 ㅠㅠㅠㅠㅠㅠㅠㅠ",
    "rating": "10",
    "date": "13.05.29"
  },
  {
    "review_id": "7561892",
    "movie_id": "100399",
    "author": "kws5****",
    "review": "아 내일부터 어떻게 살아가나 ㅠㅠ 내 인생 최대의 낙 ㅠ 내연모 ㅠㅠㅠㅠ",
    "rating": "10",
    "date": "13.05.29"
  },
  {
    "review_id": "7561891",
    "movie_id": "100399",
    "author": "csgj****",
    "review": "완전재밌구이제못보니아쉬워ㅠㅠ신하균이민정넘이뻤음♥이거봤음다빠졌을텐데 시청률이마니안나와서좀아쉽ㅠ",
    "rating": "10",
    "date": "13.05.29"
  },
  {
    "review_id": "7561890",
    "movie_id": "100399",
    "author": "dnls****",
    "review": "숫자로매길수없을만큼의 재미와 감동ㅠㅡㅠ 모든출연진분들 연기 너무너무 좋았고 정말 사랑합니다ㅠㅠㅠ 잊지못할거에요ㅠㅡㅠ 내연모 포에버♥♥♥",
    "rating": "10",
    "date": "13.05.29"
  },
  {
    "review_id": "7561888",
    "movie_id": "100399",
    "author": "rlat****",
    "review": "살면서 봣던 드라마중 로코장르는 처음봣엇는데요.. 너무 재밋고 연기들도 정말 잘하시고 나무 좋앗어요! 그립다ㅠㅠ",
    "rating": "10",
    "date": "13.05.29"
  },
  {
    "review_id": "7561885",
    "movie_id": "100399",
    "author": "lime****",
    "review": "최고",
    "rating": "10",
    "date": "13.05.29"
  },
  {
    "review_id": "7561877",
    "movie_id": "100399",
    "author": "rlaw****",
    "review": "정말 최고였어요 ㅠㅠ 이민정씨와 신하균씨 연기 너무 좋았어요!!",
    "rating": "10",
    "date": "13.05.29"
  },
  {
    "review_id": "7561875",
    "movie_id": "100399",
    "author": "hy96****",
    "review": "<3",
    "rating": "10",
    "date": "13.05.29"
  },
  {
    "review_id": "7561868",
    "movie_id": "100399",
    "author": "alcl****",
    "review": "완전 재밌는 드라마!끝나서 아쉽군...",
    "rating": "10",
    "date": "13.05.29"
  },
  {
    "review_id": "7561866",
    "movie_id": "100399",
    "author": "ggg0****",
    "review": "Good 둘이 케미 짱ㅜㅜ 너무 이쁘고 드라마도 재밌다!",
    "rating": "10",
    "date": "13.05.29"
  },
  {
    "review_id": "7561856",
    "movie_id": "100399",
    "author": "tjdd****",
    "review": "정치드라마는 처음보는데 이렇게 재밌는 드라마가있다는거에 너무 고맙고 사랑스러웠다 정말 연애초보들한테는 많은 도움이 됬을거같은 드라마일수도있었다는 드라마가 될거같다 정말 이 드라마를 보면서 정치에 대한 문제점을 잘 꼬집어냈다생각된다 정말감사합니다 내연모",
    "rating": "10",
    "date": "13.05.29"
  },
  {
    "review_id": "7561850",
    "movie_id": "100399",
    "author": "5oo0****",
    "review": "아쉽다 아쉽다ㅠㅠ",
    "rating": "10",
    "date": "13.05.29"
  },
  {
    "review_id": "7561545",
    "movie_id": "100399",
    "author": "tlsf****",
    "review": "진짜.내 인생에서 최고의 드라마.  신하균의 매력을 모두 볼수 있었던 보는동안 날 매우 행복하게했던 드라마.",
    "rating": "10",
    "date": "13.05.29"
  },
  {
    "review_id": "7561324",
    "movie_id": "100399",
    "author": "rodt****",
    "review": "너무너무 재밋어요ㅠㅠㅠㅠㅠ신하균ㅠㅠㅠㅠ",
    "rating": "10",
    "date": "13.05.29"
  },
  {
    "review_id": "7560722",
    "movie_id": "100399",
    "author": "gidt****",
    "review": "미.칩.니.다",
    "rating": "10",
    "date": "13.05.29"
  },
  {
    "review_id": "7560070",
    "movie_id": "100399",
    "author": "nobl****",
    "review": "이런 드라마가 더 많아 졌음 합니다잘 보고 있습니다 ★★★★★",
    "rating": "10",
    "date": "13.05.28"
  },
  {
    "review_id": "7558368",
    "movie_id": "100399",
    "author": "noda****",
    "review": "말이  필요없음  걍 보셈ㅠ",
    "rating": "10",
    "date": "13.05.27"
  },
  {
    "review_id": "7558274",
    "movie_id": "100399",
    "author": "youl****",
    "review": "시청률은 진짜 숫자에 불과한 월메이드 드라마. 연출 극본 연기 모자란게 하나도 없는 최고의 드라마",
    "rating": "10",
    "date": "13.05.27"
  },
  {
    "review_id": "7558168",
    "movie_id": "100399",
    "author": "gss3****",
    "review": "보는내내 광대 승천하게하는 신하균의 로코연기!이게 마흔살에 가능한 연기력이란 말입니까?그의 연기의 한계는 어디까지인가요항상 기대하게되는 배우입니다^^",
    "rating": "10",
    "date": "13.05.27"
  },
  {
    "review_id": "7558139",
    "movie_id": "100399",
    "author": "rain****",
    "review": "아내의유혹이 40%를 찍는 시청률은 어차피 작품성과는 무관하다. 내연모는 극본 연출 연기  그 어느것도 하나 빠지지 않는 최고의 드라마!",
    "rating": "10",
    "date": "13.05.27"
  },
  {
    "review_id": "7558083",
    "movie_id": "100399",
    "author": "caw0****",
    "review": "시청률로만 평가할 수 없는 웰메이드 드라마.내연모는 생방촬영을 잊게 만들 정도로 대본부터 연출, 연기, 편집에 심지어 배경음악까지 완벽한 드라마이다.로코  장르를 즐기지 않는 나같은 시청자들도 오글거림없이 매 회 설렘 가득하게 볼 수 있는!!",
    "rating": "10",
    "date": "13.05.27"
  },
  {
    "review_id": "7558063",
    "movie_id": "100399",
    "author": "doye****",
    "review": "내 인생 최고의 로코bb",
    "rating": "10",
    "date": "13.05.27"
  },
  {
    "review_id": "7557952",
    "movie_id": "100399",
    "author": "jimn****",
    "review": "신하균 너무 멋지다.... 미소가 완전 아름다운 하균신 ㅠㅠ이민정하고도 잘어울리고 내인생 최고의 로코~",
    "rating": "10",
    "date": "13.05.27"
  },
  {
    "review_id": "7557559",
    "movie_id": "100399",
    "author": "kesk****",
    "review": "초중반부의 기발함과 신선함은 전부 어디로가고 진부하고 시시하고 흔한 연애드라마로 전락해 버렸음. 고질적인 한국드라마의 한계.",
    "rating": "7",
    "date": "13.05.27"
  },
  {
    "review_id": "7557528",
    "movie_id": "100399",
    "author": "thfk****",
    "review": "하...최고!",
    "rating": "10",
    "date": "13.05.27"
  },
  {
    "review_id": "7554382",
    "movie_id": "100399",
    "author": "jiyo****",
    "review": "그냥 쩔어..",
    "rating": "10",
    "date": "13.05.25"
  },
  {
    "review_id": "7554001",
    "movie_id": "100399",
    "author": "qkrd****",
    "review": "완벽함.",
    "rating": "10",
    "date": "13.05.25"
  },
  {
    "review_id": "7553435",
    "movie_id": "100399",
    "author": "roro****",
    "review": "저에게  있어서  최고의  로코입니다!",
    "rating": "10",
    "date": "13.05.25"
  }
]