[
  {
    "review_id": "8529784",
    "movie_id": "100321",
    "author": "oshn****",
    "review": "호주 배우 멜리사 배우~트라이앵글에서 연기 정말 잘하고 재밌게 봤었는데영국 스릴러 드라마를 찍었다니 헤헤헤...이것도 역시 재밌게 잘봄~",
    "rating": "8",
    "date": "14.02.22"
  },
  {
    "review_id": "7899442",
    "movie_id": "100321",
    "author": "quui****",
    "review": "멜리사 조지의  매력적  연기",
    "rating": "10",
    "date": "13.08.18"
  },
  {
    "review_id": "7823560",
    "movie_id": "100321",
    "author": "ahph****",
    "review": "모래시계의 정체는 밝히지 않고 어물쩡 끝내는 것은 무슨 꿍꿍이란 말인가.다음시즌 낼걸 생각한건지 모르겠다만 결말이 개운하지 않다.",
    "rating": "6",
    "date": "13.08.02"
  }
]