[
  {
    "review_id": "10218012",
    "movie_id": "100303",
    "author": "ekdu****",
    "review": "항상 아쉽기만 하다...",
    "rating": "9",
    "date": "15.08.11"
  },
  {
    "review_id": "10015535",
    "movie_id": "100303",
    "author": "rd72****",
    "review": "속살을 담아내는 척 고도로 까는 지능적인 다큐!",
    "rating": "5",
    "date": "15.06.20"
  },
  {
    "review_id": "9914164",
    "movie_id": "100303",
    "author": "trut****",
    "review": "an48_세상은 내계획 내소망대로 움직이지 않는다_약간의 싫은소리와 호통으로 눈물흘리고 갈등하고 심지어 이탈까지.. 그런 마인드로 성공이라는 이름을 부르지 말라_가식이 아닌 노력.인내하는 긍정적 몇사람이 보인다_탈퇴한다고주절거린그녀는탈퇴후왜복귀?",
    "rating": "7",
    "date": "15.05.13"
  },
  {
    "review_id": "9905526",
    "movie_id": "100303",
    "author": "just****",
    "review": "솔직히 영상자체는 허접함. 근데 나뮤 데뷔시절에 대해 궁금한 사람이면 볼만할듯",
    "rating": "9",
    "date": "15.05.09"
  },
  {
    "review_id": "9864210",
    "movie_id": "100303",
    "author": "yuns****",
    "review": "Gun 보고 처음으로 덕질한게 나인뮤지스다. 에이핑크 걸스데이 AOA 하나씩 뜨는데 아직도 이렇다 할 결과가 없지만 끝까지 믿고 기다릴란다..",
    "rating": "10",
    "date": "15.04.24"
  },
  {
    "review_id": "9788682",
    "movie_id": "100303",
    "author": "shar****",
    "review": "세라누나보고시퍼ㅜㅜㅜ",
    "rating": "10",
    "date": "15.03.17"
  },
  {
    "review_id": "9782224",
    "movie_id": "100303",
    "author": "ffal****",
    "review": "가장 재능이 많았던 세라까지 탈퇴 ㅠㅠ 어휴 스타제국은 인재를 볼 줄을 모르는듯;",
    "rating": "10",
    "date": "15.03.14"
  },
  {
    "review_id": "9769165",
    "movie_id": "100303",
    "author": "sens****",
    "review": "재미없다 뭘보고 재밌다고 평점이 이리높아",
    "rating": "2",
    "date": "15.03.09"
  },
  {
    "review_id": "9749937",
    "movie_id": "100303",
    "author": "zard****",
    "review": "사실을 바탕으로 한 이야기.. 너무 담담하게 담아서 가슴 시리다.",
    "rating": "10",
    "date": "15.03.01"
  },
  {
    "review_id": "9702949",
    "movie_id": "100303",
    "author": "soal****",
    "review": "나뮤내가사랑해ㅠㅠㅠㅠ",
    "rating": "10",
    "date": "15.02.16"
  },
  {
    "review_id": "9695282",
    "movie_id": "100303",
    "author": "tazz****",
    "review": "스타제국 마인드가  쓰레기임.",
    "rating": "7",
    "date": "15.02.14"
  },
  {
    "review_id": "9683272",
    "movie_id": "100303",
    "author": "zha0****",
    "review": "진짜 과거도 현재도 이런 대우를 받을 애들이 아닌데ㅠㅠ 팬이지만 볼때마다 안타까운 그룹.. 나뮤 흥하자!!",
    "rating": "10",
    "date": "15.02.09"
  },
  {
    "review_id": "9633102",
    "movie_id": "100303",
    "author": "sugi****",
    "review": "빛과 어둠의 공존이랄까...",
    "rating": "10",
    "date": "15.01.25"
  },
  {
    "review_id": "9626929",
    "movie_id": "100303",
    "author": "with****",
    "review": "세라가 정말 노력파 인건 알았지만 초창기에 나뮤 사이에서도 많은 다툼을 보면서 좀 가슴이 찡했다 리더 자리를 물러서야 함과 현재의 탈퇴까지 ...",
    "rating": "10",
    "date": "15.01.23"
  },
  {
    "review_id": "9623897",
    "movie_id": "100303",
    "author": "ilm8****",
    "review": "세라의 인생극장였다 3살많은 라나언니부터 4살어린 혜미와민하까지 혼자서 다이끌기힘들었을텐데 나중에 라나로 리더가 바뀐기했지만 실지적으론 거의 세라가 리더로 한격",
    "rating": "10",
    "date": "15.01.22"
  },
  {
    "review_id": "9614298",
    "movie_id": "100303",
    "author": "mice****",
    "review": "나인뮤지스 특히 세라팬이라면 꽤 볼만함. 그다지 매끄럽게 성공하지 못한 걸그룹이지만 다큐를 통해 애잔함을 정말 여과없이 현실적으로 잘 보여줌. 아이돌과 기획사와 연습생들의 현주소랄까.. 그런느낌도",
    "rating": "7",
    "date": "15.01.19"
  },
  {
    "review_id": "9608518",
    "movie_id": "100303",
    "author": "hysn****",
    "review": "다큐와 다큐관련 이학준씨 책까지 봤습니다. 다큐보고 책을 봤는데 목적은 kpop의 어두운 면을 드러낸다였지만 다큐보단 책이 그 목적을 착실히 해낸듯. 팬도아닌 제3자로써 감상은 충격이라 불러야하나 그러긴 싫고 어떻게 표현해야 할지도 모르는 벙어리상태.",
    "rating": "8",
    "date": "15.01.18"
  },
  {
    "review_id": "9534495",
    "movie_id": "100303",
    "author": "jess****",
    "review": "류세라 제 여잔데요..?",
    "rating": "10",
    "date": "14.12.29"
  },
  {
    "review_id": "9475051",
    "movie_id": "100303",
    "author": "bsb2****",
    "review": "세라야  저 영화의 엔딩은 해피엔딩이 아니지만 앞으로 너의 앞날엔 반드시 빛이 있을꺼다",
    "rating": "10",
    "date": "14.12.14"
  },
  {
    "review_id": "9459764",
    "movie_id": "100303",
    "author": "hbh9****",
    "review": "진짜 그리운 나뮤의 완전체가 보고싶게 만드는 영화이자 슬픔과 감동이...",
    "rating": "10",
    "date": "14.12.09"
  },
  {
    "review_id": "9458406",
    "movie_id": "100303",
    "author": "llkj****",
    "review": "못뜬다고하지말고 노래로승부를하세요",
    "rating": "1",
    "date": "14.12.08"
  },
  {
    "review_id": "9435660",
    "movie_id": "100303",
    "author": "kdoo****",
    "review": "군대있을때 음악프로에서 본 나이뮤지스와 제대하고 다큐로볼떄의 나인뮤지스는 정말 다르구나 가슴이아프다....",
    "rating": "10",
    "date": "14.11.30"
  },
  {
    "review_id": "9404221",
    "movie_id": "100303",
    "author": "slam****",
    "review": "고마워여 나뮤애기들아",
    "rating": "10",
    "date": "14.11.20"
  },
  {
    "review_id": "9380249",
    "movie_id": "100303",
    "author": "tree****",
    "review": "나뮤 화이팅 진짜 여자 아이돌 중에서도 제일 좋아해요 세라언니 은지언니 현주언니 지금은 없지만 진짜 수고 많으셨구요 지금 있는 멤버들도 앞으로 나뮤 잘 이끌어줬으면 좋겠습니다!!",
    "rating": "10",
    "date": "14.11.13"
  },
  {
    "review_id": "9370990",
    "movie_id": "100303",
    "author": "rudd****",
    "review": "팬이기에 이 영화를 보러 갔고 대충 아는 내용임에도 보면서 참 마음이 아팠다. 분명 비슷한 버전으로 다섯 번은 족히 봤었는데도 현 케이팝 시장의 적나라한 실태와 환경이 다시금 느껴진다. 단지 노력만으론 성공할 수 없는 것이 현실이다. 변화가 필요하다.",
    "rating": "10",
    "date": "14.11.11"
  },
  {
    "review_id": "9366030",
    "movie_id": "100303",
    "author": "minh****",
    "review": "대한민국 케이팝의 현실",
    "rating": "10",
    "date": "14.11.10"
  },
  {
    "review_id": "9365210",
    "movie_id": "100303",
    "author": "suk5****",
    "review": "너무슬펐다 ㅠㅠ내가다눈물이나고 아이돌의숨겨진모습을 보게되었다 나뮤는빵떴으면좋겠는데ㅠㅠ원년맴버가많이그립기도하다 너무아까운그룹인데 ㅠㅠㅠ",
    "rating": "10",
    "date": "14.11.10"
  },
  {
    "review_id": "9326741",
    "movie_id": "100303",
    "author": "1253****",
    "review": "아이돌의 화려함 뿐이 아니라 어두운면을 보여주는 영화",
    "rating": "10",
    "date": "14.10.29"
  },
  {
    "review_id": "9326638",
    "movie_id": "100303",
    "author": "time****",
    "review": "혼자는 전부라서 힘들고, 여럿은 부분이라서 힘드네.",
    "rating": "9",
    "date": "14.10.29"
  },
  {
    "review_id": "9325358",
    "movie_id": "100303",
    "author": "bear****",
    "review": "너무 불쌍하다 ;; 아이돌 되기 쉬울거라 생각한적은 없지만 진짜 이건아닌거 같다. 소속사 인간들 하는 태도가 정말 맘에안든다",
    "rating": "7",
    "date": "14.10.28"
  },
  {
    "review_id": "9324468",
    "movie_id": "100303",
    "author": "wldu****",
    "review": "꼭보센bbbb!!!",
    "rating": "10",
    "date": "14.10.28"
  },
  {
    "review_id": "9315244",
    "movie_id": "100303",
    "author": "grip****",
    "review": "이 영화를 열심히 보았다면 이 영화가 세라를 위한 헌정 영화라는 것을 알 수 있다. 하지만 이 영화를 정말 제대로 보았다면 세라도 결국 똑같다는 것을 알 수 있다.",
    "rating": "10",
    "date": "14.10.25"
  },
  {
    "review_id": "9313952",
    "movie_id": "100303",
    "author": "korn****",
    "review": "찍고싶은 것이 무엇인지, 혹은 찍어놓은 것이 무엇을 의미하는지 찾아내지 못하고 방황한다. 신선한 시도 그 자체로 만족하기 힘들다.",
    "rating": "4",
    "date": "14.10.24"
  },
  {
    "review_id": "9311271",
    "movie_id": "100303",
    "author": "pmg0****",
    "review": "보면서 여러 생각이 드는 작품입니다",
    "rating": "8",
    "date": "14.10.23"
  },
  {
    "review_id": "9310858",
    "movie_id": "100303",
    "author": "jini****",
    "review": "이게 세상이고 이게 현실이고... 꿈과 현실의 갭이 너무 크다.",
    "rating": "10",
    "date": "14.10.23"
  },
  {
    "review_id": "9309316",
    "movie_id": "100303",
    "author": "chen****",
    "review": "우리가 상상했던 아이돌 데뷰 모습 그대로지만 역시 상상하는것과 실제로 보는것은 전혀 다른 문제네요한번쯤은 볼만한 다큐였던것 같습니다.",
    "rating": "8",
    "date": "14.10.23"
  },
  {
    "review_id": "9308564",
    "movie_id": "100303",
    "author": "kims****",
    "review": "가수는 기본적으로 노래실력이있어야 된다고 생각한다 근데 이다큐를보면 가수를 만드는게 맞는지 의심된다",
    "rating": "1",
    "date": "14.10.23"
  },
  {
    "review_id": "9307684",
    "movie_id": "100303",
    "author": "dktm****",
    "review": "아이돌에 관한 문제만은 아닌 것 같아서 더 마음이 아프다. 나인 뮤지스를 몰라도 충분히 볼 수 있는 다큐.",
    "rating": "10",
    "date": "14.10.22"
  },
  {
    "review_id": "9307286",
    "movie_id": "100303",
    "author": "mthe****",
    "review": "제가 느끼기엔'스타제국' 소속사 스태프들. 일방적으로 여린 여자 아이돌 갈구는 표현들이 언어폭력 수준이네요. 70~80년대 회사도 아니고. 꼭 그런 언어로 갈궈야되는지 소속사 리더십이 아쉽네요. SM, YG도 그런 분위기인지 궁금하네요.",
    "rating": "9",
    "date": "14.10.22"
  },
  {
    "review_id": "9306991",
    "movie_id": "100303",
    "author": "slim****",
    "review": "진솔한 이야기 볼 수 있어 좋았다영화가 끝나고 세라를 응원하게 되었지만 세라는 더이상 나뮤에 없다",
    "rating": "8",
    "date": "14.10.21"
  },
  {
    "review_id": "9306589",
    "movie_id": "100303",
    "author": "nwto****",
    "review": "다큐는 그냥평범. 근데 노래들은 진짜 못부른다.ㅋㅋ 이런애들이 가수한다는거 자체가 나라망신 ㅋㅋ 트레이닝기간이 보통짧음3년이상이라는데 진짜임? 수준들봐서는 초.중딩애들이 한달동안 집중적으로 빡시게해도 그보단 나을거같은데 ㅋ",
    "rating": "5",
    "date": "14.10.21"
  },
  {
    "review_id": "9306093",
    "movie_id": "100303",
    "author": "krad****",
    "review": "여러 생각을 하게 만드는, 여운있는 잘 만든 다큐.",
    "rating": "8",
    "date": "14.10.21"
  },
  {
    "review_id": "9304013",
    "movie_id": "100303",
    "author": "hall****",
    "review": "눈에 보이는게 다가 아니다",
    "rating": "10",
    "date": "14.10.20"
  },
  {
    "review_id": "9302372",
    "movie_id": "100303",
    "author": "sunl****",
    "review": "근데 노래 너무못한다;;;",
    "rating": "1",
    "date": "14.10.19"
  },
  {
    "review_id": "9302079",
    "movie_id": "100303",
    "author": "rlaa****",
    "review": "영화를 보는 내내 숨통조이고 안타깝게만 느껴진다. 아이돌의 화려한 이면 뒤에 이렇게 힘든 과정이 있었다는걸 피부로 느끼는 순간이다. 편집 탓인지 왜이렇게 못한다고 부정적인 애기만 하는건지 보는 내가 더 답답할 지경.. 칭찬도 많이 해주지ㅠ",
    "rating": "10",
    "date": "14.10.19"
  },
  {
    "review_id": "9300930",
    "movie_id": "100303",
    "author": "yjhs****",
    "review": "진짜 예쁜줄 알았는데 민낮 정말 못봐줄 정도 .애들 몰골이 말이 아니다.다크서클에 피부톤은 칙칙하고 . 화장이 변장처럼 느껴질 정도.그래서 더 재밌게 봤다. 다 까놓고 알맹이를 보인 느낌?",
    "rating": "7",
    "date": "14.10.18"
  },
  {
    "review_id": "9300685",
    "movie_id": "100303",
    "author": "gotj****",
    "review": "다ㅋ최고네요 ㅎㅎㅎㅎ",
    "rating": "9",
    "date": "14.10.18"
  },
  {
    "review_id": "9298966",
    "movie_id": "100303",
    "author": "boyl****",
    "review": "마음 약한 아이들은 어느곳에서나 상처의 표적이 되는구나",
    "rating": "10",
    "date": "14.10.18"
  },
  {
    "review_id": "9298469",
    "movie_id": "100303",
    "author": "park****",
    "review": "살아간다는게 쉽지않다. 인간관계, 자기관리, 살면서닥치는 시련들.내가 보니까 회사 사장도 직원도 나인뮤지스도 모두 각자 위치에서 열심히 한거다.하지만 인간인이상 완벽할수없고, 오해가생기고 소통이 잘 안되고하니까 힘들어하더라. 가수도 직원도.",
    "rating": "10",
    "date": "14.10.17"
  },
  {
    "review_id": "9298257",
    "movie_id": "100303",
    "author": "dark****",
    "review": "평점 왜케 높냐  좀 깍자.",
    "rating": "1",
    "date": "14.10.17"
  },
  {
    "review_id": "9298178",
    "movie_id": "100303",
    "author": "mail****",
    "review": "세라를 위한 헌정다큐라는 거에 공감",
    "rating": "10",
    "date": "14.10.17"
  },
  {
    "review_id": "9297742",
    "movie_id": "100303",
    "author": "hw88****",
    "review": "아 스타제국... 애들만 불쌍하다. 똑같은 메뉴얼로 덤벼서 성적 안나오는게 애들 노력탓인가..",
    "rating": "10",
    "date": "14.10.17"
  },
  {
    "review_id": "9296922",
    "movie_id": "100303",
    "author": "dake****",
    "review": "나인뮤지스 의 노력과 열정 그리고 감동을 느꼈다. 정말 잘 만들어진 영화인것 같다.",
    "rating": "10",
    "date": "14.10.16"
  },
  {
    "review_id": "9296457",
    "movie_id": "100303",
    "author": "lim7****",
    "review": "짠한 마음이 있다.. 모두 흥하기를",
    "rating": "10",
    "date": "14.10.16"
  },
  {
    "review_id": "9289681",
    "movie_id": "100303",
    "author": "kimh****",
    "review": "k-pop, 아이돌을 좋아하고 관심이 있다면 꼭 봐야할 다큐",
    "rating": "9",
    "date": "14.10.13"
  },
  {
    "review_id": "9289181",
    "movie_id": "100303",
    "author": "ajmy****",
    "review": "꿈만으로는 안된다 나뮤뿐 아니라 우리에게도 반영되는 심오한 말~ 좋은 스팩에 조건에 맞는 경쟁력이 만들어지면서 치열해지고 살기힘든것이 현실이다 경쟁에 뛰어들거나 창조하거나 각자의 영역에서 성공이라 보단 맴버들의인생에 행복을 이어가길 진심으로 바랍니다",
    "rating": "9",
    "date": "14.10.13"
  },
  {
    "review_id": "9281398",
    "movie_id": "100303",
    "author": "hero****",
    "review": "다른 잘 나가는 그룹 소속사와 전혀 다른 인프라에서 자기 소속사 그룹이 잘 나가길 바라는 한 소속사의 안일함을 알 수 있었던 다큐",
    "rating": "10",
    "date": "14.10.10"
  },
  {
    "review_id": "9270565",
    "movie_id": "100303",
    "author": "mins****",
    "review": "고생들많다 . 쟤들뿐만아니라 모든 아이돌들을 대변한다는  맘으로 감상했다 .",
    "rating": "10",
    "date": "14.10.06"
  },
  {
    "review_id": "9270249",
    "movie_id": "100303",
    "author": "yele****",
    "review": "솔직히다큐라고해서 재미없을줄만알았는데 생각보다재밌고시간도빨리가고 뒷이야기도 나왔으면좋겠네요!!나인뮤지스팬이라면한번쯤 꼭보세요!! 혼자보면서눈물흘렸다는건안비밀ㅠㅠㅠ",
    "rating": "10",
    "date": "14.10.06"
  },
  {
    "review_id": "9266376",
    "movie_id": "100303",
    "author": "94hk****",
    "review": "대박ㅋㅋㄱ내꺼들이거머임ㅋㅋㅋ나방금암ㅋㅋㅋ무조건봐야지....대박나뮤영화냄?ㅠㅠㅠ사랑해내꺼들...♥♥♥♡♡♡♥♥♥",
    "rating": "10",
    "date": "14.10.05"
  },
  {
    "review_id": "9264343",
    "movie_id": "100303",
    "author": "wnel****",
    "review": "단순히 나인뮤지스 팬이라서가 아니라 한국에서 아이돌로 살아간다는 것의 현실을 보여주는 것 같은 작품",
    "rating": "10",
    "date": "14.10.04"
  },
  {
    "review_id": "9263618",
    "movie_id": "100303",
    "author": "kiwi****",
    "review": "두번째 관람했습니다 아이돌 다큐에 대한 한계점이 참 많았을텐대 감독님께서 솔직담백하게 연출해주신것 같습니다 잘 봤습니다",
    "rating": "10",
    "date": "14.10.04"
  },
  {
    "review_id": "9252497",
    "movie_id": "100303",
    "author": "486s****",
    "review": "먼가 씁쓸함이 느껴짐. 팬으로서 이전의 나인뮤지스가 많이 그리워지네요",
    "rating": "8",
    "date": "14.10.01"
  },
  {
    "review_id": "9252346",
    "movie_id": "100303",
    "author": "ppsm****",
    "review": "솔직히 말씀 드리면 전 이걸 보진 않았습니다.근데 후기를 보고 망플보라 불리는 노플보를 들어보니 얼마나 세라가 눈물과 땀이 녹아있는 노랜지 알게됐습니다.",
    "rating": "10",
    "date": "14.10.01"
  },
  {
    "review_id": "9251834",
    "movie_id": "100303",
    "author": "alth****",
    "review": "아이돌 제작과정에 초점이 맞춰져있다고 생각할지 모르겠지만 영화 자체가 던지는 메시지는 매우 심오하고 무거움 나인뮤지스를 모른다고 해도 불안정한 미래를 가지고 있는 사람이라면 아이돌의 얘기로만 다가오지는 않을 것",
    "rating": "10",
    "date": "14.10.01"
  },
  {
    "review_id": "9251108",
    "movie_id": "100303",
    "author": "sorh****",
    "review": "정말 재밋어요 꼭 보세요 진짜",
    "rating": "10",
    "date": "14.09.30"
  },
  {
    "review_id": "9250938",
    "movie_id": "100303",
    "author": "dlsg****",
    "review": "나뮤 짱짱걸!!!♡♡♡",
    "rating": "10",
    "date": "14.09.30"
  },
  {
    "review_id": "9250786",
    "movie_id": "100303",
    "author": "asah****",
    "review": "개인적으로 나뮤 팬이라 팬심으로 보긴했지만, 참 대한민국에서 아이돌로 살아가야한다는게 얼마나 힘든건지 다시한번 일깨워준 다큐였다. 감수성이 풍부한 사람이라면 꽤 많은장면에서 눈물을 보일 것 같다.",
    "rating": "9",
    "date": "14.09.30"
  },
  {
    "review_id": "9250539",
    "movie_id": "100303",
    "author": "ljh9****",
    "review": "나뮤나뮤 출동~ 항상 응원합니다.",
    "rating": "10",
    "date": "14.09.30"
  },
  {
    "review_id": "9250522",
    "movie_id": "100303",
    "author": "ajm9****",
    "review": "아이돌이란 타이틀을 따기위해 얼마나 힘든 과정이 필요한지 보여주는 다큐",
    "rating": "10",
    "date": "14.09.30"
  },
  {
    "review_id": "9250268",
    "movie_id": "100303",
    "author": "shin****",
    "review": "세라를 위한 헌정다큐... 보고나면 씁슬함",
    "rating": "7",
    "date": "14.09.30"
  },
  {
    "review_id": "9249674",
    "movie_id": "100303",
    "author": "ahyo****",
    "review": "나뮤 팬이라면 반드시 봐야하는 영화입니다..",
    "rating": "10",
    "date": "14.09.29"
  },
  {
    "review_id": "9249225",
    "movie_id": "100303",
    "author": "typh****",
    "review": "나인뮤지스팬이 아닌 한국음악팬이라면 볼 가치있는 영화!",
    "rating": "10",
    "date": "14.09.29"
  },
  {
    "review_id": "9249042",
    "movie_id": "100303",
    "author": "dbsw****",
    "review": "아이돌의 또 다른 이면을 보게 된 영화.",
    "rating": "6",
    "date": "14.09.29"
  },
  {
    "review_id": "9248653",
    "movie_id": "100303",
    "author": "nuj0****",
    "review": "처음엔 그냥, 아.. 회사고 애들이고 다 힘들구나 싶더라. 보던도중에는 쟤들이 근데 정말 저렇게 까지 죽어라 해야되나? 싶다가도 왜 더 열심히 안해? 하다가 그냥 죽자 싶다. 스타 라는 후광 뒤에 너무 큰 그림자가 있어",
    "rating": "8",
    "date": "14.09.29"
  },
  {
    "review_id": "9247915",
    "movie_id": "100303",
    "author": "jyj2****",
    "review": "소속사 잘못 만난게 참 아쉽다..",
    "rating": "10",
    "date": "14.09.29"
  },
  {
    "review_id": "9245204",
    "movie_id": "100303",
    "author": "save****",
    "review": "문친인데요 얘뜰아 사랑해",
    "rating": "10",
    "date": "14.09.27"
  },
  {
    "review_id": "9241974",
    "movie_id": "100303",
    "author": "ko92****",
    "review": "경리경리 뿌뿌뿡 경리짱짱걸",
    "rating": "10",
    "date": "14.09.26"
  },
  {
    "review_id": "9240616",
    "movie_id": "100303",
    "author": "534k****",
    "review": "제작 이유가 뭔지?..",
    "rating": "5",
    "date": "14.09.25"
  },
  {
    "review_id": "9240519",
    "movie_id": "100303",
    "author": "komm****",
    "review": "대중앞에서는 항상 웃는아이돌의 어둡고 삭막한 이면을 보여주는 다큐.",
    "rating": "10",
    "date": "14.09.25"
  },
  {
    "review_id": "9240465",
    "movie_id": "100303",
    "author": "qras****",
    "review": "공개버전을 팬이어서 봤지만 너무나도 멋진 다큐였다",
    "rating": "10",
    "date": "14.09.25"
  },
  {
    "review_id": "9240421",
    "movie_id": "100303",
    "author": "atnh****",
    "review": "이런걸 왜만드는지 이해가안간다",
    "rating": "1",
    "date": "14.09.25"
  },
  {
    "review_id": "9239183",
    "movie_id": "100303",
    "author": "roff****",
    "review": "???? 홀....,",
    "rating": "5",
    "date": "14.09.25"
  }
]