[
  {
    "review_id": "10136754",
    "movie_id": "100356",
    "author": "dela****",
    "review": "이송희일 이분은 마지막 장면을위해서 퀴어영화만드시는 듯",
    "rating": "5",
    "date": "15.07.24"
  },
  {
    "review_id": "9958912",
    "movie_id": "100356",
    "author": "drem****",
    "review": "왜 네이버에 이게 떠있나",
    "rating": "1",
    "date": "15.05.29"
  },
  {
    "review_id": "9940078",
    "movie_id": "100356",
    "author": "maba****",
    "review": "중이병 감독때문에 배우들이 고생이 많다",
    "rating": "2",
    "date": "15.05.23"
  },
  {
    "review_id": "9911414",
    "movie_id": "100356",
    "author": "lin6****",
    "review": "기태로 나오신 분 연기 처음이라던데 힘들었을듯 해요. 하지만 좋았어요 연기. 사람의 감정을 벼랑 끝 절벽으로 몰고가는 감독님의 결연함이 존경스럽습니다. 이런 엔딩은 이성애의 틀에서는 불가능해 보이는지라 더 가슴아팠네요. 음악이 소름끼치게 좋았습니다.",
    "rating": "10",
    "date": "15.05.11"
  },
  {
    "review_id": "9472897",
    "movie_id": "100356",
    "author": "rois****",
    "review": "연기잘한다 배신자와의 마지막 이별이야기",
    "rating": "5",
    "date": "14.12.14"
  },
  {
    "review_id": "9304124",
    "movie_id": "100356",
    "author": "thin****",
    "review": "신경림의 ‘농무’를 닮은 기태의 마지막 춤사위",
    "rating": "7",
    "date": "14.10.20"
  },
  {
    "review_id": "9287584",
    "movie_id": "100356",
    "author": "gpgp****",
    "review": "구구절절하네요.. 저런사람들 많아요. 자신의 성적 욕망으로만 취급하다 저렇게 헌신짝처럼 버리는 사람들.. 게이가 무슨 육변기 인가요?",
    "rating": "6",
    "date": "14.10.12"
  },
  {
    "review_id": "9261610",
    "movie_id": "100356",
    "author": "mins****",
    "review": "Ost가 영화와 잘 어울린 것 같다.",
    "rating": "9",
    "date": "14.10.04"
  },
  {
    "review_id": "9257575",
    "movie_id": "100356",
    "author": "dleh****",
    "review": "진짜 대박인 것 같습니다.계속해서 생각나게하고 생각하게 하는 것 같습니다. 난 신나게 춤추며 살거다란 대사는 잊혀지지 않을 것 같습니다. 좋은 영화 감사합니다.",
    "rating": "10",
    "date": "14.10.03"
  },
  {
    "review_id": "9247683",
    "movie_id": "100356",
    "author": "noon****",
    "review": "구성과 연기 모든것이 너무나 인상적인 영화다.",
    "rating": "10",
    "date": "14.09.28"
  },
  {
    "review_id": "9212607",
    "movie_id": "100356",
    "author": "clea****",
    "review": "라스트신이 잊혀지지않는다",
    "rating": "10",
    "date": "14.09.14"
  },
  {
    "review_id": "9153318",
    "movie_id": "100356",
    "author": "sssy****",
    "review": "한국 퀴어영화는 짧지만 굵은거같습니다 저는..",
    "rating": "10",
    "date": "14.09.01"
  },
  {
    "review_id": "9143551",
    "movie_id": "100356",
    "author": "tjgk****",
    "review": "대박이다....연기 왜이렇게 잘하지?...보는내내 너무 몰입했다..;",
    "rating": "10",
    "date": "14.08.29"
  },
  {
    "review_id": "8941587",
    "movie_id": "100356",
    "author": "hran****",
    "review": "ㅠㅠ... 영화가 정말이지.. 여운이 지독하다...마지막 장면이 자꾸 머릿속에 맴돈다. 잔뜩 울상진 얼굴로 눈물을 흘리며 노을진 터널에서 자극적인 큰 음악에 처절해보여 더 슬픈 몸짓의 춤을 추는 그 모습이 ... ㅠㅠ",
    "rating": "9",
    "date": "14.07.23"
  },
  {
    "review_id": "8848271",
    "movie_id": "100356",
    "author": "4561****",
    "review": "잘 봤습니다 ♥♥기태역 하신분 제스탈 ..♥",
    "rating": "10",
    "date": "14.06.22"
  },
  {
    "review_id": "8465300",
    "movie_id": "100356",
    "author": "love****",
    "review": "이송희일은 천재다. 난 게이이다. 난 게이로서 이런 아름다운 영화를 만들어준 이송희일에게 감사한다.",
    "rating": "10",
    "date": "14.02.02"
  },
  {
    "review_id": "8394986",
    "movie_id": "100356",
    "author": "igua****",
    "review": "탈영을 하면서까지 그것도 말년병장이...놓을수없는 감정이란?",
    "rating": "10",
    "date": "14.01.18"
  },
  {
    "review_id": "8385845",
    "movie_id": "100356",
    "author": "bbq2****",
    "review": "말하지 않아도 구태여 설명하지 않아도 느껴지는 것들",
    "rating": "7",
    "date": "14.01.16"
  },
  {
    "review_id": "8131337",
    "movie_id": "100356",
    "author": "mcwe****",
    "review": "정말 가슴이 시리고 아린 영화.",
    "rating": "9",
    "date": "13.11.11"
  },
  {
    "review_id": "8103326",
    "movie_id": "100356",
    "author": "nars****",
    "review": "호기심으로 봤다.. 남자들의 이런 세상.. 알고 싶지 않았는데... 이젠 이런 감정까지 이해하며 살아야 하나?  사람사이의 감정이 참 복잡하다.. 그 감정을 다 이해하며 살수는 없는거라 생각하렵니다.. 암튼, 잘 만든 영화인건 분명하네요..",
    "rating": "9",
    "date": "13.10.31"
  },
  {
    "review_id": "8014432",
    "movie_id": "100356",
    "author": "stdi****",
    "review": "기대 안하고 봤는데 꽤 괜찮았던 영화. 기태역은 이게 데뷔작이라니 깜짝 놀랐네요. 연기 정말 좋았습니다.",
    "rating": "8",
    "date": "13.09.24"
  },
  {
    "review_id": "7909420",
    "movie_id": "100356",
    "author": "dhaj****",
    "review": "배우들의 실감나는 연기와, 현실과 아스트랄을 오가는  연출   마지막 엔딩씬은 오래도록 기억에 남았다.",
    "rating": "9",
    "date": "13.08.21"
  },
  {
    "review_id": "7738167",
    "movie_id": "100356",
    "author": "kis5****",
    "review": "휴~~~앞스토리도 그렇구 똑같잖어.한놈은 싫다구 내빼구 한놈은 좋다구 들러붙구 ㅋ 음악들은 하나같이 왜그런지. 게이들 취향인가? 경례 휴~~~ 허접한 게이영화.",
    "rating": "2",
    "date": "13.07.14"
  },
  {
    "review_id": "7651669",
    "movie_id": "100356",
    "author": "peac****",
    "review": "더러움을 봐야할게 아닌, 순수함과 말하고자 하는것을 느껴야 할것",
    "rating": "7",
    "date": "13.06.17"
  },
  {
    "review_id": "7633828",
    "movie_id": "100356",
    "author": "lim7****",
    "review": "현실과 마주하기엔 너무 무서워져버린 현실. 아직은 순수한 청년과 현실앞에 순수함을 잊고 사는 청년이 너무 안따갑다. 터널속 엔딩장면이 한참을 멍하게 만들지만 떠나가는 그를 부르면 경례하는 장면에선 복받쳐오른다. 감독님 정말 잘봤습니다.",
    "rating": "10",
    "date": "13.06.13"
  },
  {
    "review_id": "7467445",
    "movie_id": "100356",
    "author": "pria****",
    "review": "맛은 느껴지지만..",
    "rating": "4",
    "date": "13.04.18"
  },
  {
    "review_id": "7349781",
    "movie_id": "100356",
    "author": "disk****",
    "review": "눈이 시릴정도로 강렬한 색감과 시각적으로 느껴지는 열기",
    "rating": "9",
    "date": "13.03.15"
  },
  {
    "review_id": "7322440",
    "movie_id": "100356",
    "author": "kay9****",
    "review": "잘 봤습니다",
    "rating": "10",
    "date": "13.03.03"
  },
  {
    "review_id": "7310818",
    "movie_id": "100356",
    "author": "oiuy****",
    "review": "기태가 너무 잘 생겼음. 게다가 마음에 와닿은 이야기. 미중부족은 결말이 이해 잘 안된다",
    "rating": "9",
    "date": "13.02.28"
  },
  {
    "review_id": "7287185",
    "movie_id": "100356",
    "author": "ghqk****",
    "review": "처음엔 이게 뭐하는 건가... 싶었는데. 여운이 엄청난 영화.",
    "rating": "8",
    "date": "13.02.21"
  },
  {
    "review_id": "7285655",
    "movie_id": "100356",
    "author": "ilil****",
    "review": "머리가 멍해진다,",
    "rating": "8",
    "date": "13.02.21"
  },
  {
    "review_id": "7285647",
    "movie_id": "100356",
    "author": "choc****",
    "review": "충분히 좋은 소재를 가졌는데도 불구하고 싸구려처럼 흘러가는 집착이 아쉬웠다.",
    "rating": "7",
    "date": "13.02.21"
  },
  {
    "review_id": "7277462",
    "movie_id": "100356",
    "author": "rael****",
    "review": "김재흥배우, 이게 첫작품이라니! 앞으로가 기대된다.",
    "rating": "10",
    "date": "13.02.18"
  },
  {
    "review_id": "7277302",
    "movie_id": "100356",
    "author": "timh****",
    "review": "단순한 다른 삶의 이야기일뿐... 이슈를 만들고 싶은건가... 그 두번째.",
    "rating": "3",
    "date": "13.02.17"
  },
  {
    "review_id": "7276834",
    "movie_id": "100356",
    "author": "dere****",
    "review": "첫번째 퀴어영화인 백야의 임팩트가 너무 강해서 이 작품은 사실 감흥이 별로 없었지만 마지막에 기태가 노래에 맞춰 춤추는 장면은 잊을 수가 없다.",
    "rating": "7",
    "date": "13.02.17"
  },
  {
    "review_id": "7276813",
    "movie_id": "100356",
    "author": "tnst****",
    "review": "너무 짧아서 아쉽다 배우들 연기도 잘하고 매력있네",
    "rating": "10",
    "date": "13.02.17"
  },
  {
    "review_id": "7275353",
    "movie_id": "100356",
    "author": "delp****",
    "review": "이렇게 섬세한 연기를 하는 두배우라니..",
    "rating": "9",
    "date": "13.02.17"
  },
  {
    "review_id": "7271406",
    "movie_id": "100356",
    "author": "love****",
    "review": "이송희일이 이렇게 세련 된 사람인 줄 오늘 처음 알았다.",
    "rating": "10",
    "date": "13.02.16"
  },
  {
    "review_id": "7269956",
    "movie_id": "100356",
    "author": "gsm9****",
    "review": "짧아서 너무 아쉬웠지만  씬들이 많이 강렬했다.",
    "rating": "9",
    "date": "13.02.16"
  },
  {
    "review_id": "7266316",
    "movie_id": "100356",
    "author": "egyp****",
    "review": "청승맞은 느낌의 배경음악...하지만 그 노래에 맞춰 터널안에서 춤추던 기태의 모습이 웬지 서글프다...짧지만 여운이 남는...남성퀴어...",
    "rating": "6",
    "date": "13.02.15"
  },
  {
    "review_id": "7260188",
    "movie_id": "100356",
    "author": "rkdt****",
    "review": "여태껏 본 영화 중에  super sexy한 배우들 비주얼도 최고였고 세련된 연출에 엔딩까지 버릴 게 없는 영화였음",
    "rating": "9",
    "date": "13.02.13"
  },
  {
    "review_id": "7257483",
    "movie_id": "100356",
    "author": "ffma****",
    "review": "현실을 부정한 준영, 현실을 인정한 기태.....기태가 나를 가슴 아프게 한다...",
    "rating": "10",
    "date": "13.02.12"
  },
  {
    "review_id": "7257041",
    "movie_id": "100356",
    "author": "wodn****",
    "review": "마지막 장면이 인상적.",
    "rating": "10",
    "date": "13.02.12"
  },
  {
    "review_id": "7200956",
    "movie_id": "100356",
    "author": "iys0****",
    "review": "강렬했던 엔딩. 계속 기억에 남아요",
    "rating": "10",
    "date": "13.01.31"
  },
  {
    "review_id": "7171844",
    "movie_id": "100356",
    "author": "ybun****",
    "review": "그나마 세연작중에서 가장 재미있었던작품",
    "rating": "10",
    "date": "13.01.25"
  },
  {
    "review_id": "6996213",
    "movie_id": "100356",
    "author": "vlyn****",
    "review": "다 필요없다 김재흥 배우님 당신이 짱 먹어라",
    "rating": "10",
    "date": "12.12.12"
  },
  {
    "review_id": "6986066",
    "movie_id": "100356",
    "author": "o_j_****",
    "review": "정말 한컷한컷 감독님의 의도가 베어있는 영화였어요...",
    "rating": "10",
    "date": "12.12.08"
  },
  {
    "review_id": "6985707",
    "movie_id": "100356",
    "author": "yhs4****",
    "review": "마지막 터널씬은 정말 최고의 명장면! <남매의 집>이후로 가장 강렬한 단편 영화였어요! 김재흥군의 연기가 정말 좋았던 것 같아요!",
    "rating": "10",
    "date": "12.12.08"
  },
  {
    "review_id": "6975594",
    "movie_id": "100356",
    "author": "mont****",
    "review": "재미있다 없다를 떠나서 올해 나의 최고의 영화다.",
    "rating": "10",
    "date": "12.12.05"
  },
  {
    "review_id": "6945641",
    "movie_id": "100356",
    "author": "jsmk****",
    "review": "결국은 진실도 외면하게되는 현실과 만나는 가슴아픈 사랑",
    "rating": "10",
    "date": "12.11.30"
  },
  {
    "review_id": "6923972",
    "movie_id": "100356",
    "author": "wjst****",
    "review": "둘의 과거를 보는내내 상상하게끔 하는 아름다운 영화. 자연배경이 보는 즐거움을 더해 좋았다.",
    "rating": "10",
    "date": "12.11.25"
  },
  {
    "review_id": "6920154",
    "movie_id": "100356",
    "author": "tnis****",
    "review": "너무 많이 던진다",
    "rating": "3",
    "date": "12.11.24"
  },
  {
    "review_id": "6911519",
    "movie_id": "100356",
    "author": "powe****",
    "review": "재밌어요",
    "rating": "10",
    "date": "12.11.22"
  },
  {
    "review_id": "6909759",
    "movie_id": "100356",
    "author": "chba****",
    "review": "경계선에 선 지독한 사랑!",
    "rating": "8",
    "date": "12.11.21"
  },
  {
    "review_id": "6909487",
    "movie_id": "100356",
    "author": "skyf****",
    "review": "한국 퀴어 영화를 보고 '한국 퀴어영화네?'가 아니라 '이 영화 좋다!' 이런 느낌은 처음이었다. 퀴어물인걸 떠나서 영화 자체가 너무 좋다.",
    "rating": "10",
    "date": "12.11.21"
  },
  {
    "review_id": "6908849",
    "movie_id": "100356",
    "author": "jane****",
    "review": "deja님 말씀에공감! 잊을수없는마지막장면, 전신환님은영화에서보다 실물이훨씬멋진것같습니다. 짧고강렬하며 애절하고 깊은 영화",
    "rating": "10",
    "date": "12.11.20"
  },
  {
    "review_id": "6905855",
    "movie_id": "100356",
    "author": "yj11****",
    "review": "지난여름,갑자기 보다는 훨씬 나음  여기선 뭐라 말하는지 알아듣겠다",
    "rating": "7",
    "date": "12.11.19"
  },
  {
    "review_id": "6902191",
    "movie_id": "100356",
    "author": "cher****",
    "review": "가슴을 뛰게하는 엔딩!",
    "rating": "10",
    "date": "12.11.18"
  },
  {
    "review_id": "6900875",
    "movie_id": "100356",
    "author": "aksk****",
    "review": "이런 퀴어영화는 지금껏 없었다. 짧고 강렬한 영화!  마지막  엔딩신은 뇌리에 깊이 박힌다. 신인 배우의 열연이 돋보인다.",
    "rating": "9",
    "date": "12.11.18"
  },
  {
    "review_id": "6899064",
    "movie_id": "100356",
    "author": "card****",
    "review": "음..........",
    "rating": "10",
    "date": "12.11.17"
  },
  {
    "review_id": "6898188",
    "movie_id": "100356",
    "author": "deja****",
    "review": "잊을 수 없는 마지막 장면..... 전신환님은 영화에서 보다 실물이 훨씬 멋지시네요.....   배경음악도 계속 기억나고...... 역시 마지막 춤추는 장면은 잊히지가 않아요.",
    "rating": "10",
    "date": "12.11.17"
  },
  {
    "review_id": "6894785",
    "movie_id": "100356",
    "author": "godt****",
    "review": "두 배우가 하나가 된 듯한 스토리진행과 연기.분명 어디선가는 저런 사랑이 꼭 있을 것만 같았던 영화마지막 삽입곡 '남쪽으로간다'가 매우 어울렸던... 하지만 마지막까지도 뭔가를 생각하게 하는 영화.",
    "rating": "9",
    "date": "12.11.16"
  },
  {
    "review_id": "6894063",
    "movie_id": "100356",
    "author": "gkdl****",
    "review": "잘 봤습니다.",
    "rating": "10",
    "date": "12.11.16"
  },
  {
    "review_id": "6893731",
    "movie_id": "100356",
    "author": "make****",
    "review": "배우들의 재발견. 마지막씬이 영화의 모든걸 말해주네요.잘봤습니다.",
    "rating": "10",
    "date": "12.11.16"
  },
  {
    "review_id": "6890348",
    "movie_id": "100356",
    "author": "phdo****",
    "review": "재발견  우 와",
    "rating": "10",
    "date": "12.11.15"
  },
  {
    "review_id": "6889275",
    "movie_id": "100356",
    "author": "alsw****",
    "review": "재밋네요ㅋ",
    "rating": "10",
    "date": "12.11.15"
  }
]