[
  {
    "review_id": "9686201",
    "movie_id": "100396",
    "author": "ske4****",
    "review": "전형적인 tv 전파낭비 프로그램",
    "rating": "1",
    "date": "15.02.11"
  },
  {
    "review_id": "9206610",
    "movie_id": "100396",
    "author": "ari1****",
    "review": "게스트만 잘 나오면 볼만한데 나중엔 섭외할 게스트가 없어서인가 나오는 게스트들이 별로더니 사라짐. 그래도 그리운 프로",
    "rating": "8",
    "date": "14.09.12"
  },
  {
    "review_id": "8476373",
    "movie_id": "100396",
    "author": "5cc9****",
    "review": "강호동씨 무리하고 있어요. 웃음 눈물 이슈를 만들기위해 너무 과도한 부분이 있습니다.",
    "rating": "6",
    "date": "14.02.05"
  },
  {
    "review_id": "7913395",
    "movie_id": "100396",
    "author": "pjej****",
    "review": "나름 챙겨봤던 프로이데...강호동씨 수고 많으셨어요 오늘김자옥편 재밌었네요. 다른 포로에서 다시 만나요^^",
    "rating": "8",
    "date": "13.08.23"
  },
  {
    "review_id": "7913348",
    "movie_id": "100396",
    "author": "kok4****",
    "review": "한참 보지 못했는데 우연찮게 채널 돌리다 무릎팍 도사를 보게됐네요..김자옥씨 말씀 정말 잘하신다 저 연세에 어찌 저리 귀여우실까.간만에 푹 빠져 보고있는데 오늘이 무릎팍 막방이러고하네요.마음이 뭉클하네요 강호동씨 수고하셨어요 더 멋진 모습 기대할께요",
    "rating": "10",
    "date": "13.08.23"
  },
  {
    "review_id": "7797601",
    "movie_id": "100396",
    "author": "prid****",
    "review": "ㅇ올밴 재편성때 광희한테 쫓겨나고 이번엔 유세윤 음주운전때매 쫓겨나고 ... 안타깝고 실망스러울뿐이다",
    "rating": "1",
    "date": "13.07.29"
  },
  {
    "review_id": "7796164",
    "movie_id": "100396",
    "author": "etzz****",
    "review": "전 재밋는데 시작할때부터 쭉밧어요 진짜좋아요 매주본방사수하고 잇고요 폐지안하면 좋겟어요 재밋는데 사람들은 해피투게더가 더좋나바요 무릎팍은 그출연자의 인생관이나 이런걸 보고 교훈을 얻을수잇는프로그램인데...",
    "rating": "10",
    "date": "13.07.29"
  },
  {
    "review_id": "7786484",
    "movie_id": "100396",
    "author": "dyki****",
    "review": "안그래도 강호동 감 떨어지고 억지 리액션에 질려버렸는데거기에 건도랑 올밴 나가니까 재미가 더 내려갈곳이 없네그냥 폐지가 답인듯",
    "rating": "1",
    "date": "13.07.26"
  },
  {
    "review_id": "7784915",
    "movie_id": "100396",
    "author": "sizz****",
    "review": "보좌할 새mc가 그렇게도 없는지... 팔은 않으로 굽는다고는 하지만 어떡게.. 3명다 같은 소속사를 쓰는지..  재미도 없고 감동도 없고... 모니터링은 하는지 모르겠군..",
    "rating": "1",
    "date": "13.07.25"
  },
  {
    "review_id": "7760019",
    "movie_id": "100396",
    "author": "illu****",
    "review": "올밴이 한번씩 터트려주는 재미가 있었는데..아쉽다...무릎팍 잘되길...",
    "rating": "1",
    "date": "13.07.19"
  },
  {
    "review_id": "7732260",
    "movie_id": "100396",
    "author": "aver****",
    "review": "재미없소 짜증만남..올밴도 아웃 시키고 발전없는 강호동에 이수근 그리고 누군지 이름은 생각안나는 인간까지 최악 조합이다.자리만 지키면 mc냐? 진화좀해라.",
    "rating": "1",
    "date": "13.07.13"
  },
  {
    "review_id": "7716930",
    "movie_id": "100396",
    "author": "minh****",
    "review": "성동일 가난한 과거 시절얘기하는데 강호동 계속웃으면서 장난치고몰입이안된다진짜.강호동이 국민엠씨??정말 공부많이해야겠다1점도아까움",
    "rating": "1",
    "date": "13.07.08"
  },
  {
    "review_id": "7707379",
    "movie_id": "100396",
    "author": "ji_y****",
    "review": "출연진 바뀌고나니까 별 1개도 후하다",
    "rating": "1",
    "date": "13.07.05"
  },
  {
    "review_id": "7705174",
    "movie_id": "100396",
    "author": "tidl****",
    "review": "이수근 너무 별로에요ㅜ  유세윤처럼좀 몬가 너무 가볍지 않고 적절히 분위기 맞춰주는분으로 뽑아주세요....아 진짜 강호동이랑 유세윤 점점맞아가고있었는대 왜 마가 음주운전 해버려가꼬 아 아쉬워진짜",
    "rating": "3",
    "date": "13.07.04"
  },
  {
    "review_id": "7687673",
    "movie_id": "100396",
    "author": "newa****",
    "review": "성동일씨 가족이야기 하는데 웃을준비하규 재미있는 이야기를 꺼내려고 유도하는 건 뭐지...???? 충분히 진솔한 이야기만으로도 진행해서 감동을 줄수있는데 너무 억지스러워 성동일씨가 정말 괜히 출연하신것 같았어요",
    "rating": "1",
    "date": "13.06.28"
  },
  {
    "review_id": "7684987",
    "movie_id": "100396",
    "author": "houn****",
    "review": "또 이수근..;;; 강호동, 이수근 조합 이젠 너무 지겹네요.둘이 너무 같이 나오니까 이게 그거같고. 프로그램 구분이안감...;",
    "rating": "1",
    "date": "13.06.27"
  },
  {
    "review_id": "7662172",
    "movie_id": "100396",
    "author": "lie_****",
    "review": "올밴 빼지맙시다 뭐하는짓입니까?유세윤씨는 어쩔수없지만무릎팍 지금 올밴 지분이 60%인거 몰라요?툭툭 던져주는 한마디 때문에 관심없는게스트 나와도 보는데...강호동씨의 진행능력과 올밴씨의 예능감은둘다 없어지면 안된다고 생각합니다",
    "rating": "1",
    "date": "13.06.21"
  },
  {
    "review_id": "7661704",
    "movie_id": "100396",
    "author": "gjpa****",
    "review": "원래딱히 무릎팍애청자도아니고 김제동 팬도아니지만 김재동아저씨나오니깐 너무 웃기고 재밌당.ㅎ 얼마만에 김제동님 덕분에 깔깔거리며 웃는지..",
    "rating": "10",
    "date": "13.06.21"
  },
  {
    "review_id": "7661649",
    "movie_id": "100396",
    "author": "msh1****",
    "review": "김재동까지 앉아있으니 경상도지역자체 예능방송처럼 허접스럽네. 아주 사투리 작렬들 하는 놈들만 앉혀놓고 그냥ㄱ그지역방송가서 해라.  폐지가답이다.강호동 목소리 정말듣기싫다",
    "rating": "1",
    "date": "13.06.21"
  },
  {
    "review_id": "7661304",
    "movie_id": "100396",
    "author": "pink****",
    "review": "올밴 안뺐으면 좋겟능데.. 에휴..",
    "rating": "8",
    "date": "13.06.20"
  },
  {
    "review_id": "7652342",
    "movie_id": "100396",
    "author": "sksw****",
    "review": "예전과 변함없는 무릎팍이지만.. 시간대가 너무 함. 쟁쟁한 프로들이 많아서 무릎팍이 죽는거임.. 시간대 를 개편하면 얼마나 좋을까..",
    "rating": "10",
    "date": "13.06.17"
  },
  {
    "review_id": "7638536",
    "movie_id": "100396",
    "author": "wlsd****",
    "review": "이제 강호동은 별로인듯",
    "rating": "1",
    "date": "13.06.14"
  },
  {
    "review_id": "7634917",
    "movie_id": "100396",
    "author": "bibl****",
    "review": "이수근 강호동 이젠 식상하다고 다들 생각 하지 않나.제작진만 모르나.일부러 폐지 할려고 하나.초심을 잊고 이수근 너무 말이 많다.본인이 메인 MC인줄 착각.예체능도 본방사수 안하는데 무릎팍도...",
    "rating": "1",
    "date": "13.06.13"
  },
  {
    "review_id": "7632351",
    "movie_id": "100396",
    "author": "mode****",
    "review": "고상한척 똥폼잡지 말고 일단 부담없이 재밌는 게스트를 좀 불러라.  유준상,성동일? 이수근? 억지로 껄껄 잼나는척은 하는데 예능으로는 어딘지 좀 부담스런 애들이잖아~",
    "rating": "3",
    "date": "13.06.13"
  },
  {
    "review_id": "7631829",
    "movie_id": "100396",
    "author": "rang****",
    "review": "사람 가지고 노는 무릎팍, 올밴땜에 더 잼난건데쌩뚱맞게 왠 이수근? 지겹고 질리고 식상하기까지!이제 안본다. 사람  개무시 해가며 입맛데로 잘랐다가 데려왔다 다시  자르면서 무슨 고민해결? 이제 무릎팍 폐지할때가  온듯~ㅂ2",
    "rating": "1",
    "date": "13.06.12"
  },
  {
    "review_id": "7630598",
    "movie_id": "100396",
    "author": "uncl****",
    "review": "이수근? ㅋㅋ 어우~~~이젠 이수근 성격...질려!점점 싫어져!이제 무릎팍 안봅니다.장동혁이건 뭐건...",
    "rating": "1",
    "date": "13.06.12"
  },
  {
    "review_id": "7629608",
    "movie_id": "100396",
    "author": "audg****",
    "review": "이수근은 좀아닌듯싶다 올밴은 잘하고잇는데왜 장동혁은 굿초이스다 강호동.이수근조합 지겹다",
    "rating": "2",
    "date": "13.06.12"
  },
  {
    "review_id": "7551137",
    "movie_id": "100396",
    "author": "danm****",
    "review": "강호동형님ㅋ 목소리만들어도 힘이솓는듯ㅋ",
    "rating": "10",
    "date": "13.05.24"
  },
  {
    "review_id": "7550500",
    "movie_id": "100396",
    "author": "xkfx****",
    "review": "재밋긴한대 게스트를 쫌...더크고 스케일잇는 사람들이엇음 조켓음",
    "rating": "9",
    "date": "13.05.23"
  },
  {
    "review_id": "7246108",
    "movie_id": "100396",
    "author": "axfo****",
    "review": "시즌1에 비하면 별로... 일단은 좀 더 지켜봐야 될 것 같다.",
    "rating": "6",
    "date": "13.02.10"
  }
]