[
  {
    "review": "이게 바로 전쟁이고, 전쟁이 바로 지옥이다.",
    "date": "15.08.18",
    "rating": "10",
    "author": "kjk9****",
    "review_id": "10247197",
    "movie_id": "10039"
  },
  {
    "review": "영화서 주연맡아도 이상하지않을정도의 배우들이 조연으로 나온 영화.라이언구하기 등의 영화보다 이 영화가 최고의 영화라고 장담할 수 있다.요즘 영화라고 믿을정도로 박진감 넘치고 철학을 담았다.미시시피버닝에 이은 플래툰의 2연타.고블린 역까지 데포씨 대단!",
    "date": "15.08.01",
    "rating": "10",
    "author": "wjdg****",
    "review_id": "10172733",
    "movie_id": "10039"
  },
  {
    "review": "전쟁의 끔찍함과 참혹함이 너무나도 잘 보여주웠다전쟁은 결코 있지 말아야한다.",
    "date": "15.08.01",
    "rating": "9",
    "author": "zse3****",
    "review_id": "10172692",
    "movie_id": "10039"
  },
  {
    "review": "전쟁 영화의 최고봉..",
    "date": "15.07.07",
    "rating": "10",
    "author": "adiv****",
    "review_id": "10077235",
    "movie_id": "10039"
  },
  {
    "review": "전쟁에서 선과 악은 한 글자 차이이다.",
    "date": "15.07.05",
    "rating": "10",
    "author": "hoon****",
    "review_id": "10070834",
    "movie_id": "10039"
  },
  {
    "review": "전쟁의 실상을 잘 표현함",
    "date": "15.06.17",
    "rating": "10",
    "author": "moto****",
    "review_id": "10005333",
    "movie_id": "10039"
  },
  {
    "review": "옛날 토요명화에서도 이장면이 광고로 떳었지. 윌렘대포가 죽는순간",
    "date": "15.06.13",
    "rating": "10",
    "author": "nikk****",
    "review_id": "9995655",
    "movie_id": "10039"
  },
  {
    "review": "베트남전쟁의 리얼함. 베트콩보다 전우가 더 무서워지기 시작할때 전쟁은 더 참혹해진다. 난 영화는 재밌어야 된다고 보는데 이 영화는 재미로 보는 영화는 아닌 듯",
    "date": "15.06.10",
    "rating": "6",
    "author": "zxvt****",
    "review_id": "9988347",
    "movie_id": "10039"
  },
  {
    "review": "전쟁영화인데 아름다웠다.",
    "date": "15.05.22",
    "rating": "7",
    "author": "kenn****",
    "review_id": "9938628",
    "movie_id": "10039"
  },
  {
    "review": "아카데미 최우수 작품상으론 부족할 정도로 완벽했다. 전쟁중 내부갈등은 영화에 여러번 나왔지만 영화의 대부분이 내부갈등이였던게 뭔가 새로웠다. 반즈를 악으로만 봤지만 영화가 끝나고 반즈가 과연 왜 그랬을까 계속 생각하게 만들었다.",
    "date": "15.05.21",
    "rating": "10",
    "author": "dusd****",
    "review_id": "9934958",
    "movie_id": "10039"
  },
  {
    "review": "플래툰 보다 뛰어난 전쟁영화는 아직까지 나오지 않고 있다",
    "date": "15.04.28",
    "rating": "10",
    "author": "gona****",
    "review_id": "9876439",
    "movie_id": "10039"
  },
  {
    "review": "전쟁영화의 교과서를 본듯한",
    "date": "15.04.18",
    "rating": "8",
    "author": "west****",
    "review_id": "9850687",
    "movie_id": "10039"
  },
  {
    "review": "전쟁으로 망가진 이상 성격자들을 그리고, 그럼으로 미국의 전쟁을 비판? 이런 영화가 인정되는 미국이 부럽고",
    "date": "15.04.09",
    "rating": "8",
    "author": "clie****",
    "review_id": "9836775",
    "movie_id": "10039"
  },
  {
    "review": "전쟁의 참혹상을 너무나 리얼하게 그린 사실주의적 전쟁영화의 교과서 같은 명작",
    "date": "15.04.02",
    "rating": "8",
    "author": "sipj****",
    "review_id": "9822946",
    "movie_id": "10039"
  },
  {
    "review": "옛날 영화치곤 상당히 볼만하다. 배우들 보니 세월앞엔 장사가 없구나.",
    "date": "15.03.02",
    "rating": "6",
    "author": "ssys****",
    "review_id": "9753409",
    "movie_id": "10039"
  },
  {
    "review": "이게 미국인이 만든 헐리웃 영화라니!",
    "date": "15.02.20",
    "rating": "9",
    "author": "arkj****",
    "review_id": "9716183",
    "movie_id": "10039"
  },
  {
    "review": "이거 개잘만듬 그냥 개잘만듬 보셈",
    "date": "15.02.17",
    "rating": "10",
    "author": "able****",
    "review_id": "9706140",
    "movie_id": "10039"
  },
  {
    "review": "전쟁에 대한 휴머니즘적 고찰. 전쟁속에서 느낄수 있는 현장감과 그 감정을 괜찮게 표현한 영화",
    "date": "15.02.07",
    "rating": "8",
    "author": "jys4****",
    "review_id": "9677468",
    "movie_id": "10039"
  },
  {
    "review": "세상은 영원한 승자도 패자도 없다",
    "date": "15.01.30",
    "rating": "10",
    "author": "dlcj****",
    "review_id": "9652656",
    "movie_id": "10039"
  },
  {
    "review": "숲에서는 내가 법이다..",
    "date": "15.01.30",
    "rating": "10",
    "author": "dive****",
    "review_id": "9651406",
    "movie_id": "10039"
  },
  {
    "review": "경쟁사회 속의 우리의 모습",
    "date": "15.01.28",
    "rating": "10",
    "author": "gktj****",
    "review_id": "9645962",
    "movie_id": "10039"
  },
  {
    "review": "결국 그들만의 전쟁...",
    "date": "15.01.19",
    "rating": "8",
    "author": "plan****",
    "review_id": "9611800",
    "movie_id": "10039"
  },
  {
    "review": "전쟁이 인류에게 남긴 참상",
    "date": "14.11.16",
    "rating": "10",
    "author": "dani****",
    "review_id": "9389558",
    "movie_id": "10039"
  },
  {
    "review": "아무리 미국이 동맹국이라고 하지만 무고한 베트남인들 죽이고 학대하는 것에서 전쟁이란 진짜 무섭다는걸 알게 되었다.. 물론 우리나라도 베트남 민간인들에게 저지른거 생각하면 말할것 없지만 정말이지 전쟁은 끔찍하다..",
    "date": "14.11.09",
    "rating": "10",
    "author": "awjs****",
    "review_id": "9361059",
    "movie_id": "10039"
  },
  {
    "review": "전쟁에 선과 악이 어딨냐? 살아 남는게 중요할 뿐..",
    "date": "14.10.29",
    "rating": "9",
    "author": "tn99****",
    "review_id": "9327449",
    "movie_id": "10039"
  },
  {
    "review": "브이씨들은 다 죽어야함",
    "date": "14.10.26",
    "rating": "10",
    "author": "dhwl****",
    "review_id": "9320061",
    "movie_id": "10039"
  },
  {
    "review": "상업영화와 예술영화 사이에서 길을 잃어버린 영화",
    "date": "14.10.26",
    "rating": "7",
    "author": "sjzm****",
    "review_id": "9317580",
    "movie_id": "10039"
  },
  {
    "review": "개인적으로 지옥의 묵시록이 조금 더 나음...그런의미로 9점",
    "date": "14.10.13",
    "rating": "9",
    "author": "gang****",
    "review_id": "9289442",
    "movie_id": "10039"
  },
  {
    "review": "평점에 속았다... 코미디배우가 나와서 진지한 척 하는데 하나도 몰입이 안된다",
    "date": "14.10.10",
    "rating": "1",
    "author": "mien****",
    "review_id": "9280325",
    "movie_id": "10039"
  },
  {
    "review": "전쟁의 참혹함.. 그리고  미국비판적 시각",
    "date": "14.09.21",
    "rating": "9",
    "author": "gold****",
    "review_id": "9231660",
    "movie_id": "10039"
  },
  {
    "review": "흠..평이 워낙 좋아서 봤는데 잘모르겠다 전체적으로 지루해서 잘 집중도 안됐고.. 다시 본다면 분명 괜찮은 영화일까?",
    "date": "14.09.15",
    "rating": "1",
    "author": "wjaw****",
    "review_id": "9216483",
    "movie_id": "10039"
  },
  {
    "review": "오로지 냉혹한 폐허만이 존재하다. 그것이 진실이기에.",
    "date": "14.09.07",
    "rating": "8",
    "author": "acoy****",
    "review_id": "9180198",
    "movie_id": "10039"
  },
  {
    "review": "왜 본사람들이 극찬하는지 알거같음",
    "date": "14.08.20",
    "rating": "10",
    "author": "hdr9****",
    "review_id": "9113274",
    "movie_id": "10039"
  },
  {
    "review": "전쟁영화의 시작과끝.",
    "date": "14.08.03",
    "rating": "10",
    "author": "been****",
    "review_id": "9012542",
    "movie_id": "10039"
  },
  {
    "review": "참혹함 전쟁은 일어나선 안됀다...",
    "date": "14.07.20",
    "rating": "10",
    "author": "qodu****",
    "review_id": "8935188",
    "movie_id": "10039"
  },
  {
    "review": "인간을 혼돈상태로 휘저어놓는 전쟁이라는 지옥.",
    "date": "14.07.10",
    "rating": "8",
    "author": "ogr5****",
    "review_id": "8899793",
    "movie_id": "10039"
  },
  {
    "review": "베트남전 배경으로 한 1986년 작품. 정말 촬영하면서 고생했을 것 같음. 윌렘 대포가 톰 베린저에게 배신당한 후 베트콩을 피해 도주하는 장면이 이 영화의 압권. 웅장하고 비참한 분위기를 잘 보여주는 유명한 OST. 조니 뎁이 단역으로 짧게 등장함.",
    "date": "14.07.09",
    "rating": "5",
    "author": "jjaj****",
    "review_id": "8897669",
    "movie_id": "10039"
  },
  {
    "review": "월렘데포가 하늘을 쳐다보며 죽는 장면이 너무나 강렬했다",
    "date": "14.07.05",
    "rating": "10",
    "author": "p85k****",
    "review_id": "8887761",
    "movie_id": "10039"
  },
  {
    "review": "전쟁영웅? 흥..어차피 전쟁에선 내가 살기위해선 적을 죽여야 하는 법~! 모든 전쟁은 그 자체로 재앙이다..",
    "date": "14.06.30",
    "rating": "10",
    "author": "spar****",
    "review_id": "8870691",
    "movie_id": "10039"
  },
  {
    "review": "전쟁엔 음악이없다 그저 비참한 현실일뿐...",
    "date": "14.06.28",
    "rating": "10",
    "author": "mnb8****",
    "review_id": "8864170",
    "movie_id": "10039"
  },
  {
    "review": "전쟁에서 무엇이 옳고 그른가?",
    "date": "14.06.26",
    "rating": "9",
    "author": "aaas****",
    "review_id": "8857337",
    "movie_id": "10039"
  },
  {
    "review": "실제로는 더 참담하겠지만 전쟁이라는 이름으로 벌어지는 잔혹함을 꽉 찬 스토리로 잘 묘사하였다.. 특히 마을 장면에선 너무 가슴이 쓰라렸다..",
    "date": "14.06.13",
    "rating": "10",
    "author": "paci****",
    "review_id": "8827675",
    "movie_id": "10039"
  },
  {
    "review": "전쟁은 참혹함을 잘 표현하였다. 전쟁에 대한 멋진 환상을 가지고 있는 청소년과 입대를 코앞에 둔 군미필자들에게도 물론 좋은 영화가 될 것같다..",
    "date": "14.06.04",
    "rating": "9",
    "author": "uozi****",
    "review_id": "8794537",
    "movie_id": "10039"
  },
  {
    "review": "지금까지 본 베트남전쟁 영화 중 가장 역사에 길이 남을 영화!베트남전의 비극적인 미군과 베트남 주민들의 참상극을 사실적으로 표현했다! 이 영화 다 끝나고 나면 너무 비극적이어서 눈물이 날 정도 이다.",
    "date": "14.05.29",
    "rating": "10",
    "author": "leew****",
    "review_id": "8774852",
    "movie_id": "10039"
  },
  {
    "review": "말이 필요 없다. 최고의 영화",
    "date": "14.05.21",
    "rating": "10",
    "author": "jumi****",
    "review_id": "8752370",
    "movie_id": "10039"
  },
  {
    "review": "어릴땐 반스가 한없이 악으로만 보였는데 어른이 되고 사회생활을 하면서 반스를 욕하지 못하게 되었음.  아니 이글을 보는 누구라도 마찬가지",
    "date": "14.05.15",
    "rating": "10",
    "author": "spee****",
    "review_id": "8733720",
    "movie_id": "10039"
  },
  {
    "review": "전쟁이 낳은 인간 군상의 폐허",
    "date": "14.05.01",
    "rating": "8",
    "author": "setm****",
    "review_id": "8690157",
    "movie_id": "10039"
  },
  {
    "review": "올리버 스톤이 10년 걸려 쓴 걸작 각본...",
    "date": "14.04.26",
    "rating": "10",
    "author": "bban****",
    "review_id": "8674376",
    "movie_id": "10039"
  },
  {
    "review": "전쟁시리즈의 걸작품중 하나",
    "date": "14.04.22",
    "rating": "10",
    "author": "gch0****",
    "review_id": "8666016",
    "movie_id": "10039"
  },
  {
    "review": "전쟁이 애들 장난같지? 이 영화 봐라. 그리고 전쟁에 대한 당신의 생각이 변한다.",
    "date": "14.04.22",
    "rating": "10",
    "author": "prot****",
    "review_id": "8665842",
    "movie_id": "10039"
  },
  {
    "review": "이제 다시금 돌이켜보면 우린 적군과 싸우고 있었던 것이 아니라, 우리끼리 싸우고 있었습니다. 결국 적은 자신의 내부에 있었던 것이었습니다. 이제 나에게 전쟁은 끝이 났으나 남은 평생 동안 내 속에 남아있을 것입니다.",
    "date": "14.04.20",
    "rating": "9",
    "author": "danz****",
    "review_id": "8662124",
    "movie_id": "10039"
  },
  {
    "review": "미국 킹왕짱전쟁영화가 아닌 그냥 베트남전쟁 그자체임",
    "date": "14.03.31",
    "rating": "9",
    "author": "do11****",
    "review_id": "8619777",
    "movie_id": "10039"
  },
  {
    "review": "적을 앞에두고 싸우는꼴이 꼭 한국의 좌우를 보는거같아 마음이 너무 아프다.",
    "date": "14.03.12",
    "rating": "10",
    "author": "b744****",
    "review_id": "8570126",
    "movie_id": "10039"
  },
  {
    "review": "전쟁 영화의 교과서적 작품. 전쟁 중의 인간이 얼마나 잔인해 지고 극도적으로 불안해질 수 있는지 보여준다. 찰리 쉰은 이런 명작을 찍고 왜 코미디만 고집하는 배우가 되었을까?",
    "date": "14.03.09",
    "rating": "9",
    "author": "shmi****",
    "review_id": "8564253",
    "movie_id": "10039"
  },
  {
    "review": "절대 엘리어스 네스 중사가  만세하면서 죽는 모습은 기억에서 잊혀지지가 않는다.",
    "date": "14.03.03",
    "rating": "10",
    "author": "hell****",
    "review_id": "8554717",
    "movie_id": "10039"
  },
  {
    "review": "반즈의의미심장한표정아직도잊혀지지않는다..",
    "date": "14.02.19",
    "rating": "10",
    "author": "bbc7****",
    "review_id": "8519878",
    "movie_id": "10039"
  },
  {
    "review": "포스터의 장면나올때 진짜 지린다",
    "date": "14.02.13",
    "rating": "10",
    "author": "lhsu****",
    "review_id": "8502958",
    "movie_id": "10039"
  },
  {
    "review": "아군도 적군도 영웅도 없는 광기어린 전쟁의 참혹함",
    "date": "14.02.09",
    "rating": "9",
    "author": "rcan****",
    "review_id": "8490184",
    "movie_id": "10039"
  },
  {
    "review": "현시대에 극장에서 개봉하더라도  돈보다 영화가 아깝다는 말을 인용해야할듯...  시대가 지나도 변치않는 전쟁의 참된실상을  리얼하게 렌즈에 담은 명작중 하나",
    "date": "14.02.03",
    "rating": "10",
    "author": "dkzk****",
    "review_id": "8472132",
    "movie_id": "10039"
  },
  {
    "review": "초등학교5학년때 이 영화를 보고난후 찰리쉰과 이영화를 통해 느낀 감정으로 며칠동안 흥분했던기억이 난다",
    "date": "14.01.26",
    "rating": "10",
    "author": "bran****",
    "review_id": "8432684",
    "movie_id": "10039"
  },
  {
    "review": "옳고 그른 게 없지 그냥 존재할 뿐이야. - 윌렘 데포 (영화중에서..)",
    "date": "14.01.22",
    "rating": "10",
    "author": "kys4****",
    "review_id": "8411398",
    "movie_id": "10039"
  },
  {
    "review": "전쟁영화의 마스터피스!!",
    "date": "14.01.15",
    "rating": "10",
    "author": "dark****",
    "review_id": "8385590",
    "movie_id": "10039"
  },
  {
    "review": "절대 잊지 못할 영화. 음악이며 스토리며 정말 걸작.",
    "date": "14.01.01",
    "rating": "10",
    "author": "hsw7****",
    "review_id": "8334666",
    "movie_id": "10039"
  },
  {
    "review": "전쟁은 사람을 군인에서 살인마로 만들게한다. 여기서 나온 사람들이 나쁜 것이 아니라 전쟁이 나쁜 것인 것 같다.",
    "date": "13.12.09",
    "rating": "10",
    "author": "savi****",
    "review_id": "8201703",
    "movie_id": "10039"
  },
  {
    "review": "플래툰은 영화관에서 재상영하면 좋을텐데영화가 끝내준다 찰리쉰,조니뎁,윌리엄데포이번에 상영하는 버틀러 주인공까지 나오는올리버스톤 감독의 명작 재개봉해라",
    "date": "13.11.30",
    "rating": "10",
    "author": "feel****",
    "review_id": "8180849",
    "movie_id": "10039"
  },
  {
    "review": "하드 잼... 이 영화 악도 없고 선도 없다",
    "date": "13.11.28",
    "rating": "10",
    "author": "wond****",
    "review_id": "8172601",
    "movie_id": "10039"
  },
  {
    "review": "충실하다 전쟁 영화다 이게",
    "date": "13.10.26",
    "rating": "10",
    "author": "jsga****",
    "review_id": "8091856",
    "movie_id": "10039"
  },
  {
    "review": "전쟁영화의 마스터피스.",
    "date": "13.09.22",
    "rating": "9",
    "author": "tear****",
    "review_id": "8009452",
    "movie_id": "10039"
  },
  {
    "review": "전쟁에 영웅따위는 없다",
    "date": "13.08.17",
    "rating": "10",
    "author": "tlgu****",
    "review_id": "7895807",
    "movie_id": "10039"
  },
  {
    "review": "지금 보아도 정말 수작이다",
    "date": "13.07.31",
    "rating": "10",
    "author": "inch****",
    "review_id": "7801507",
    "movie_id": "10039"
  },
  {
    "review": "누가 반즈를 욕할수 있을까.",
    "date": "13.07.27",
    "rating": "10",
    "author": "kimd****",
    "review_id": "7790529",
    "movie_id": "10039"
  },
  {
    "review": "바아아아아안즈 !!!",
    "date": "13.07.24",
    "rating": "9",
    "author": "wayn****",
    "review_id": "7779787",
    "movie_id": "10039"
  },
  {
    "review": "전쟁의 비극을 잘 그려낸 수작!",
    "date": "13.07.20",
    "rating": "10",
    "author": "snow****",
    "review_id": "7767338",
    "movie_id": "10039"
  },
  {
    "review": "ㅊ평점구리게주는애들은 트랜스포머나봐 이런류영화보고 평점깍지말고",
    "date": "13.07.20",
    "rating": "10",
    "author": "wind****",
    "review_id": "7766279",
    "movie_id": "10039"
  },
  {
    "review": "조금더 그들이 전쟁의 광기에 사로잡혀 가는걸 보길 원한다 ....영화 이기에",
    "date": "13.07.14",
    "rating": "7",
    "author": "kjsv****",
    "review_id": "7738766",
    "movie_id": "10039"
  },
  {
    "review": "전쟁영화 치고는 너무 지루합니다.... 이게 왜 위워솔져스보다 평점 높은지 이해할수가 없네요...",
    "date": "13.07.08",
    "rating": "3",
    "author": "secu****",
    "review_id": "7716646",
    "movie_id": "10039"
  },
  {
    "review": "정말 잊혀지지 않는 음악과...장면들...",
    "date": "13.07.02",
    "rating": "10",
    "author": "seek****",
    "review_id": "7696598",
    "movie_id": "10039"
  },
  {
    "review": "전쟁의 잔혹함을 잘 표현한 걸작",
    "date": "13.07.01",
    "rating": "9",
    "author": "jdh2****",
    "review_id": "7694911",
    "movie_id": "10039"
  },
  {
    "review": "더이상의 수식어가 필요없다",
    "date": "13.06.08",
    "rating": "9",
    "author": "pepe****",
    "review_id": "7608582",
    "movie_id": "10039"
  },
  {
    "review": "올리버 스톤의 체험에서 우러나온 진솔한 전쟁담.",
    "date": "13.05.15",
    "rating": "8",
    "author": "pont****",
    "review_id": "7528528",
    "movie_id": "10039"
  },
  {
    "review": "저 포스터 영화 한장면중 지리고 지렸다..",
    "date": "13.05.13",
    "rating": "10",
    "author": "come****",
    "review_id": "7525424",
    "movie_id": "10039"
  },
  {
    "review": "전쟁 영화중에 안되는 걸작임BGM 현을 위한 아다지오가 잘 녹아들어서 인상깊음",
    "date": "13.05.10",
    "rating": "10",
    "author": "leej****",
    "review_id": "7519487",
    "movie_id": "10039"
  },
  {
    "review": "모든 이에게 연민을 부여하는 새 시각의 출발.",
    "date": "13.05.08",
    "rating": "8",
    "author": "rygh****",
    "review_id": "7515753",
    "movie_id": "10039"
  },
  {
    "review": "[아카데미]1987년59회 작품,감독,음향,편집 4개부문수상작.이번에3번째로 다시봤다.첫번째는아주어렸을때보고두번쨰는본지좀되었기때문이다.이제까지본베트남전영화중 제일명작이었고찰리쉰의아버지마틴쉰주연한지옥의묵시록보다필자는훨씬좋았고재미있었음.포스터가너무나유명함",
    "date": "13.04.10",
    "rating": "10",
    "author": "new7****",
    "review_id": "7446812",
    "movie_id": "10039"
  },
  {
    "review": "전쟁영화 중의 걸작",
    "date": "13.04.08",
    "rating": "10",
    "author": "23be****",
    "review_id": "7443658",
    "movie_id": "10039"
  },
  {
    "review": "역시 구관이 명관",
    "date": "13.04.06",
    "rating": "10",
    "author": "lsh5****",
    "review_id": "7438397",
    "movie_id": "10039"
  },
  {
    "review": "비난만할줄알고끄적대는 분들이 몇보이는데괜히 아카데미최우수작을 받은게 아니지요...",
    "date": "13.03.30",
    "rating": "10",
    "author": "duet****",
    "review_id": "7422391",
    "movie_id": "10039"
  },
  {
    "review": "여러번 봤는데 이제서야.. 포스터가 너무나도 유명하며 전투씬보다는 내부갈등과 심리가 잘 나타나 영화지만 지옥의묵시록 이나 씬레드라인 에 견줄만할 정도는 아닌듯하다",
    "date": "13.03.10",
    "rating": "9",
    "author": "byul****",
    "review_id": "7337247",
    "movie_id": "10039"
  },
  {
    "review": "적은 우리 안에 있다.",
    "date": "13.03.07",
    "rating": "9",
    "author": "j2w0****",
    "review_id": "7330001",
    "movie_id": "10039"
  },
  {
    "review": "정말 월남전의 내면성을 잘 보여준영화~ 베트남전쟁기념관 오자마자 바로봄~~ㅋㅋㅋㅋㅋㅋ 서로상처입은 전쟁",
    "date": "13.02.22",
    "rating": "10",
    "author": "king****",
    "review_id": "7290339",
    "movie_id": "10039"
  },
  {
    "review": "지옥의 묵시록.... 플래툰....캬",
    "date": "13.02.15",
    "rating": "9",
    "author": "x_bo****",
    "review_id": "7267710",
    "movie_id": "10039"
  },
  {
    "review": "적당히 볼만",
    "date": "13.02.08",
    "rating": "7",
    "author": "dbzh****",
    "review_id": "7239469",
    "movie_id": "10039"
  },
  {
    "review": "중간까지 졸다가 해리어스 죽을때 깜짝놀라 깼지ㅋㅋㅋ",
    "date": "13.01.22",
    "rating": "9",
    "author": "jysu****",
    "review_id": "7142169",
    "movie_id": "10039"
  },
  {
    "review": "해리어스가 배트콩한테 죽을떄 쩔엇지",
    "date": "13.01.15",
    "rating": "10",
    "author": "ghkd****",
    "review_id": "7119885",
    "movie_id": "10039"
  },
  {
    "review": "최고의 베트남 전쟁영화.",
    "date": "13.01.06",
    "rating": "10",
    "author": "ldj0****",
    "review_id": "7088110",
    "movie_id": "10039"
  },
  {
    "review": "이영화때문에전쟁영화에푹빠지게됨.ㅋㅋㅋ",
    "date": "13.01.06",
    "rating": "9",
    "author": "ban1****",
    "review_id": "7087943",
    "movie_id": "10039"
  },
  {
    "review": "제정신으로는 버틸수 없는 전쟁의 참혹한 현실에서 몸에 부상을 입어 조기전역을 하면 모르겠지만 끝끝내 살아서 전역을 하는 이는 정신에 심각한 상처를 입었을테지. 그곳에선 라이어스가 오히려 비정상이었을지도 모를 정도로.",
    "date": "13.01.04",
    "rating": "7",
    "author": "jiyu****",
    "review_id": "7080265",
    "movie_id": "10039"
  },
  {
    "review": "전쟁영화가 단순히 승자와 패자를 보여주는 오락물이 아니라 전쟁의 참극을 가장 극대화 시켜 보며준 영화. 이 영화가 위대한 건 미국 자신이 이런 영화를 만들었다는 거. 지옥의 묵시록 보다 더 강하다.",
    "date": "12.12.31",
    "rating": "8",
    "author": "ubsw****",
    "review_id": "7068661",
    "movie_id": "10039"
  },
  {
    "review": "명작",
    "date": "12.12.15",
    "rating": "10",
    "author": "nano****",
    "review_id": "7005879",
    "movie_id": "10039"
  },
  {
    "review": "우리나라에서도 이런 전쟁영화 한 편만 나왔으면 좋겠다. 전쟁을 개인의 입장에서 바라본 명작.",
    "date": "12.12.14",
    "rating": "9",
    "author": "clas****",
    "review_id": "7003010",
    "movie_id": "10039"
  }
]