[
  {
    "review": "생각나서 무삭제로 또봤지만 30년이지난이시점에서도 이거보다 훨씬 뛰어난 영화를 못만드는게 신기할정도입니다 더군다나 요새어린애들은 에이리언 터미네이터가 뭔지도 모르는데 한번씩 가족끼리 보면 좋을꺼같네요",
    "date": "15.08.26",
    "rating": "10",
    "author": "jewe****",
    "review_id": "10276523",
    "movie_id": "10038"
  },
  {
    "review": "90년대에 비디오 빌려보고 최근 HD로 두 번 봄.2편은 30년이 지난 지금 봐도 어색하지 않은 대작임",
    "date": "15.08.23",
    "rating": "10",
    "author": "card****",
    "review_id": "10266944",
    "movie_id": "10038"
  },
  {
    "review": "리부트 해야하는 영화 1순위! 감독은 길예르모 델토로",
    "date": "15.08.09",
    "rating": "10",
    "author": "m9me****",
    "review_id": "10205556",
    "movie_id": "10038"
  },
  {
    "review": "미칠듯한 긴장감, 지금봐도 촌스럽지않은 특수효과, 흠잡을데없는 구성.. 이 영화는 10점이 아깝다. 20점은 줘야한다.요즘 SF영화들은 이 영화보면서 반성해라",
    "date": "15.08.08",
    "rating": "10",
    "author": "gsag****",
    "review_id": "10200294",
    "movie_id": "10038"
  },
  {
    "review": "나온지 30년된 영화라고는 도저히 믿기지 않을 정도로 지금봐도 너무 재밌다...긴장과 스릴감  액션 줄거리구성 등 어느것 하나 빠질게 없는 최고의 영화....아마 30년 후에도 이정도 몰입도의 괴물영화는 나오지 못할거 같다..",
    "date": "15.08.07",
    "rating": "10",
    "author": "then****",
    "review_id": "10196067",
    "movie_id": "10038"
  },
  {
    "review": "에이리언의 시작 행성에 콜로니에서 에이리언 발견",
    "date": "15.08.05",
    "rating": "9",
    "author": "jij4****",
    "review_id": "10186160",
    "movie_id": "10038"
  },
  {
    "review": "추억의 명작...이 영화를 보지 않고 스타크래프트를 논하지 말라.",
    "date": "15.08.02",
    "rating": "10",
    "author": "love****",
    "review_id": "10176018",
    "movie_id": "10038"
  },
  {
    "review": "다행히 12세관람가라고 나와있어서 평점을 줄 수가 있네요.ㅎㅎ 제임스 카메론의 <터미네이터2>이후 또다른 위대한 속편입니다!",
    "date": "15.08.02",
    "rating": "10",
    "author": "whoo****",
    "review_id": "10175655",
    "movie_id": "10038"
  },
  {
    "review": "국내 포스터가 인상적이다...",
    "date": "15.07.29",
    "rating": "10",
    "author": "hyun****",
    "review_id": "10156838",
    "movie_id": "10038"
  },
  {
    "review": "이 시대에 어떻게 이런영화가 나왔는지 단순한 상업영화가 아니다",
    "date": "15.07.28",
    "rating": "10",
    "author": "qldm****",
    "review_id": "10154656",
    "movie_id": "10038"
  },
  {
    "review": "그때도 충격이었는데.. 30년후에 봐도 질질싸게 만드네..쳇..",
    "date": "15.07.28",
    "rating": "10",
    "author": "arch****",
    "review_id": "10153499",
    "movie_id": "10038"
  },
  {
    "review": "리플리가 마지막에 포트타고 뉴트 구하러 나왔을때 소름이 쫙.... 진짜 sf인데 모성애가 크어어 드라마 괴수 sf 스토리 뭐하나 빠질게 없다. 내 인생 최고 Top 2 에이리언2랑 서유기 선리기연. 둘다 고전인데 어쩜 이럴 수 있는건지 허어...",
    "date": "15.07.10",
    "rating": "10",
    "author": "pooh****",
    "review_id": "10089106",
    "movie_id": "10038"
  },
  {
    "review": "30년이 지났는데도 아직도 이걸 뛰어넘을만한 영화가 나오질 안ㄶ는다",
    "date": "15.07.07",
    "rating": "10",
    "author": "fleh****",
    "review_id": "10078222",
    "movie_id": "10038"
  },
  {
    "review": "아직도 최고의 SF호러",
    "date": "15.07.06",
    "rating": "10",
    "author": "pool****",
    "review_id": "10074636",
    "movie_id": "10038"
  },
  {
    "review": "기껏해야 벽에 대가리나 박는 에이리언이 엘리베이터 이용에 무임승차까지 하는게 감탄스러웠고 아주매미가 로봇 타고 나와서 에이리언 귓방맹이 2대 때리는데 그렇게 짜릿할수가 없더라 무엇보다도 뉴트가 너무 사랑스럽더라 아청법은 꼭 필요한거 같다 뉴트♥",
    "date": "15.07.04",
    "rating": "10",
    "author": "rhkr****",
    "review_id": "10067180",
    "movie_id": "10038"
  },
  {
    "review": "내인생최고의   SF영화 에이리언2 그리고 터미네이터2",
    "date": "15.07.03",
    "rating": "10",
    "author": "f191****",
    "review_id": "10065917",
    "movie_id": "10038"
  },
  {
    "review": "말이 필요없다 최고의 공포영화",
    "date": "15.07.03",
    "rating": "10",
    "author": "psn3****",
    "review_id": "10065666",
    "movie_id": "10038"
  },
  {
    "review": "오래된 영화는 잘 안보는데 개인적으로 너무 좋았음..",
    "date": "15.07.03",
    "rating": "10",
    "author": "kuro****",
    "review_id": "10065064",
    "movie_id": "10038"
  },
  {
    "review": "종합 평점은 8점 드립니다.",
    "date": "15.06.27",
    "rating": "8",
    "author": "terr****",
    "review_id": "10041100",
    "movie_id": "10038"
  },
  {
    "review": "에일리언 시리즈 중에서 제일 재밌었다 ㅎㅎ",
    "date": "15.06.22",
    "rating": "9",
    "author": "song****",
    "review_id": "10021344",
    "movie_id": "10038"
  },
  {
    "review": "오랫만에 다시 한번 보게 되었는데.. 역시 끝내준다. 숨막히는  호러에 화끈하게 갈겨버리는 액션이 완벽하게 조화를 이룬다. 미술은 두말할것도 없고,  플롯 역시 그저 단순한 플롯도 아니고, 관객을 풀었다 조였다  하는 연출도 끝내준다. 역시 카메론옹",
    "date": "15.06.21",
    "rating": "10",
    "author": "the6****",
    "review_id": "10017407",
    "movie_id": "10038"
  },
  {
    "review": "현대 SF물은 이 작품에 빚을 지니고 있다.",
    "date": "15.06.19",
    "rating": "9",
    "author": "hyuk****",
    "review_id": "10012633",
    "movie_id": "10038"
  },
  {
    "review": "개인의 기호 차이지만 난 한정된 공간에서 스릴과 긴장감을 극대화 시킨 1편이 최고라고 생각한다.하지만 2편도 1편 못지 않은 SF명작이다.",
    "date": "15.06.18",
    "rating": "9",
    "author": "hi38****",
    "review_id": "10009367",
    "movie_id": "10038"
  },
  {
    "review": "지금봐도 심장이 쿵쾅쿵쾅.. 짱",
    "date": "15.06.17",
    "rating": "10",
    "author": "777w****",
    "review_id": "10005438",
    "movie_id": "10038"
  },
  {
    "review": "리메이크판 나왔으면 좋겠다.",
    "date": "15.06.13",
    "rating": "10",
    "author": "mmwi****",
    "review_id": "9996201",
    "movie_id": "10038"
  },
  {
    "review": "영화관, vhs,비디오, 레이저디스크, dvd, blue-ray 까지 너무도 많이본 영화...",
    "date": "15.06.12",
    "rating": "10",
    "author": "daim****",
    "review_id": "9993151",
    "movie_id": "10038"
  },
  {
    "review": "지금 에이리언1,2,3까지 본상태인데 시즌2가 최고인듯.",
    "date": "15.06.10",
    "rating": "10",
    "author": "tjsw****",
    "review_id": "9988103",
    "movie_id": "10038"
  },
  {
    "review": "속편 전문 감독 제임스 카메론.",
    "date": "15.06.10",
    "rating": "10",
    "author": "mjjk****",
    "review_id": "9988080",
    "movie_id": "10038"
  },
  {
    "review": "개인적으로는 에일리언1이 최고지만 2역시 재밌다",
    "date": "15.06.04",
    "rating": "10",
    "author": "fire****",
    "review_id": "9973850",
    "movie_id": "10038"
  },
  {
    "review": "10점짜리영화다꼭봐라",
    "date": "15.06.02",
    "rating": "10",
    "author": "soft****",
    "review_id": "9971024",
    "movie_id": "10038"
  },
  {
    "review": "내가 태어나기 전에 만든건데... 이건 뭐 cg도 안쓰고 진짜 한땀 한땀 만든거 같은데 퀄리티가 으마으마 한 거 같다.",
    "date": "15.06.01",
    "rating": "10",
    "author": "qhdy****",
    "review_id": "9968249",
    "movie_id": "10038"
  },
  {
    "review": "1980년대 영화임에도 불구하고 내가 이제까지 봤던 괴수 영화 중 이 영화를 따라올 괴수 영화는 없을 것이다.",
    "date": "15.05.27",
    "rating": "10",
    "author": "dlax****",
    "review_id": "9955083",
    "movie_id": "10038"
  },
  {
    "review": "괜히 나올 때 어미 알 건드려서  긁어 부스름 만들었다는 분이 저 아래 보이던데, 영화 제대로 안 봤네. 알이 딱 까지면서 새끼가 나오려 했음. 그냥  가면  그 놈 한테 당했을 것임. 한 놈, 두 놈 막 나올 게 뻔했으니 작살낼 수 밖에 없었다.",
    "date": "15.05.26",
    "rating": "10",
    "author": "oxon****",
    "review_id": "9952932",
    "movie_id": "10038"
  },
  {
    "review": "전편의 공포 분위기와는 다르지만 역시 재밌다 엄마 vs 엄마",
    "date": "15.05.25",
    "rating": "10",
    "author": "andy****",
    "review_id": "9947401",
    "movie_id": "10038"
  },
  {
    "review": "헐 이게 80년대 영화? 대박",
    "date": "15.05.19",
    "rating": "10",
    "author": "yalg****",
    "review_id": "9931539",
    "movie_id": "10038"
  },
  {
    "review": "지금봐도 괜찮다 어릴적 충격이였던 추억의 명작",
    "date": "15.05.11",
    "rating": "10",
    "author": "jafi****",
    "review_id": "9911592",
    "movie_id": "10038"
  },
  {
    "review": "최고입니다  보고 또봐도 질리지 않아요이좋은 영화를 넘 늦게봐서 아쉬울뿐이네요  넘버원~~^^",
    "date": "15.05.08",
    "rating": "10",
    "author": "hjs5****",
    "review_id": "9903209",
    "movie_id": "10038"
  },
  {
    "review": "밑에 보니까 10 10 10 10 10 진짜 대박 ㅋㅋ",
    "date": "15.05.03",
    "rating": "10",
    "author": "shar****",
    "review_id": "9891588",
    "movie_id": "10038"
  },
  {
    "review": "전편보다 나은 속편으로 알려진 영화죠 ~",
    "date": "15.05.03",
    "rating": "10",
    "author": "sdsp****",
    "review_id": "9891097",
    "movie_id": "10038"
  },
  {
    "review": "잔인한장면도거의 없고 재미있는영화이다",
    "date": "15.05.03",
    "rating": "10",
    "author": "johy****",
    "review_id": "9890534",
    "movie_id": "10038"
  },
  {
    "review": "개인적으로 1편보다 훨씬 재밌게 본영화. 1편보다 무서운 느낌이 덜들어 내용에 집중할수 있었다. 시고니 위버와 에일리언의 전투는 몰입해서 보지 않을 수 없었고 왜 제임스 카메론이 대단한 감독인지 설명해준 영화.",
    "date": "15.05.01",
    "rating": "9",
    "author": "kenn****",
    "review_id": "9884060",
    "movie_id": "10038"
  },
  {
    "review": "최고의 영화 강력 추천입니다",
    "date": "15.04.30",
    "rating": "10",
    "author": "dudf****",
    "review_id": "9881331",
    "movie_id": "10038"
  },
  {
    "review": "주저없습니다. 전 지금도 한달에한번은 봅니다.전시리즈중에는 단연 1등이라보구요.최근 디렉터컷으로 다운받았는데 화질이 8090년대같지않은 최신꺼같은 느낌으로 영화볼수있슴다.지금은 할머니인 시고니위버의 젊은.시절 감상하시죠",
    "date": "15.04.23",
    "rating": "10",
    "author": "kb51****",
    "review_id": "9857753",
    "movie_id": "10038"
  },
  {
    "review": "원에서혼자살더니이번에는만이살아남네",
    "date": "15.04.21",
    "rating": "10",
    "author": "dnjs****",
    "review_id": "9856220",
    "movie_id": "10038"
  },
  {
    "review": "요즘 sf 영화가 영화인가? 컴퓨터그래픽 떡칠한 만화지. 현실감 200 프로의 진정한 sf  영화를 찾는다면 단연 제임스 카메론의 에일리언 2 이다. 외계괴물과의 전쟁이 아닌 전투 라는 장르를 최초로 보여준 걸작중 최고걸작 sf 영화이다.",
    "date": "15.04.18",
    "rating": "10",
    "author": "grip****",
    "review_id": "9850597",
    "movie_id": "10038"
  },
  {
    "review": "평가가 왜 이렇게 좋은지는 직접 보면 안다.",
    "date": "15.04.12",
    "rating": "8",
    "author": "wate****",
    "review_id": "9841751",
    "movie_id": "10038"
  },
  {
    "review": "아주 어린시절 봤지만, 감흥은 여전히..",
    "date": "15.04.06",
    "rating": "10",
    "author": "lsh5****",
    "review_id": "9831443",
    "movie_id": "10038"
  },
  {
    "review": "이게 진짜 명작이지....1은 안봤지만 쩝",
    "date": "15.03.29",
    "rating": "10",
    "author": "janj****",
    "review_id": "9814302",
    "movie_id": "10038"
  },
  {
    "review": "SF 스릴러 영화 중 이 에이리언 2 편을 따라올 영화는 아직까지 없다. 근처 까지 온건 두어편 될까...",
    "date": "15.03.06",
    "rating": "10",
    "author": "kimd****",
    "review_id": "9760411",
    "movie_id": "10038"
  },
  {
    "review": "개봉 그 당시 정말 재미에 긴장에 감탄에 본 완전체 영화",
    "date": "15.03.04",
    "rating": "10",
    "author": "fait****",
    "review_id": "9755881",
    "movie_id": "10038"
  },
  {
    "review": "어릴때의 추억이 생생한 영화!!! 빨간 불빛아래 동작 감지기로 점점 접근하는 그 에일리언들의 소리... 최고의 SF라 자부한다!! 캬 에일리언이라는 엄청 난 영화를 제임스 카메룬이 맡아 시리즈중 최고로 만들어버리네 ㅋㅋㅋ 최고!! 추천함",
    "date": "15.03.02",
    "rating": "10",
    "author": "jun_****",
    "review_id": "9751512",
    "movie_id": "10038"
  },
  {
    "review": "에일리언1은 충분히 리들리스콧다운 명작이고 2편은 그의 바통을 받아 제임스카메론다운 화려한 볼거리와 줄거리를 제공한 명작이며 레베카뉴트는 너무 이쁘게 생겼다♡",
    "date": "15.03.01",
    "rating": "10",
    "author": "kimw****",
    "review_id": "9748937",
    "movie_id": "10038"
  },
  {
    "review": "그 당시라는 핸디캡으로도 봐주기 힘들다 리들리 스콧이 코웃음을 치겠다",
    "date": "15.02.07",
    "rating": "6",
    "author": "jjog****",
    "review_id": "9676412",
    "movie_id": "10038"
  },
  {
    "review": "아무리 봐도 1편만 못한데;;ㅠㅠ",
    "date": "15.02.06",
    "rating": "8",
    "author": "sjzm****",
    "review_id": "9673462",
    "movie_id": "10038"
  },
  {
    "review": "이걸 뛰어넘는 SF 영화가 나올까?",
    "date": "15.02.05",
    "rating": "10",
    "author": "woxn****",
    "review_id": "9670128",
    "movie_id": "10038"
  },
  {
    "review": "난 이거 몇달에 한번씩 본다.너무 재밌다 볼때마다",
    "date": "15.02.05",
    "rating": "10",
    "author": "hial****",
    "review_id": "9669712",
    "movie_id": "10038"
  },
  {
    "review": "감독 바뀐 후속작중 1편을 능가하는 유일무이한 영화이자 시고니위버에게 여자람보라는 별명을 안겨준 영화 에일리언2. 장담하는데 에일리언시리즈는 2가 진리다",
    "date": "15.01.31",
    "rating": "10",
    "author": "mozo****",
    "review_id": "9653079",
    "movie_id": "10038"
  },
  {
    "review": "와...에이리언2가 30년전 영화라니....지금봐도 퀄리티쩐다 요즘 SF영화랑 견주어봐도 손색이없을정도임 초딩때 무서워서이불 돌돌감고 봤었는데... 20년지난 지금봐도 오금저리긴 매한가지네...진짜 에이리언2는 대작이자 명작인듯 ....",
    "date": "15.01.30",
    "rating": "10",
    "author": "tnql****",
    "review_id": "9650424",
    "movie_id": "10038"
  },
  {
    "review": "미친영화!..더이상 무슨 말이 필요해살떨려 천재다 천재",
    "date": "15.01.30",
    "rating": "10",
    "author": "abra****",
    "review_id": "9650410",
    "movie_id": "10038"
  },
  {
    "review": "이런 영화가 86년에 나왔다는게 진짜 믿기지 않는다..영화에서 여전사라는 캐릭터의 시작이 아닌가 싶다..정말 잼나다..",
    "date": "15.01.30",
    "rating": "10",
    "author": "juyo****",
    "review_id": "9650385",
    "movie_id": "10038"
  },
  {
    "review": "이 영화는 이후에 나온 괴물영화를 다 갖다부어도 꿀리지 않는 명작이다.",
    "date": "15.01.23",
    "rating": "10",
    "author": "kjj0****",
    "review_id": "9625168",
    "movie_id": "10038"
  },
  {
    "review": "10점 밖에 줄수 없는 현실이 아깝다 이게 영화지 짱짱맨..아 짱짱걸이지",
    "date": "15.01.20",
    "rating": "10",
    "author": "teen****",
    "review_id": "9614776",
    "movie_id": "10038"
  },
  {
    "review": "이보다 괜찮은 SF영화가 있을까?? !!",
    "date": "15.01.19",
    "rating": "10",
    "author": "dddd****",
    "review_id": "9612209",
    "movie_id": "10038"
  },
  {
    "review": "보기전  저 B급포스터에 나오는 아줌마가  보고난 후엔  누구보다도 위대해 보인다.",
    "date": "15.01.18",
    "rating": "10",
    "author": "onep****",
    "review_id": "9611299",
    "movie_id": "10038"
  },
  {
    "review": "어릴적 공포와 설레임 외계 우주 등 모든것으로 가득차게 만든 절대 최고의 영화",
    "date": "15.01.17",
    "rating": "10",
    "author": "coco****",
    "review_id": "9603105",
    "movie_id": "10038"
  },
  {
    "review": "재밌다. 확실히 예전 80 90년대 영화들이 SF의 전성기라고 해야하나..요즘의 지지부진한 스토리의 영화들보다 더 재밌다. 1보다 액션이 더 강해져서 완벽한 느낌이 든다.",
    "date": "15.01.15",
    "rating": "10",
    "author": "xyan****",
    "review_id": "9598997",
    "movie_id": "10038"
  },
  {
    "review": "과연 오락영화의 마스터라 불릴만한 경지를보여주는 캐매런",
    "date": "15.01.14",
    "rating": "8",
    "author": "jys4****",
    "review_id": "9593981",
    "movie_id": "10038"
  },
  {
    "review": "에이리언을 창조한 리들리 스콧에 이어 여전사 시고니 위버를 탄생시킨 제임스 카메론. 개성은 달라도 매끄러운 연결",
    "date": "15.01.06",
    "rating": "9",
    "author": "goms****",
    "review_id": "9567299",
    "movie_id": "10038"
  },
  {
    "review": "카메론감독 존....나 사랑한다 시....발 흥분이 멈추질 않아 어떻게 80년대에 이런영화를 만들지... 진짜 재밌었다 터미네이터2가 최고지만",
    "date": "15.01.02",
    "rating": "10",
    "author": "tkdf****",
    "review_id": "9549076",
    "movie_id": "10038"
  },
  {
    "review": "이영화를 보고 제임스카메룬의 영화를 보게되었다",
    "date": "14.12.24",
    "rating": "10",
    "author": "prio****",
    "review_id": "9509199",
    "movie_id": "10038"
  },
  {
    "review": "후반부에 너무 인간적으로 다가간 카메론 꼴보기 싫었다. 근데 연출력은 반박 못하겠다..",
    "date": "14.12.24",
    "rating": "7",
    "author": "dpdj****",
    "review_id": "9505894",
    "movie_id": "10038"
  },
  {
    "review": "요즘 옛날영활 다시보고 있는데 역시 제임스 카메룬은 천재다~ 인터스렐라같은 지루한 쓰레기영화나 만드는 놀란이  천재라고??ㅋㅋ 30년이 다 됐는데 지금봐다 엄청 잘 만들었다~!!!",
    "date": "14.12.20",
    "rating": "10",
    "author": "yong****",
    "review_id": "9494606",
    "movie_id": "10038"
  },
  {
    "review": "전작을 뛰어넘는 SF공포 스릴러",
    "date": "14.12.18",
    "rating": "9",
    "author": "rcan****",
    "review_id": "9484062",
    "movie_id": "10038"
  },
  {
    "review": "내 인생의 최고의 영화~!!",
    "date": "14.12.16",
    "rating": "10",
    "author": "jang****",
    "review_id": "9478831",
    "movie_id": "10038"
  },
  {
    "review": "제임스카메론은 진심 거장인거다",
    "date": "14.12.14",
    "rating": "10",
    "author": "jsga****",
    "review_id": "9473301",
    "movie_id": "10038"
  },
  {
    "review": "솔직히 10점은 개오바고 6점 정도가 적당할듯.에이리언 1~4중 솔직히 2편을 제일 재미없게 봤습니다.",
    "date": "14.12.13",
    "rating": "6",
    "author": "ddmi****",
    "review_id": "9469489",
    "movie_id": "10038"
  },
  {
    "review": "여기저기서 터미네이터의 냄새가 나는(당연히 날 수 밖에 없는) 물량전, 전편만큼이나 훌륭하다.",
    "date": "14.12.04",
    "rating": "8",
    "author": "kill****",
    "review_id": "9445326",
    "movie_id": "10038"
  },
  {
    "review": "시고니 아줌마랑 에이리언 형이 또 싸워. 이러다 정들지..",
    "date": "14.12.02",
    "rating": "8",
    "author": "pont****",
    "review_id": "9439912",
    "movie_id": "10038"
  },
  {
    "review": "잘봤습니다. 오래된 영화라곤 생각할수없을정도로 좋은 퀄리티였고 재밌었는데 다만, 에일리언이라는 미지의 생물에 대한 두려움 공포심 신비감 같은 뭔가 좀 쫄깃하고 긴장감 있는건 1편이 더 좋았지만 재미자체는 2편이.낫네요",
    "date": "14.11.30",
    "rating": "10",
    "author": "spla****",
    "review_id": "9436690",
    "movie_id": "10038"
  },
  {
    "review": "전율이 흐르는 걸작. 특히 에이리언 퀸이 등장하는 후반 30분은 쉴틈없이 감탄하게 된다.",
    "date": "14.11.30",
    "rating": "10",
    "author": "13qu****",
    "review_id": "9434594",
    "movie_id": "10038"
  },
  {
    "review": "86년이면 내가 태어난 해인데 그 당시 이런 퀄리티의 작품이 나왔다니 믿을 수 가 없다...",
    "date": "14.11.28",
    "rating": "10",
    "author": "red1****",
    "review_id": "9428918",
    "movie_id": "10038"
  },
  {
    "review": "처음 봤을때의 임팩트로 평점합니다.",
    "date": "14.11.22",
    "rating": "10",
    "author": "skcc****",
    "review_id": "9409402",
    "movie_id": "10038"
  },
  {
    "review": "리들리 스콧의 슬래셔물 에일리언1편을 터미네이터의 제임스 카메론이 맡으면서 완전한 sf액션영화로 변모시켰지만 성공적이었다. 혈육은 아니더라도 강한 여전사 이미지의 리플리가 강한 어머니가 되어가는 모성애와 가족애까지 보여주었다. 최고의 sf영화였다.",
    "date": "14.11.21",
    "rating": "10",
    "author": "nys0****",
    "review_id": "9405826",
    "movie_id": "10038"
  },
  {
    "review": "에이리언2 카메론 감독이 요새 기술로 다시 리메이크 했으면 좋겠다",
    "date": "14.11.18",
    "rating": "10",
    "author": "godk****",
    "review_id": "9399113",
    "movie_id": "10038"
  },
  {
    "review": "소포모어 징크스의 파괴자. 1편을 넘어선 2편, 그 이후 어떤 후속작도 2편을 넘어 서지 못했다고 본다.그리고 역대 최강의 여전사 배우는 미셸로드리게스도 아니고 우마서먼도 아니고 시고니 위버임을 이영화가 증명함.",
    "date": "14.11.15",
    "rating": "10",
    "author": "blac****",
    "review_id": "9385162",
    "movie_id": "10038"
  },
  {
    "review": "마지막에 마미 하면서 안길때 정말 눈물이 왈칵",
    "date": "14.11.12",
    "rating": "10",
    "author": "diss****",
    "review_id": "9375126",
    "movie_id": "10038"
  },
  {
    "review": "다시보고 또봐도  스릴넘치고 감탄만 나온다..이게 20년도 더된영화라니",
    "date": "14.11.11",
    "rating": "10",
    "author": "dudf****",
    "review_id": "9369678",
    "movie_id": "10038"
  },
  {
    "review": "어릴적 추억의 영화... 지금은 30대중반....",
    "date": "14.11.06",
    "rating": "10",
    "author": "hyng****",
    "review_id": "9343231",
    "movie_id": "10038"
  },
  {
    "review": "위대한 여전사의 탄생. 전설이 된 에일리언.",
    "date": "14.11.03",
    "rating": "10",
    "author": "kjk9****",
    "review_id": "9338461",
    "movie_id": "10038"
  },
  {
    "review": "지금봐도 재밌는데 그당시엔 엄청났겠네 ㅋㅋ 군데군데 귀여운 요소가 많았다. 퀸이 갸우뚱하더니 엘레베이터를....",
    "date": "14.10.19",
    "rating": "9",
    "author": "poet****",
    "review_id": "9303153",
    "movie_id": "10038"
  },
  {
    "review": "액션이 엣지오브 투모우로급이네 30가까이된영화가 1-2까지는 인간계를 넘어선영화",
    "date": "14.10.18",
    "rating": "10",
    "author": "prod****",
    "review_id": "9300106",
    "movie_id": "10038"
  },
  {
    "review": "개인적 sf영화 5손가락 안에드는 작품, 극후반부 소녀가 리플리에게 \"엄마\"라며 안기는 장면은 단연 베스트 명장면",
    "date": "14.10.18",
    "rating": "10",
    "author": "thdq****",
    "review_id": "9299169",
    "movie_id": "10038"
  },
  {
    "review": "요즘영화보다 퀄이 더 좋은거같애 ㅋㅋㅋ",
    "date": "14.10.11",
    "rating": "10",
    "author": "dnjs****",
    "review_id": "9283797",
    "movie_id": "10038"
  },
  {
    "review": "T2에 견줄만한 명작! 말이 필요 없다.",
    "date": "14.10.07",
    "rating": "10",
    "author": "gubu****",
    "review_id": "9271322",
    "movie_id": "10038"
  },
  {
    "review": "99년생 중딩입니다 DVD로 봣는데 진짜 대단함ㅇㅇ 이게 내가 태어나기전의 영화라는게 더 신기",
    "date": "14.09.28",
    "rating": "10",
    "author": "toto****",
    "review_id": "9245556",
    "movie_id": "10038"
  },
  {
    "review": "대체 카메룬형은 어떻게 되먹은 사나이인가",
    "date": "14.09.23",
    "rating": "10",
    "author": "park****",
    "review_id": "9236997",
    "movie_id": "10038"
  },
  {
    "review": "내 인생 통틀어 5손가락 안에 드는 명작. 에이리언은 4편까지 나왔는데 그 중 단연 1위인 것이 에이리언2!!! 스토리, 연출, 효과, 무기/장비 등 대박!!! 최신 SF영화까지 포함해도 감히 금세기 최고의 SF영화라 단언한다.",
    "date": "14.09.22",
    "rating": "10",
    "author": "kdg8****",
    "review_id": "9235109",
    "movie_id": "10038"
  },
  {
    "review": "1편이 폐쇠된 공간안에서 극도의 공포를 끌어냈다면 2편은 에일리언떼와 제대로 한 판 붙는거죠. 제임스카메룬의 화려한 연출은 당대 최고였다는 생각이 들면서도 전 오히려 리들리스콧의 인물들 간의 세밀한 감정까지도 잡아낸 1편이 더 땡기긴 합니다.",
    "date": "14.09.21",
    "rating": "9",
    "author": "hunb****",
    "review_id": "9230926",
    "movie_id": "10038"
  },
  {
    "review": "best of best",
    "date": "14.09.20",
    "rating": "10",
    "author": "zber****",
    "review_id": "9227319",
    "movie_id": "10038"
  },
  {
    "review": "에일리언 영화계의 조상이자 최고봉. 이 영화를 앞지를 에일리언 영화는 앞으로도 안나올것같다.",
    "date": "14.09.12",
    "rating": "10",
    "author": "whia****",
    "review_id": "9208538",
    "movie_id": "10038"
  }
]