[
  {
    "review": "종합 평점은 7점 드립니다.",
    "date": "15.08.26",
    "rating": "7",
    "author": "terr****",
    "review_id": "10275289",
    "movie_id": "10036"
  },
  {
    "review": "테이큰의 원조. 액션은 허접한데, 독보적인 캐릭터와 깨알같은 유머가 커다란 재미를 준다. \"사실대로 말하면 풀어준다고 했지? 거짓말이야\" \"으아아아~\"",
    "date": "15.08.12",
    "rating": "8",
    "author": "stil****",
    "review_id": "10219119",
    "movie_id": "10036"
  },
  {
    "review": "효과음이 거슬리지만  즐기기는 충분한 액션 영화중 하나",
    "date": "15.08.01",
    "rating": "8",
    "author": "come****",
    "review_id": "10169071",
    "movie_id": "10036"
  },
  {
    "review": "허접한 초딩영화!! 어릴적에 람보와 비교했던게 스텔론 형한테 죄송하다~",
    "date": "15.06.05",
    "rating": "1",
    "author": "mien****",
    "review_id": "9977134",
    "movie_id": "10036"
  },
  {
    "review": "어렸을때 극장에서봤던 기억이 나는 추억의 영화...화끈한 액션이 본작의 장점",
    "date": "15.04.05",
    "rating": "6",
    "author": "thra****",
    "review_id": "9828739",
    "movie_id": "10036"
  },
  {
    "review": "재밌는 녀석이군. 마음에 들었다. 죽일 때는 맨 마지막으로 죽여주마.",
    "date": "15.03.12",
    "rating": "10",
    "author": "ksh3****",
    "review_id": "9774152",
    "movie_id": "10036"
  },
  {
    "review": "의미를 찾지 않고 재미란 점에서는 정말 끝내주는 영화. 6살때 엄마 아빠 손잡고 극장에서 봤는데, 파이프로 배 뚫은 게 트라우마. 아직 생생하게 기억남. 애한테는 이런 영화 보여주지 말자.",
    "date": "15.02.18",
    "rating": "8",
    "author": "teo0****",
    "review_id": "9709151",
    "movie_id": "10036"
  },
  {
    "review": "80년대 액션을 좋아한다면 불만 없이 볼 테지만, 그 외의 사람들에겐 헛웃음만 유발시킨다.",
    "date": "15.02.12",
    "rating": "4",
    "author": "zxc1****",
    "review_id": "9690661",
    "movie_id": "10036"
  },
  {
    "review": "아놀드씨에게 딱맞는 배역의 영화!! 옛날에 찍은거지만 생생하고 배우들 연기도 탄탄해서 재밌음ㅎㅎ",
    "date": "15.02.07",
    "rating": "10",
    "author": "yesl****",
    "review_id": "9676248",
    "movie_id": "10036"
  },
  {
    "review": "시간 때우기 정말 좋은 영화 람보같은거 좋아하시는분들에게 추천",
    "date": "15.02.04",
    "rating": "9",
    "author": "tnld****",
    "review_id": "9666976",
    "movie_id": "10036"
  },
  {
    "review": "아놀드형 코만도 터미네이터 실베형 람보 록키 정리끝",
    "date": "14.11.14",
    "rating": "10",
    "author": "shii****",
    "review_id": "9381737",
    "movie_id": "10036"
  },
  {
    "review": "m16 소총을 양팔에 끼고 총 쏘는 배우는 아놀드 형님이 아니면 할 수 없는 포스...",
    "date": "14.10.03",
    "rating": "10",
    "author": "mrq1****",
    "review_id": "9257313",
    "movie_id": "10036"
  },
  {
    "review": "더운날 맥주한잔 하면서 보면 더위도 스트레스도 한방에 날아가 버리는 속 시원해지는 액션영화임",
    "date": "14.09.21",
    "rating": "10",
    "author": "ices****",
    "review_id": "9231825",
    "movie_id": "10036"
  },
  {
    "review": "아놀드님 너무멋져!!진정한 레전드",
    "date": "14.09.13",
    "rating": "10",
    "author": "mill****",
    "review_id": "9208936",
    "movie_id": "10036"
  },
  {
    "review": "50대를 바라보는 알리샤 밀라노의 10대 영계시절을 감상할수 있는 영화",
    "date": "14.09.01",
    "rating": "5",
    "author": "tlsg****",
    "review_id": "9152626",
    "movie_id": "10036"
  },
  {
    "review": "아놀드가 발연기 하던 시절 영화에 점수를 조금 더 보탠 이유는 내 청소년 시절 여신이었던 알리사밀라노...나이 먹고 다시 보니까 레돈총이 은근 섹시하게 보이더라는...",
    "date": "14.08.01",
    "rating": "8",
    "author": "lees****",
    "review_id": "8999530",
    "movie_id": "10036"
  },
  {
    "review": "80년대 헐리웃 액션영화의 양대 산맥 람보 vs 코만도",
    "date": "14.06.03",
    "rating": "7",
    "author": "adiv****",
    "review_id": "8789027",
    "movie_id": "10036"
  },
  {
    "review": "이게 뭐냐 ㅋㅋ 너무 비현실적이다.",
    "date": "14.05.26",
    "rating": "1",
    "author": "synd****",
    "review_id": "8766568",
    "movie_id": "10036"
  },
  {
    "review": "믿고보는 아놀드 형님 영화!!!",
    "date": "14.05.02",
    "rating": "10",
    "author": "ske4****",
    "review_id": "8692354",
    "movie_id": "10036"
  },
  {
    "review": "아놀드 대형이 람보를 압도하는 똘끼로 펼쳐낸 울트라 원맨-아미 무비! 일방통행의 마초맨 기관총 연설, 초면에 충성하는 이상한 여인, 행동장애 헤비급의 프레디-머큐리, 박수부대 티를 내며 고꾸라지는 적군들! 민망함이 넘치지만,  한 시대의 상징이니까~!",
    "date": "14.05.01",
    "rating": "10",
    "author": "wana****",
    "review_id": "8690757",
    "movie_id": "10036"
  },
  {
    "review": "지금봐도 통쾌한 근육액션~~",
    "date": "14.04.14",
    "rating": "10",
    "author": "wmc6****",
    "review_id": "8650819",
    "movie_id": "10036"
  },
  {
    "review": "코만도 COMMANDO ... 아놀드 슈왈제네거는 미국 육군 대테러 특수부대 델타포스 요원 출신으로 나온다",
    "date": "14.04.12",
    "rating": "10",
    "author": "lish****",
    "review_id": "8644602",
    "movie_id": "10036"
  },
  {
    "review": "코만도 딸을 건드리면 어떻게 되는지 알지?",
    "date": "14.03.29",
    "rating": "8",
    "author": "pont****",
    "review_id": "8613980",
    "movie_id": "10036"
  },
  {
    "review": "그때 흥행에 성공했을만 하다...",
    "date": "13.12.28",
    "rating": "9",
    "author": "mild****",
    "review_id": "8315696",
    "movie_id": "10036"
  },
  {
    "review": "명작이지 코만도는 람보와함께..",
    "date": "13.12.05",
    "rating": "10",
    "author": "xx90****",
    "review_id": "8191520",
    "movie_id": "10036"
  },
  {
    "review": "전직 국인 특수부대 출신에 살인마 아버지... 악인은 가차없다...",
    "date": "13.11.28",
    "rating": "9",
    "author": "pass****",
    "review_id": "8174757",
    "movie_id": "10036"
  },
  {
    "review": "코만도 북한새끼들 없애줬으면 좋겠다",
    "date": "13.09.14",
    "rating": "10",
    "author": "buti****",
    "review_id": "7978665",
    "movie_id": "10036"
  },
  {
    "review": "아놀드에 딱맞는 캐릭터",
    "date": "13.09.11",
    "rating": "9",
    "author": "xfig****",
    "review_id": "7966879",
    "movie_id": "10036"
  },
  {
    "review": "코만도와 람보가 싸우면 누가 이길까?",
    "date": "13.05.05",
    "rating": "10",
    "author": "bsm9****",
    "review_id": "7510457",
    "movie_id": "10036"
  },
  {
    "review": "이것이 바로 액션 그자체다",
    "date": "13.04.28",
    "rating": "10",
    "author": "supe****",
    "review_id": "7491977",
    "movie_id": "10036"
  },
  {
    "review": "80년대 액션영화의 대명사 람보와 코만도.. 그중에서도 코만도가 더욱 박력이 넘친다. 의욕이 없을때 이걸 보면 의욕이 넘친다.",
    "date": "13.02.28",
    "rating": "10",
    "author": "0401****",
    "review_id": "7309497",
    "movie_id": "10036"
  },
  {
    "review": "80년대 최종병기 람보 와  코만도...",
    "date": "13.02.26",
    "rating": "10",
    "author": "wewo****",
    "review_id": "7303498",
    "movie_id": "10036"
  },
  {
    "review": "눈도 입고 귀도 필요없다. 코만도. 어릴적 최고의 액션.",
    "date": "13.02.21",
    "rating": "10",
    "author": "jere****",
    "review_id": "7286512",
    "movie_id": "10036"
  },
  {
    "review": "진짜 1985년에 이런 오락액션 영화 나왔다는게 대박이다! 중학생때 영화채널에서 2번정도 봤는데꽤 나름대로 재밌었다. 가장 생각나는건 아놀드랑배닛이랑 칼싸움 할때 배닛살인미소 \"I'm got a kill you now!\"",
    "date": "13.02.15",
    "rating": "10",
    "author": "leew****",
    "review_id": "7268771",
    "movie_id": "10036"
  },
  {
    "review": "걍 대박인 영화다.ㄷㄷㄷ",
    "date": "13.01.18",
    "rating": "10",
    "author": "veng****",
    "review_id": "7126957",
    "movie_id": "10036"
  },
  {
    "review": "98년도인가 하튼 초딩때 케이블에서 봤는데 그냥 넋놓고 봤음 그냥 졸라 멋있는데 지금보니 유치뽕짝 ㅠㅠ ㅋㅋㅋ",
    "date": "13.01.07",
    "rating": "10",
    "author": "yans****",
    "review_id": "7091227",
    "movie_id": "10036"
  },
  {
    "review": "만화같은 액션도 아놀드니깐 이해가되는..",
    "date": "12.12.31",
    "rating": "8",
    "author": "gh75****",
    "review_id": "7066960",
    "movie_id": "10036"
  },
  {
    "review": "설리가 나온다.. ㅋㅋ",
    "date": "12.12.17",
    "rating": "8",
    "author": "tn99****",
    "review_id": "7013610",
    "movie_id": "10036"
  },
  {
    "review": "놀드형님의 코만도는 그냥 만점이지...볼 것도 없음. 최고의 액션 영화!...였음..ㅠㅠ",
    "date": "12.11.27",
    "rating": "10",
    "author": "ooga****",
    "review_id": "6931364",
    "movie_id": "10036"
  },
  {
    "review": "아놀드표 액션의 진수",
    "date": "12.11.04",
    "rating": "10",
    "author": "s2te****",
    "review_id": "6851155",
    "movie_id": "10036"
  },
  {
    "review": "아놀드 ... 하면 제일 먼저 떠오르는건 터미네이터 보단 코만도였죠...람보와 더블어~",
    "date": "12.10.18",
    "rating": "8",
    "author": "sute****",
    "review_id": "6810107",
    "movie_id": "10036"
  },
  {
    "review": "터미네이터 1.2 편과 코만도 최고죠. 완전 광팬 되었으니까요.",
    "date": "12.09.05",
    "rating": "10",
    "author": "lady****",
    "review_id": "6671144",
    "movie_id": "10036"
  },
  {
    "review": "앨리사 밀라노의 어린 시절을 볼 수 있음 ^^",
    "date": "12.08.29",
    "rating": "10",
    "author": "biga****",
    "review_id": "6652738",
    "movie_id": "10036"
  },
  {
    "review": "당시 친구들과의 주된 코미디 화제였던 람보 Vs. 코만도.. 영화만 보자면  근육과 무기화력, 화려한 볼거리는 코만도가 우위였으나, 내용이라던가 메세지, 연출기법 등 전체적 작품성으로는 단연 람보의 승리. 코만도는 완전 2류 오락영화를 추구했거든.",
    "date": "12.08.27",
    "rating": "4",
    "author": "acin****",
    "review_id": "6648782",
    "movie_id": "10036"
  },
  {
    "review": "아놀드가 젤 매력적으로 나오는 영화 중 하나..최고!",
    "date": "12.07.24",
    "rating": "10",
    "author": "balh****",
    "review_id": "6522548",
    "movie_id": "10036"
  },
  {
    "review": "테이큰의 원조. 납치당한 딸을 구하기 위한, m16을 한손으로 쏘는 특수부대출신 아버지의 혼자서 1개 대대 전멸작전.",
    "date": "12.07.22",
    "rating": "8",
    "author": "virt****",
    "review_id": "6516399",
    "movie_id": "10036"
  },
  {
    "review": "우왕 아놀드 마지막에 쩌네",
    "date": "12.06.30",
    "rating": "10",
    "author": "toil****",
    "review_id": "6432238",
    "movie_id": "10036"
  },
  {
    "review": "80년대의 정서가 너무나도 좋다 아놀드 최고~",
    "date": "12.04.01",
    "rating": "8",
    "author": "meha****",
    "review_id": "6184153",
    "movie_id": "10036"
  },
  {
    "review": "ㅋㅋㅋ 멍청한 영화",
    "date": "12.02.11",
    "rating": "5",
    "author": "bbob****",
    "review_id": "6068178",
    "movie_id": "10036"
  },
  {
    "review": "근육질의 초토화 액션 파티타임 ㅋ",
    "date": "12.01.06",
    "rating": "10",
    "author": "best****",
    "review_id": "5965031",
    "movie_id": "10036"
  },
  {
    "review": "호만도~ 지옥의 트꽁대장 호만도~",
    "date": "11.12.06",
    "rating": "10",
    "author": "sig_****",
    "review_id": "5890294",
    "movie_id": "10036"
  },
  {
    "review": "85년도였다 생각하고 10점주고 감..지금은..ㅡ,ㅡ; 여튼 람보:코만도=코만도 승ㅋ",
    "date": "11.12.06",
    "rating": "10",
    "author": "ceo9****",
    "review_id": "5890185",
    "movie_id": "10036"
  },
  {
    "review": "어렸을때 재미있게 보았고 일당백 총격전에서 코미디처럼 크게 웃으면서 보았다.",
    "date": "11.10.17",
    "rating": "8",
    "author": "robo****",
    "review_id": "5793393",
    "movie_id": "10036"
  },
  {
    "review": "액션을 즐기기에 딱 좋은 영화 저기 아랫분이 말한 쿨한영화라는데 동의",
    "date": "11.10.13",
    "rating": "8",
    "author": "cruf****",
    "review_id": "5787074",
    "movie_id": "10036"
  },
  {
    "review": "무지막지한 액션",
    "date": "11.10.04",
    "rating": "8",
    "author": "ccpp****",
    "review_id": "5770677",
    "movie_id": "10036"
  },
  {
    "review": "근육총질영화하면 와 함께 이 영화가 떠오르지",
    "date": "11.10.04",
    "rating": "8",
    "author": "rame****",
    "review_id": "5770674",
    "movie_id": "10036"
  },
  {
    "review": "어릴 때 보곤, 전화부스를 맨손으로 잡아 뜯는 장면에서 경악했었지",
    "date": "11.10.04",
    "rating": "8",
    "author": "kpcc****",
    "review_id": "5770672",
    "movie_id": "10036"
  },
  {
    "review": "말도 안되는 장면이 많고 스토리도 진부하다",
    "date": "11.08.24",
    "rating": "1",
    "author": "mara****",
    "review_id": "5684467",
    "movie_id": "10036"
  },
  {
    "review": "라스트가 아쉬웠다.",
    "date": "11.05.12",
    "rating": "8",
    "author": "lbj4****",
    "review_id": "5423197",
    "movie_id": "10036"
  },
  {
    "review": "당시에는 완전 최고였겠다... 거이 30년되가는 영화가...",
    "date": "11.04.28",
    "rating": "10",
    "author": "pop5****",
    "review_id": "5396199",
    "movie_id": "10036"
  },
  {
    "review": "대사가 폭력적인데 이상하게 웃기다. 비현실적인 액션이라서 잔인하다는 느낌이 않듬",
    "date": "11.04.09",
    "rating": "6",
    "author": "theh****",
    "review_id": "5363846",
    "movie_id": "10036"
  },
  {
    "review": "80년대 액션의 모든 것이 담겨진 영화 그 자체만으로도 수작이다",
    "date": "11.04.01",
    "rating": "10",
    "author": "ajtw****",
    "review_id": "5347777",
    "movie_id": "10036"
  },
  {
    "review": "하필이면 람보2와 같은 해에 개봉하다니!!",
    "date": "11.03.12",
    "rating": "10",
    "author": "dhqk****",
    "review_id": "5309551",
    "movie_id": "10036"
  },
  {
    "review": "개같이 유치하고 개같이 뻔하고 개같이 허접한데 영화는 존1나게 쿨하다",
    "date": "10.12.10",
    "rating": "10",
    "author": "krrr****",
    "review_id": "5042280",
    "movie_id": "10036"
  },
  {
    "review": "코만도 형! 람보 형과 함께 북한애들좀 혼내주시구려...",
    "date": "10.11.25",
    "rating": "8",
    "author": "rosn****",
    "review_id": "4990161",
    "movie_id": "10036"
  },
  {
    "review": "추억의 명화 람보'2'와 코만도면 당시국딩들은ㅋㅋㅋㅋㅋ그래서10점",
    "date": "10.11.13",
    "rating": "10",
    "author": "heim****",
    "review_id": "4956183",
    "movie_id": "10036"
  },
  {
    "review": "마지막 액션이 좀 .. ㄷㄷ",
    "date": "10.08.17",
    "rating": "10",
    "author": "fhff****",
    "review_id": "4757659",
    "movie_id": "10036"
  },
  {
    "review": "엄청난근육맨의 엄청난액션~",
    "date": "10.07.24",
    "rating": "10",
    "author": "zmfp****",
    "review_id": "4666637",
    "movie_id": "10036"
  },
  {
    "review": "일당백 ㅎㅎㅎ",
    "date": "10.06.03",
    "rating": "10",
    "author": "rnal****",
    "review_id": "4541053",
    "movie_id": "10036"
  },
  {
    "review": "지나친액션,지나친설정,지나친살상,지나친근육..",
    "date": "10.05.04",
    "rating": "7",
    "author": "hdg9****",
    "review_id": "4478055",
    "movie_id": "10036"
  },
  {
    "review": "근육모리모리모리",
    "date": "10.03.17",
    "rating": "10",
    "author": "hiwa****",
    "review_id": "4363531",
    "movie_id": "10036"
  },
  {
    "review": "85년당시 아놀드가 폭력배우라고 미국에서 낙인찍혔던 작품임.",
    "date": "10.03.12",
    "rating": "8",
    "author": "jjyn****",
    "review_id": "4350718",
    "movie_id": "10036"
  },
  {
    "review": "과도한 설정, 과도한 액션, 과도한 살상, 과도한 근육",
    "date": "10.02.07",
    "rating": "5",
    "author": "mygr****",
    "review_id": "4254072",
    "movie_id": "10036"
  },
  {
    "review": "아놀드슈왈자넨가형님 나오는 영화 대박..",
    "date": "10.02.02",
    "rating": "9",
    "author": "tjtm****",
    "review_id": "4238279",
    "movie_id": "10036"
  },
  {
    "review": "초등5학년때 본 영화. 여기 나오는 아놀드는 터미네이터보다 무섭게 나옴 ㅋㅋㅋㅋㅋ",
    "date": "10.01.28",
    "rating": "10",
    "author": "k2ls****",
    "review_id": "4216867",
    "movie_id": "10036"
  },
  {
    "review": "존내 개구라 영화,아놀드 안대도 안맞음",
    "date": "10.01.07",
    "rating": "2",
    "author": "spik****",
    "review_id": "4143351",
    "movie_id": "10036"
  },
  {
    "review": "아놀드 형은 아무도 못따라오는 듯 하군요. 공항에서 전화해주는 두녀석빼곤 전멸",
    "date": "09.12.04",
    "rating": "10",
    "author": "ckdw****",
    "review_id": "4014601",
    "movie_id": "10036"
  },
  {
    "review": "85년치고 액션은 최고이다 근육액션 단순한스토리므로 스토리를 부각시킬필요가있다.",
    "date": "09.12.02",
    "rating": "2",
    "author": "hjj5****",
    "review_id": "4009736",
    "movie_id": "10036"
  },
  {
    "review": "내 인생 최고의 영화 존내무서워",
    "date": "09.10.22",
    "rating": "10",
    "author": "yang****",
    "review_id": "3908346",
    "movie_id": "10036"
  },
  {
    "review": "2점을 주고 싶지만 나름 공정하게...",
    "date": "09.09.08",
    "rating": "1",
    "author": "pria****",
    "review_id": "3818697",
    "movie_id": "10036"
  },
  {
    "review": "무적의 주인공.",
    "date": "09.07.19",
    "rating": "10",
    "author": "dlwo****",
    "review_id": "3647068",
    "movie_id": "10036"
  },
  {
    "review": "시원하구만!",
    "date": "09.07.15",
    "rating": "8",
    "author": "pook****",
    "review_id": "3633076",
    "movie_id": "10036"
  },
  {
    "review": "잼있어요...",
    "date": "09.07.03",
    "rating": "10",
    "author": "qhde****",
    "review_id": "3608657",
    "movie_id": "10036"
  },
  {
    "review": "잼있구먼",
    "date": "09.04.21",
    "rating": "10",
    "author": "nice****",
    "review_id": "3432930",
    "movie_id": "10036"
  },
  {
    "review": "금요일밤에 TV서해주는 토탈리콜 보고 토요일밤에 이영화 보고 쩔었었던 기억이!!",
    "date": "09.03.18",
    "rating": "10",
    "author": "fill****",
    "review_id": "3372961",
    "movie_id": "10036"
  },
  {
    "review": "근육이 전부인영화^0^그치만GOOD~!!!",
    "date": "09.02.04",
    "rating": "10",
    "author": "seal****",
    "review_id": "3277715",
    "movie_id": "10036"
  },
  {
    "review": "즐기기엔 정말 좋은 영화 중 하나~",
    "date": "09.01.31",
    "rating": "8",
    "author": "chlg****",
    "review_id": "3266805",
    "movie_id": "10036"
  },
  {
    "review": "악과싸우는 좋은영화",
    "date": "08.12.30",
    "rating": "10",
    "author": "482k****",
    "review_id": "3167837",
    "movie_id": "10036"
  },
  {
    "review": "나 이영화 진짜 재밌었지",
    "date": "08.12.30",
    "rating": "10",
    "author": "fkdl****",
    "review_id": "3167346",
    "movie_id": "10036"
  },
  {
    "review": "옜날 영화라 좀 센스가 떨어지네..",
    "date": "08.11.20",
    "rating": "8",
    "author": "jbc1****",
    "review_id": "3062001",
    "movie_id": "10036"
  },
  {
    "review": "제이슨 vs 프레디, 에어리언 vs 프레테더.. 람보 vs 코만도 좀 찍어라..",
    "date": "08.10.20",
    "rating": "8",
    "author": "real****",
    "review_id": "3010991",
    "movie_id": "10036"
  },
  {
    "review": "아놀드형님의 전성기때 엄청난 액션을 느낄수있네요!!! 역시 군인이 잘어울리심",
    "date": "08.09.03",
    "rating": "10",
    "author": "kjsg****",
    "review_id": "2919502",
    "movie_id": "10036"
  },
  {
    "review": "85년도 최고의 화제작...블루레이로 소장하고 있음...정말 볼만한 영화..",
    "date": "08.08.30",
    "rating": "10",
    "author": "lze0****",
    "review_id": "2910585",
    "movie_id": "10036"
  },
  {
    "review": "액션 하나 죽인다. 역시 아놀드",
    "date": "08.08.21",
    "rating": "10",
    "author": "s194****",
    "review_id": "2890733",
    "movie_id": "10036"
  },
  {
    "review": "람보는 M60을 한손으로 쏘는데 뭘 M16가지고...",
    "date": "08.08.11",
    "rating": "10",
    "author": "jinu****",
    "review_id": "2860992",
    "movie_id": "10036"
  },
  {
    "review": "유치한 액션. 그러나 어쩌겠는가? 람보를 대적할 자 코만도 뿐인데",
    "date": "08.07.20",
    "rating": "8",
    "author": "kpcc****",
    "review_id": "2784159",
    "movie_id": "10036"
  },
  {
    "review": "액션 잼있다!!",
    "date": "08.07.09",
    "rating": "10",
    "author": "assz****",
    "review_id": "2751069",
    "movie_id": "10036"
  },
  {
    "review": "터미네이터도 재미있었지만 이것두 재밋다.",
    "date": "08.06.08",
    "rating": "9",
    "author": "i971****",
    "review_id": "2687204",
    "movie_id": "10036"
  },
  {
    "review": "B급 영화랜다. ㅎㅎㅎ 세월 참...",
    "date": "08.05.12",
    "rating": "10",
    "author": "nano****",
    "review_id": "2636801",
    "movie_id": "10036"
  },
  {
    "review": "인간경시와 잔인함이 넘치는 '나쁜' 영화...",
    "date": "08.04.21",
    "rating": "4",
    "author": "traj****",
    "review_id": "2592183",
    "movie_id": "10036"
  }
]