[
  {
    "review": "원보단아니지만 볼만은하다 저떄도애들은말은안들었구나",
    "date": "15.07.01",
    "rating": "10",
    "author": "dnjs****",
    "review_id": "10056954",
    "movie_id": "10030"
  },
  {
    "review": "죠스2 저평가가 심하네요... 조여오는 맛은 죠스1에 안밀려요. 특수효과가 죠스1때 보다 진보하지 못한건 아쉬운점",
    "date": "15.05.21",
    "rating": "8",
    "author": "beat****",
    "review_id": "9934787",
    "movie_id": "10030"
  },
  {
    "review": "1편보다는 떨어지는 스릴이지만 그래도 시대 감안하면 이정도도 볼만하다.",
    "date": "15.04.12",
    "rating": "8",
    "author": "adiv****",
    "review_id": "9841355",
    "movie_id": "10030"
  },
  {
    "review": "어렸을적에 봤던 기억이...전기선 물도록 유인해서 상어전기구이로 죽였던 기억이남..",
    "date": "14.08.31",
    "rating": "6",
    "author": "thra****",
    "review_id": "9149819",
    "movie_id": "10030"
  },
  {
    "review": "음 1편보다 더 재미없고 잔인하지도 않음.",
    "date": "14.07.14",
    "rating": "3",
    "author": "sksm****",
    "review_id": "8916409",
    "movie_id": "10030"
  },
  {
    "review": "너무 귀여워진 상어 너무 재미없어진 영화",
    "date": "14.07.06",
    "rating": "1",
    "author": "hang****",
    "review_id": "8889120",
    "movie_id": "10030"
  },
  {
    "review": "너무 귀여워진 상어 ..",
    "date": "14.03.21",
    "rating": "6",
    "author": "zhde****",
    "review_id": "8591944",
    "movie_id": "10030"
  },
  {
    "review": "무척 좋았던 1편과 비슷한 이야기, 캐릭터, 장면이지만, 긴장감이나 스릴은 현저하게 떨어진다.",
    "date": "14.02.25",
    "rating": "5",
    "author": "zxc1****",
    "review_id": "8535504",
    "movie_id": "10030"
  },
  {
    "review": "난 상어가 진짜 인줄만 알았음",
    "date": "13.12.13",
    "rating": "8",
    "author": "rldn****",
    "review_id": "8211374",
    "movie_id": "10030"
  },
  {
    "review": "진짜 죠스랑딥블루씨빼고 식인상어영화는 전부다 형편없음",
    "date": "13.06.23",
    "rating": "9",
    "author": "thqu****",
    "review_id": "7673289",
    "movie_id": "10030"
  },
  {
    "review": "약간 재밌음 ㅎㅎ",
    "date": "13.02.09",
    "rating": "8",
    "author": "seoj****",
    "review_id": "7243829",
    "movie_id": "10030"
  },
  {
    "review": "1편보다 더 재밌다고 생각했었는데 다시 보고 싶다.",
    "date": "12.11.21",
    "rating": "10",
    "author": "kem1****",
    "review_id": "6909848",
    "movie_id": "10030"
  },
  {
    "review": "역시 1편보다는 못 하지만 나름 볼만하고 비명만 지르는 진상 기집애때문에 집중이 안됨ㅋㅋ",
    "date": "12.09.04",
    "rating": "8",
    "author": "youn****",
    "review_id": "6668717",
    "movie_id": "10030"
  },
  {
    "review": "전편의 플롯에서 벗어나지 못하는 한계. 한번 더 우러먹지만, 그조차 반갑긴 했지.",
    "date": "12.01.09",
    "rating": "6",
    "author": "acin****",
    "review_id": "5972965",
    "movie_id": "10030"
  },
  {
    "review": "스필버그가 창조한 전편의 센세이션함은 없지만 속편도 당시 꽤 재밌었던 축에 들어감",
    "date": "11.12.13",
    "rating": "8",
    "author": "gall****",
    "review_id": "5904318",
    "movie_id": "10030"
  },
  {
    "review": "점점 못해진다..",
    "date": "11.12.07",
    "rating": "7",
    "author": "tn99****",
    "review_id": "5893548",
    "movie_id": "10030"
  },
  {
    "review": "좀재미있음",
    "date": "11.11.06",
    "rating": "9",
    "author": "dlrh****",
    "review_id": "5831336",
    "movie_id": "10030"
  },
  {
    "review": "1편보다는 별로지만 재미있다.",
    "date": "11.10.27",
    "rating": "10",
    "author": "matr****",
    "review_id": "5813500",
    "movie_id": "10030"
  },
  {
    "review": "완전 재미있음 특히 브로디 서장님 수고 많으심니다",
    "date": "11.09.27",
    "rating": "10",
    "author": "sw14****",
    "review_id": "5756719",
    "movie_id": "10030"
  },
  {
    "review": "전작에서 발전된 점이 없는 영화",
    "date": "11.09.12",
    "rating": "7",
    "author": "yser****",
    "review_id": "5725896",
    "movie_id": "10030"
  },
  {
    "review": "1편에 비하면 영 밋밋하지만 브로디서장이 나와서.. 그리고 78년도 헐리웃특수효과 구경의 재미",
    "date": "11.09.10",
    "rating": "8",
    "author": "virt****",
    "review_id": "5720295",
    "movie_id": "10030"
  },
  {
    "review": "상어는 먹이를 먹고나서도 계속해서 공격하네.. 배 속에 거지가 들었나..",
    "date": "11.08.31",
    "rating": "6",
    "author": "amoh****",
    "review_id": "5701101",
    "movie_id": "10030"
  },
  {
    "review": "개인적으로 1편보다 더 재밌었음 +_+ 1편 보고나서 2편을 봐서 그런건지 ㅎㅎ 굿~!!",
    "date": "11.07.15",
    "rating": "8",
    "author": "akrl****",
    "review_id": "5546045",
    "movie_id": "10030"
  },
  {
    "review": "백상아리는 식인상어도 아니고 다시보면 상당히 귀엽기도 하다",
    "date": "11.04.16",
    "rating": "5",
    "author": "fate****",
    "review_id": "5377328",
    "movie_id": "10030"
  },
  {
    "review": "옛다!8점 상어에 최후가 1편보다 못하다. 포스터도 마찬가지~",
    "date": "11.02.10",
    "rating": "8",
    "author": "wein****",
    "review_id": "5234014",
    "movie_id": "10030"
  },
  {
    "review": "사람도 죽고 내가 본 상어영화에서 재일 재밌음.",
    "date": "10.11.11",
    "rating": "10",
    "author": "hade****",
    "review_id": "4952321",
    "movie_id": "10030"
  },
  {
    "review": "장인정신과 비즈니스의 차이.",
    "date": "10.06.28",
    "rating": "4",
    "author": "tori****",
    "review_id": "4596850",
    "movie_id": "10030"
  },
  {
    "review": "2탄까지는 볼만했음",
    "date": "10.06.27",
    "rating": "7",
    "author": "bkm1****",
    "review_id": "4594308",
    "movie_id": "10030"
  },
  {
    "review": "죠스 1편으로 끝날꺼라는 아쉬움을 잘 달래주었던 후속작..",
    "date": "10.04.06",
    "rating": "10",
    "author": "il_d****",
    "review_id": "4415233",
    "movie_id": "10030"
  },
  {
    "review": "조스 시리즈로 인해 자행된 엄청난 상어학살 이 책임은?",
    "date": "09.10.28",
    "rating": "5",
    "author": "rlad****",
    "review_id": "3920350",
    "movie_id": "10030"
  },
  {
    "review": "부족한 연출력이 속편의 활력과 세부분장효과를 반감시킴.",
    "date": "09.09.29",
    "rating": "3",
    "author": "sykm****",
    "review_id": "3859490",
    "movie_id": "10030"
  },
  {
    "review": "잼씀",
    "date": "09.09.21",
    "rating": "10",
    "author": "lkcp****",
    "review_id": "3843410",
    "movie_id": "10030"
  },
  {
    "review": "그나마 이건 괜찮다 3편부터 망가지기 시작했다",
    "date": "09.09.14",
    "rating": "10",
    "author": "ajtw****",
    "review_id": "3831776",
    "movie_id": "10030"
  },
  {
    "review": "좋습니다.",
    "date": "09.09.02",
    "rating": "10",
    "author": "dong****",
    "review_id": "3806483",
    "movie_id": "10030"
  },
  {
    "review": "굉장 합니다.",
    "date": "09.09.02",
    "rating": "10",
    "author": "0527****",
    "review_id": "3806462",
    "movie_id": "10030"
  },
  {
    "review": "1보다 너무 실망감이..",
    "date": "09.04.10",
    "rating": "5",
    "author": "enia****",
    "review_id": "3414334",
    "movie_id": "10030"
  },
  {
    "review": "1편만은 못하지만 그래도...",
    "date": "09.03.31",
    "rating": "7",
    "author": "neve****",
    "review_id": "3397164",
    "movie_id": "10030"
  },
  {
    "review": "평점2점준사람들은영화볼줄모르는사람1편에비에재미가딸리는건사실이지만2도재밌단다.",
    "date": "08.09.09",
    "rating": "10",
    "author": "pk72****",
    "review_id": "2932688",
    "movie_id": "10030"
  },
  {
    "review": "알고보면 죠스의 고향은 ...노량진 수산시장이다.한마디로 무뇌아들의 향연.",
    "date": "08.08.29",
    "rating": "2",
    "author": "baks****",
    "review_id": "2909031",
    "movie_id": "10030"
  },
  {
    "review": "전편보다 약하지만.. 그래도 잼다!!ㅋㅋ",
    "date": "08.08.08",
    "rating": "10",
    "author": "jcy1****",
    "review_id": "2852150",
    "movie_id": "10030"
  },
  {
    "review": "전편은사투를 벌이지만 이번은비명만지르다영화가끝난다,.,,,",
    "date": "08.08.06",
    "rating": "3",
    "author": "cnal****",
    "review_id": "2839911",
    "movie_id": "10030"
  },
  {
    "review": "전편과 너무 비슷하고, 전편보다 현저히 못하는 듯 싶다.",
    "date": "08.08.04",
    "rating": "6",
    "author": "pola****",
    "review_id": "2835806",
    "movie_id": "10030"
  },
  {
    "review": "상어가나오길 기다리다 지치고,결국 시시하게 끝난다 속편의한계를 여실히드러낸 졸작",
    "date": "08.07.21",
    "rating": "2",
    "author": "goms****",
    "review_id": "2788923",
    "movie_id": "10030"
  },
  {
    "review": "연출력에 비해 인물들은 별로 입체적이지 못했다. 스필버그란 존재의 재확인 작품",
    "date": "08.07.21",
    "rating": "6",
    "author": "marc****",
    "review_id": "2788170",
    "movie_id": "10030"
  },
  {
    "review": "1편이후작품은 넘겨서봤다..",
    "date": "08.06.11",
    "rating": "8",
    "author": "pop5****",
    "review_id": "2692837",
    "movie_id": "10030"
  },
  {
    "review": "그래 여기까지는그나마 괜찮았다",
    "date": "08.03.29",
    "rating": "6",
    "author": "aqzz****",
    "review_id": "2546968",
    "movie_id": "10030"
  },
  {
    "review": "1편을 보고 2편을 기대하지 말라",
    "date": "08.01.12",
    "rating": "7",
    "author": "mins****",
    "review_id": "2323460",
    "movie_id": "10030"
  },
  {
    "review": "원작만큼은 아니지만 로이 샤이더가 다시 출연해 스릴을 이어간다",
    "date": "07.11.30",
    "rating": "8",
    "author": "radi****",
    "review_id": "2194176",
    "movie_id": "10030"
  },
  {
    "review": "good",
    "date": "07.10.20",
    "rating": "6",
    "author": "cles****",
    "review_id": "2101524",
    "movie_id": "10030"
  },
  {
    "review": "최고 다",
    "date": "07.09.26",
    "rating": "10",
    "author": "kims****",
    "review_id": "2051558",
    "movie_id": "10030"
  },
  {
    "review": "1편만큼은 아니자만 재미는 보장한다",
    "date": "07.06.09",
    "rating": "8",
    "author": "deff****",
    "review_id": "1691272",
    "movie_id": "10030"
  },
  {
    "review": "1편도 보다 좀 별로였다고 생각해요. 하지만 재미있게 봤습니다",
    "date": "07.05.27",
    "rating": "4",
    "author": "dngu****",
    "review_id": "1667351",
    "movie_id": "10030"
  },
  {
    "review": "2편도 재미있게 봤다",
    "date": "07.05.02",
    "rating": "10",
    "author": "xxss****",
    "review_id": "1616004",
    "movie_id": "10030"
  },
  {
    "review": "정말 죠스는 1편으로 끝났어야되....",
    "date": "07.03.30",
    "rating": "4",
    "author": "2001****",
    "review_id": "1562312",
    "movie_id": "10030"
  },
  {
    "review": "이 영화까지는 망했다고 할수 없지",
    "date": "07.01.07",
    "rating": "9",
    "author": "nala****",
    "review_id": "1364466",
    "movie_id": "10030"
  },
  {
    "review": "역시 영화들은 2편부터 망해가지",
    "date": "07.01.06",
    "rating": "2",
    "author": "ppp0****",
    "review_id": "1362218",
    "movie_id": "10030"
  },
  {
    "review": "good",
    "date": "06.12.07",
    "rating": "7",
    "author": "ysuh****",
    "review_id": "1272505",
    "movie_id": "10030"
  },
  {
    "review": "재미",
    "date": "06.12.03",
    "rating": "10",
    "author": "dbs8****",
    "review_id": "1264709",
    "movie_id": "10030"
  },
  {
    "review": "아주 잼 있었습돠",
    "date": "06.11.10",
    "rating": "10",
    "author": "lin0****",
    "review_id": "1225736",
    "movie_id": "10030"
  },
  {
    "review": "점수에 변화를 주고싶다",
    "date": "06.09.03",
    "rating": "1",
    "author": "kkr1****",
    "review_id": "1100524",
    "movie_id": "10030"
  },
  {
    "review": "스티븐으로 안갈거면 만들지 말지..",
    "date": "06.06.11",
    "rating": "7",
    "author": "rees****",
    "review_id": "840020",
    "movie_id": "10030"
  },
  {
    "review": "시리즈 4편중 2편까지는 그럭저럭 봐줄만..",
    "date": "06.04.28",
    "rating": "6",
    "author": "movi****",
    "review_id": "778292",
    "movie_id": "10030"
  },
  {
    "review": "음 이건 아니지",
    "date": "05.12.26",
    "rating": "6",
    "author": "kws7****",
    "review_id": "530485",
    "movie_id": "10030"
  },
  {
    "review": "죠스는1편이외에 2~4편은 쓰레기허접작품!!",
    "date": "05.10.23",
    "rating": "1",
    "author": "merm****",
    "review_id": "453005",
    "movie_id": "10030"
  },
  {
    "review": "전기통구이가되는상어..1,2편은 최고다",
    "date": "05.07.04",
    "rating": "10",
    "author": "alft****",
    "review_id": "312808",
    "movie_id": "10030"
  },
  {
    "review": "재밌네요..",
    "date": "05.05.01",
    "rating": "10",
    "author": "jipa****",
    "review_id": "268985",
    "movie_id": "10030"
  },
  {
    "review": "잼있었던것 같은데^^",
    "date": "04.07.04",
    "rating": "10",
    "author": "rryy****",
    "review_id": "64720",
    "movie_id": "10030"
  }
]