[
  {
    "review": "8자로요약.브룩쉴즈 존나예쁨.",
    "date": "15.05.06",
    "rating": "10",
    "author": "gemm****",
    "review_id": "9899688",
    "movie_id": "10059"
  },
  {
    "review": "저 역시 Brooke Shields 의 미모에 점수를 줍니다. 그녀의 10대 시절 미모란...",
    "date": "15.03.10",
    "rating": "10",
    "author": "wan6****",
    "review_id": "9770064",
    "movie_id": "10059"
  },
  {
    "review": "보고 싶은데, 아래님들 대체 어디서 보신건지 ㅜㅜ",
    "date": "15.01.30",
    "rating": "10",
    "author": "spxk****",
    "review_id": "9652382",
    "movie_id": "10059"
  },
  {
    "review": "브룩쉴즈라는 이름 네자...",
    "date": "14.05.01",
    "rating": "10",
    "author": "soea****",
    "review_id": "8688461",
    "movie_id": "10059"
  },
  {
    "review": "이 영화에서 브룩쉴즈는  엘리자베스 테일러 이후 최고 미녀라는 말이  백퍼 공감된다. 브룩싈즈 하나만으로. 10점준다",
    "date": "14.02.28",
    "rating": "10",
    "author": "wino****",
    "review_id": "8545360",
    "movie_id": "10059"
  },
  {
    "review": "여운이 많이 남는 영화...",
    "date": "13.12.07",
    "rating": "10",
    "author": "gjtt****",
    "review_id": "8196661",
    "movie_id": "10059"
  },
  {
    "review": "브룩쉴즈 의 매력을 볼려면 이영화를 봐라",
    "date": "13.07.17",
    "rating": "10",
    "author": "came****",
    "review_id": "7752377",
    "movie_id": "10059"
  },
  {
    "review": "ㅈㄴ 짜증나는 영화..남녀쥔공 둘다 죽이고싶었다.",
    "date": "13.07.14",
    "rating": "1",
    "author": "chun****",
    "review_id": "7739546",
    "movie_id": "10059"
  },
  {
    "review": "책임이 뭔지 모르는 10대 중반에 사랑에 미치면 개막장 스토리가 되어버리네. 양쪽 가족들 다 해체되고, 죽고... 우리 주변에도 어렵지 않게 볼 수 있음. 집나간 영희야 낙태하며 여관 전전하지말고 돌아와라 ㅋㅋㅋ",
    "date": "12.07.28",
    "rating": "1",
    "author": "morb****",
    "review_id": "6547663",
    "movie_id": "10059"
  },
  {
    "review": "사랑에눈멀어눈에뵈는게없는게아니라, 사랑을 기성세대의 틀로 억압한 결과지 무식아",
    "date": "12.04.02",
    "rating": "10",
    "author": "wind****",
    "review_id": "6189230",
    "movie_id": "10059"
  },
  {
    "review": "브룩쉴즈는.. 진짜.. 여신인듯",
    "date": "12.01.26",
    "rating": "10",
    "author": "worn****",
    "review_id": "6023625",
    "movie_id": "10059"
  },
  {
    "review": "사랑에 눈이 멀면 눈에 뵈는게 없다는걸 보여준 영화",
    "date": "11.04.18",
    "rating": "6",
    "author": "thra****",
    "review_id": "5380205",
    "movie_id": "10059"
  },
  {
    "review": "영화보담 주제곡이 너무좋았던 ~~~~~~~~",
    "date": "10.12.01",
    "rating": "5",
    "author": "fnsk****",
    "review_id": "5011130",
    "movie_id": "10059"
  },
  {
    "review": "톰크루즈는 역시 멋져^^",
    "date": "09.03.29",
    "rating": "10",
    "author": "kdii****",
    "review_id": "3393457",
    "movie_id": "10059"
  },
  {
    "review": "당시 여신 이미지의 브룩쉴즈와 멋진 주제가는 영화를 보기도 전에 몽롱하게 했었지.",
    "date": "09.01.23",
    "rating": "6",
    "author": "acin****",
    "review_id": "3240416",
    "movie_id": "10059"
  },
  {
    "review": "무지 어렵게 구해 본 영화.....영화자체는 별로지만 브룩 쉴즈땜에 10점 줌....",
    "date": "09.01.15",
    "rating": "10",
    "author": "undo****",
    "review_id": "3223107",
    "movie_id": "10059"
  },
  {
    "review": "비디오 테잎 구하고 싶어요..... dvd 로도 나오나요..?? 옛날의 추억이 ..",
    "date": "08.11.21",
    "rating": "10",
    "author": "heej****",
    "review_id": "3062521",
    "movie_id": "10059"
  },
  {
    "review": "함부로 평가할수없는 그런 수작 프랑코 제퍼렐리감독답다",
    "date": "08.09.02",
    "rating": "10",
    "author": "dwte****",
    "review_id": "2917553",
    "movie_id": "10059"
  },
  {
    "review": "최고의 배우들의 아름다움과 젊음을 볼수있지만..영화자체는...",
    "date": "07.07.09",
    "rating": "7",
    "author": "seok****",
    "review_id": "1761843",
    "movie_id": "10059"
  },
  {
    "review": "브룩쉴즈가 최고로 예뻤던 시기인듯..",
    "date": "07.03.13",
    "rating": "10",
    "author": "siri****",
    "review_id": "1531931",
    "movie_id": "10059"
  },
  {
    "review": "브룩 쉴즈.. 정말 예쁘다.",
    "date": "06.12.11",
    "rating": "10",
    "author": "tise****",
    "review_id": "1284451",
    "movie_id": "10059"
  },
  {
    "review": "음악이 끝장이다",
    "date": "06.08.13",
    "rating": "10",
    "author": "thse****",
    "review_id": "1018828",
    "movie_id": "10059"
  },
  {
    "review": "극장에서 다시 보고픈 영화.",
    "date": "06.05.02",
    "rating": "10",
    "author": "leeh****",
    "review_id": "782886",
    "movie_id": "10059"
  },
  {
    "review": "극장가서 보고 후회한 기억이 난다.  음악은 좋다",
    "date": "05.04.02",
    "rating": "5",
    "author": "hiss****",
    "review_id": "251684",
    "movie_id": "10059"
  },
  {
    "review": "끝간데 없는 졸작영화",
    "date": "05.01.05",
    "rating": "1",
    "author": "lynx****",
    "review_id": "177910",
    "movie_id": "10059"
  },
  {
    "review": "제목그대로,,,,,,,,,그리고 또하나 브룩쉴즈의청순미",
    "date": "04.11.14",
    "rating": "10",
    "author": "schl****",
    "review_id": "145893",
    "movie_id": "10059"
  },
  {
    "review": "다시한번 보구싶은 영화",
    "date": "04.04.22",
    "rating": "10",
    "author": "nabi****",
    "review_id": "38508",
    "movie_id": "10059"
  }
]