[
  {
    "review": "이런게 진짜 영화지  ---",
    "date": "15.07.07",
    "rating": "9",
    "author": "bint****",
    "review_id": "10077509",
    "movie_id": "10054"
  },
  {
    "review": "오우~ 다나  오우~ 다나",
    "date": "15.03.20",
    "rating": "10",
    "author": "pstn****",
    "review_id": "9795132",
    "movie_id": "10054"
  },
  {
    "review": "노래는 좋았지만 결말이 슬픈 영화.실화라서 더욱 안타까운 영화.",
    "date": "15.02.08",
    "rating": "10",
    "author": "powe****",
    "review_id": "9678164",
    "movie_id": "10054"
  },
  {
    "review": "마지막장면에 형이 동생을 애타게부르는 장면이  기억에남네요",
    "date": "15.02.07",
    "rating": "10",
    "author": "xhsp****",
    "review_id": "9674905",
    "movie_id": "10054"
  },
  {
    "review": "대학 1학년 때 보고, 처음으로 OST  TAPE도  샀던 영화.!  27년만에 다시 봤는데,  그 감동은 여전하다. 최고!!",
    "date": "15.01.05",
    "rating": "10",
    "author": "kamp****",
    "review_id": "9566183",
    "movie_id": "10054"
  },
  {
    "review": "주인공 17살에 죽은거 맞냐? 얼굴이 완전 40대 아저씨같던데",
    "date": "14.10.07",
    "rating": "2",
    "author": "mien****",
    "review_id": "9271010",
    "movie_id": "10054"
  },
  {
    "review": "실제 영화의 쓰인 곡들은 로스 로보스(Los Lobos)의 리메이크나 커버곡들이며 '리치'역 '루'의 완벽에 가까운 립싱크로 만들어진 논픽션. 영화보다는 OST가 더 불티나게 팔렸던 경우. 80년대 '라밤바'가 있었고 90년대",
    "date": "14.09.24",
    "rating": "10",
    "author": "sich****",
    "review_id": "9237844",
    "movie_id": "10054"
  },
  {
    "review": "실제있었던사건도아니고 들을만한곡은라밤바뿐 별로다",
    "date": "14.08.23",
    "rating": "1",
    "author": "zzzo****",
    "review_id": "9123951",
    "movie_id": "10054"
  },
  {
    "review": "20년이 지났어도 그 감동이 그대로 전해지는 영화 몇 안됨.. 쵝오",
    "date": "14.08.15",
    "rating": "10",
    "author": "bete****",
    "review_id": "9089850",
    "movie_id": "10054"
  },
  {
    "review": "어떻게 보면 뻔한 줄거리인데 어쩜 이리 빠져들게 될까 이것이 음악의 힘인가 ㅠ_ㅠ",
    "date": "14.08.14",
    "rating": "10",
    "author": "85yo****",
    "review_id": "9084715",
    "movie_id": "10054"
  },
  {
    "review": "아 이영화를 왜 이제 알았을까 진심 추천",
    "date": "14.08.10",
    "rating": "10",
    "author": "pill****",
    "review_id": "9059070",
    "movie_id": "10054"
  },
  {
    "review": "라밤바 전주가 나오는 순간 소름이 돋았다!!!",
    "date": "14.08.02",
    "rating": "10",
    "author": "whch****",
    "review_id": "9012445",
    "movie_id": "10054"
  },
  {
    "review": "10점이 아깝지 않을 수가 없는 영화",
    "date": "14.08.02",
    "rating": "10",
    "author": "will****",
    "review_id": "9011127",
    "movie_id": "10054"
  },
  {
    "review": "We Belong Together 오디션 장면, 전화박스에서 Donna 불러주던 장면 등 OST만으로도 10점이 아깝지 않은 .. 잊을수 없는 불후의 명작 ~",
    "date": "14.07.28",
    "rating": "10",
    "author": "poet****",
    "review_id": "8975294",
    "movie_id": "10054"
  },
  {
    "review": "뻔하고 잔잔한 스토리..안타까운 그의 인생은 짧았지만 강렬했다.",
    "date": "14.04.27",
    "rating": "6",
    "author": "ehwj****",
    "review_id": "8675649",
    "movie_id": "10054"
  },
  {
    "review": "생각보다 별로다. 너무 뻔한 이야기 구성이라 별 재미를 느끼지 못했다.",
    "date": "13.10.18",
    "rating": "1",
    "author": "jk60****",
    "review_id": "8067542",
    "movie_id": "10054"
  },
  {
    "review": "아.. 이영화... 새드엔딩만 아니라면 소장해놓고 볼텐데.. 새드엔딩은 싫다. 젊은시절 좋았던 영화",
    "date": "13.10.03",
    "rating": "10",
    "author": "jord****",
    "review_id": "8030646",
    "movie_id": "10054"
  },
  {
    "review": "이런 실화를 다룬 영화가 너무 좋더라 어릴적보고 최근에도 몇번 봤지만. 젊은나이에 요절한 천재가 너무 아쉬움.",
    "date": "13.08.10",
    "rating": "8",
    "author": "foun****",
    "review_id": "7864345",
    "movie_id": "10054"
  },
  {
    "review": "슬픈내용인데 별로 슬프지가 않냐",
    "date": "13.05.11",
    "rating": "9",
    "author": "dica****",
    "review_id": "7520595",
    "movie_id": "10054"
  },
  {
    "review": "오랜만에 다시 찾아서 봤는데..너무 감동적이네요ㅜㅜ  너무나 열정적으로 살다간 아까운 천재 ㅠㅠㅠㅠㅠ",
    "date": "13.05.02",
    "rating": "10",
    "author": "dyna****",
    "review_id": "7500118",
    "movie_id": "10054"
  },
  {
    "review": "고등학교때 버스에서 라밤바를 연주하는 멋진 모습이 담긴 이 영화 광고물을 받은 기억이 나네요... donna와 we belong together는 아직도 잘 듣고 있습니다....",
    "date": "13.03.06",
    "rating": "10",
    "author": "acto****",
    "review_id": "7327386",
    "movie_id": "10054"
  },
  {
    "review": "Aㅏ...리치 발렌스ㅠ",
    "date": "13.02.25",
    "rating": "10",
    "author": "ggog****",
    "review_id": "7300163",
    "movie_id": "10054"
  },
  {
    "review": "고등학교때 본거 같은데 ost 도 좋고 영화도 감동적이죠.이거 보고 ost 열심히 듣고 친구랑 기타로 라밤바 연습하던 기억이 나네요.",
    "date": "13.01.27",
    "rating": "10",
    "author": "kiyh****",
    "review_id": "7181794",
    "movie_id": "10054"
  },
  {
    "review": "그의 진정한 후원군은 그의 재능을 끝까지 믿어준 그의 어머니였다",
    "date": "13.01.18",
    "rating": "10",
    "author": "song****",
    "review_id": "7128086",
    "movie_id": "10054"
  },
  {
    "review": "최고입니다",
    "date": "13.01.11",
    "rating": "10",
    "author": "whdd****",
    "review_id": "7103368",
    "movie_id": "10054"
  },
  {
    "review": "인생은 짧고 예술은 길다",
    "date": "12.07.22",
    "rating": "9",
    "author": "korn****",
    "review_id": "6512902",
    "movie_id": "10054"
  },
  {
    "review": "뽀르띠세레 뽀르띠세레",
    "date": "12.07.04",
    "rating": "8",
    "author": "punk****",
    "review_id": "6445253",
    "movie_id": "10054"
  },
  {
    "review": "매력적인 음악과 주인공의 번개같은 인생",
    "date": "12.06.17",
    "rating": "9",
    "author": "kimg****",
    "review_id": "6396745",
    "movie_id": "10054"
  },
  {
    "review": "어린나이에 더욱더 대성할수 있는 리치 발렌스~ 나의 감성을 자극한다.",
    "date": "12.06.12",
    "rating": "10",
    "author": "kim7****",
    "review_id": "6387198",
    "movie_id": "10054"
  },
  {
    "review": "라밤바 정말 훌륭한 영화입니다. !!",
    "date": "12.06.10",
    "rating": "10",
    "author": "2997****",
    "review_id": "6383831",
    "movie_id": "10054"
  },
  {
    "review": "라바라바라바라밤바~ 짧지만 강렬한 청춘이야기",
    "date": "12.06.10",
    "rating": "10",
    "author": "rudc****",
    "review_id": "6382842",
    "movie_id": "10054"
  },
  {
    "review": "가슴아픈 청춘의 아름다운 음악이야기",
    "date": "12.06.10",
    "rating": "10",
    "author": "dwte****",
    "review_id": "6381320",
    "movie_id": "10054"
  },
  {
    "review": "짧지만 강렬했던 어린 천재의 일대기가 감동적. 음악이 신나고 멋지다",
    "date": "12.06.10",
    "rating": "10",
    "author": "simh****",
    "review_id": "6381242",
    "movie_id": "10054"
  },
  {
    "review": "88년에 대한극장에서 봤다. 24년만에 ebs에서 다시 봄. 옛날 생각 많이 나네ㅎㅎㅎ",
    "date": "12.06.10",
    "rating": "10",
    "author": "joch****",
    "review_id": "6381229",
    "movie_id": "10054"
  },
  {
    "review": "리치 발렌스의 짧은 인생처럼 강렬하고 기억에 오래 남을 영화인것같아요~",
    "date": "12.06.10",
    "rating": "10",
    "author": "lees****",
    "review_id": "6381213",
    "movie_id": "10054"
  },
  {
    "review": "아까운 청춘 너무 빨리 가버렸네요ㅠㅠ 학창시절 음악에 푹빠져 본 기억이 떠오르네요",
    "date": "12.06.10",
    "rating": "10",
    "author": "cssb****",
    "review_id": "6381137",
    "movie_id": "10054"
  },
  {
    "review": "음악,감동,내용 모두 아름답네요",
    "date": "12.06.10",
    "rating": "10",
    "author": "infi****",
    "review_id": "6381114",
    "movie_id": "10054"
  },
  {
    "review": "노래만 들어봤는데 이게 영화로 있던거군요 그리고 홍대에 오토바이 소음너무 심하다",
    "date": "12.06.10",
    "rating": "10",
    "author": "kaka****",
    "review_id": "6381111",
    "movie_id": "10054"
  },
  {
    "review": "24년전에 보았지만 지금보아도  굿 형은 왜 저럴까 동생과 가족에게 좀더 잘하지",
    "date": "12.06.10",
    "rating": "10",
    "author": "asj9****",
    "review_id": "6381039",
    "movie_id": "10054"
  },
  {
    "review": "정말 잘 만든영화 이 영화보고 있자면 중학교때 라밤에 빠져서 OST를 밤새듣던 추억이",
    "date": "12.05.20",
    "rating": "8",
    "author": "thra****",
    "review_id": "6315617",
    "movie_id": "10054"
  },
  {
    "review": "와 개쩐다",
    "date": "12.05.10",
    "rating": "10",
    "author": "r208****",
    "review_id": "6287511",
    "movie_id": "10054"
  },
  {
    "review": "최고의 음악 락앤롤 함께한 최고의 영화",
    "date": "12.05.09",
    "rating": "10",
    "author": "w905****",
    "review_id": "6284945",
    "movie_id": "10054"
  },
  {
    "review": "리치 발렌스가 정말 일찍 죽은게 아쉽다",
    "date": "12.03.25",
    "rating": "10",
    "author": "slr4****",
    "review_id": "6168388",
    "movie_id": "10054"
  },
  {
    "review": "오마이갓...운명인가???안타깝다 분명 잘만들어진 전기영화",
    "date": "12.02.03",
    "rating": "10",
    "author": "tjsa****",
    "review_id": "6047302",
    "movie_id": "10054"
  },
  {
    "review": "'오~도나'를 부를때의 감격은 잊혀지지 않을 감명을 안겨주었다",
    "date": "12.01.08",
    "rating": "9",
    "author": "drum****",
    "review_id": "5969779",
    "movie_id": "10054"
  },
  {
    "review": "그냥 괜찮네요,,",
    "date": "11.03.24",
    "rating": "7",
    "author": "zzdl****",
    "review_id": "5331765",
    "movie_id": "10054"
  },
  {
    "review": "영화 만들기 아주 좋은 소재를 대충 감독과 싸구려 배우로 망치다.",
    "date": "11.03.17",
    "rating": "4",
    "author": "pria****",
    "review_id": "5317917",
    "movie_id": "10054"
  },
  {
    "review": "좀 지루하던데 재미도 그닥..",
    "date": "11.02.26",
    "rating": "6",
    "author": "rhkd****",
    "review_id": "5277290",
    "movie_id": "10054"
  },
  {
    "review": "오호 ..",
    "date": "10.07.23",
    "rating": "10",
    "author": "nice****",
    "review_id": "4662818",
    "movie_id": "10054"
  },
  {
    "review": "리치 발렌스의 안타까운 삶과 명곡 라밤바.. 로큰롤 팬이라면 열광하지 않을 수 없다",
    "date": "10.07.01",
    "rating": "9",
    "author": "mygr****",
    "review_id": "4601861",
    "movie_id": "10054"
  },
  {
    "review": "영화와 음악을 하나로 공존을 시켜준 작품이기에...",
    "date": "10.05.19",
    "rating": "10",
    "author": "insu****",
    "review_id": "4509148",
    "movie_id": "10054"
  },
  {
    "review": "그의 음악과 운명",
    "date": "10.03.24",
    "rating": "10",
    "author": "sd83****",
    "review_id": "4382700",
    "movie_id": "10054"
  },
  {
    "review": "잘 만들어진 전기영화..",
    "date": "10.03.17",
    "rating": "6",
    "author": "evil****",
    "review_id": "4363866",
    "movie_id": "10054"
  },
  {
    "review": "우리의 모든 꿈은 이루어지는 거야!",
    "date": "10.03.01",
    "rating": "7",
    "author": "caca****",
    "review_id": "4327243",
    "movie_id": "10054"
  },
  {
    "review": "최고.....   이영화볼때... 사운드가  중요합니다...  감동이 두배요...",
    "date": "10.02.06",
    "rating": "10",
    "author": "ryu7****",
    "review_id": "4251377",
    "movie_id": "10054"
  },
  {
    "review": "17세 꽃다운 나이로 저 세상에 간 리치를 추모하며..",
    "date": "10.01.11",
    "rating": "10",
    "author": "neco****",
    "review_id": "4161260",
    "movie_id": "10054"
  },
  {
    "review": "주인공이 오~다나를 부르던 공중전화씬 만으로 만점을 주고 싶은 영화..",
    "date": "09.12.30",
    "rating": "10",
    "author": "lsyu****",
    "review_id": "4106626",
    "movie_id": "10054"
  },
  {
    "review": "예상한죽음이지만 우애로 승화시킨 결말이좋앗다",
    "date": "09.12.08",
    "rating": "10",
    "author": "dw40****",
    "review_id": "4029443",
    "movie_id": "10054"
  },
  {
    "review": "주인공에 노래에 반하고, 아쉬운 죽음에 눈물 흘렸던 영화",
    "date": "09.12.06",
    "rating": "10",
    "author": "spar****",
    "review_id": "4021823",
    "movie_id": "10054"
  },
  {
    "review": "정말 뜨꺼운 영화",
    "date": "09.12.06",
    "rating": "10",
    "author": "shin****",
    "review_id": "4021323",
    "movie_id": "10054"
  },
  {
    "review": "단순한 내용이지만 한 사람의 삶을  뜨겁게 그려낸 영화",
    "date": "09.12.06",
    "rating": "8",
    "author": "blin****",
    "review_id": "4021314",
    "movie_id": "10054"
  },
  {
    "review": "즐겁고 안타까운 짧은 인생을 그린 좋은 영화입니다.",
    "date": "09.12.06",
    "rating": "10",
    "author": "bkch****",
    "review_id": "4021162",
    "movie_id": "10054"
  },
  {
    "review": "이분이 실존인물이었는지 처음알았네요..너무 유명한 노래와 실화가 잘 버무러진 영화",
    "date": "09.12.06",
    "rating": "10",
    "author": "poic****",
    "review_id": "4021143",
    "movie_id": "10054"
  },
  {
    "review": "아 노쳤다~!!! 당시볼방업엄나요????",
    "date": "09.12.06",
    "rating": "9",
    "author": "fuse****",
    "review_id": "4021144",
    "movie_id": "10054"
  },
  {
    "review": "좋은영화였습니다. EBS감사^^",
    "date": "09.12.06",
    "rating": "10",
    "author": "leep****",
    "review_id": "4021125",
    "movie_id": "10054"
  },
  {
    "review": "감동!",
    "date": "09.12.06",
    "rating": "10",
    "author": "sizr****",
    "review_id": "4021124",
    "movie_id": "10054"
  },
  {
    "review": "좋은 영화였습니다. EBS 일요시네마 감사합니다.",
    "date": "09.12.06",
    "rating": "8",
    "author": "post****",
    "review_id": "4021119",
    "movie_id": "10054"
  },
  {
    "review": "역시 EBS 일요시네마 !!",
    "date": "09.12.06",
    "rating": "7",
    "author": "yoon****",
    "review_id": "4021113",
    "movie_id": "10054"
  },
  {
    "review": "벌써 100번도 넘게 본 영화. 이후에 음악 영화들의 지대한 영향을 끼친 대작.",
    "date": "09.10.19",
    "rating": "10",
    "author": "punk****",
    "review_id": "3903944",
    "movie_id": "10054"
  },
  {
    "review": "니가 초딩이니까",
    "date": "09.10.19",
    "rating": "10",
    "author": "just****",
    "review_id": "3903423",
    "movie_id": "10054"
  },
  {
    "review": "평점 왜 높지",
    "date": "09.10.01",
    "rating": "1",
    "author": "myou****",
    "review_id": "3864059",
    "movie_id": "10054"
  },
  {
    "review": "태어나서처음으로 평점주기 해본다... 이건 정말 영화답다! 정말 훌륭했고, 멋지다~",
    "date": "09.09.19",
    "rating": "10",
    "author": "swgr****",
    "review_id": "3838228",
    "movie_id": "10054"
  },
  {
    "review": "추억의 영화...라~라-밤바~...",
    "date": "09.08.25",
    "rating": "7",
    "author": "lks3****",
    "review_id": "3787518",
    "movie_id": "10054"
  },
  {
    "review": "200점 만점에 200점",
    "date": "09.07.29",
    "rating": "10",
    "author": "pksj****",
    "review_id": "3680063",
    "movie_id": "10054"
  },
  {
    "review": "모두가 알아야할 영화중 하나",
    "date": "09.07.22",
    "rating": "10",
    "author": "soju****",
    "review_id": "3657241",
    "movie_id": "10054"
  },
  {
    "review": "공연할때 박진영이 나온줄 알았다^^",
    "date": "09.06.22",
    "rating": "10",
    "author": "wns0****",
    "review_id": "3582047",
    "movie_id": "10054"
  },
  {
    "review": "명품영화!!!강추",
    "date": "09.05.23",
    "rating": "10",
    "author": "ick9****",
    "review_id": "3515181",
    "movie_id": "10054"
  },
  {
    "review": "지루한 순간이 없네요 ^^*",
    "date": "09.03.29",
    "rating": "10",
    "author": "jung****",
    "review_id": "3393939",
    "movie_id": "10054"
  },
  {
    "review": "오....다나~~~",
    "date": "09.02.21",
    "rating": "10",
    "author": "dire****",
    "review_id": "3322520",
    "movie_id": "10054"
  },
  {
    "review": "아.. 정말 최고다",
    "date": "09.02.20",
    "rating": "10",
    "author": "boo4****",
    "review_id": "3318982",
    "movie_id": "10054"
  },
  {
    "review": "꼭 좀 순위권에 올라가서 많은 분들이 보셨으면 좋겠네요..^^",
    "date": "09.02.17",
    "rating": "10",
    "author": "vija****",
    "review_id": "3311349",
    "movie_id": "10054"
  },
  {
    "review": "아, 이영화 진짜 최고였는데.",
    "date": "09.02.15",
    "rating": "10",
    "author": "ange****",
    "review_id": "3306133",
    "movie_id": "10054"
  },
  {
    "review": "true story을 잘 표현한거 같다...",
    "date": "09.01.02",
    "rating": "10",
    "author": "cho5****",
    "review_id": "3177073",
    "movie_id": "10054"
  },
  {
    "review": "20년전에 본 영화, 그 때 그감동이 고스란히....",
    "date": "08.11.25",
    "rating": "10",
    "author": "jpt8****",
    "review_id": "3071480",
    "movie_id": "10054"
  },
  {
    "review": "최고 20년이 지난 지금도 아직도 내용이 잊혀지지 않는 영화 공중전화부스장면최고",
    "date": "08.10.25",
    "rating": "10",
    "author": "swes****",
    "review_id": "3018966",
    "movie_id": "10054"
  },
  {
    "review": "zzzz재밌네",
    "date": "08.09.27",
    "rating": "10",
    "author": "shyk****",
    "review_id": "2971122",
    "movie_id": "10054"
  },
  {
    "review": "국민학생때 영화버고 처음 슬펐다. 지금봐도 열정을 가지고 잘만들었다!",
    "date": "08.07.18",
    "rating": "10",
    "author": "core****",
    "review_id": "2773973",
    "movie_id": "10054"
  },
  {
    "review": "드라마적 요소가 심하게 떨어진다",
    "date": "08.06.06",
    "rating": "3",
    "author": "okjo****",
    "review_id": "2683211",
    "movie_id": "10054"
  },
  {
    "review": "초딩때 이 영화 감명 깊게 봤었는데...",
    "date": "08.06.04",
    "rating": "10",
    "author": "wqod****",
    "review_id": "2678385",
    "movie_id": "10054"
  },
  {
    "review": "전화부스에서 Donna를 부르던 명장면을 잊을 수 없다",
    "date": "08.03.04",
    "rating": "10",
    "author": "anee****",
    "review_id": "2503399",
    "movie_id": "10054"
  },
  {
    "review": "88년을 기억케하는 내 인생의 영화..............",
    "date": "08.02.14",
    "rating": "10",
    "author": "elvi****",
    "review_id": "2444557",
    "movie_id": "10054"
  },
  {
    "review": "잔혹한 현실 실화라서 더 아쉬운 엔딩....",
    "date": "08.01.05",
    "rating": "10",
    "author": "qrg2****",
    "review_id": "2300004",
    "movie_id": "10054"
  },
  {
    "review": "너무 오랜만에 케이블에서 다시 봤는데, 밀려오는 감동의 해일...오~다나",
    "date": "08.01.05",
    "rating": "10",
    "author": "some****",
    "review_id": "2298912",
    "movie_id": "10054"
  },
  {
    "review": "잊을수 없는 불후의 명작 (We Belong together 오디션 장면 최고.. )",
    "date": "07.12.25",
    "rating": "10",
    "author": "khn3****",
    "review_id": "2263216",
    "movie_id": "10054"
  },
  {
    "review": "대한극장에서 본 것이 엇그제 같은데 가수 일대기라고 할까",
    "date": "07.11.01",
    "rating": "6",
    "author": "deff****",
    "review_id": "2125524",
    "movie_id": "10054"
  },
  {
    "review": "중학교 시절 잊지못할 영화~그리고 ost",
    "date": "07.08.14",
    "rating": "10",
    "author": "morg****",
    "review_id": "1936590",
    "movie_id": "10054"
  },
  {
    "review": "청소년기 개봉영화 2번이나본 감명깊었던영화",
    "date": "07.08.10",
    "rating": "10",
    "author": "doge****",
    "review_id": "1915336",
    "movie_id": "10054"
  },
  {
    "review": "청소년기에 감동적이고 재미있게 본 영화 지금도 기억난다...",
    "date": "07.08.01",
    "rating": "9",
    "author": "ks41****",
    "review_id": "1837905",
    "movie_id": "10054"
  },
  {
    "review": "정말 감동적인 영화...",
    "date": "07.08.01",
    "rating": "10",
    "author": "muse****",
    "review_id": "1837466",
    "movie_id": "10054"
  },
  {
    "review": "담담한 빛깔로 꽃다운 청춘을 그려낸 수작이라고 생각합니다",
    "date": "07.07.03",
    "rating": "10",
    "author": "milk****",
    "review_id": "1744798",
    "movie_id": "10054"
  }
]