[
  {
    "review": "미쳤구나 이게 1950년대에 만들어진 영화라니 난 1980~90년대 사이에 만들어진 영환줄 알았다만",
    "date": "15.08.07",
    "rating": "10",
    "author": "alan****",
    "review_id": "10197135",
    "movie_id": "10058"
  },
  {
    "review": "두 번 다시 존재하기 힘들 아날로그 클래식 블록버스터",
    "date": "15.08.04",
    "rating": "10",
    "author": "syoc****",
    "review_id": "10182234",
    "movie_id": "10058"
  },
  {
    "review": "이 작품에는 말이 필요없지.",
    "date": "15.08.01",
    "rating": "10",
    "author": "stun****",
    "review_id": "10171247",
    "movie_id": "10058"
  },
  {
    "review": "이건.. 뭐.. 진짜 웰메이드 영화라는 생각밖에 안든다.",
    "date": "15.07.21",
    "rating": "8",
    "author": "kenn****",
    "review_id": "10125625",
    "movie_id": "10058"
  },
  {
    "review": "이건 뭐 말이 필요하나???제작비만 따져도 역대 최곤데",
    "date": "15.07.12",
    "rating": "10",
    "author": "orid****",
    "review_id": "10096632",
    "movie_id": "10058"
  },
  {
    "review": "뭐 이런 말도 안되는 영화가 있지; 진짜 종교를 떠나 그냥 말도 안되게 재미 있다.",
    "date": "15.07.09",
    "rating": "10",
    "author": "pc59****",
    "review_id": "10083053",
    "movie_id": "10058"
  },
  {
    "review": "유다 벤허가 좌절과 역경을 이겨내며 활약하는 이야기는 역시 훌륭하다. 마차 경주씬이나 후반부 장면은 영화 역사를 통틀어서 최고의 명장면이다.",
    "date": "15.06.30",
    "rating": "9",
    "author": "inos****",
    "review_id": "10053919",
    "movie_id": "10058"
  },
  {
    "review": "전차 경주씬 지금봐도 대단하다.",
    "date": "15.06.28",
    "rating": "10",
    "author": "sdfg****",
    "review_id": "10049717",
    "movie_id": "10058"
  },
  {
    "review": "신이시여.. 이것이 대체..?",
    "date": "15.05.24",
    "rating": "10",
    "author": "woxn****",
    "review_id": "9944337",
    "movie_id": "10058"
  },
  {
    "review": "영원한 불멸의 마스터피스 ^^",
    "date": "15.05.04",
    "rating": "10",
    "author": "grea****",
    "review_id": "9894282",
    "movie_id": "10058"
  },
  {
    "review": "3시간 30분이라는 긴 상영 시간에도 불구하고 지루하기는 커녕 웅장함과 위대함의 연속을 보여주는 영화!! 명작 중의 명작!!",
    "date": "15.04.29",
    "rating": "10",
    "author": "pjh9****",
    "review_id": "9879221",
    "movie_id": "10058"
  },
  {
    "review": "컴퓨터그래픽 도배로 관심끄는 동영상들과는 질적으로 다르다..이런게  진짜 영화다. 최고 중 하나!!!",
    "date": "15.04.27",
    "rating": "10",
    "author": "vlkj****",
    "review_id": "9873573",
    "movie_id": "10058"
  },
  {
    "review": "고전이면서 지루하지 않고 감동적인 명작이죠!",
    "date": "15.04.19",
    "rating": "10",
    "author": "lees****",
    "review_id": "9852265",
    "movie_id": "10058"
  },
  {
    "review": "개봉당시엔 평점9점짜리였을지 모르나 지금 보기엔 5, 60년대 영화답게 딱딱한 연기력부터 이미 눈에 거슬린다. 로마사 시대극의 교과서로 자리매김했지만 궂이 찾아볼만한 가치는 느끼지 못했음 지루한 수업을 받는 기분이었다. 현재로선 6점이 적당",
    "date": "15.04.05",
    "rating": "1",
    "author": "ddab****",
    "review_id": "9828984",
    "movie_id": "10058"
  },
  {
    "review": "과제로 우연히 보게되었는데 명작이네요",
    "date": "15.04.04",
    "rating": "10",
    "author": "tjwj****",
    "review_id": "9825837",
    "movie_id": "10058"
  },
  {
    "review": "그리스도의 얼굴이 끝까지 나오지 않는다 탁윌한 연출이었다  사람들은 외모를 보고 판단하나 여호와는중심을 보느니라",
    "date": "15.03.24",
    "rating": "9",
    "author": "obed****",
    "review_id": "9803272",
    "movie_id": "10058"
  },
  {
    "review": "우정과 배신,왕자와 노예 다시 로마총독의 양자로 에스더의 사랑, 가족의 나병, 증오와 무정의 복수가 예수님을 통해 사랑과 용서로 바뀜을 보여주는 대 서사극나의 인생 최고의 영화이자 명작 걸작 대작인 영화!",
    "date": "15.03.14",
    "rating": "10",
    "author": "srab****",
    "review_id": "9779103",
    "movie_id": "10058"
  },
  {
    "review": "신이시여 정녕 제가 이영화를 보았단 말입니까?!!",
    "date": "15.03.12",
    "rating": "10",
    "author": "ghos****",
    "review_id": "9775725",
    "movie_id": "10058"
  },
  {
    "review": "젊은이들은 잘 모르겠지만 당시 한국서 제일 큰 스크린 대한극장에서 전차대결에선 눈물이 나올정도였고 다시봐도 다시봐도 좋은영화다..정말 명작임..",
    "date": "15.03.07",
    "rating": "10",
    "author": "ukal****",
    "review_id": "9763873",
    "movie_id": "10058"
  },
  {
    "review": "말이 필요없는 걸작~!!!!",
    "date": "15.03.07",
    "rating": "10",
    "author": "skyc****",
    "review_id": "9762662",
    "movie_id": "10058"
  },
  {
    "review": "지금 봐도 정말 대단한 스케일에, 멋진 영상미를 보여주는 걸작. 전차 씬은 지금봐도 어떻게 반 세기 전에 저런 장면을 찍을 수 있었을까 싶다. 기독교 영화로서는 최고봉이지 않을까 싶다.",
    "date": "15.02.27",
    "rating": "9",
    "author": "0104****",
    "review_id": "9744925",
    "movie_id": "10058"
  },
  {
    "review": "59년 영화라는 게 믿기 어렵습니다. 3시간 40분 러닝타임인데도 지루한줄 모르고 봤어요",
    "date": "15.02.14",
    "rating": "10",
    "author": "yena****",
    "review_id": "9697107",
    "movie_id": "10058"
  },
  {
    "review": "명작 중의 명작!! 설마 이 영화를 보지않고 영화가 어쩌구 저쩌구 논하는 가짜 영화광들은 없겠지..",
    "date": "15.02.04",
    "rating": "10",
    "author": "manb****",
    "review_id": "9665215",
    "movie_id": "10058"
  },
  {
    "review": "59년작이란게 믿겨지지 않는다.",
    "date": "15.01.29",
    "rating": "10",
    "author": "tkeh****",
    "review_id": "9647878",
    "movie_id": "10058"
  },
  {
    "review": "벤허 역은 말론 브란도도 탐냈던 배역인데 190cm의 찰톤 헤스톤 보다 175cm의 차돌 같은 말론 브란도가 더 어울렸을 듯! 만약이란 건 없지만 말론 브란도가 벤허 역을 했다면ㅎㄷㄷ 말론 브란도는 나이 50도  되기 전에 아카데미 남우주연상 3개네!",
    "date": "15.01.25",
    "rating": "10",
    "author": "nasu****",
    "review_id": "9637041",
    "movie_id": "10058"
  },
  {
    "review": "평생 죄를 짓는 마음으로…기적이…",
    "date": "15.01.19",
    "rating": "9",
    "author": "ador****",
    "review_id": "9614306",
    "movie_id": "10058"
  },
  {
    "review": "좋은영화 고전이면서 안촌스럽고 지루하지 않고 자연스러운 연출이 보기좋았다",
    "date": "15.01.19",
    "rating": "9",
    "author": "st57****",
    "review_id": "9614089",
    "movie_id": "10058"
  },
  {
    "review": "타이타닉,반지의제왕과 더불어 아카데미 11관왕한 그 작품..",
    "date": "15.01.18",
    "rating": "9",
    "author": "t0_r****",
    "review_id": "9610586",
    "movie_id": "10058"
  },
  {
    "review": "이것은10점이 아니다 100점을 주고 싶은 내 마음이다",
    "date": "15.01.17",
    "rating": "10",
    "author": "j261****",
    "review_id": "9605871",
    "movie_id": "10058"
  },
  {
    "review": "시대를 초월하는 불후의 명작, 그 어떤 수식어도 아깝지 않다",
    "date": "15.01.12",
    "rating": "10",
    "author": "goms****",
    "review_id": "9586858",
    "movie_id": "10058"
  },
  {
    "review": "내용은 특별하다고 할수 없어도 불후의 전차 경주씬은 앞으로도 압도적일 것이다.",
    "date": "15.01.12",
    "rating": "9",
    "author": "kimg****",
    "review_id": "9586212",
    "movie_id": "10058"
  },
  {
    "review": "이런 대작영화를 이제야 보다니... 59년 작품이라는게 믿기지 않을 정도다. 영화 내내 흐르는 웅장한 오케스트라가 특히 전율적이다.",
    "date": "15.01.11",
    "rating": "10",
    "author": "kyle****",
    "review_id": "9585881",
    "movie_id": "10058"
  },
  {
    "review": "시대를 앞서간 작품!!",
    "date": "15.01.08",
    "rating": "9",
    "author": "rcan****",
    "review_id": "9572727",
    "movie_id": "10058"
  },
  {
    "review": "벤허.. 그것은 천조국의 스케일!",
    "date": "15.01.08",
    "rating": "10",
    "author": "pont****",
    "review_id": "9572646",
    "movie_id": "10058"
  },
  {
    "review": "벤허 정말 명작이지요. 유대인의 강한 의지",
    "date": "15.01.07",
    "rating": "10",
    "author": "ksh1****",
    "review_id": "9571318",
    "movie_id": "10058"
  },
  {
    "review": "아직 보진않았는데 명작일듯하다  퍽퍽퍽퍽 찍",
    "date": "15.01.04",
    "rating": "10",
    "author": "visi****",
    "review_id": "9560847",
    "movie_id": "10058"
  },
  {
    "review": "철 없이 까고보는 사람들... 종교적 관점을 떠나 이 영화는 1959년에 만들어졌음",
    "date": "14.12.29",
    "rating": "10",
    "author": "hspe****",
    "review_id": "9532839",
    "movie_id": "10058"
  },
  {
    "review": "난 종교인도 아니지만 꼬꼬마적 이브날 뭔뜻인지도 모르면서 이 영화의 시대적 스케일 신비함으로 빠져들어 밤새 보았던 기억이난다. 그뒤에 뜻을알며 볼땐 더 훌륭하고 배우 영상미 진지함 등 후대엔 이만한 영화를 본적이 없음. 다 쓰레기임.",
    "date": "14.12.27",
    "rating": "10",
    "author": "sol7****",
    "review_id": "9524047",
    "movie_id": "10058"
  },
  {
    "review": "이것은 인간이 만든 것 중에선 가장 빛나는 영상물인듯 싶다.",
    "date": "14.12.26",
    "rating": "10",
    "author": "hyuk****",
    "review_id": "9521594",
    "movie_id": "10058"
  },
  {
    "review": "와우~~정말 멋진영화네요.예수님에대해. .   신앙에 대해 생각하는 시간이 되었습니다.",
    "date": "14.12.20",
    "rating": "10",
    "author": "cltk****",
    "review_id": "9491460",
    "movie_id": "10058"
  },
  {
    "review": "인류역사상 두번다시 만들수없는 영화",
    "date": "14.12.11",
    "rating": "10",
    "author": "yhp1****",
    "review_id": "9465730",
    "movie_id": "10058"
  },
  {
    "review": "아주 어릴때 본 영화인데 여태껏 예수님이 주시는 물을 받아먹는 연기보다 더 뛰어난 장면은 보질 못했다.",
    "date": "14.12.07",
    "rating": "10",
    "author": "1bon****",
    "review_id": "9455339",
    "movie_id": "10058"
  },
  {
    "review": "10점 짜리 명작 영화는 맞다. 그러나 막판 1시간 개독때문에 깍였다. 중후반까지 재밌었는데 막판에 그렇게 나오니까 완전히 다깨지더라. 완결은 그 따위로 해놨을줄 누가 알았으랴. 그래도 내가본 작품중 가장 오래된 작품이라 여운은 남을듯.",
    "date": "14.12.06",
    "rating": "7",
    "author": "maey****",
    "review_id": "9452623",
    "movie_id": "10058"
  },
  {
    "review": "벤허가 이런 작품인 줄 이제야 알았습니다.",
    "date": "14.12.01",
    "rating": "10",
    "author": "brav****",
    "review_id": "9438562",
    "movie_id": "10058"
  },
  {
    "review": "굿굿. 마지막이 조금 아쉬웠지만.. ㅜㅜ",
    "date": "14.11.30",
    "rating": "10",
    "author": "dotb****",
    "review_id": "9435157",
    "movie_id": "10058"
  },
  {
    "review": "인간이 만들수있는 최고의 영화더 이상의 걸작은 없다",
    "date": "14.11.27",
    "rating": "10",
    "author": "cove****",
    "review_id": "9427486",
    "movie_id": "10058"
  },
  {
    "review": "저는 불교를 믿는데 이 영화는 명작이다.",
    "date": "14.11.26",
    "rating": "10",
    "author": "bn23****",
    "review_id": "9424628",
    "movie_id": "10058"
  },
  {
    "review": "정말1959년에 만들어진 영화라니 너무 멋지다. 시간이 흘러도 명작은 역시 명작",
    "date": "14.11.13",
    "rating": "10",
    "author": "shin****",
    "review_id": "9378772",
    "movie_id": "10058"
  },
  {
    "review": "우리시대 최고의 영화라고 생각함",
    "date": "14.11.11",
    "rating": "10",
    "author": "wopy****",
    "review_id": "9371280",
    "movie_id": "10058"
  },
  {
    "review": "벤허ㅠ 짱짱맨이에요 감동듸물결~~",
    "date": "14.10.25",
    "rating": "10",
    "author": "hapu****",
    "review_id": "9315855",
    "movie_id": "10058"
  },
  {
    "review": "요즘의 양념만 가득한 인스턴트 영화와는 비교가 안되지",
    "date": "14.10.18",
    "rating": "10",
    "author": "no7n****",
    "review_id": "9300160",
    "movie_id": "10058"
  },
  {
    "review": "너무 대단하다.이 영화는 지금이 아니라 백년후에 다시봐도 손색이 없을 것 이다.",
    "date": "14.10.11",
    "rating": "10",
    "author": "kwry****",
    "review_id": "9285320",
    "movie_id": "10058"
  },
  {
    "review": "과연 대작 중 대작이 아닌가? 100년이 지나도 남을 명화",
    "date": "14.09.20",
    "rating": "10",
    "author": "psh_****",
    "review_id": "9227663",
    "movie_id": "10058"
  },
  {
    "review": "만약 이 영화가 요즘 나왔다면 시리즈물로 만들어서 상품화나 하려고했겠지. 한 편만으로도 서사적 스토리가 되던 예전 영화들이 그립다",
    "date": "14.09.08",
    "rating": "10",
    "author": "scul****",
    "review_id": "9186201",
    "movie_id": "10058"
  },
  {
    "review": "세기를 거스르는 소울이 느껴지는 역사적인 대작",
    "date": "14.08.06",
    "rating": "10",
    "author": "mara****",
    "review_id": "9034265",
    "movie_id": "10058"
  },
  {
    "review": "이건 단순히 영화가 아니고 인류의 유산이다.",
    "date": "14.08.04",
    "rating": "10",
    "author": "ghdu****",
    "review_id": "9022167",
    "movie_id": "10058"
  },
  {
    "review": "그냥 이 영화는 10점임",
    "date": "14.08.03",
    "rating": "10",
    "author": "fghy****",
    "review_id": "9012490",
    "movie_id": "10058"
  },
  {
    "review": "아무리 고전 영화라지만 배우들의 연기가 매우 어색하고 모호한 한 연출떄문에 긴 러닝타임은 지루함을 가중시킨다.",
    "date": "14.08.02",
    "rating": "5",
    "author": "wlfa****",
    "review_id": "9008816",
    "movie_id": "10058"
  },
  {
    "review": "한마디로 명작이고 두글자로 명작이다",
    "date": "14.07.31",
    "rating": "10",
    "author": "jang****",
    "review_id": "8994140",
    "movie_id": "10058"
  },
  {
    "review": "말이 필요없는 역사적인 명작이자 최고의 영화!",
    "date": "14.07.02",
    "rating": "10",
    "author": "chir****",
    "review_id": "8876301",
    "movie_id": "10058"
  },
  {
    "review": "이영화는 걸작이다 말이필요없다.",
    "date": "14.05.01",
    "rating": "10",
    "author": "dark****",
    "review_id": "8690562",
    "movie_id": "10058"
  },
  {
    "review": "기적이있다면 세월호에 내려주소서",
    "date": "14.04.21",
    "rating": "10",
    "author": "rlad****",
    "review_id": "8663349",
    "movie_id": "10058"
  },
  {
    "review": "사극영화의 진수를 보여준다.로마시대의 분위기와 세세한 고증까지 정말로 잘 표현한 불후의 명작",
    "date": "14.04.11",
    "rating": "10",
    "author": "aodr****",
    "review_id": "8641090",
    "movie_id": "10058"
  },
  {
    "review": "고전 명작 걸작이라는 말로는 부족하다.",
    "date": "14.04.06",
    "rating": "9",
    "author": "ykdi****",
    "review_id": "8631768",
    "movie_id": "10058"
  },
  {
    "review": "50년 전에 만들어진 영화라니 정말 믿기지가 않습니다.이제라도 이런 명화를 보게 되어 기쁘네요.",
    "date": "14.04.04",
    "rating": "10",
    "author": "limp****",
    "review_id": "8627118",
    "movie_id": "10058"
  },
  {
    "review": "지금 나오는 영화들보다 어쩌면 그 시대적 배경을 잘 묘사하고 전달하고자 하는 메세지도 잘 전달한 것 같습니다. 너무 감동받았습니다.",
    "date": "14.04.03",
    "rating": "10",
    "author": "hane****",
    "review_id": "8625766",
    "movie_id": "10058"
  },
  {
    "review": "이만큼 장대한 걸작 서사영화가 또 있을까.",
    "date": "14.03.27",
    "rating": "10",
    "author": "kxvt****",
    "review_id": "8609912",
    "movie_id": "10058"
  },
  {
    "review": "세계 영화사 100대 작품에 회자될 불후의 명작. 50년대라고는 믿기지 않는 거대한 스케일과 고증, 주연인 찰톤 헤스톤의 연기는 소름돋을 정도로 명연기였다.",
    "date": "14.03.19",
    "rating": "10",
    "author": "kimw****",
    "review_id": "8587866",
    "movie_id": "10058"
  },
  {
    "review": "저희 아버지가 영화관에서 보고 감동의 눈물을 흘리셨다던 그 영화, 이제는 제가 보고 눈물이 맺히네요, 언제보아도 최고입니다.",
    "date": "14.03.15",
    "rating": "10",
    "author": "psyk****",
    "review_id": "8577489",
    "movie_id": "10058"
  },
  {
    "review": "사랑과 구원. 최고다...",
    "date": "14.03.12",
    "rating": "10",
    "author": "318s****",
    "review_id": "8569514",
    "movie_id": "10058"
  },
  {
    "review": "이영화를 안보고 죽을뻔했다니...",
    "date": "14.03.03",
    "rating": "10",
    "author": "kwon****",
    "review_id": "8553125",
    "movie_id": "10058"
  },
  {
    "review": "컴퓨터 그랴픽도 없던 시대에 이 정도 인원 동원과 스팩타클 완벽한 대본 연기 음악  말들을 동원한 경마씬등 사람이 만든거라고 믿어지지 않는 작품",
    "date": "14.01.14",
    "rating": "10",
    "author": "wino****",
    "review_id": "8382487",
    "movie_id": "10058"
  },
  {
    "review": "오늘날과 같은 현란한 카메라 기술이 없는데도 불구하고, 오히려 2천년전의 로마시대를 더 실감나게 느끼게 하는 영화...",
    "date": "14.01.04",
    "rating": "10",
    "author": "comp****",
    "review_id": "8347991",
    "movie_id": "10058"
  },
  {
    "review": "정말... 이 영화 어떻게 만들었을지 궁금하네요..",
    "date": "14.01.02",
    "rating": "10",
    "author": "miny****",
    "review_id": "8338951",
    "movie_id": "10058"
  },
  {
    "review": "EBS에서 봤는데 좋았어요..",
    "date": "14.01.01",
    "rating": "9",
    "author": "lroi****",
    "review_id": "8336172",
    "movie_id": "10058"
  },
  {
    "review": "오늘 EBS에서 하길래 봤는데 엄청 재밌더라 헠헠",
    "date": "14.01.01",
    "rating": "10",
    "author": "benc****",
    "review_id": "8335548",
    "movie_id": "10058"
  },
  {
    "review": "시간을 초월한 전설의 영화",
    "date": "14.01.01",
    "rating": "10",
    "author": "lhd1****",
    "review_id": "8334850",
    "movie_id": "10058"
  },
  {
    "review": "대박 캬.. 아.ㅠㅠㅋ",
    "date": "14.01.01",
    "rating": "10",
    "author": "hiph****",
    "review_id": "8334830",
    "movie_id": "10058"
  },
  {
    "review": "전차신 넋놓고 보게 되네.",
    "date": "14.01.01",
    "rating": "10",
    "author": "samp****",
    "review_id": "8334800",
    "movie_id": "10058"
  },
  {
    "review": "이게 59년에 만든영화라니....믿기지가 않는다. 최고의 영화로구나",
    "date": "14.01.01",
    "rating": "10",
    "author": "jjju****",
    "review_id": "8334792",
    "movie_id": "10058"
  },
  {
    "review": "시간가는줄 모르고 봤다. 명불허전이란 말이 괜히 있는게 아니구나. 이걸 왜 이제야 봤을까. 정말 대작이다.",
    "date": "14.01.01",
    "rating": "10",
    "author": "here****",
    "review_id": "8334729",
    "movie_id": "10058"
  },
  {
    "review": "말이 필요없는 최고의 명작. 집에 dvd 소장용도 보유중",
    "date": "14.01.01",
    "rating": "10",
    "author": "xpys****",
    "review_id": "8334672",
    "movie_id": "10058"
  },
  {
    "review": "인생 역정에 대한 서사시. 전차씬은 정말 압권이다",
    "date": "14.01.01",
    "rating": "10",
    "author": "ti_e****",
    "review_id": "8334645",
    "movie_id": "10058"
  },
  {
    "review": "대단한 영화...언빌리버블한 영화..평점을 논하는 자체가 부끄럽고 송구스럽다...그냥 영화 그자체인 영화..^^*",
    "date": "14.01.01",
    "rating": "10",
    "author": "minj****",
    "review_id": "8333971",
    "movie_id": "10058"
  },
  {
    "review": "크리스마스시즌에 보기에 좋은 영화. 구세주가 여러 인생을 살리는 모습이 참 감동적이다. 특별히 몇 컷 안 나오는 본디오 빌라도를 몇번의 대사만으로 그의 정치력과 간사함을 보여주는 기술은 탁월했다.",
    "date": "13.12.16",
    "rating": "9",
    "author": "5292****",
    "review_id": "8218835",
    "movie_id": "10058"
  },
  {
    "review": "태어나 처음으로 극장에서 관람했던 영화! 70mm로 펼쳐지는 장엄한 영상과 웅장한 사운드가 어찌나 아름답던지! 거대한 세트와 군중, 격렬한 진동과 질주! 오직 아날로그만이 지닌 스펙터클의 힘! 복수와 한을 넘어, 구원과 부활로 거듭나는 숭고한 서사시!",
    "date": "13.11.27",
    "rating": "10",
    "author": "wana****",
    "review_id": "8170920",
    "movie_id": "10058"
  },
  {
    "review": "영화 자체가 환상적이었다",
    "date": "13.11.15",
    "rating": "10",
    "author": "ldh2****",
    "review_id": "8139778",
    "movie_id": "10058"
  },
  {
    "review": "종교영화 일수도 있지만 대작은 대작이다...",
    "date": "13.11.14",
    "rating": "8",
    "author": "thra****",
    "review_id": "8137078",
    "movie_id": "10058"
  },
  {
    "review": "여러차례 다시 재개봉할 정도로 훌륭한 명작중에 명작 입니다. 스토리와 각본 연출 정말 뛰어납니다. 그 긴 사간 상영하는데 지루함이 없고 영화에 몰입하게 되는 유일한 영화인거 같습니다.",
    "date": "13.11.08",
    "rating": "10",
    "author": "poin****",
    "review_id": "8125048",
    "movie_id": "10058"
  },
  {
    "review": "제 인생 최고의 영화 중 하나!",
    "date": "13.11.01",
    "rating": "10",
    "author": "cute****",
    "review_id": "8106387",
    "movie_id": "10058"
  },
  {
    "review": "어느 누가 다시 이렇게 만들 수 있을까?",
    "date": "13.10.18",
    "rating": "10",
    "author": "prot****",
    "review_id": "8068534",
    "movie_id": "10058"
  },
  {
    "review": "좋은 영화 스케일이 웅장한 맛이 있음",
    "date": "13.10.02",
    "rating": "10",
    "author": "kjot****",
    "review_id": "8026796",
    "movie_id": "10058"
  },
  {
    "review": "이집트 피라미드를 아직도 현대기술이 풀지 못하고 있는 것과 같은 맥락.",
    "date": "13.09.16",
    "rating": "10",
    "author": "room****",
    "review_id": "7986656",
    "movie_id": "10058"
  },
  {
    "review": "역시....",
    "date": "13.09.14",
    "rating": "10",
    "author": "dong****",
    "review_id": "7978477",
    "movie_id": "10058"
  },
  {
    "review": "내가 알고있는 모든 영화중에서도 최고의 걸작!",
    "date": "13.09.13",
    "rating": "10",
    "author": "ipro****",
    "review_id": "7974620",
    "movie_id": "10058"
  },
  {
    "review": "역사와 종교적 맥락속에서 주인공 일대기의 한 부분을 규모있게 보여준다. 하지만 사건의 나열만 있고 메시지는 부족했다.",
    "date": "13.09.04",
    "rating": "7",
    "author": "chur****",
    "review_id": "7947721",
    "movie_id": "10058"
  },
  {
    "review": "이런게 바로 영화라는거다 조선영화 알바들아!",
    "date": "13.08.21",
    "rating": "10",
    "author": "ske4****",
    "review_id": "7908914",
    "movie_id": "10058"
  },
  {
    "review": "최고의영화",
    "date": "13.08.11",
    "rating": "10",
    "author": "kjw4****",
    "review_id": "7868102",
    "movie_id": "10058"
  },
  {
    "review": "의심의 여지없는 걸작",
    "date": "13.08.06",
    "rating": "10",
    "author": "lets****",
    "review_id": "7851415",
    "movie_id": "10058"
  },
  {
    "review": "50년대 작품이라서 별로 큰 기대를 하진 않았는데 의외로 무지 재밌었다... 사람들이 왜 벤허벤허 하는지 알겠음...... 전차경기?하는 씬은 진짜 입이 다물어지지 않았다. 50년대에 어떻게 저런 촬영을 해냈을까? CG기술도 없을 땐데....",
    "date": "13.07.30",
    "rating": "10",
    "author": "jogo****",
    "review_id": "7800607",
    "movie_id": "10058"
  }
]