[
  {
    "review_id": "10266967",
    "movie_id": "100650",
    "author": "bhs2****",
    "review": "영화라고는 믿기지않는 카메라 구도와 다큐멘터리같은 연출. 스토리는 쪽대본으로 만든것같고 기본적인 스토리의 대전제 자체가 이해가 잘안가고 미친듯이 재미없다. 뿌려뒀던 떡밥들이 회수 안되는건 기본이고 연기는... 지금 평점도 솔직히 너무 높은거라고 생각함",
    "rating": "1",
    "date": "15.08.23"
  },
  {
    "review_id": "10247489",
    "movie_id": "100650",
    "author": "rare****",
    "review": "진짜 최악.. 발연기 + 폐급시나리오와 재연드라마급 연출력의 환상 콜라보",
    "rating": "1",
    "date": "15.08.18"
  },
  {
    "review_id": "10246577",
    "movie_id": "100650",
    "author": "okan****",
    "review": "진짜 개발연기ㅋㅋㅋㅋ스토리도최악이다ㅋㅋㅋ서우보는재미네",
    "rating": "1",
    "date": "15.08.17"
  },
  {
    "review_id": "10234528",
    "movie_id": "100650",
    "author": "stit****",
    "review": "헐~ 다양한 패션이 볼거리를 제공하는 영화",
    "rating": "1",
    "date": "15.08.15"
  },
  {
    "review_id": "10232155",
    "movie_id": "100650",
    "author": "tera****",
    "review": "정.말.재미잇습니다.. 강추 (나만볼순없지)",
    "rating": "10",
    "date": "15.08.15"
  },
  {
    "review_id": "10216131",
    "movie_id": "100650",
    "author": "ming****",
    "review": "ㅠ3ㅠ 꼭 봐라ㅋㅋ휴야",
    "rating": "10",
    "date": "15.08.11"
  },
  {
    "review_id": "10208776",
    "movie_id": "100650",
    "author": "gusq****",
    "review": "서우 입술이 이뻤다 끝이다",
    "rating": "3",
    "date": "15.08.09"
  },
  {
    "review_id": "10207894",
    "movie_id": "100650",
    "author": "327h****",
    "review": "서우의 연기가 가장 무섭다. 배우가 그렇게 연기를 못할 수 있구나... 왜 계속 예쁜 척 하고 있니? 이거 공포영화잖아....",
    "rating": "1",
    "date": "15.08.09"
  },
  {
    "review_id": "10205653",
    "movie_id": "100650",
    "author": "love****",
    "review": "OO노잼OO노잼OO노잼OO노잼OO노잼OO노잼OO노잼OO노잼OO노잼OO노잼OO노잼OO노잼OO노잼OO노잼OO노잼OO노잼OO노잼OO노잼OO노잼OO노잼OO노잼OO노잼OO노잼OO노잼OO노잼OO노잼OO노잼OO노잼OO노잼OO노잼OO노잼OO노잼OO노잼OO노잼OO노잼",
    "rating": "1",
    "date": "15.08.09"
  },
  {
    "review_id": "10204931",
    "movie_id": "100650",
    "author": "yhs4****",
    "review": "화끈한 베드신이라도 넣어주지 그랬어요...",
    "rating": "2",
    "date": "15.08.08"
  },
  {
    "review_id": "10201031",
    "movie_id": "100650",
    "author": "och0****",
    "review": "괜찮은데..  왜그러지.. 다들.특수효과와 깜놀만이 공포영화의 전부는아닌데.요즘본 공포영화중 수작",
    "rating": "10",
    "date": "15.08.08"
  },
  {
    "review_id": "10196060",
    "movie_id": "100650",
    "author": "badu****",
    "review": "서우 진짜 캡짱 이쁩니다. 게이들도 성 정체성을 다시찾을 만큼 이쁩니다. 근데 이 영화 일본av만큼 허접하고 어색합니다. 서우 자꾸 연기도중에 카메라 의식합니다. 연기 안했으면 좋겠습니다. 어쨋든 서우는 이뻐 10점 ㅅㅂ...",
    "rating": "10",
    "date": "15.08.07"
  },
  {
    "review_id": "10193515",
    "movie_id": "100650",
    "author": "rapp****",
    "review": "이거 구신 나오는 영화입니다..평점 낮다고해서 무시하고 밤늦게 혼자 보지마세요 깜놀합니다",
    "rating": "6",
    "date": "15.08.06"
  },
  {
    "review_id": "10190446",
    "movie_id": "100650",
    "author": "bmr0****",
    "review": "별하나도 아깝다.. 무슨 연기를... 몰입도가 없어",
    "rating": "1",
    "date": "15.08.05"
  },
  {
    "review_id": "9964611",
    "movie_id": "100650",
    "author": "rang****",
    "review": "너무 ... 뭐라해야되지 얘기가 엮이고 엮이고.. 좀 .. 일단 노크의 본내용은 1시간부터 본스토리고, 앞에는 아무내용도아니네요..전혀상관없고 스토리에대해.. 다 좋은데 산으로 가나싶었는데 정상에 올라갔네요.. 엔딩도이해가잘안되요..ㅜㅜ",
    "rating": "6",
    "date": "15.05.31"
  },
  {
    "review_id": "9830813",
    "movie_id": "100650",
    "author": "ljmd****",
    "review": "서우의 연기력이 무서운 영화 -.-;;도대체 얼굴표정 연기를 왜 그따구로 하는지...보는 내내 민망하고 역해서 황당할 지경이었네여. 감독은 몬 생각으로 저런 연기에 오케이 사인을 준거죠?;;;헐벗은 옷차림이나 매번 바뀌는 백도 영화랑 전혀 안어울려요",
    "rating": "1",
    "date": "15.04.06"
  },
  {
    "review_id": "9671586",
    "movie_id": "100650",
    "author": "sdss****",
    "review": "공포영화 매니아로 자부하는데 이영화 이렇게 욕먹을만한점 없다 나름 괜춘케봄",
    "rating": "8",
    "date": "15.02.06"
  },
  {
    "review_id": "9645643",
    "movie_id": "100650",
    "author": "dear****",
    "review": "애뜻 하게  순결한  모습임.그런대  이런이야기를  해도  될란가!!창문 문짝에서  옷걸이  모양의  울퉁불퉁한  것도  나왔음.그것도  공포 스럼움... 그런대  여기에서  나온 공포귀신  셔터태국   공포물  같았음.  어찌나   무서워",
    "rating": "9",
    "date": "15.01.28"
  },
  {
    "review_id": "9511230",
    "movie_id": "100650",
    "author": "iris****",
    "review": "차라리 전설의 고향 보세요....전설의 고향이 짜임새도 훨 낳고말도 되니까는...서우가 12t센치 힐을 시작할때부터 한 번도 벗지 않고쭈욱 신고 나옵니다. 한국 영화 굉장히 발전하기도 했지만,엄청 퇴보한 경우도 있네요....바로 이런 영화\"노크",
    "rating": "1",
    "date": "14.12.25"
  },
  {
    "review_id": "9053488",
    "movie_id": "100650",
    "author": "play****",
    "review": "난 주술에 걸린 시체를 피하기위해 금고에 숨는다던지 얼굴얿는 미녀를 주술로 풀어낸 아이디어는 기발하던데..걍 킬링타임용 tv호러로는 나쁘지  안은듯...",
    "rating": "10",
    "date": "14.08.09"
  },
  {
    "review_id": "8904745",
    "movie_id": "100650",
    "author": "hang****",
    "review": "쓰레기 재미없다. 걍 버려라",
    "rating": "1",
    "date": "14.07.11"
  },
  {
    "review_id": "8882074",
    "movie_id": "100650",
    "author": "kang****",
    "review": "이것보다 토요 미스테리가 100배는 무서움",
    "rating": "1",
    "date": "14.07.04"
  },
  {
    "review_id": "8712621",
    "movie_id": "100650",
    "author": "deat****",
    "review": "서우의 예쁜 얼굴과 뛰어난 패션 보는 건 좋았는데 영화속 케릭터와는 전혀 안맞는 패션센스네요. 주인공은 소심하고 겁이 많은 타입인데 옷은 과감하게 입는 편이고 너무 자주 옷이 바뀌어요.",
    "rating": "6",
    "date": "14.05.07"
  },
  {
    "review_id": "8710198",
    "movie_id": "100650",
    "author": "gamp****",
    "review": "외국영화 노크랑 비교된다 왤캐 노잼이냐;;",
    "rating": "1",
    "date": "14.05.06"
  },
  {
    "review_id": "8708895",
    "movie_id": "100650",
    "author": "unio****",
    "review": "이 영화를 보고 저도 영화배우가 될 수 있다는 자신감을 갖게 되었습니다 감사합니다",
    "rating": "1",
    "date": "14.05.06"
  },
  {
    "review_id": "8613312",
    "movie_id": "100650",
    "author": "nnss****",
    "review": "나나ㅏ나나나만볼순없다.",
    "rating": "10",
    "date": "14.03.28"
  },
  {
    "review_id": "8564613",
    "movie_id": "100650",
    "author": "saxy****",
    "review": "오픈평점이7점이넘드만 이리끌어내리는것도능력이다.서우야~집에서도힐신는건좀아니라고본다난",
    "rating": "10",
    "date": "14.03.09"
  },
  {
    "review_id": "8330625",
    "movie_id": "100650",
    "author": "syst****",
    "review": "헐;; 서우는 페션감각 뽐내고 눈은 왜저리 굴릴꼬여기저기 눈치보느라 고생많이했음 입벌리고 헐;;",
    "rating": "1",
    "date": "13.12.31"
  },
  {
    "review_id": "8254837",
    "movie_id": "100650",
    "author": "zxc1****",
    "review": "이제 그만 좀 나왔으면 하는 ‘얼굴 없는 미녀’ 아류작. 무엇보다 중심 이야기에 집중을 하지 못할 정도로 쓸데없는 잡 이야기들이 너무나 많다. 배우들, 특히 주연을 맡은 서우는 이 정도로 연기를 못했었나 싶을 정도로 안타까운 모습을 보여준다.",
    "rating": "1",
    "date": "13.12.20"
  },
  {
    "review_id": "8209200",
    "movie_id": "100650",
    "author": "youn****",
    "review": "오천원의 소중함을 알게해준영화^^",
    "rating": "1",
    "date": "13.12.12"
  },
  {
    "review_id": "7994591",
    "movie_id": "100650",
    "author": "best****",
    "review": "1점 주기도 아깝다 노답이야. 눈뽕 연기 하냐.",
    "rating": "1",
    "date": "13.09.19"
  },
  {
    "review_id": "7907780",
    "movie_id": "100650",
    "author": "gall****",
    "review": "몇몇 공포 장면은 나름 괜찮았다고 본다.  특히 시체가 옆집 똑똑할때 지나갈때 말이다~  서우 연기가 쬐매 어색하지만 서우 얼굴 보는 맛에~ ㅋㅋ",
    "rating": "4",
    "date": "13.08.20"
  },
  {
    "review_id": "7905772",
    "movie_id": "100650",
    "author": "airh****",
    "review": "상영시간의 90%에 서우가 나온다. 스토리란게 없는 지루한 영화지만, 서우 보는 맛에 볼순있다.",
    "rating": "1",
    "date": "13.08.20"
  },
  {
    "review_id": "7900131",
    "movie_id": "100650",
    "author": "bell****",
    "review": "나만 볼순없다",
    "rating": "10",
    "date": "13.08.18"
  },
  {
    "review_id": "7800185",
    "movie_id": "100650",
    "author": "8484****",
    "review": "접신 굿 ㅋㅋㅋㅋ",
    "rating": "10",
    "date": "13.07.30"
  },
  {
    "review_id": "7689761",
    "movie_id": "100650",
    "author": "lode****",
    "review": "서우 생긴게 공포인데 서우가 귀신 아니었음??아 물론 극장에선 않봤습니다 저의 시간과 돈은 소중하니까요 '~ ^) b",
    "rating": "1",
    "date": "13.06.29"
  },
  {
    "review_id": "7653699",
    "movie_id": "100650",
    "author": "hayo****",
    "review": "서우 얼굴이 공포야.",
    "rating": "1",
    "date": "13.06.18"
  },
  {
    "review_id": "7588839",
    "movie_id": "100650",
    "author": "0119****",
    "review": "경비아저씨한테 말하믄 되자너..",
    "rating": "1",
    "date": "13.06.06"
  },
  {
    "review_id": "7576784",
    "movie_id": "100650",
    "author": "tktk****",
    "review": "p2p에서 받아서ㅂ봤는데 내2천포 어쩔 ....",
    "rating": "1",
    "date": "13.06.04"
  },
  {
    "review_id": "7555029",
    "movie_id": "100650",
    "author": "tmfw****",
    "review": "아오 OO 일점도 아깝다.",
    "rating": "1",
    "date": "13.05.26"
  },
  {
    "review_id": "7443846",
    "movie_id": "100650",
    "author": "odjs****",
    "review": "서우 킹왕짱!!!!!!!!!서우 덕분에 매우 재밌었다.",
    "rating": "10",
    "date": "13.04.08"
  },
  {
    "review_id": "7391034",
    "movie_id": "100650",
    "author": "tian****",
    "review": "경험쌓기위해 찍은거지?",
    "rating": "1",
    "date": "13.03.22"
  },
  {
    "review_id": "7362946",
    "movie_id": "100650",
    "author": "diff****",
    "review": "안봤는데 그냥  군중심리",
    "rating": "1",
    "date": "13.03.19"
  },
  {
    "review_id": "7347559",
    "movie_id": "100650",
    "author": "lch3****",
    "review": "극장영화가 아니라 TV영화임! 이러한 2시간 영화를 찍을려고 해도 몇달동안 무더운 여름에 밤, 낮, 새벽 가리지 않고 잠도 제대로 자지 못하고 먹을것 제대로 먹지도 못하며 열심히 촬영하신 신인감독과 신인배우들에게 노고와 격려를 보냅니다!!",
    "rating": "10",
    "date": "13.03.14"
  },
  {
    "review_id": "7256703",
    "movie_id": "100650",
    "author": "majj****",
    "review": "연기력 심각... 어색하고 어이없는 내용 전개.... 제대로 한 다음 완성 해서 내보이시길... 서우는 예쁜 척 하는 거 때문에 진정성 연기랑은 거리가 멀구나 에효",
    "rating": "1",
    "date": "13.02.12"
  },
  {
    "review_id": "7228494",
    "movie_id": "100650",
    "author": "sahy****",
    "review": "진심 OOO기..",
    "rating": "1",
    "date": "13.02.05"
  },
  {
    "review_id": "7186800",
    "movie_id": "100650",
    "author": "yong****",
    "review": "......할말이.....",
    "rating": "1",
    "date": "13.01.28"
  },
  {
    "review_id": "7144036",
    "movie_id": "100650",
    "author": "kart****",
    "review": "서우의 눈알 영화 잘봤습니다.",
    "rating": "1",
    "date": "13.01.22"
  },
  {
    "review_id": "7142041",
    "movie_id": "100650",
    "author": "woo7****",
    "review": "진짜 너무 재밌었어요.내인생최고의공포영화",
    "rating": "1",
    "date": "13.01.21"
  },
  {
    "review_id": "7137619",
    "movie_id": "100650",
    "author": "yang****",
    "review": "재미더럽게없다..2점부터 점수준것들 매미OO",
    "rating": "1",
    "date": "13.01.20"
  },
  {
    "review_id": "7127306",
    "movie_id": "100650",
    "author": "rlsh****",
    "review": "1시간 20분 쯤에 바닥에 누워있는 시체랑 성주를 차레대로 보여줄 때  시체 목 부분 잘 봐봐. ㅋㅋㅋ 대동맥이 뛰고 있어. ㅋㅋㅋㅋ. 온 몸이 흙투성이라서 목에 붙어 있는 흙들에의해 빛이 산란되면서 대동맥이 뛰는거 아주 잘보여. 감독앜ㅋㅋㅋ",
    "rating": "1",
    "date": "13.01.18"
  },
  {
    "review_id": "7127016",
    "movie_id": "100650",
    "author": "chun****",
    "review": "이거는요. 공포영화를 보는게 아니라요. 1시간 반 내내 서우를 보는겁니다요.",
    "rating": "10",
    "date": "13.01.18"
  },
  {
    "review_id": "7099107",
    "movie_id": "100650",
    "author": "goll****",
    "review": "미안하다... 난 평점 6점 미만은 안본다... 불특정 다수의 평점이 5점이하면, 망설일거 없이 안본다.",
    "rating": "7",
    "date": "13.01.10"
  },
  {
    "review_id": "7082723",
    "movie_id": "100650",
    "author": "zbn1****",
    "review": "서우 빼면 볼게 없는 영화.스토리도 엉망이고 무섭지도 않고..;;",
    "rating": "1",
    "date": "13.01.05"
  },
  {
    "review_id": "7066736",
    "movie_id": "100650",
    "author": "psjz****",
    "review": "베드신에서 좀더 보고 싶었는데.. 귀신 이 못된년",
    "rating": "4",
    "date": "12.12.31"
  },
  {
    "review_id": "7047851",
    "movie_id": "100650",
    "author": "thef****",
    "review": "서우 연기력이 무섭다",
    "rating": "2",
    "date": "12.12.26"
  },
  {
    "review_id": "7045876",
    "movie_id": "100650",
    "author": "bjj1****",
    "review": "3년간 일주일에5편이상 즐겨보는 영화광인 나조차 보다가 너무 재미없어서 뒤로돌려가며 대충본 최악의 OOO기 영화~",
    "rating": "1",
    "date": "12.12.25"
  },
  {
    "review_id": "7037189",
    "movie_id": "100650",
    "author": "red_****",
    "review": "ㅋㅋㅋㅋㅋㅋㅋ 평점달기전에 다른평점들도 읽어보는데 주요평에 나도 동참하는데에 있어서 참 가슴이 아프고 미안하다... 하지만 이건 뭐ㅋㅋㅋㅋㅋㅋ 그치만 도중에 영화를 끄게 하지는 않았음 -_- 최소한의 위로.....!!",
    "rating": "1",
    "date": "12.12.24"
  },
  {
    "review_id": "7032118",
    "movie_id": "100650",
    "author": "chak****",
    "review": "진짜  낮을수 밖에없다. 서우 케릭터 개 답답함 머 이럼 이게 개봉한거임?",
    "rating": "1",
    "date": "12.12.22"
  },
  {
    "review_id": "7031286",
    "movie_id": "100650",
    "author": "mrpa****",
    "review": "농담아니라 다들 연기를 너무 못함 ㄷㄷㄷ 특히 여주가 제일 ㄷㄷㄷ",
    "rating": "1",
    "date": "12.12.22"
  },
  {
    "review_id": "7029266",
    "movie_id": "100650",
    "author": "hone****",
    "review": "서우는 눈을 왜그리 휘번득거리고 감독은 어쩜 그리 어색한 연기를 용서했는지 1점 주기도 아깝다",
    "rating": "1",
    "date": "12.12.22"
  },
  {
    "review_id": "7028904",
    "movie_id": "100650",
    "author": "wond****",
    "review": "4.44 만들기",
    "rating": "10",
    "date": "12.12.22"
  },
  {
    "review_id": "7027867",
    "movie_id": "100650",
    "author": "bcm0****",
    "review": "영화라 부르기도 민망할 정도다. 시간이 아깝다는 생각이 들 정도.. 그리고 서우의 연기는 아마추어보다 못하다.",
    "rating": "3",
    "date": "12.12.21"
  },
  {
    "review_id": "7027170",
    "movie_id": "100650",
    "author": "soul****",
    "review": "별로 재미없다",
    "rating": "2",
    "date": "12.12.21"
  },
  {
    "review_id": "7026145",
    "movie_id": "100650",
    "author": "pian****",
    "review": "나는 관대하다 다큐멘터리에 2점을 과감히 수여한다.",
    "rating": "2",
    "date": "12.12.21"
  },
  {
    "review_id": "7026042",
    "movie_id": "100650",
    "author": "nyx1****",
    "review": "0점이 없네...개인적으로 평소 서우 드라마에서 연기 못한다는 느낌은 안들었는데 이건 완전 발연기 그리고 일부러 입술 내미는듯.. 입술 두꺼운 연예인들 되게 섹시하고 예쁜데 애는 이상함.. 일반인이 카메라 앞에서 처음 연기하는 듯함... 서우 완전 실",
    "rating": "1",
    "date": "12.12.21"
  },
  {
    "review_id": "7022287",
    "movie_id": "100650",
    "author": "2317****",
    "review": "처음부터 이건 뭔가...싶어하면서 보다가 서우가 성주네 대문앞에서 송성주를 부를때 진짜 기절할뻔했다 살다살다 그런연기는 첨본듯...",
    "rating": "1",
    "date": "12.12.20"
  },
  {
    "review_id": "7021742",
    "movie_id": "100650",
    "author": "leem****",
    "review": "내 살다살다 이케 잼난 평점에 댓글들  처음 ..마이 읽어보삼 ㅋㅋㅋ",
    "rating": "1",
    "date": "12.12.20"
  },
  {
    "review_id": "7020553",
    "movie_id": "100650",
    "author": "heph****",
    "review": "내 살살살다 이케 잼난영화 처음.. 마이보삼..",
    "rating": "1",
    "date": "12.12.19"
  },
  {
    "review_id": "7019551",
    "movie_id": "100650",
    "author": "bles****",
    "review": "대체 무슨 짓을 한거야",
    "rating": "1",
    "date": "12.12.19"
  },
  {
    "review_id": "7018256",
    "movie_id": "100650",
    "author": "teri****",
    "review": "서우.. 옥메와까 광고할 때가 훨 나았다..",
    "rating": "1",
    "date": "12.12.19"
  },
  {
    "review_id": "7017161",
    "movie_id": "100650",
    "author": "duwp****",
    "review": "이쁜척을 왜이렇게하는거야.. 옆집갈때도 하이힐신고, 입벌리고 쳐다보고. ㅋㅋ머리는 작업할때도 비와도 웨이브 긴머리 치렁치렁 . 만화냐 이게?",
    "rating": "1",
    "date": "12.12.19"
  },
  {
    "review_id": "7016131",
    "movie_id": "100650",
    "author": "bear****",
    "review": "무당친구는 연기좀 괜찮은데 ㅋㅋ 감독이 진짜 ㅋㅋ개 발로만들었네 ㅋㅋ",
    "rating": "1",
    "date": "12.12.18"
  },
  {
    "review_id": "7014447",
    "movie_id": "100650",
    "author": "ckdg****",
    "review": "연기 드럽게 못하네 진짜 ㅋㅋㅋㅋㅋㅋ 이쁜척하려고 영화 찍냐",
    "rating": "1",
    "date": "12.12.18"
  },
  {
    "review_id": "7013572",
    "movie_id": "100650",
    "author": "hyej****",
    "review": "수목장보다 낫ㄴ다",
    "rating": "3",
    "date": "12.12.17"
  },
  {
    "review_id": "7013241",
    "movie_id": "100650",
    "author": "rokm****",
    "review": "전체적으로 어설프다.",
    "rating": "3",
    "date": "12.12.17"
  },
  {
    "review_id": "7011896",
    "movie_id": "100650",
    "author": "a109****",
    "review": "어느정도 무서운분위기는있는데 배우들 연기가 너무서툴어서..서우보는 재미밖에없음.",
    "rating": "5",
    "date": "12.12.17"
  },
  {
    "review_id": "7011455",
    "movie_id": "100650",
    "author": "mari****",
    "review": "뭐하자는건지",
    "rating": "2",
    "date": "12.12.17"
  },
  {
    "review_id": "7011419",
    "movie_id": "100650",
    "author": "audg****",
    "review": "정말심하다 설정하며 스토리 완전엉성 돈아까움!! 누구잘못일까 ㅠㅠ진짜 이건아니다 정말 아니다  우울하다 누구의잘못인가  감독 진~~~~짜  심하다  반성하삼 !!!!!!",
    "rating": "1",
    "date": "12.12.17"
  },
  {
    "review_id": "7011043",
    "movie_id": "100650",
    "author": "pria****",
    "review": "우울하다.",
    "rating": "1",
    "date": "12.12.16"
  },
  {
    "review_id": "7009678",
    "movie_id": "100650",
    "author": "adag****",
    "review": "이건뭐... 어디서 무서워 해야할지... 발연기 서우의 눈알 연기에 무서워해야 하나.... OO",
    "rating": "1",
    "date": "12.12.16"
  },
  {
    "review_id": "7008814",
    "movie_id": "100650",
    "author": "k2k2****",
    "review": "수목장이라는 영화를 보고 봐서 그런지 너무나 후한 점수를 주게되네요.모 그래도 공포영화의 요소는 어느정도 집어 넣었고, 재밌었네요.그런데 화면구성이나 장소 연기력등등 너무 미흡한점은 많았어요. 볼 영화 없으면 한번쯤 봐도 될듯?",
    "rating": "4",
    "date": "12.12.16"
  },
  {
    "review_id": "7008060",
    "movie_id": "100650",
    "author": "plan****",
    "review": "난 후한 사람이니까",
    "rating": "5",
    "date": "12.12.16"
  },
  {
    "review_id": "7008041",
    "movie_id": "100650",
    "author": "kis5****",
    "review": "이건모 들쭉날쭉 제멋대로 싸질러놨네. 이런식은 곤란하지. 요딴건 애당초 극장간판걸 생각을 말아야지.ㅠㅠ",
    "rating": "1",
    "date": "12.12.15"
  },
  {
    "review_id": "7007371",
    "movie_id": "100650",
    "author": "jung****",
    "review": "평생 잊지 못할 영화가 되었습니다.  강력~~~~~ 하게 추천합니다.",
    "rating": "10",
    "date": "12.12.15"
  },
  {
    "review_id": "7006781",
    "movie_id": "100650",
    "author": "pete****",
    "review": "어지간하면 끝까지 볼려고 했는데...33분까지 봤다 ...내 인내력이 거기까지더라...이주헌씨 내 진심으로 바라건데 이 꼴같지 않은 영화가 당신의 처음이자 마지막 작품이길 바라오...",
    "rating": "1",
    "date": "12.12.15"
  },
  {
    "review_id": "7006459",
    "movie_id": "100650",
    "author": "sky_****",
    "review": "공포는 빼라 보다 잤다 ㅡ,.ㅡ 감독 옆에 있었으면 한대 후릴꺼 같은 이기분은 머지???",
    "rating": "1",
    "date": "12.12.15"
  },
  {
    "review_id": "7005899",
    "movie_id": "100650",
    "author": "morb****",
    "review": "여주인공 정신나간 발연기와 신들린 친구의 정신나간 발연기의 투톱. 아마추어 감독까지 쓰리톱!!",
    "rating": "1",
    "date": "12.12.15"
  },
  {
    "review_id": "7005772",
    "movie_id": "100650",
    "author": "kims****",
    "review": "서우때문에 봤는데~  연출력은 최하~ 공부 좀 합시당~",
    "rating": "1",
    "date": "12.12.15"
  },
  {
    "review_id": "7005629",
    "movie_id": "100650",
    "author": "wkde****",
    "review": "1점",
    "rating": "1",
    "date": "12.12.15"
  },
  {
    "review_id": "7005520",
    "movie_id": "100650",
    "author": "gusw****",
    "review": "f",
    "rating": "10",
    "date": "12.12.15"
  },
  {
    "review_id": "7005508",
    "movie_id": "100650",
    "author": "wptj****",
    "review": "4.4 만들자",
    "rating": "10",
    "date": "12.12.15"
  },
  {
    "review_id": "7005500",
    "movie_id": "100650",
    "author": "wlsw****",
    "review": "서우얼굴이 더 무서워요......나만그렇게 느끼나 ㅋㅋ",
    "rating": "4",
    "date": "12.12.15"
  },
  {
    "review_id": "7005455",
    "movie_id": "100650",
    "author": "jina****",
    "review": "4.44운동",
    "rating": "10",
    "date": "12.12.15"
  },
  {
    "review_id": "7005450",
    "movie_id": "100650",
    "author": "leek****",
    "review": "4.44맞춰야지",
    "rating": "10",
    "date": "12.12.15"
  },
  {
    "review_id": "7005314",
    "movie_id": "100650",
    "author": "djkk****",
    "review": "......머냐 하나도 안무섭다 무슨 다큐멘터리 인줄",
    "rating": "1",
    "date": "12.12.15"
  },
  {
    "review_id": "7004978",
    "movie_id": "100650",
    "author": "3sai****",
    "review": "하기싫냐?",
    "rating": "1",
    "date": "12.12.15"
  },
  {
    "review_id": "7004933",
    "movie_id": "100650",
    "author": "or7i****",
    "review": "머여 이영화는",
    "rating": "1",
    "date": "12.12.15"
  },
  {
    "review_id": "7004806",
    "movie_id": "100650",
    "author": "your****",
    "review": "요즘은 영화를 tv에서 방영 후에 약간 더 편집한 후에 영화관에서 틀어주나보지??? 웃겨.. ㅋㅋ",
    "rating": "1",
    "date": "12.12.15"
  },
  {
    "review_id": "7004640",
    "movie_id": "100650",
    "author": "ejun****",
    "review": "띵동..나랑께...",
    "rating": "1",
    "date": "12.12.15"
  }
]