[
  {
    "review_id": "10182303",
    "movie_id": "100635",
    "author": "seon****",
    "review": "빨간머리앤 성격이 넘 부럽네요..꾸밈없는 맑은솔직한성격덕에 그린 게이블로집에 머물수있게된거 같아요.여자라곤 어린애들조차 두려워하는 매튜아저씨까지 다른사람으로 바꾸네요..넘 사랑스러운 소녀에요..",
    "rating": "10",
    "date": "15.08.04"
  },
  {
    "review_id": "9947118",
    "movie_id": "100635",
    "author": "merm****",
    "review": "최고의 애니메이션!! 하지만 아쉬운건 옛날 티비판을 축소편집보단 차라리 다카하타 이사오가 극장판으로 다시 새롭게 업그레이드 그림체를 끌어올려서 그렸더라면 대박났을텐데...역시 불가능하겠지?",
    "rating": "10",
    "date": "15.05.25"
  },
  {
    "review_id": "9388638",
    "movie_id": "100635",
    "author": "kemg****",
    "review": "보고싶지만 성우가 너무깨서 못보겠음",
    "rating": "2",
    "date": "14.11.15"
  },
  {
    "review_id": "8981659",
    "movie_id": "100635",
    "author": "yjb7****",
    "review": "빨간머리 앤을 보고 있는 것만으로도 너무 좋아요",
    "rating": "10",
    "date": "14.07.30"
  },
  {
    "review_id": "8920204",
    "movie_id": "100635",
    "author": "gent****",
    "review": "오리지널 성우보다 이번 버젼 성우가 훨씬 더 나은 것 같은데.. 전원적인 분위기에 수다스럽고 사랑스러운 앤.. 훌륭한 애니다..",
    "rating": "9",
    "date": "14.07.16"
  },
  {
    "review_id": "8748513",
    "movie_id": "100635",
    "author": "shin****",
    "review": "내 마음이 메말랐나 so so",
    "rating": "1",
    "date": "14.05.19"
  },
  {
    "review_id": "8370748",
    "movie_id": "100635",
    "author": "hope****",
    "review": "아아아아 감동 만  주는듯",
    "rating": "10",
    "date": "14.01.11"
  },
  {
    "review_id": "8101805",
    "movie_id": "100635",
    "author": "fami****",
    "review": "충격 마릴라 커스버트 목소리가 린드 레이첼 부인 목소리로 나오다니~",
    "rating": "2",
    "date": "13.10.30"
  },
  {
    "review_id": "8053723",
    "movie_id": "100635",
    "author": "slee****",
    "review": "저는 앤 성우분 바뀌었어도 어색함을 못느꼈어요. 어렸을때 보던 앤과 다른느낌이네요. 앤이 이렇게 사랑스러운 아이였다니...아저씨도 너무 귀엽고 ㅎㅎ 재밌게봤어요~",
    "rating": "9",
    "date": "13.10.11"
  },
  {
    "review_id": "7831687",
    "movie_id": "100635",
    "author": "xell****",
    "review": "성선녀님 온영삼님 목소리 참 좋은데....주인공 목소리는 역시 정경애님 아니고서는 좀 낯설긴하네요...",
    "rating": "2",
    "date": "13.08.03"
  },
  {
    "review_id": "7801955",
    "movie_id": "100635",
    "author": "fox_****",
    "review": "빨간머리앤은 어렸을적 봤던 그모습 그대로 항상 내맘속에 남아있어여~추억을 되새기며 이젠 딸과 함께 봅니다",
    "rating": "10",
    "date": "13.07.31"
  },
  {
    "review_id": "7748776",
    "movie_id": "100635",
    "author": "jho2****",
    "review": "너무너무 좋아요!!",
    "rating": "10",
    "date": "13.07.16"
  },
  {
    "review_id": "7710251",
    "movie_id": "100635",
    "author": "alsp****",
    "review": "동심에 젖어들게하는 앤만의 특별한 매력이느껴져요~!!!",
    "rating": "10",
    "date": "13.07.06"
  },
  {
    "review_id": "7694542",
    "movie_id": "100635",
    "author": "bbq2****",
    "review": "상상의 나쁜점은 곧 그 상상을 접어야 할 때가 온다는 거에요 쟤가 다음번엔 무슨말을 할까 전 지금 이 순간을 즐기기로 했어요 책에선 이럴때일수록 긍정적인 마음을 가지라고 했거든요 전 기도를 해본적이 없는데요 빨간머린 착한사람보단 나쁜 사람이 되기 쉽데",
    "rating": "8",
    "date": "13.07.01"
  },
  {
    "review_id": "7642161",
    "movie_id": "100635",
    "author": "chun****",
    "review": "빨간머리에 주근깨 소녀 서양사람들의 싫어하는 외모의 소유자지만 앤의 쾌할한 성격에 그런불식들을 ko시키는 애니메이션",
    "rating": "10",
    "date": "13.06.15"
  },
  {
    "review_id": "7629489",
    "movie_id": "100635",
    "author": "amy7****",
    "review": "앤 너무너무너무너무 너무 재밌어요***********",
    "rating": "10",
    "date": "13.06.12"
  },
  {
    "review_id": "7546337",
    "movie_id": "100635",
    "author": "atyd****",
    "review": "재밋는지 모르겠슴 그냥  모통 시간 때우고 추억에 잠기는 정도",
    "rating": "5",
    "date": "13.05.21"
  },
  {
    "review_id": "7502236",
    "movie_id": "100635",
    "author": "bear****",
    "review": "넌 내가 초딩때 봤던 그대로구나 앤 ㅠ",
    "rating": "7",
    "date": "13.05.02"
  },
  {
    "review_id": "7494138",
    "movie_id": "100635",
    "author": "chac****",
    "review": "아.. 진짜 예전 앤 목소리가 아니다. 차라리 예전에 tv판 앤을 틀어주는게 나았어, 지금 다시 들어도 예전ㅇ 앤 목서리가 1000만배 더 나음",
    "rating": "1",
    "date": "13.04.29"
  },
  {
    "review_id": "7485360",
    "movie_id": "100635",
    "author": "yuna****",
    "review": "♡쨩!!!!!!!재밋어요",
    "rating": "10",
    "date": "13.04.26"
  },
  {
    "review_id": "7480238",
    "movie_id": "100635",
    "author": "zmft****",
    "review": "옛날 추억을 되살리며 보고 싶었는데 전체적으로 너무 지루했습니다.보는내내 앤이 짜증스러웠네요.. ㅠㅠ",
    "rating": "1",
    "date": "13.04.25"
  },
  {
    "review_id": "7421313",
    "movie_id": "100635",
    "author": "pcc7****",
    "review": "하하하하하하~어릴 때 봤던 그 빨간머리 앤....지금보니..손발이 오글오글^^;;;추억은 방울방울이네요...TV판을 편집해 만든거더군요~음..ㅎㅎㅎ",
    "rating": "6",
    "date": "13.03.30"
  },
  {
    "review_id": "7359687",
    "movie_id": "100635",
    "author": "hejt****",
    "review": "앤의 마지막 결말만 봤으면 싶은데 결말까지 내용은 아닌듯 싶으니..",
    "rating": "5",
    "date": "13.03.18"
  },
  {
    "review_id": "7328587",
    "movie_id": "100635",
    "author": "suni****",
    "review": "어릴적 방과후 꼭  챙겨보던 내 소중한  추억의  tv 애니",
    "rating": "10",
    "date": "13.03.07"
  },
  {
    "review_id": "7312915",
    "movie_id": "100635",
    "author": "vort****",
    "review": "ㅡㅡ앤 목소리 바껴서 시끄럽게 느껴짐",
    "rating": "1",
    "date": "13.03.01"
  },
  {
    "review_id": "7307595",
    "movie_id": "100635",
    "author": "stat****",
    "review": "정말 그린게이블로  가는 내용이 다 .ㅠ.ㅠ 예전보던 만회 시리즈 첫편을 극장에서 본 것. 자막으로 봤는데. .앤의 수다가  짜증남. 진작 리뷰 보고 갈껄.. ..",
    "rating": "2",
    "date": "13.02.27"
  },
  {
    "review_id": "7306426",
    "movie_id": "100635",
    "author": "nemo****",
    "review": "작가님도 사릉해요ㅎㅎㅎ",
    "rating": "10",
    "date": "13.02.27"
  },
  {
    "review_id": "7298290",
    "movie_id": "100635",
    "author": "ghtj****",
    "review": "10점 만점에 10점ㅠㅠ",
    "rating": "10",
    "date": "13.02.24"
  },
  {
    "review_id": "7297219",
    "movie_id": "100635",
    "author": "punk****",
    "review": "故정경애 성우님을 추모하며...빨간머리 앤이나 베르사유의 장미의 오스칼 그분의 목소리가 그립네요",
    "rating": "8",
    "date": "13.02.24"
  },
  {
    "review_id": "7293683",
    "movie_id": "100635",
    "author": "sonm****",
    "review": "앤목소리 성우가 바뀌니까 몰입이 안된다... 그냥 수다스런아이... 사랑스럽지 않네....",
    "rating": "8",
    "date": "13.02.23"
  },
  {
    "review_id": "7292982",
    "movie_id": "100635",
    "author": "dsde****",
    "review": "10",
    "rating": "10",
    "date": "13.02.23"
  },
  {
    "review_id": "7288002",
    "movie_id": "100635",
    "author": "pant****",
    "review": "그냥 추억팔이로 봤다. 이제 그런나이가 돼버렸다니 으흑 ㅋㅋ",
    "rating": "8",
    "date": "13.02.21"
  },
  {
    "review_id": "7284143",
    "movie_id": "100635",
    "author": "cuti****",
    "review": "8점대는 나와야되는 명작....빨간머리앤은 명작중의 명작이지",
    "rating": "10",
    "date": "13.02.20"
  },
  {
    "review_id": "7274812",
    "movie_id": "100635",
    "author": "onon****",
    "review": "빨강머리앤 아직 안봤지만 그래도 짱재밌겠다 다음엔꼭 쿡티비로 나오먼 볼게요",
    "rating": "10",
    "date": "13.02.17"
  },
  {
    "review_id": "7254171",
    "movie_id": "100635",
    "author": "bles****",
    "review": "세월이 지나도 앤은 여전히 사랑스럽구나",
    "rating": "7",
    "date": "13.02.12"
  },
  {
    "review_id": "7242771",
    "movie_id": "100635",
    "author": "amy1****",
    "review": "ㅎㄹㅗㅁㅎ오ㅗㅗㄹ",
    "rating": "10",
    "date": "13.02.09"
  },
  {
    "review_id": "7214977",
    "movie_id": "100635",
    "author": "aitc****",
    "review": "기대댐",
    "rating": "10",
    "date": "13.02.02"
  },
  {
    "review_id": "7214535",
    "movie_id": "100635",
    "author": "zoo0****",
    "review": "오랜만에 보니까 느낌이 새롭네요ㅋㅋㅋ 참 좋아요",
    "rating": "10",
    "date": "13.02.02"
  },
  {
    "review_id": "7214498",
    "movie_id": "100635",
    "author": "juan****",
    "review": "좋은 애니메이션",
    "rating": "10",
    "date": "13.02.02"
  },
  {
    "review_id": "7209784",
    "movie_id": "100635",
    "author": "real****",
    "review": "참 사랑스러운 케릭터~ 앤... 책으로도 보고 만화책으로도 보고 영화로도 보고 이번에 애니도 좋더군요~ 볼때마다 설레고 마음 따뜻해지는 언제봐도 좋은 빨간머리 앤이네요",
    "rating": "8",
    "date": "13.02.01"
  },
  {
    "review_id": "7208915",
    "movie_id": "100635",
    "author": "odjs****",
    "review": "정말 감명깊고 재밌는 애니메이션",
    "rating": "10",
    "date": "13.02.01"
  },
  {
    "review_id": "7207880",
    "movie_id": "100635",
    "author": "jnh0****",
    "review": "좋아요",
    "rating": "10",
    "date": "13.02.01"
  },
  {
    "review_id": "7206661",
    "movie_id": "100635",
    "author": "reni****",
    "review": "네이버검색 \" 케이레니의 자료창고 \" 최신영화 다량보유 광해 못 보신분들을 위해 재빠르게 업데이트해놨습니다.",
    "rating": "9",
    "date": "13.02.01"
  },
  {
    "review_id": "7202917",
    "movie_id": "100635",
    "author": "dusw****",
    "review": "제동생은 볼만했어도 , 저는 고등학생이라 그런지 좀그랬어용ㅜ",
    "rating": "5",
    "date": "13.01.31"
  },
  {
    "review_id": "7199743",
    "movie_id": "100635",
    "author": "abc_****",
    "review": "하느님은 하늘에 계시고 세상은 평안하도다",
    "rating": "10",
    "date": "13.01.30"
  },
  {
    "review_id": "7196619",
    "movie_id": "100635",
    "author": "snsk****",
    "review": "단지 이지영성우가 나온다는 이유로 봄",
    "rating": "10",
    "date": "13.01.30"
  },
  {
    "review_id": "7192647",
    "movie_id": "100635",
    "author": "ihoo****",
    "review": "너무 안맞음",
    "rating": "1",
    "date": "13.01.29"
  },
  {
    "review_id": "7170813",
    "movie_id": "100635",
    "author": "soon****",
    "review": "앞으로 이런 명화는 만들 수 없다는걸 알았기에 진작에 dvd로 소장하고 있었다.정경애성우님을 추모하며...",
    "rating": "9",
    "date": "13.01.25"
  },
  {
    "review_id": "7167831",
    "movie_id": "100635",
    "author": "lly1****",
    "review": "wow 대박인데........이영화 꼬~~~~~~~옥 봐야겠당~~~~~~~~~~~~~~~~ㅎㅎㅎㅎ",
    "rating": "10",
    "date": "13.01.24"
  },
  {
    "review_id": "7166906",
    "movie_id": "100635",
    "author": "jung****",
    "review": "이런명작을다시볼수잇다니...",
    "rating": "10",
    "date": "13.01.24"
  },
  {
    "review_id": "7162364",
    "movie_id": "100635",
    "author": "roze****",
    "review": "외우다시피할만큼 보고 또 봤던 어릴적의 앤... 해설 성우제외하고 나름 나쁘지 않앗던 더빙. 클래시컬한 배경음악과 아름다운 풍경화만으로도 가슴벅찼던 시간였네요",
    "rating": "8",
    "date": "13.01.23"
  },
  {
    "review_id": "7156648",
    "movie_id": "100635",
    "author": "huks****",
    "review": "잼있어요.",
    "rating": "10",
    "date": "13.01.23"
  },
  {
    "review_id": "7155392",
    "movie_id": "100635",
    "author": "csw8****",
    "review": "tv판에서 초반 몇편을 그냥 디지털 리마스터링만 해서 한편으로 묶은겁니다",
    "rating": "6",
    "date": "13.01.22"
  },
  {
    "review_id": "7150788",
    "movie_id": "100635",
    "author": "ahha****",
    "review": "최고",
    "rating": "10",
    "date": "13.01.22"
  },
  {
    "review_id": "7141170",
    "movie_id": "100635",
    "author": "tls7****",
    "review": "정말 사랑스럽고 애틋하고 훌륭한 작품~ 이런 아날로그영화가 반갑다 !!",
    "rating": "10",
    "date": "13.01.21"
  },
  {
    "review_id": "7137011",
    "movie_id": "100635",
    "author": "ehgm****",
    "review": "재미있어요.  우리엄마도넘 좋아셔요.",
    "rating": "10",
    "date": "13.01.20"
  },
  {
    "review_id": "7136838",
    "movie_id": "100635",
    "author": "zkdl****",
    "review": "앤의 옛날성우가 그리웠다.. 조금만 더 차분한 목소리였으면 ㅠ",
    "rating": "3",
    "date": "13.01.20"
  },
  {
    "review_id": "7136797",
    "movie_id": "100635",
    "author": "9312****",
    "review": "내용도없고 지루.. 보다가 잤어요",
    "rating": "1",
    "date": "13.01.20"
  },
  {
    "review_id": "7134532",
    "movie_id": "100635",
    "author": "aaaa****",
    "review": "완전재미없습니다.. 어이상실",
    "rating": "1",
    "date": "13.01.19"
  },
  {
    "review_id": "7128501",
    "movie_id": "100635",
    "author": "liu3****",
    "review": "너무 좋았는데 의외로 평점이 왜이러지ㅠㅠ",
    "rating": "10",
    "date": "13.01.18"
  },
  {
    "review_id": "7125064",
    "movie_id": "100635",
    "author": "u256****",
    "review": "30여년전 TV시리즈를 영화관으로 옮긴듯",
    "rating": "5",
    "date": "13.01.17"
  },
  {
    "review_id": "7124906",
    "movie_id": "100635",
    "author": "pret****",
    "review": "최악의 성우..... 예전에 앤이 그립네요..",
    "rating": "1",
    "date": "13.01.17"
  },
  {
    "review_id": "7123095",
    "movie_id": "100635",
    "author": "uhea****",
    "review": "울면서 봤어요. 웃기도 많이 웃고 울기도 많이 울고앤 너무 사랑스러워요. 스토리가 없다고 느낄는지는 몰라도 인스턴트식 영화같지 않아서 너무 좋았어요. 새해 첫 영환데 가슴이 꽉차는 기분이예요. 상영관이 많지 않다고 하는데 꼭찾아보세요!",
    "rating": "10",
    "date": "13.01.17"
  },
  {
    "review_id": "7122117",
    "movie_id": "100635",
    "author": "will****",
    "review": "극장개봉자체가 기적이네요~ 앤포에버~!!",
    "rating": "10",
    "date": "13.01.16"
  },
  {
    "review_id": "7120389",
    "movie_id": "100635",
    "author": "cika****",
    "review": "빨간머리앤 재미쏭",
    "rating": "10",
    "date": "13.01.16"
  },
  {
    "review_id": "7119586",
    "movie_id": "100635",
    "author": "kore****",
    "review": "그나마  마지막부분에 감동이 좀있어서 다행 입니다.좀 지루했습니다......",
    "rating": "5",
    "date": "13.01.15"
  },
  {
    "review_id": "7118308",
    "movie_id": "100635",
    "author": "leey****",
    "review": "별로",
    "rating": "3",
    "date": "13.01.15"
  },
  {
    "review_id": "7118054",
    "movie_id": "100635",
    "author": "jina****",
    "review": "별로....",
    "rating": "1",
    "date": "13.01.15"
  },
  {
    "review_id": "7116962",
    "movie_id": "100635",
    "author": "36hh****",
    "review": "내예상",
    "rating": "9",
    "date": "13.01.14"
  },
  {
    "review_id": "7116712",
    "movie_id": "100635",
    "author": "hjk2****",
    "review": "극장판이라 tv 방영판과는 다를 줄 알았는데 완전 똑같아요. dvd도 가지고 있는 상태라 그런지 도대체 왜 개봉을 한 건지 이해가 안 되네요. 빨간머리 앤 자체는 충분히 사랑스럽지만 극장개봉판에 대해서는 아주 실망입니다.",
    "rating": "1",
    "date": "13.01.14"
  },
  {
    "review_id": "7116631",
    "movie_id": "100635",
    "author": "bsmy****",
    "review": "요즘 같은 때에 꼭 봐둬야 할 만화가 아닐까. 감성, 색채.. 그리고 여백의 미",
    "rating": "8",
    "date": "13.01.14"
  },
  {
    "review_id": "7116119",
    "movie_id": "100635",
    "author": "sylo****",
    "review": "주근깨 빼빼마른 빨간머리앤 예쁘지는 않지만 사랑스러워 ~ 가슴에 솟아나는 아름다운 꿈 ~ lovely 몽상가 앤e !",
    "rating": "9",
    "date": "13.01.14"
  },
  {
    "review_id": "7115858",
    "movie_id": "100635",
    "author": "cact****",
    "review": "옛 추억이 새록새록 하네요ㅎㅎㅎ 너무 재밌게 잘봤어요!!",
    "rating": "10",
    "date": "13.01.14"
  },
  {
    "review_id": "7115255",
    "movie_id": "100635",
    "author": "kcm1****",
    "review": "잔잔한 음악이 조용한 영화관에서 들리는 소리가 아주 좋압습니다.어린앤에 매력은 아름다운 감수성 어릴때 본 그 느낌이네요.",
    "rating": "10",
    "date": "13.01.14"
  },
  {
    "review_id": "7112130",
    "movie_id": "100635",
    "author": "ssky****",
    "review": "매튜와 마릴라가 말한 앤의 마법에 빠지다!",
    "rating": "8",
    "date": "13.01.13"
  },
  {
    "review_id": "7110142",
    "movie_id": "100635",
    "author": "ohao****",
    "review": "감동만있고 잼없음",
    "rating": "1",
    "date": "13.01.13"
  },
  {
    "review_id": "7110042",
    "movie_id": "100635",
    "author": "dhfk****",
    "review": "ㅇㅇㅇㅇㅇㅇㅇㅇㅇ",
    "rating": "10",
    "date": "13.01.13"
  },
  {
    "review_id": "7109577",
    "movie_id": "100635",
    "author": "k90c****",
    "review": "앤은 감수성이 너무 풍부하다. 영화 결말이 좋아서 좋았다.",
    "rating": "10",
    "date": "13.01.13"
  },
  {
    "review_id": "7109394",
    "movie_id": "100635",
    "author": "eppu****",
    "review": "대전 롯데시네마 가오점 12시 45분 영화본 아들한명 델꾸온 아줌마! 귀한 자식 욕먹이기 싫으면 관리 좀 하시죠. 시작부터 칭얼거리는애 단속도안하고 더 크면 데리고 다니세요. 같은 돈내고 왜 당신아들 칭얼거리는걸 두시간 가까이 들어야됩니까?",
    "rating": "8",
    "date": "13.01.13"
  },
  {
    "review_id": "7108975",
    "movie_id": "100635",
    "author": "rkdw****",
    "review": "자기 좋아하는 영화면 다 10점 줘야됨? ㅋㅋㅋ 밑에 말하는 수준봐라..영화는 이전 만화 앤의 팬이 아니라면 좀 지루하실 수도 있음 그래도 한 번쯤 보는 걸 추천합니다 ㅋㅋ 상영관도 얼마 없는 것 같던데... 있으면 꼭 보세요ㅋ 기분 좋아짐",
    "rating": "9",
    "date": "13.01.13"
  },
  {
    "review_id": "7108630",
    "movie_id": "100635",
    "author": "litt****",
    "review": "충만한 소녀적 감성에 보는 내내 미소가... 행복합니다!",
    "rating": "10",
    "date": "13.01.13"
  },
  {
    "review_id": "7107821",
    "movie_id": "100635",
    "author": "gkwk****",
    "review": "말은 좋게 하면서 평점7점 주는건머임?전문가도 아니면 있어보이는척하지말고 걍 10점해ㅉㅉ",
    "rating": "10",
    "date": "13.01.13"
  },
  {
    "review_id": "7106772",
    "movie_id": "100635",
    "author": "tprk****",
    "review": "보는내내 웃고있는 나...그 시절의 감성이 있구나...하하^^",
    "rating": "8",
    "date": "13.01.12"
  },
  {
    "review_id": "7106315",
    "movie_id": "100635",
    "author": "ball****",
    "review": "마차만타고가다끝나는거아닌가 싶엇지만 재밋썻습니다!!^^",
    "rating": "8",
    "date": "13.01.12"
  },
  {
    "review_id": "7106115",
    "movie_id": "100635",
    "author": "dodr****",
    "review": "오랜만에너무반가운앤  순수하고 사랑스러운앤이었습니다  눈물도 났어용 ㅠ 잘봤숩니당 이 이후의 이야기도 또 보고싶네용!",
    "rating": "9",
    "date": "13.01.12"
  },
  {
    "review_id": "7105873",
    "movie_id": "100635",
    "author": "ocs7****",
    "review": "예전 목소리가 듣고싶었음",
    "rating": "6",
    "date": "13.01.12"
  },
  {
    "review_id": "7105076",
    "movie_id": "100635",
    "author": "hot7****",
    "review": "너무나 순수한 감성에 젖게 하는 소중한 시간! 너무나 사랑스러운 앤!! 내 인생 최고의 보물",
    "rating": "10",
    "date": "13.01.12"
  },
  {
    "review_id": "7103677",
    "movie_id": "100635",
    "author": "mygo****",
    "review": "명작은세월이지나도변함이없네요~~이 아름다운영상을 스크린으로 볼수있다는 사실만으로도 설렙니다",
    "rating": "10",
    "date": "13.01.12"
  },
  {
    "review_id": "7103067",
    "movie_id": "100635",
    "author": "baks****",
    "review": "주근깨.빼빼 마른 빨간 머리 앤,예쁘지는 않지만,사랑스러워~",
    "rating": "10",
    "date": "13.01.11"
  },
  {
    "review_id": "7102648",
    "movie_id": "100635",
    "author": "cong****",
    "review": "옛날에 tv에서 봤던거라 똑같더라구요~옛 추억에 잠겨 웃을 수 있었습니다~~",
    "rating": "7",
    "date": "13.01.11"
  },
  {
    "review_id": "7102633",
    "movie_id": "100635",
    "author": "dbst****",
    "review": "옛날  어렸을때 봤던 추억~~기다리고 기다렸었는데 수다쟁이 앤을 보니 꼭 사춘기 딸아이를 보는 듯 했습니다.아쉬운점은 전체내용을 다 볼 수  없었다는게 아쉽더군요~",
    "rating": "7",
    "date": "13.01.11"
  },
  {
    "review_id": "7100754",
    "movie_id": "100635",
    "author": "saey****",
    "review": "더빙판, 자막판 모두 좋아해서 자막판으로 보고 왔는데... 지금 동영상 보니까 더빙된 게 좀 낯서네요 ㅎㅎ 낯설어서 그런 건지 옛날 더빙이 더 훌륭했던 건지 판단할 순 없지만 ㅜㅜ 아쉬운 건 사실일 듯... 차라리 자막판이 더 친숙할 것 같네요 ㅋㅋ",
    "rating": "10",
    "date": "13.01.11"
  },
  {
    "review_id": "7100303",
    "movie_id": "100635",
    "author": "ruma****",
    "review": "아랫분 말도 이해할수 있긴 한데.. 과거 TV판 앤의 성우를 맡으셨던 정경애씨가 불의의 사고로 돌아가셨기 때문에 아마 새로운 사람을 캐스팅해 재 더빙한걸로 알아요.",
    "rating": "9",
    "date": "13.01.10"
  },
  {
    "review_id": "7100190",
    "movie_id": "100635",
    "author": "chan****",
    "review": "원작  자체만으로10점이상이고 점수 매기는게 무의미한 작품이긴한데 이 작품은 과거 티비 방영시절의 성우들이 가장 이 작품과 잘 맞는거 같습니다. 리마스터링 극장판은 과거의 성우가 아니네요.ㅠ.,ㅠ 재잘거리는 앤의 그 맛과 시니컬한 마릴라의 맛을 못살림",
    "rating": "10",
    "date": "13.01.10"
  },
  {
    "review_id": "7099822",
    "movie_id": "100635",
    "author": "han1****",
    "review": "정말 정말 너무 합니다. 정말 보고싶은 영화인데 상영관은 전국에 몇개 없고, 있는것도 거의다 서울에 있고, 상영시간도 직장인이나 낮에 일보는 사람은 못 보고... 대부분 빨간머리앤 아는 사람은 20대 중후반사람들 아닌가요??진짜 보고싶은 건데 ㅠㅠ",
    "rating": "9",
    "date": "13.01.10"
  },
  {
    "review_id": "7099623",
    "movie_id": "100635",
    "author": "fier****",
    "review": "밑에 재미업었다고 기대못미쳤다고 낮게준놈들 무개념인증이냐 ㅉㅉ 그럴꺼면 처음부터 쳐보지말든가 평점 쳐달지말아 니들같은 놈들때메 평점 낮아진다 괜히 영화 깍아내리고 앉았어 보면서 짠하고 사랑스럽기만 하더만..",
    "rating": "10",
    "date": "13.01.10"
  },
  {
    "review_id": "7099269",
    "movie_id": "100635",
    "author": "figh****",
    "review": "기대엔 못미쳤다",
    "rating": "7",
    "date": "13.01.10"
  },
  {
    "review_id": "7098930",
    "movie_id": "100635",
    "author": "jwj3****",
    "review": "내용이좀 실망스럽네요~",
    "rating": "3",
    "date": "13.01.10"
  },
  {
    "review_id": "7098704",
    "movie_id": "100635",
    "author": "hong****",
    "review": "어렸을 때 보고 다시 보게 됐는데도 변함없이 재밌어요! 감수성 넘치는 앤에 몰입해서 같이 슬퍼서 울기도 하고 앤이 집에 받아들여졌을 땐 같이 행복해지고 *^^*  그 이후에 앤이 다이애나를 만나는 이야기랑, 앤이 성장하고 나서를 상상해봅니다ㅎㅎ",
    "rating": "9",
    "date": "13.01.10"
  },
  {
    "review_id": "7097816",
    "movie_id": "100635",
    "author": "asce****",
    "review": "앤을 커다란 스크린으로 다시 보는 것 자체로 감격!!ㅠ_ㅠ!! 여전히 너무 귀엽고 사랑스러운 주근깨 빼빼 마른 앤~~~ 반가워><",
    "rating": "10",
    "date": "13.01.10"
  }
]