[
  {
    "review_id": "10261096",
    "movie_id": "100678",
    "author": "ckr3****",
    "review": "저 시대에도 투블록컷을 했군",
    "rating": "2",
    "date": "15.08.22"
  },
  {
    "review_id": "10235137",
    "movie_id": "100678",
    "author": "juhy****",
    "review": "니콜라스 케이지 가영화 살렷네,",
    "rating": "10",
    "date": "15.08.15"
  },
  {
    "review_id": "10220281",
    "movie_id": "100678",
    "author": "dude****",
    "review": "니콜라스케이지가 나올 영화가 맞나 싶다.",
    "rating": "1",
    "date": "15.08.12"
  },
  {
    "review_id": "10169295",
    "movie_id": "100678",
    "author": "knmd****",
    "review": "유역비면 닥치고 봐야하는거 아니었어???",
    "rating": "10",
    "date": "15.08.01"
  },
  {
    "review_id": "10104957",
    "movie_id": "100678",
    "author": "zpzg****",
    "review": "나혼자만 낚일 순 없다 ....",
    "rating": "10",
    "date": "15.07.14"
  },
  {
    "review_id": "10085796",
    "movie_id": "100678",
    "author": "love****",
    "review": "이정도면됐지뭐안그런가요",
    "rating": "10",
    "date": "15.07.10"
  },
  {
    "review_id": "10076445",
    "movie_id": "100678",
    "author": "eree****",
    "review": "중궈판 47로니인가-_-",
    "rating": "2",
    "date": "15.07.06"
  },
  {
    "review_id": "10059635",
    "movie_id": "100678",
    "author": "tjdr****",
    "review": "아니 저시대에 중국인이 왜 영어를 쓰냐고..이런 끄레기영화",
    "rating": "1",
    "date": "15.07.02"
  }
]