[
  {
    "review": "프레데터 완전 재밌다 ㅋㅋㅋ 최고의 수작",
    "date": "15.07.27",
    "rating": "10",
    "author": "sam7****",
    "review_id": "10149252",
    "movie_id": "10062"
  },
  {
    "review": "잘만든 후속편이다. 프레데터 무기도 다양하게 보여주고, 자가치료 장면도 업그레이드. 부메랑디스크로 써는장면 최고 ㅜㅜ. 꼭 다시 리메이크됏음...",
    "date": "15.06.14",
    "rating": "9",
    "author": "kupa****",
    "review_id": "9998351",
    "movie_id": "10062"
  },
  {
    "review": "주인공 보정이 좀 심한 듯",
    "date": "15.06.05",
    "rating": "6",
    "author": "kimb****",
    "review_id": "9977556",
    "movie_id": "10062"
  },
  {
    "review": "1편과는 다른 또 다른 재미를 준다.  오락영화로는 합격",
    "date": "15.05.03",
    "rating": "8",
    "author": "adiv****",
    "review_id": "9888642",
    "movie_id": "10062"
  },
  {
    "review": "프로데터하나죽이는데 사람 몇명이희생된거야ㄷㄷ",
    "date": "15.04.25",
    "rating": "10",
    "author": "dnjs****",
    "review_id": "9865313",
    "movie_id": "10062"
  },
  {
    "review": "기대 보다 괜찮았다.. 이 정도면 나쁘진 않은듯",
    "date": "15.03.15",
    "rating": "7",
    "author": "ehwj****",
    "review_id": "9785948",
    "movie_id": "10062"
  },
  {
    "review": "1이 너무  완벽했다  6점 줄려다7 준다",
    "date": "15.02.02",
    "rating": "7",
    "author": "kgmi****",
    "review_id": "9661605",
    "movie_id": "10062"
  },
  {
    "review": "저번은 정글 ,,이번은 도시 속 정글이다!",
    "date": "15.01.17",
    "rating": "8",
    "author": "milk****",
    "review_id": "9603044",
    "movie_id": "10062"
  },
  {
    "review": "초등학교때본이후20년만에다시봅니다 그때의감동과스릴이아직도... 너무잘만들어진SF호러의진수네요! 감동입니다진짜ㅠㅜ",
    "date": "14.11.27",
    "rating": "10",
    "author": "blue****",
    "review_id": "9427110",
    "movie_id": "10062"
  },
  {
    "review": "SF 스릴러, 크리쳐물 매니아로써 프레데터 시리즈 좋아합니다만 전작에비하면 재미는 확실히 많이떨어지네요..5점줄려다가 마지막 우주선씬에서 뼈수집, 에이리언뼈등장, 화승총 이런 세세한 매니아들이좋아하는부분때문에 1점더줍니다",
    "date": "14.09.04",
    "rating": "6",
    "author": "coll****",
    "review_id": "9165158",
    "movie_id": "10062"
  },
  {
    "review": "때로는 후속작이 망할때도 있지",
    "date": "14.07.27",
    "rating": "1",
    "author": "hang****",
    "review_id": "8965572",
    "movie_id": "10062"
  },
  {
    "review": "뭔가 아쉽다,  주인공이 포스가 없어서 그런가 ㅡㅡ;",
    "date": "14.05.26",
    "rating": "8",
    "author": "fghy****",
    "review_id": "8766771",
    "movie_id": "10062"
  },
  {
    "review": "그냥저냥했어요 ㅋㅋㅋ",
    "date": "14.05.01",
    "rating": "5",
    "author": "llll****",
    "review_id": "8688632",
    "movie_id": "10062"
  },
  {
    "review": "재미있음. 1편과의 차별화도 좋고.",
    "date": "14.03.14",
    "rating": "8",
    "author": "dxfo****",
    "review_id": "8574679",
    "movie_id": "10062"
  },
  {
    "review": "솔직히 재밌게 봤음 시작부에  사무실ㅅㅅ신이  아직도 기억에 남네요",
    "date": "14.03.09",
    "rating": "8",
    "author": "fore****",
    "review_id": "8564547",
    "movie_id": "10062"
  },
  {
    "review": "프레데터라는 캐릭터를 좀더 알아가는데 의의가 있다. 시리즈로 끌고가기엔 각본가 토머스형제에게 철학이 부재했다. 스티븐홉킨스의 드라마24는 굉장했지만 단편영화에선 존맥티어난보다 루즈하다. 리썰웨폰의 대니글로버는 홀로 마초적인 주연을 맡기엔 넘 섬세하다.",
    "date": "14.01.29",
    "rating": "7",
    "author": "dhka****",
    "review_id": "8442014",
    "movie_id": "10062"
  },
  {
    "review": "1은너무왐벽햇지..",
    "date": "14.01.01",
    "rating": "10",
    "author": "dh66****",
    "review_id": "8335732",
    "movie_id": "10062"
  },
  {
    "review": "프레데터1이 너무 쎘다.1편의 스텍타클을 따라가기에는 너무 역부족",
    "date": "13.12.26",
    "rating": "6",
    "author": "cap1****",
    "review_id": "8308699",
    "movie_id": "10062"
  },
  {
    "review": "에일리언보다 재미없다 존나 노잼 비추",
    "date": "13.12.11",
    "rating": "1",
    "author": "ym_p****",
    "review_id": "8206398",
    "movie_id": "10062"
  },
  {
    "review": "프레데터 시리즈는 1편만 빼면 다 별로인듯. 그나마 2편은 볼만은 했다그래도 1편하고 자꾸 비교하다 보니 2번은 안봐지는 영화..",
    "date": "13.11.13",
    "rating": "6",
    "author": "mj19****",
    "review_id": "8135241",
    "movie_id": "10062"
  },
  {
    "review": "이 영화에서 높은점수를 줄만한것이 있다면 바로 프레데터 무기들의 다채로움이 전편보다 한층 강화됬다는거... 나는 나름 재미있게봤었는데아무래도 아놀드에 비해 포스가 딸리는 주인공인 대니글로버가 좀 아쉽긴했지....",
    "date": "13.11.06",
    "rating": "9",
    "author": "cidd****",
    "review_id": "8117963",
    "movie_id": "10062"
  },
  {
    "review": "머 이리 허무하게 당하냐",
    "date": "13.10.01",
    "rating": "6",
    "author": "xx41****",
    "review_id": "8025072",
    "movie_id": "10062"
  },
  {
    "review": "솔직히 2편인데 1편보다 못만들었다는게 믿기지가 않지만, 프레데터라서 5점",
    "date": "13.09.21",
    "rating": "5",
    "author": "yh98****",
    "review_id": "8006707",
    "movie_id": "10062"
  },
  {
    "review": "1편에 비해 한참 떨어지는 영화다.. 연출도 그렇고 시나리오도 그렇고 긴장감도 한참 떨어짐.. 늘어지고 루즈해지는 중반부 전개도 그렇고.. 보는내내 계속 졸았음. 흡입력 자체가 1편보다 한참 떨어짐. 프레데터도 너무 어이없이 당하고..",
    "date": "13.09.13",
    "rating": "6",
    "author": "aria****",
    "review_id": "7974730",
    "movie_id": "10062"
  },
  {
    "review": "아 역시 내 사랑 프레데터!!!",
    "date": "13.09.03",
    "rating": "10",
    "author": "dino****",
    "review_id": "7946021",
    "movie_id": "10062"
  },
  {
    "review": "아놀드의 빈자리가 크다 그리고 긴장감은 1을 못따라간다",
    "date": "13.08.19",
    "rating": "5",
    "author": "hbo1****",
    "review_id": "7903693",
    "movie_id": "10062"
  },
  {
    "review": "전편에비해다소아쉬움",
    "date": "13.07.15",
    "rating": "5",
    "author": "f_09****",
    "review_id": "7745652",
    "movie_id": "10062"
  },
  {
    "review": "너무 허술한 연출",
    "date": "13.07.07",
    "rating": "1",
    "author": "mara****",
    "review_id": "7712271",
    "movie_id": "10062"
  },
  {
    "review": "몇번을 봐도 질리지 않는 영화다 프레데터1과 함께!",
    "date": "13.06.19",
    "rating": "10",
    "author": "ske4****",
    "review_id": "7656578",
    "movie_id": "10062"
  },
  {
    "review": "프레데터라는 매력적인 캐릭터 ... 그 다음편이 궁금하다",
    "date": "13.06.11",
    "rating": "8",
    "author": "redi****",
    "review_id": "7626841",
    "movie_id": "10062"
  },
  {
    "review": "열감지센서 클로킹등.. 이 영화가 시도한게 많았지",
    "date": "13.02.27",
    "rating": "7",
    "author": "jwjw****",
    "review_id": "7306256",
    "movie_id": "10062"
  },
  {
    "review": "최고의후속작",
    "date": "13.02.13",
    "rating": "10",
    "author": "yh98****",
    "review_id": "7259001",
    "movie_id": "10062"
  },
  {
    "review": "볼만하네~",
    "date": "13.02.07",
    "rating": "7",
    "author": "dbzh****",
    "review_id": "7233890",
    "movie_id": "10062"
  },
  {
    "review": "어처구니 없는 설정과 진행으로 지루했던 전작보단 훨씬 몰입도 있었다. 프레데터라는 종을 기획한 상상력에 흥미가 있을뿐 에일리언 시리즈와는 비교할수가 없다.",
    "date": "13.02.06",
    "rating": "6",
    "author": "ksg_****",
    "review_id": "7232154",
    "movie_id": "10062"
  },
  {
    "review": "감독은 '알란 스미시'란 이름으로 나왔어야 했어. 최악의 영화.",
    "date": "13.02.06",
    "rating": "1",
    "author": "horr****",
    "review_id": "7229958",
    "movie_id": "10062"
  },
  {
    "review": "어째 프레데터의 포스가 1보다 떨어지는것 같지만 그래도 괜찮은 편이네.",
    "date": "13.02.03",
    "rating": "8",
    "author": "jiyu****",
    "review_id": "7221103",
    "movie_id": "10062"
  },
  {
    "review": "그들만 즐기는 그들만의 놀이터",
    "date": "13.01.20",
    "rating": "6",
    "author": "yoon****",
    "review_id": "7138177",
    "movie_id": "10062"
  },
  {
    "review": "최고ㅋ",
    "date": "12.12.31",
    "rating": "10",
    "author": "elim****",
    "review_id": "7067894",
    "movie_id": "10062"
  },
  {
    "review": "진짜 영화를 만들려면 이렇게 만들어야지ㅋ!!!! 진심 요즘 SF영화 죄 다 스토리도 뻔하고 삼류 쓰레기 영화라 재미없다. 87년도 꺼면 나 태어나기 전 편인데 과거꺼라 역시 스토리도 감질나고 재밌다 ㅋㅋ 줄거리가 스릴넘치고 다양하다는게 확실히 좋아!ㅇ",
    "date": "12.12.22",
    "rating": "10",
    "author": "here****",
    "review_id": "7030481",
    "movie_id": "10062"
  },
  {
    "review": "1편 만큼은 아니지만 이정도면 잘 만들어진 속편",
    "date": "12.12.20",
    "rating": "8",
    "author": "coco****",
    "review_id": "7023544",
    "movie_id": "10062"
  },
  {
    "review": "보이지 않는 적의 위협감은 도시가 정글보다 한수 위,1편보다 훨씬 낫다고 본다.",
    "date": "12.11.20",
    "rating": "9",
    "author": "real****",
    "review_id": "6908656",
    "movie_id": "10062"
  },
  {
    "review": "도시로 온 프레데터 1편의 충격은 더이상 없다.",
    "date": "12.09.18",
    "rating": "7",
    "author": "bdcs****",
    "review_id": "6710024",
    "movie_id": "10062"
  },
  {
    "review": "진짜잼잇음!",
    "date": "12.08.27",
    "rating": "10",
    "author": "jind****",
    "review_id": "6648729",
    "movie_id": "10062"
  },
  {
    "review": "1편보다는아니지만재밌네요",
    "date": "12.08.25",
    "rating": "9",
    "author": "woek****",
    "review_id": "6643818",
    "movie_id": "10062"
  },
  {
    "review": "옛날영화여도 액션이 볼만하네요",
    "date": "12.08.14",
    "rating": "9",
    "author": "xorm****",
    "review_id": "6603187",
    "movie_id": "10062"
  },
  {
    "review": "잼게봤습니다",
    "date": "12.08.11",
    "rating": "8",
    "author": "hn23****",
    "review_id": "6592119",
    "movie_id": "10062"
  },
  {
    "review": "전개인적으로 요즘 영화보다 이런 옛날영화가조음ㅋ",
    "date": "12.07.13",
    "rating": "10",
    "author": "terr****",
    "review_id": "6474198",
    "movie_id": "10062"
  },
  {
    "review": "좀 오래되긴했지만 영원한 명작.",
    "date": "12.07.09",
    "rating": "10",
    "author": "ghdz****",
    "review_id": "6464207",
    "movie_id": "10062"
  },
  {
    "review": "재밌습니다.  1편 못지않은 긴장감도 좋고 마지막에 그 절망적인 장면이란!",
    "date": "12.06.13",
    "rating": "9",
    "author": "hoku****",
    "review_id": "6389417",
    "movie_id": "10062"
  },
  {
    "review": "재미짐",
    "date": "12.06.13",
    "rating": "10",
    "author": "yusa****",
    "review_id": "6388588",
    "movie_id": "10062"
  },
  {
    "review": "아놀드의 부재가 아쉽다. 프레데터의 존재만으로도 흥미진진.",
    "date": "12.06.12",
    "rating": "9",
    "author": "kem1****",
    "review_id": "6386185",
    "movie_id": "10062"
  },
  {
    "review": "수작임 ㅋ",
    "date": "12.06.11",
    "rating": "10",
    "author": "dkem****",
    "review_id": "6384523",
    "movie_id": "10062"
  },
  {
    "review": "재밋네",
    "date": "12.05.31",
    "rating": "10",
    "author": "otm0****",
    "review_id": "6350267",
    "movie_id": "10062"
  },
  {
    "review": "시리즈중 그나마 가장 낫다",
    "date": "12.05.17",
    "rating": "10",
    "author": "nyum****",
    "review_id": "6305038",
    "movie_id": "10062"
  },
  {
    "review": "대체 왜 이런 엽기영화를 만들었을까?",
    "date": "12.05.10",
    "rating": "6",
    "author": "amoh****",
    "review_id": "6286119",
    "movie_id": "10062"
  },
  {
    "review": "어릴때봐서뭐가뭔지는모르겠지만장비도멋있었고엠파이어빌딩에서소리지를때가멋잇었다",
    "date": "12.04.07",
    "rating": "10",
    "author": "toil****",
    "review_id": "6200059",
    "movie_id": "10062"
  },
  {
    "review": "역시 대니글로버.에어리언과 더불어 90년대 최고의 sf",
    "date": "12.03.22",
    "rating": "9",
    "author": "cred****",
    "review_id": "6159619",
    "movie_id": "10062"
  },
  {
    "review": "1편과는 또다른 재미.. 이것저것 더해져서 1편보다조금 더 즐기기에 충분하다",
    "date": "12.03.21",
    "rating": "8",
    "author": "wjdg****",
    "review_id": "6157633",
    "movie_id": "10062"
  },
  {
    "review": "늘 지적되는 속편의 측은함.",
    "date": "12.02.13",
    "rating": "4",
    "author": "pria****",
    "review_id": "6071229",
    "movie_id": "10062"
  },
  {
    "review": "1을 정말 재밌게봤는데 좀 마지막에 아쉬움",
    "date": "12.02.08",
    "rating": "8",
    "author": "qkrw****",
    "review_id": "6061193",
    "movie_id": "10062"
  },
  {
    "review": "초반에 모든 걸 드러내고 마지막까지 그 리듬을 벗어나지 못한다.",
    "date": "12.02.04",
    "rating": "6",
    "author": "hime****",
    "review_id": "6050018",
    "movie_id": "10062"
  },
  {
    "review": "에이리언 뼈다구 나온다고해서 참고봄. 다른 명작들에 비하면 지금보면 후달리는 영화",
    "date": "12.01.22",
    "rating": "6",
    "author": "yowh****",
    "review_id": "6008906",
    "movie_id": "10062"
  },
  {
    "review": "앞뒤가 맞지않아 내용이해가힘드네요ㅡ그래도 액션신은 맘에듬",
    "date": "11.12.30",
    "rating": "7",
    "author": "whdt****",
    "review_id": "5948565",
    "movie_id": "10062"
  },
  {
    "review": "1편보단 별로지만 그래도 재밌긴하네",
    "date": "11.12.06",
    "rating": "9",
    "author": "ykj1****",
    "review_id": "5891815",
    "movie_id": "10062"
  },
  {
    "review": "1편에 비하면 OOO",
    "date": "11.09.20",
    "rating": "1",
    "author": "fort****",
    "review_id": "5742698",
    "movie_id": "10062"
  },
  {
    "review": "1편에 비하면,,, 시간아깝다.",
    "date": "11.09.03",
    "rating": "6",
    "author": "virt****",
    "review_id": "5706648",
    "movie_id": "10062"
  },
  {
    "review": "상당히 기대하면 봤지만 나의 기대에 부흥하지는 못했지만 그래도! 재미있었으니 ㅋ",
    "date": "11.07.24",
    "rating": "8",
    "author": "jack****",
    "review_id": "5565659",
    "movie_id": "10062"
  },
  {
    "review": "1편 못지 않은 2편이다. 과소평가 짜증이네.",
    "date": "11.03.01",
    "rating": "10",
    "author": "csmo****",
    "review_id": "5286348",
    "movie_id": "10062"
  },
  {
    "review": "프레데터를 완성시킨, 에일리언즈와 같은 영화",
    "date": "11.02.10",
    "rating": "10",
    "author": "adul****",
    "review_id": "5233602",
    "movie_id": "10062"
  },
  {
    "review": "프레데터라는 이름이 아깝다.",
    "date": "11.02.07",
    "rating": "2",
    "author": "libe****",
    "review_id": "5227322",
    "movie_id": "10062"
  },
  {
    "review": "현재까지 나온 프레데터 소재의 영화중 가장 잘만든 영화라는 생각이~^^*",
    "date": "11.02.02",
    "rating": "10",
    "author": "qazc****",
    "review_id": "5206030",
    "movie_id": "10062"
  },
  {
    "review": "굳이다",
    "date": "10.12.26",
    "rating": "10",
    "author": "hyun****",
    "review_id": "5089080",
    "movie_id": "10062"
  },
  {
    "review": "1편보단 나았다!",
    "date": "10.12.25",
    "rating": "8",
    "author": "pree****",
    "review_id": "5085372",
    "movie_id": "10062"
  },
  {
    "review": "도심속의 프레데터!",
    "date": "10.12.11",
    "rating": "6",
    "author": "leei****",
    "review_id": "5043622",
    "movie_id": "10062"
  },
  {
    "review": "이 옛날영화가 요새나오는 허접한 SF영화보단 훨 낫다",
    "date": "10.11.24",
    "rating": "8",
    "author": "oaa1****",
    "review_id": "4983708",
    "movie_id": "10062"
  },
  {
    "review": "전편보다 왜 과소평가 받았는지? 재평가가 필요한 수작.",
    "date": "10.09.28",
    "rating": "10",
    "author": "aw71****",
    "review_id": "4873583",
    "movie_id": "10062"
  },
  {
    "review": "오호 ,,",
    "date": "10.09.02",
    "rating": "10",
    "author": "nice****",
    "review_id": "4812315",
    "movie_id": "10062"
  },
  {
    "review": "20년된영화인데도 지금봐도 손색이없다",
    "date": "10.08.29",
    "rating": "10",
    "author": "ust1****",
    "review_id": "4802209",
    "movie_id": "10062"
  },
  {
    "review": "마지막에 프레데터들 지구 왜 떠난거지 근대 외계인이 프레데터랑 에일리언밖에업나..",
    "date": "10.08.28",
    "rating": "10",
    "author": "dntl****",
    "review_id": "4799565",
    "movie_id": "10062"
  },
  {
    "review": "전편 못지않은 재미.. 긴장감은 조금 줄었지만 눈요깃거리는 더 많아졌다",
    "date": "10.08.23",
    "rating": "8",
    "author": "mygr****",
    "review_id": "4783209",
    "movie_id": "10062"
  },
  {
    "review": "전편의 성공을 스테픈 홉킨스가 잘 살렸다.",
    "date": "10.08.20",
    "rating": "8",
    "author": "sykm****",
    "review_id": "4770569",
    "movie_id": "10062"
  },
  {
    "review": "잘만든 속편의 예, 후반 프레데터와의 대결씬 긴장감 압권임, 하지만 1편보단 부족",
    "date": "10.08.16",
    "rating": "9",
    "author": "rnrd****",
    "review_id": "4753962",
    "movie_id": "10062"
  },
  {
    "review": "프레데터 하나만으로도 어느정도는 만족.",
    "date": "10.07.06",
    "rating": "7",
    "author": "eleg****",
    "review_id": "4617432",
    "movie_id": "10062"
  },
  {
    "review": "몇번을 봐도 재밌다",
    "date": "10.06.08",
    "rating": "10",
    "author": "jj72****",
    "review_id": "4552093",
    "movie_id": "10062"
  },
  {
    "review": "과소평가 받을 영화 아니다. 긴장감은 여전함.",
    "date": "10.06.06",
    "rating": "10",
    "author": "mjka****",
    "review_id": "4549104",
    "movie_id": "10062"
  },
  {
    "review": "개인적으로 대니 글로버는 좋았지만 도시의 프레데터, 매력없다.",
    "date": "10.06.02",
    "rating": "7",
    "author": "jcr3****",
    "review_id": "4539299",
    "movie_id": "10062"
  },
  {
    "review": "아나 이런 허접 쓰 ㄹ ㅔ 기 같은 영화를 봤다니.. 이게 재밌냐?? ㅉㅉ",
    "date": "10.05.30",
    "rating": "3",
    "author": "qwe7****",
    "review_id": "4531538",
    "movie_id": "10062"
  },
  {
    "review": "1만큼은 아니지만 그래도 프레데터의 포스는 여전하다",
    "date": "10.04.17",
    "rating": "9",
    "author": "sshh****",
    "review_id": "4438402",
    "movie_id": "10062"
  },
  {
    "review": "도시로간 프레군 대니 글로버 스토킹 하다!",
    "date": "10.03.03",
    "rating": "5",
    "author": "expr****",
    "review_id": "4333348",
    "movie_id": "10062"
  },
  {
    "review": "만약 2편이 1편보다 먼저나왔다면 영화사에 길이 남을 명작이었을 것이다",
    "date": "10.03.01",
    "rating": "10",
    "author": "hsa0****",
    "review_id": "4326114",
    "movie_id": "10062"
  },
  {
    "review": "굳",
    "date": "10.02.05",
    "rating": "10",
    "author": "movi****",
    "review_id": "4248396",
    "movie_id": "10062"
  },
  {
    "review": "영화가 산만하기 짝이없다.. 프레데터라는 존재 하나만이 영화를 불수있게 한 요소",
    "date": "10.01.18",
    "rating": "6",
    "author": "rlwh****",
    "review_id": "4182082",
    "movie_id": "10062"
  },
  {
    "review": "가면하고 무기만 멋잇음..",
    "date": "09.12.31",
    "rating": "6",
    "author": "fkdl****",
    "review_id": "4111597",
    "movie_id": "10062"
  },
  {
    "review": "글로버 형님의 액션...둔하지만, 나름대로 매력이 있다",
    "date": "09.12.27",
    "rating": "7",
    "author": "hyee****",
    "review_id": "4093010",
    "movie_id": "10062"
  },
  {
    "review": "굿",
    "date": "09.12.16",
    "rating": "10",
    "author": "aadd****",
    "review_id": "4047847",
    "movie_id": "10062"
  },
  {
    "review": "프레데터 많이 허술해졌네..",
    "date": "09.12.03",
    "rating": "7",
    "author": "do_x****",
    "review_id": "4010885",
    "movie_id": "10062"
  },
  {
    "review": "내려간 공포, 높아진 디테일, 잘 꾸며진 영화.",
    "date": "09.09.18",
    "rating": "10",
    "author": "ard2****",
    "review_id": "3837917",
    "movie_id": "10062"
  },
  {
    "review": "정말 재밌는 영화죠. 프레데터 멋있는것 같음ㅋㅋㅋ",
    "date": "09.08.18",
    "rating": "10",
    "author": "myaw****",
    "review_id": "3765198",
    "movie_id": "10062"
  },
  {
    "review": "한번쯤은 꼭 볼만한 액션영화.",
    "date": "09.08.17",
    "rating": "10",
    "author": "edau****",
    "review_id": "3758412",
    "movie_id": "10062"
  },
  {
    "review": "1편보단 별로지만(1편이워낙잼서서) 그래도볼만한데!끝이좀...",
    "date": "09.08.13",
    "rating": "10",
    "author": "hsms****",
    "review_id": "3745635",
    "movie_id": "10062"
  }
]