[
  {
    "review_id": "9910070",
    "movie_id": "100671",
    "author": "hhh4****",
    "review": "영화이름을 잘못 지었다. 이 영화배경 징기즈칸의 몽골제국 초창기때가 아닌 몽골제국을 구성했고 러시아를 지배한 킵차크한국이고 킵차크한국은 이슬람을 좀 일찍 받아들여 이슬람화해 예전 몽골에 비해 훨씬 문명화를 이룩했으나 여긴 전혀 그렇지 않게 나온다.",
    "rating": "6",
    "date": "15.05.10"
  },
  {
    "review_id": "9685236",
    "movie_id": "100671",
    "author": "ckdt****",
    "review": "명색이 유럽을 장악한 킵차크한국인데 너무 야만인같이 나온다.. 실제로 이렇게 야만인이 아니었는데..이영화는  그저 몽골인은 침략자고 서양인은 식민국가의 피해자 라는것을 말하고 싶은거냐?",
    "rating": "2",
    "date": "15.02.10"
  },
  {
    "review_id": "8717794",
    "movie_id": "100671",
    "author": "encj****",
    "review": "원나라~~만쉐~~~~",
    "rating": "1",
    "date": "14.05.09"
  },
  {
    "review_id": "8704803",
    "movie_id": "100671",
    "author": "toug****",
    "review": "단군이래 이런 미친 쓰레기영화는 없을 듯 전후무후한 쓰레기 영화",
    "rating": "1",
    "date": "14.05.05"
  },
  {
    "review_id": "8676953",
    "movie_id": "100671",
    "author": "honq****",
    "review": "영화 제목이 잘못된 듯.. 영화는 몽골의 시월드와 대 몽골제국의 부심을 보여준 것 뿐 영화제목인 징키스칸은 영화 후반부에 가도 안.나온다. 만일 나처럼 돈주고 보게된다면 내 돈은 이런 영화밖에 만들어내지 못한 불쌍한 영화사에 기부한다고 편히 생각하자.",
    "rating": "1",
    "date": "14.04.27"
  },
  {
    "review_id": "8651480",
    "movie_id": "100671",
    "author": "k871****",
    "review": "살다살다 이런 쓰레기같은 영화는 처음보네",
    "rating": "1",
    "date": "14.04.15"
  }
]