[
  {
    "review_id": "9982802",
    "movie_id": "100636",
    "author": "dlar****",
    "review": "백성현군이 심페소생술 한 영화",
    "rating": "4",
    "date": "15.06.07"
  },
  {
    "review_id": "9592450",
    "movie_id": "100636",
    "author": "tayh****",
    "review": "드라마같으면서 재밌네요 잘봤습니다. 여주인공인 정주연이 정말 귀엽고 예쁘네요. 연기도 좋고. 아는 얼굴도 많이 나오고 볼거리도 있어서 좋네요",
    "rating": "10",
    "date": "15.01.14"
  },
  {
    "review_id": "8910172",
    "movie_id": "100636",
    "author": "over****",
    "review": "나름 재밌게 봤다.평점이 생각보다 낮아서 놀라움;;",
    "rating": "8",
    "date": "14.07.12"
  },
  {
    "review_id": "8435710",
    "movie_id": "100636",
    "author": "goms****",
    "review": "주저리주저리 떠들다 결국 산으로 가는 이야기",
    "rating": "1",
    "date": "14.01.27"
  },
  {
    "review_id": "7544726",
    "movie_id": "100636",
    "author": "seok****",
    "review": "저예산 영화의 벽을 넘지 못했댜.",
    "rating": "4",
    "date": "13.05.20"
  },
  {
    "review_id": "7482082",
    "movie_id": "100636",
    "author": "kimg****",
    "review": "재미는 있는데 하류인생을 낭만적으로 그린 뻔한 영화",
    "rating": "5",
    "date": "13.04.25"
  },
  {
    "review_id": "7466260",
    "movie_id": "100636",
    "author": "mirj****",
    "review": "모든 것이 어색한 영화",
    "rating": "3",
    "date": "13.04.18"
  },
  {
    "review_id": "7458101",
    "movie_id": "100636",
    "author": "sew8****",
    "review": "하고 싶은 이야기는 많고 수습은 안되고.. 정리가 필요하다!",
    "rating": "3",
    "date": "13.04.14"
  },
  {
    "review_id": "7411364",
    "movie_id": "100636",
    "author": "come****",
    "review": "뮤직비디오를 엿가락처럼 기ㅣ이이이이이이일게 늘어 놓은 영화",
    "rating": "5",
    "date": "13.03.25"
  },
  {
    "review_id": "7392033",
    "movie_id": "100636",
    "author": "kis5****",
    "review": "그럴싸한 소재를 차용했지만 영화는 그닥별루... 얼굴알려진 그저그런 배우들이 나오는 뻔한 저예산 b급 한국영화..",
    "rating": "5",
    "date": "13.03.22"
  },
  {
    "review_id": "7314551",
    "movie_id": "100636",
    "author": "myra****",
    "review": "우울한 청춘을 보여주는건 좋은데 스토리 전개가 너무 허술하다...",
    "rating": "7",
    "date": "13.03.01"
  },
  {
    "review_id": "7301278",
    "movie_id": "100636",
    "author": "bjm5****",
    "review": ".",
    "rating": "10",
    "date": "13.02.25"
  },
  {
    "review_id": "7298273",
    "movie_id": "100636",
    "author": "raze****",
    "review": "개봉 시점이 너무 안좋은듯.. 오원춘 사건 터진고 얼마 지나지도 않았는데 조선족 감싸고 도는 영화가 나오니 평점이 낮을수 밖에 없음",
    "rating": "5",
    "date": "13.02.24"
  },
  {
    "review_id": "7296916",
    "movie_id": "100636",
    "author": "inos****",
    "review": "가타부타없이 조선족 미화에만 힘을 쏟았다. 진부한 이야기와 결말도 단점",
    "rating": "3",
    "date": "13.02.24"
  },
  {
    "review_id": "7263120",
    "movie_id": "100636",
    "author": "sukg****",
    "review": "우연히 봤는데  이게 재밌는건가 헐",
    "rating": "1",
    "date": "13.02.14"
  },
  {
    "review_id": "7242716",
    "movie_id": "100636",
    "author": "eogh****",
    "review": "음~ 많이재밌게 봤어요^^ 해피엔딩으로끝났으면했지만ㅎㅎ스토리가 스토린지라해피로가면 억지였겠죠?? 그래선지여운이남아 평점남기네요ㅎㅎ숙~",
    "rating": "9",
    "date": "13.02.09"
  },
  {
    "review_id": "7228646",
    "movie_id": "100636",
    "author": "tomq****",
    "review": "우리의 현재 조선족에 대한  태도에 대해 지적하는 영화같지만 굳이 이렇게 만들어야했나는 생각이든다.",
    "rating": "6",
    "date": "13.02.05"
  },
  {
    "review_id": "7212035",
    "movie_id": "100636",
    "author": "jjan****",
    "review": "밑바닥 인생들의 국경있는 싸움... -_-, 결국은 밥그릇 싸움....",
    "rating": "5",
    "date": "13.02.02"
  },
  {
    "review_id": "7209677",
    "movie_id": "100636",
    "author": "pres****",
    "review": "조선족 미화한게 좀 그렇지만 개인적으로 재미는 있엇음..ㅇ",
    "rating": "7",
    "date": "13.02.01"
  },
  {
    "review_id": "7181164",
    "movie_id": "100636",
    "author": "kang****",
    "review": "ㅅ ㅅ",
    "rating": "10",
    "date": "13.01.27"
  },
  {
    "review_id": "7157502",
    "movie_id": "100636",
    "author": "kmsc****",
    "review": "조선족, 대포통장, 환전상, 구로동.... 대체 뭐지....",
    "rating": "1",
    "date": "13.01.23"
  },
  {
    "review_id": "7136792",
    "movie_id": "100636",
    "author": "oojj****",
    "review": "세상에 대한 분노를 표출하고 싶다는 교훈에 점수를 줄뿐. 너무 뻔한 전개와 다 보이는 마무리도 아쉽다.",
    "rating": "5",
    "date": "13.01.20"
  },
  {
    "review_id": "7131202",
    "movie_id": "100636",
    "author": "jaeh****",
    "review": "그저그래요",
    "rating": "4",
    "date": "13.01.19"
  },
  {
    "review_id": "7130211",
    "movie_id": "100636",
    "author": "yang****",
    "review": "재미 더럽게없다..2점부터 점수준거 매미OO",
    "rating": "1",
    "date": "13.01.18"
  },
  {
    "review_id": "7125205",
    "movie_id": "100636",
    "author": "wind****",
    "review": "윤식,은혁 짱!! g000d~",
    "rating": "8",
    "date": "13.01.17"
  },
  {
    "review_id": "7125195",
    "movie_id": "100636",
    "author": "ster****",
    "review": "영화보고 평점다는 건 처음인데.. 영화 잼있어요 .. 감동과 여운도 좋구요^^",
    "rating": "9",
    "date": "13.01.17"
  },
  {
    "review_id": "7125165",
    "movie_id": "100636",
    "author": "minn****",
    "review": "개인적으로 좋아하는 장르라 기대 하고 봤는데.. 기대를 저버리지 않네요^^",
    "rating": "10",
    "date": "13.01.17"
  },
  {
    "review_id": "7118094",
    "movie_id": "100636",
    "author": "anst****",
    "review": "딱 절반 입니다.  그래도~  볼만한 영화입니다.  딱중간정도입니다.  보셔도 후회는하지않는다는것죠!!",
    "rating": "5",
    "date": "13.01.15"
  },
  {
    "review_id": "7115439",
    "movie_id": "100636",
    "author": "wami****",
    "review": "여배우만 예쁘고, 전체적인 완성도가 많이 떨어진다",
    "rating": "5",
    "date": "13.01.14"
  },
  {
    "review_id": "7114907",
    "movie_id": "100636",
    "author": "capg****",
    "review": "빙빙인가 칭칭 애만 이쁘고;;두남자 러브파이트, 건달 파이트....마지막은 좀 그렇드라;;;쩝",
    "rating": "3",
    "date": "13.01.14"
  },
  {
    "review_id": "7113875",
    "movie_id": "100636",
    "author": "shas****",
    "review": "청춘의 자화상인지 상처받고 소외당한 청춘을 얘기하는건지 모르지만재밌던데요?? 평점 5.12는 아닌거 같아요..",
    "rating": "8",
    "date": "13.01.14"
  },
  {
    "review_id": "7113054",
    "movie_id": "100636",
    "author": "qkrw****",
    "review": "괜찮게봤어요~",
    "rating": "10",
    "date": "13.01.13"
  },
  {
    "review_id": "7109566",
    "movie_id": "100636",
    "author": "pria****",
    "review": "포인트를 찾아라.",
    "rating": "2",
    "date": "13.01.13"
  },
  {
    "review_id": "7109110",
    "movie_id": "100636",
    "author": "sile****",
    "review": "감독은 조선족을 만나보지도 않고 그냥 오로지 상상력에 의존해 시나리오를 썼나 보다. 모든게 껄끄럽고 그저 그렇다.",
    "rating": "3",
    "date": "13.01.13"
  },
  {
    "review_id": "7107542",
    "movie_id": "100636",
    "author": "bles****",
    "review": "비극인지 희극인지 헷갈리네",
    "rating": "3",
    "date": "13.01.13"
  },
  {
    "review_id": "7107252",
    "movie_id": "100636",
    "author": "hub9****",
    "review": "ㅄ영화 시간 아깝네",
    "rating": "1",
    "date": "13.01.12"
  },
  {
    "review_id": "7107060",
    "movie_id": "100636",
    "author": "bear****",
    "review": "특집드라마 정도로 나왔으면 평타칠 정도 , KBS 드라마스페셜이 훨 낫긴하지만... 무튼 기대보단 갠츈했음",
    "rating": "4",
    "date": "13.01.12"
  },
  {
    "review_id": "7104105",
    "movie_id": "100636",
    "author": "a109****",
    "review": "90년대 티비 재방송하는줄 알았다.티비용으론 볼만함 영화로는 내용이 식상하다고 생각한다.",
    "rating": "6",
    "date": "13.01.12"
  },
  {
    "review_id": "7099683",
    "movie_id": "100636",
    "author": "iqze****",
    "review": "백성현하고 정주연 때문에 10 점",
    "rating": "10",
    "date": "13.01.10"
  },
  {
    "review_id": "7095864",
    "movie_id": "100636",
    "author": "supe****",
    "review": "다 필요 없고 최상학 때문에 10점..",
    "rating": "10",
    "date": "13.01.09"
  },
  {
    "review_id": "7095677",
    "movie_id": "100636",
    "author": "beat****",
    "review": "참다참다 보다 포기.유치해서 ...",
    "rating": "2",
    "date": "13.01.09"
  },
  {
    "review_id": "7094992",
    "movie_id": "100636",
    "author": "aceh****",
    "review": "좋은 영화~",
    "rating": "10",
    "date": "13.01.09"
  },
  {
    "review_id": "7094210",
    "movie_id": "100636",
    "author": "crom****",
    "review": "백성현이랑 최상학 때문에 2점 준다",
    "rating": "2",
    "date": "13.01.09"
  },
  {
    "review_id": "7092918",
    "movie_id": "100636",
    "author": "wons****",
    "review": "굿굿",
    "rating": "10",
    "date": "13.01.08"
  },
  {
    "review_id": "7092327",
    "movie_id": "100636",
    "author": "lick****",
    "review": "감독은 이런 영화 만들려면 최소한 조선족 아는 사람정도는 있어야 할거 같은데 아는 사람은 커녕 조선족 얘기 티비에서도 못  본 사람인듯.. 표현 진짜 병맛이네.. 조선족들은 절때 저런문제로 고민 안함 ..자기네들은 중국사람이라고 인식하고 있음..",
    "rating": "1",
    "date": "13.01.08"
  },
  {
    "review_id": "7090172",
    "movie_id": "100636",
    "author": "egyp****",
    "review": "중국이든...한국이든 어딜가봐도 이방인 취급...조선족들의 안타깝고 슬픈 현실...백성현 때문에 봤는데...그냥 엉성하고 어설픈 영화...",
    "rating": "2",
    "date": "13.01.07"
  },
  {
    "review_id": "7089297",
    "movie_id": "100636",
    "author": "dudx****",
    "review": "솔직히 왠만한 독립영화에나 등장하는 뻔한 스토리에 영화소재로 너무 평범한 스토리였고 젊은 남녀의 로맨스를 표현하든지 조선족편견에 대해 표현하던지 둘 중 하나에 집중못해서 둘 다 어중간하고 밍밍했다...평점 10점 주는 이유는 여배우 때문이다.종나이뿌다",
    "rating": "10",
    "date": "13.01.07"
  },
  {
    "review_id": "7088769",
    "movie_id": "100636",
    "author": "wjwx****",
    "review": "내용은 상당히 빈약한영화 ㅋㅋ 최상학 개웃김ㅋㅋㅋ 진짜 눈물흘리게 웃음ㅋㅋ",
    "rating": "6",
    "date": "13.01.07"
  },
  {
    "review_id": "7088133",
    "movie_id": "100636",
    "author": "lssg****",
    "review": "평점 처음써본다 다른사람들을 위해 쓴다 내가 여지껏 30여년살면서 본 영화중에 제일 시간아깝고 재미없었던영화였다",
    "rating": "1",
    "date": "13.01.06"
  },
  {
    "review_id": "7086660",
    "movie_id": "100636",
    "author": "hafe****",
    "review": "조선족 미화시킨 쓰레기 좆족 영화,,",
    "rating": "1",
    "date": "13.01.06"
  },
  {
    "review_id": "7086477",
    "movie_id": "100636",
    "author": "mani****",
    "review": "됐고 34분 15초에 나오는  칭칭이 노래방서  부른 노래뭐냐?",
    "rating": "3",
    "date": "13.01.06"
  },
  {
    "review_id": "7086309",
    "movie_id": "100636",
    "author": "chun****",
    "review": "일단 여주 이뻐서 좋았다 ..조선족들 사투리연기나 그런건 어설프긴했다 .그래도 평점 1~2점 정도 줄만한 영화는 아닌것같음 많이 지루하지안은 킬림타임용으루 괸춘",
    "rating": "7",
    "date": "13.01.06"
  },
  {
    "review_id": "7085921",
    "movie_id": "100636",
    "author": "chan****",
    "review": "필름 낭비, 영화가 개판이네요.. 여주가 예뻐서 별 하나 ..",
    "rating": "2",
    "date": "13.01.06"
  },
  {
    "review_id": "7085607",
    "movie_id": "100636",
    "author": "ete6****",
    "review": "이런 영화가 저예산영화판 자체를 망쳐버린다.",
    "rating": "5",
    "date": "13.01.05"
  },
  {
    "review_id": "7085161",
    "movie_id": "100636",
    "author": "azus****",
    "review": "현실과 동떨어진 한국사람 바보 만들고...조선족 미화화기 바쁜 쓰레기 영화..현실과 반대인 이런 재미없는 영화는 좀 아닌듯",
    "rating": "1",
    "date": "13.01.05"
  },
  {
    "review_id": "7084460",
    "movie_id": "100636",
    "author": "chlw****",
    "review": "여기조선족많네  조선족미화하지마라 조선족은 한국사회의 쓰레기다",
    "rating": "1",
    "date": "13.01.05"
  },
  {
    "review_id": "7084238",
    "movie_id": "100636",
    "author": "dorr****",
    "review": "글쎄요......",
    "rating": "1",
    "date": "13.01.05"
  },
  {
    "review_id": "7084211",
    "movie_id": "100636",
    "author": "joey****",
    "review": "조선족 사투리랑 이북 사투리도 구분못하는 OO같은 영화",
    "rating": "5",
    "date": "13.01.05"
  },
  {
    "review_id": "7084077",
    "movie_id": "100636",
    "author": "8150****",
    "review": "조선족미화",
    "rating": "1",
    "date": "13.01.05"
  },
  {
    "review_id": "7083916",
    "movie_id": "100636",
    "author": "s113****",
    "review": "흠재밋는가?",
    "rating": "1",
    "date": "13.01.05"
  },
  {
    "review_id": "7083863",
    "movie_id": "100636",
    "author": "rhae****",
    "review": "밑에분들 장난으로 평점 올리시는데 영화 보고는 평점 올리시는지요 저는 이 영화 재밌게 봤습니다 연기가 초반부는 어색한 부분이 없지 않아 있었지만 뒤로 갈 수록 괜찮아 졌고 내용도 요즘 영화에서 보지 못할 부분이여서 신선했습니다",
    "rating": "10",
    "date": "13.01.05"
  },
  {
    "review_id": "7083847",
    "movie_id": "100636",
    "author": "zzvn****",
    "review": "로맨스 별로 안좋아하는데 재밌는 부분도 있고 마지막도 슬프고 재밌었습니다",
    "rating": "10",
    "date": "13.01.05"
  },
  {
    "review_id": "7083831",
    "movie_id": "100636",
    "author": "rein****",
    "review": "어딜 가나 은혁이 문제로군...",
    "rating": "1",
    "date": "13.01.05"
  },
  {
    "review_id": "7083761",
    "movie_id": "100636",
    "author": "hyva****",
    "review": "은혁이가 할줄아는게 주먹질밖에 없다고? 병문안도 잘하거든??",
    "rating": "1",
    "date": "13.01.05"
  },
  {
    "review_id": "7083517",
    "movie_id": "100636",
    "author": "sang****",
    "review": "이거 재미 없다는 인간들은 뭐지...?",
    "rating": "10",
    "date": "13.01.05"
  },
  {
    "review_id": "7083233",
    "movie_id": "100636",
    "author": "rlfe****",
    "review": "서프라이즈 배우들의 연기력이 양반이었네. 영화의 예술성을 따지기 전에 기본을 채워라.",
    "rating": "3",
    "date": "13.01.05"
  },
  {
    "review_id": "7082524",
    "movie_id": "100636",
    "author": "cndr****",
    "review": "그냥 삼류 양아치 이야기 ㅡ.ㅡ 연기력도 영......",
    "rating": "5",
    "date": "13.01.04"
  },
  {
    "review_id": "7081942",
    "movie_id": "100636",
    "author": "gkrr****",
    "review": "딱 7점짜리 영화다 ㅡ.ㅡ;; 그이상도 이하도 아니다... 여자주인공 이쁘고 연기도 볼만했고... 연기도 다 만족했는데 그냥 드라마 보는 느낌이다... 카메라 앵글좀 화려하게 잡지... 뭔가...tv 보는 아쉬운느낌..",
    "rating": "7",
    "date": "13.01.04"
  },
  {
    "review_id": "7081204",
    "movie_id": "100636",
    "author": "ckdd****",
    "review": "밑에 wowm**** 그따구로 살지마라 너같은넘들 때문에 영화가 발전이 없는거다.",
    "rating": "9",
    "date": "13.01.04"
  },
  {
    "review_id": "7055370",
    "movie_id": "100636",
    "author": "onel****",
    "review": "ㅉㅉㅉ",
    "rating": "1",
    "date": "12.12.28"
  },
  {
    "review_id": "7052257",
    "movie_id": "100636",
    "author": "aphs****",
    "review": "ㅈㅈㅈㅈㅈㅈㅈㅈㅈㅈㅈㅈㅈ",
    "rating": "1",
    "date": "12.12.27"
  },
  {
    "review_id": "7039292",
    "movie_id": "100636",
    "author": "wowm****",
    "review": "인디영화라서 상영관을 찾기 힘들었던 영화정말 집중해서 본 영화~마지막에 백성현 죽어서 1점감점ㅠ",
    "rating": "9",
    "date": "12.12.24"
  },
  {
    "review_id": "7029500",
    "movie_id": "100636",
    "author": "odjs****",
    "review": "역시 백성현은 최강훈남이다.그가 진정한 국민남동생이다.",
    "rating": "10",
    "date": "12.12.22"
  },
  {
    "review_id": "7012621",
    "movie_id": "100636",
    "author": "aago****",
    "review": "재밌다",
    "rating": "10",
    "date": "12.12.17"
  },
  {
    "review_id": "7003342",
    "movie_id": "100636",
    "author": "dewj****",
    "review": "이런 영화가 있어서 다행...",
    "rating": "10",
    "date": "12.12.14"
  },
  {
    "review_id": "7001537",
    "movie_id": "100636",
    "author": "palr****",
    "review": "작지만 볼만한영화",
    "rating": "10",
    "date": "12.12.14"
  },
  {
    "review_id": "7000656",
    "movie_id": "100636",
    "author": "chle****",
    "review": "로맨스 물만 평점이 다 높아 어케 된게 ㅋㅋ 진짜 그러니까 한국인들이 한국 드라마에서 못 벗어나지 ㅉㅉ... ㅋㅋ 어처구니가 없다",
    "rating": "1",
    "date": "12.12.14"
  },
  {
    "review_id": "7000349",
    "movie_id": "100636",
    "author": "tyki****",
    "review": "박수!!!!",
    "rating": "10",
    "date": "12.12.14"
  },
  {
    "review_id": "6997049",
    "movie_id": "100636",
    "author": "jame****",
    "review": "변두리 청춘들의 가슴아픈 삶. 양꼬치에 독한 고량주한잔 생각난다.",
    "rating": "10",
    "date": "12.12.13"
  }
]