[
  {
    "review": "솔직히 전혀무섭지는않았다 명성에 비해 상당히 떨어지는느낌 근데 73년도 영화라곤 믿기힘든 퀄리티랄까 결말은 정말맘에안든다",
    "date": "15.08.24",
    "rating": "1",
    "author": "rlad****",
    "review_id": "10270017",
    "movie_id": "10065"
  },
  {
    "review": "디렉터스컷 뭣도 모르고 혼자보다가 죽는 줄 알았다.",
    "date": "15.08.20",
    "rating": "10",
    "author": "hspe****",
    "review_id": "10252974",
    "movie_id": "10065"
  },
  {
    "review": "진짜 하나도 안무섭던데;;",
    "date": "15.08.19",
    "rating": "2",
    "author": "need****",
    "review_id": "10252410",
    "movie_id": "10065"
  },
  {
    "review": "74년 이런생각을...40년전이다...모든 요소가 혼합되어 공포를 만든다...",
    "date": "15.08.19",
    "rating": "10",
    "author": "navy****",
    "review_id": "10250079",
    "movie_id": "10065"
  },
  {
    "review": "역대공포물에 항상 손꼽히는 레전드 명작인데 역쉬나 호러나 장르물에 인색한 네이버평점의 한계인가",
    "date": "15.07.29",
    "rating": "10",
    "author": "zito****",
    "review_id": "10155365",
    "movie_id": "10065"
  },
  {
    "review": "엑소시즘 장르 공포영화의 대표작",
    "date": "15.07.27",
    "rating": "10",
    "author": "yjhk****",
    "review_id": "10151315",
    "movie_id": "10065"
  },
  {
    "review": "엑소시스트 영화의 이름난 원조답게 다시봐도 꿀잼",
    "date": "15.07.17",
    "rating": "9",
    "author": "almo****",
    "review_id": "10112593",
    "movie_id": "10065"
  },
  {
    "review": "공포영화계의 바이블 같은 작품이죠.",
    "date": "15.07.16",
    "rating": "10",
    "author": "ahap****",
    "review_id": "10109326",
    "movie_id": "10065"
  },
  {
    "review": "공포 영화의 바이블 이거 안 보고 공포를 논하지 마라",
    "date": "15.07.13",
    "rating": "10",
    "author": "sbe9****",
    "review_id": "10100026",
    "movie_id": "10065"
  },
  {
    "review": "무섭다고 하길래 봤는데 솔직히 지루하고 전혀 무섭지 않았다. 실망;;ㄷㄷ",
    "date": "15.07.11",
    "rating": "1",
    "author": "kyss****",
    "review_id": "10093817",
    "movie_id": "10065"
  },
  {
    "review": "40년전에 봤으면 달랐을까? 이게 무슨 공포 영화인가.. 공포감은커녕 지루함뿐..",
    "date": "15.07.07",
    "rating": "1",
    "author": "micr****",
    "review_id": "10077203",
    "movie_id": "10065"
  },
  {
    "review": "공포라는 것은 사실 평소에 보지 못한 이질감을 느끼는 것을 봤을 때 느끼는 감정이다. 그런 점에서 이 영화는 기존 영화들이 보여주던 단순한 귀신 분장이 아닌 수 많은 명 시퀀스들을 보여주며 공포 영화의 입지전적인 작품으로 기억된다.",
    "date": "15.07.05",
    "rating": "8",
    "author": "inos****",
    "review_id": "10073943",
    "movie_id": "10065"
  },
  {
    "review": "진짜무섭다ㅠ 밤에보면기절할듯한ㅠ",
    "date": "15.07.05",
    "rating": "10",
    "author": "pmj0****",
    "review_id": "10071857",
    "movie_id": "10065"
  },
  {
    "review": "방금까지 새벽에 혼자 불 다 끄고 봤는데 그 유명한 계단내려오는 장면에서 흠칫하긴 했지만 무섭진 않아요 공포영화보단 미스터리물? 그래도 흥미진진하고 재밌게 봤어요 주변에서 다들 너무 무섭다고해서 두근거리면서 봤는데 살짝 김 빠진 느낌 ㅠㅠ?",
    "date": "15.07.05",
    "rating": "9",
    "author": "ddai****",
    "review_id": "10070793",
    "movie_id": "10065"
  },
  {
    "review": "쓰레기 평점알바씁니다 보지마세요",
    "date": "15.06.30",
    "rating": "1",
    "author": "bada****",
    "review_id": "10055768",
    "movie_id": "10065"
  },
  {
    "review": "이 영화는 이 한장면으로 압축될 수 있다.꾸구구구궁 꾸엑~",
    "date": "15.06.16",
    "rating": "8",
    "author": "aktm****",
    "review_id": "10004598",
    "movie_id": "10065"
  },
  {
    "review": "노오우워우예에에에에오잼",
    "date": "15.06.13",
    "rating": "4",
    "author": "y1oo****",
    "review_id": "9997565",
    "movie_id": "10065"
  },
  {
    "review": "라스트 엑소시즘 같은 허접 쓰레기 영화도 평점이 7.2나 받는데 어떻게 이 영화가 8.5 밖에 안되냐?",
    "date": "15.06.08",
    "rating": "10",
    "author": "macl****",
    "review_id": "9985196",
    "movie_id": "10065"
  },
  {
    "review": "오멘1과 엑소시스트1은 역사상  전무후무한 최고의 공포영화다..",
    "date": "15.06.08",
    "rating": "10",
    "author": "gent****",
    "review_id": "9983837",
    "movie_id": "10065"
  },
  {
    "review": "지금 보면 좀 시시(?)할 수도 있지만... 공포효과 뿐만 아니라 드라마의 완성도가 정말 높다. 오컬트 영화의 대부격인 영화. 이 영화 덕분에 현재 우리가 <컨저링> 같은 수작을 만나볼 수 있다.",
    "date": "15.05.29",
    "rating": "9",
    "author": "obri****",
    "review_id": "9960558",
    "movie_id": "10065"
  },
  {
    "review": "무섭지는 않지만 사실적이고 흡입력있는 연출이 굉장했다.악마의 본질을 굉장히 현실적이게 표현한 점이 맘에 듬.",
    "date": "15.05.23",
    "rating": "9",
    "author": "qwe2****",
    "review_id": "9940554",
    "movie_id": "10065"
  },
  {
    "review": "75년 개봉당시 북미 1억 5천만달러라는 천문학적인 흥행을 보였던 공포영화의 표본! 지금봐도 역시 대단한 수작!",
    "date": "15.05.20",
    "rating": "9",
    "author": "gshh****",
    "review_id": "9934262",
    "movie_id": "10065"
  },
  {
    "review": "시대를 뛰어넘는 소재와 연출력,음향 효과,연기까지 모든게 완벽하다. 영화 후반부 부터는 숨이 막히는데 고전만의 색다른 공포가 ㅎㄷㄷ하다.",
    "date": "15.05.07",
    "rating": "10",
    "author": "dlcj****",
    "review_id": "9900717",
    "movie_id": "10065"
  },
  {
    "review": "진짜 보지마세요 차라리 최근 공포영화보셈 정말 한국공포영화보다 안무섭고 무서우려는 흐름 존나끊어먹음 새벽에 친구한명이랑 같이봣는데도 존나 노잼이다 혼자보면 몰라도 둘 이상은 보지마라 진심 나 개 욕먹엇다",
    "date": "15.05.04",
    "rating": "1",
    "author": "durt****",
    "review_id": "9894575",
    "movie_id": "10065"
  },
  {
    "review": "솔직히 나는 이영화가 유명한 공포영화이기에 큰기대를하면서 봤는데 그닥 무섭거나 스릴있거나하는 부분들이 너무 적어서 중간중간마다 지루했던 부분들이 많았는데, 하지만 그당시에 나왔을때에는 엄청난 반응이 있었으리라고 생각이된다.",
    "date": "15.04.24",
    "rating": "10",
    "author": "dltm****",
    "review_id": "9864459",
    "movie_id": "10065"
  },
  {
    "review": "동네 할아버지가 되어버린 왕년의 전설",
    "date": "15.03.16",
    "rating": "6",
    "author": "rd72****",
    "review_id": "9786787",
    "movie_id": "10065"
  },
  {
    "review": "오걸트무비의시작이자 마스터피스라생각함,,8.48점이라니,,최소9점이상이다;;",
    "date": "15.03.12",
    "rating": "10",
    "author": "war_****",
    "review_id": "9774965",
    "movie_id": "10065"
  },
  {
    "review": "공포영화 대부분이 잘 나가다가 마지막에 깽판치는경우가 수두룩하다 하지만 이 영화는 끝까지 우리에게 시선을 집중하게 만든다",
    "date": "15.03.12",
    "rating": "9",
    "author": "kies****",
    "review_id": "9773719",
    "movie_id": "10065"
  },
  {
    "review": "ㅎㅎㅎ 살면서 가장 무서웠던 영화 부동의1위!!!",
    "date": "15.03.03",
    "rating": "10",
    "author": "hsh6****",
    "review_id": "9754656",
    "movie_id": "10065"
  },
  {
    "review": "영화 자체는 안무서운데 중간중간 악마인지 귀신인지 얼굴 튀어나오는게 진짜 개놀랐네.. 뜬금없이",
    "date": "15.02.28",
    "rating": "7",
    "author": "penn****",
    "review_id": "9747193",
    "movie_id": "10065"
  },
  {
    "review": "초반에존나지루하고무섭지도않고개노잼인데 이게무슨수작;",
    "date": "15.02.14",
    "rating": "1",
    "author": "qlfl****",
    "review_id": "9695021",
    "movie_id": "10065"
  },
  {
    "review": "귀신같은 게 나오지 않고도 충분히 공포를 느낄 수 있다. 웬만해선 공포영화는 대체적으로 3점 주는데 이건 5점 줘야겠다",
    "date": "15.02.12",
    "rating": "5",
    "author": "rkql****",
    "review_id": "9689268",
    "movie_id": "10065"
  },
  {
    "review": "컨저링보다 하나도 안무섭던데 얼굴만 이상하게 해놓고",
    "date": "15.02.09",
    "rating": "1",
    "author": "abc9****",
    "review_id": "9682975",
    "movie_id": "10065"
  },
  {
    "review": "내가 본 것은, 중간중간 화면 넘어가는 게 편집이 좀 엉성한데 이마저도 영화 속 악령이 장난치는 건가? 라는 생각이 들 정도로영화 보는내내 불안감과 긴장감이 계속된다. 자극적인 장면이 불필요하게 많은 요즘 공포영화와 달리 몇몇장면만으로 살떨리게 한다.",
    "date": "15.02.07",
    "rating": "10",
    "author": "rsk4****",
    "review_id": "9677044",
    "movie_id": "10065"
  },
  {
    "review": "냐야어처텉ㅌㅌㅌㅗ너너어어ㅌ나어",
    "date": "15.02.06",
    "rating": "10",
    "author": "ency****",
    "review_id": "9671756",
    "movie_id": "10065"
  },
  {
    "review": "미국 가족 사회의 붕괴와 사회의 혼란상에 깃든 가정의 공포.",
    "date": "15.01.31",
    "rating": "9",
    "author": "hyuk****",
    "review_id": "9653428",
    "movie_id": "10065"
  },
  {
    "review": "뭐가재미있는거지??",
    "date": "15.01.21",
    "rating": "1",
    "author": "toe2****",
    "review_id": "9619142",
    "movie_id": "10065"
  },
  {
    "review": "아 이영화 어릴때 학교에서 안무섭게 봤었는대 ....재대로 한번 볼려고 집에서 불끄고 컴터로 볼려니가 ,,,처음 부터 찢어 지는소리에 무서워서 못보겠네...;;ㅜㅜ",
    "date": "15.01.11",
    "rating": "10",
    "author": "vzer****",
    "review_id": "9584939",
    "movie_id": "10065"
  },
  {
    "review": "다른 말 필요없고 진쩌 꽤무섭다평소에 이런거 잘보는 편인데 이건 무섭다긴장돠면, 그냥 모른척 안보길 추천",
    "date": "14.12.21",
    "rating": "10",
    "author": "excr****",
    "review_id": "9498578",
    "movie_id": "10065"
  },
  {
    "review": "진짜 이보다 무서운 공포영화 본 적 없음  앞으로도 보기 힘들듯  뭐 하나 부족함이없네",
    "date": "14.12.20",
    "rating": "10",
    "author": "dbsw****",
    "review_id": "9491191",
    "movie_id": "10065"
  },
  {
    "review": "그냥 최고다.. 40년이 지났다.. 하지만 가장 공포스럽다 무슨 말이 더 필요한가....",
    "date": "14.12.05",
    "rating": "10",
    "author": "blue****",
    "review_id": "9448177",
    "movie_id": "10065"
  },
  {
    "review": "진짜 분위기 개쩜, 실제같은 연출,,",
    "date": "14.11.10",
    "rating": "10",
    "author": "fghy****",
    "review_id": "9365315",
    "movie_id": "10065"
  },
  {
    "review": "이후 수많은 아류작들이 흉내 내봤지만 근처도 따라가지 못한 끔찍함",
    "date": "14.10.27",
    "rating": "5",
    "author": "goms****",
    "review_id": "9321893",
    "movie_id": "10065"
  },
  {
    "review": "컨져링은 애들장난수준",
    "date": "14.10.25",
    "rating": "10",
    "author": "huog****",
    "review_id": "9317206",
    "movie_id": "10065"
  },
  {
    "review": "악마의 행동이나 모습이 너무나 충격적인게 40년전 영화라곤 도저히 안믿겨짐",
    "date": "14.10.25",
    "rating": "10",
    "author": "hsj1****",
    "review_id": "9314973",
    "movie_id": "10065"
  },
  {
    "review": "원작 소설을  보지 않고서는 초반 롱테이크 부분을 이해할 수 없는 영화...",
    "date": "14.10.04",
    "rating": "10",
    "author": "bban****",
    "review_id": "9261522",
    "movie_id": "10065"
  },
  {
    "review": "이한편의 영화로 린다 블레어 공포영화의 여왕이 되었던 작품..  명성에 걸맞게 영화도 수작임.",
    "date": "14.09.11",
    "rating": "8",
    "author": "adiv****",
    "review_id": "9202134",
    "movie_id": "10065"
  },
  {
    "review": "다들 집에서 박혀 옛날영화만 보고사나? ㅋ 당시 추천작이면 이해하는데 2010년대에사는인간들이 이게 무서워?레알?ㅋ 손잡고 공포영화 보러갈 임이없는거니?ㅋ 시대적 문화적 그딴거따질거면 차라리 책1권더읽으렴 ㅋ",
    "date": "14.08.29",
    "rating": "1",
    "author": "vile****",
    "review_id": "9142355",
    "movie_id": "10065"
  },
  {
    "review": "이영화보다 무서운 영화 아직 못봤어...",
    "date": "14.08.17",
    "rating": "10",
    "author": "fifa****",
    "review_id": "9101303",
    "movie_id": "10065"
  },
  {
    "review": "어렸을때 형 누나 따라 봤다가 여름에 일주간 잠 못잠.더워도 이불속에서 발도 못 내밀고... 정신적 충격이 컸던 영화.50을 바라보는 나이에도 섣불리 또 볼 생각 못하는 바로 그런영화...",
    "date": "14.08.05",
    "rating": "10",
    "author": "cani****",
    "review_id": "9031740",
    "movie_id": "10065"
  },
  {
    "review": "내 인생 단한개의 최고의 공포영화를 뽑는다면 단연 이영화.. 20여년전 중학교 때 이거 보고 충격먹어서 엄마따라 평일인데도 교회 부흥회 따라갔던 기억이 난다.. 엄마역의 엘런버스틴은 레퀴엠에서도 엄마역.. 나머지 씨리즈는 쓰레기. 마이크올드필드 음악",
    "date": "14.08.03",
    "rating": "10",
    "author": "danz****",
    "review_id": "9015953",
    "movie_id": "10065"
  },
  {
    "review": "이것이 진정한 공포!!!",
    "date": "14.08.03",
    "rating": "10",
    "author": "cwsu****",
    "review_id": "9014455",
    "movie_id": "10065"
  },
  {
    "review": "재미있고 무서웠다. ㅋ",
    "date": "14.07.30",
    "rating": "10",
    "author": "ssc7****",
    "review_id": "8982120",
    "movie_id": "10065"
  },
  {
    "review": "1973년 영화라는 게 믿기지 않는 공포영화의 고전이자 명작. 진짜 혼자 보고 나면 후유증이 좀 남음. 무서운 것 못 보거나 싫어한다면 비추. 참고로 무서운 영화 2편 초반에 패러디되었음.",
    "date": "14.07.25",
    "rating": "10",
    "author": "jjaj****",
    "review_id": "8954998",
    "movie_id": "10065"
  },
  {
    "review": "진짜 무서움 말이 필요없음",
    "date": "14.07.18",
    "rating": "10",
    "author": "3722****",
    "review_id": "8928421",
    "movie_id": "10065"
  },
  {
    "review": "공포물 대명사중 하나. 지금도 수없이 리메이크 되고 있는 명작.",
    "date": "14.07.07",
    "rating": "10",
    "author": "jere****",
    "review_id": "8892002",
    "movie_id": "10065"
  },
  {
    "review": "감독과배우인터뷰봤는데단순공포로 생각하지말라고이영환초자연적종교영화로 알아줬음한다고^^개념감독//언제봐도 명작 단지 그렇게 믿음투철한신부가영적싸움에서너무쉽게죽는다는게맘에안내켰지만젊은신부가모르는여자아이를사랑으로희생해서순교한거라는감독의말에 고개를 끄덕..ㅋ;",
    "date": "14.06.19",
    "rating": "9",
    "author": "dori****",
    "review_id": "8841155",
    "movie_id": "10065"
  },
  {
    "review": "아,.. 임팩트쩌는영화. 엑소시즘중 최고인듯",
    "date": "14.06.12",
    "rating": "9",
    "author": "hanl****",
    "review_id": "8824797",
    "movie_id": "10065"
  },
  {
    "review": "오래된 영화라 약간 어설픈 부분들이 있어 무서움은 없었는데 주제 선정이 정말 놀랍고 연기가 대박!",
    "date": "14.06.12",
    "rating": "7",
    "author": "woqj****",
    "review_id": "8822634",
    "movie_id": "10065"
  },
  {
    "review": "이 영화는 꼭 봐야할 영화!!!  오컬트영화의 백미!!",
    "date": "14.06.07",
    "rating": "10",
    "author": "free****",
    "review_id": "8806508",
    "movie_id": "10065"
  },
  {
    "review": "공포영화봐도 미동도 안오는데 새벽에 혼자 불끄고 보면 지린다 고전영화의 특유의 분위기에다가",
    "date": "14.06.06",
    "rating": "10",
    "author": "gbwl****",
    "review_id": "8801845",
    "movie_id": "10065"
  },
  {
    "review": "초딩때 자주 보던 영화인데지금볼때 무서울줄 알았는데 안무서워서 좀 실망....",
    "date": "14.06.03",
    "rating": "9",
    "author": "dwrk****",
    "review_id": "8791254",
    "movie_id": "10065"
  },
  {
    "review": "진짜 뭐이거 별안무섭다 쎈척하는 시키 새벽에 불다끄고 혼자서 봐라 극강의 공포를 느낄것이야..나  구라안치고 악마 목소리 머리속에 윙윙 거려서 새벽 6시까지 뜬눈으로 지샘",
    "date": "14.05.31",
    "rating": "10",
    "author": "jaha****",
    "review_id": "8779367",
    "movie_id": "10065"
  },
  {
    "review": "오멘과 함께 역사상 최고의 공포영화. 악마와 종교에 대한 철학적 고민의 깊이가 다르다.",
    "date": "14.05.18",
    "rating": "10",
    "author": "yaso****",
    "review_id": "8743582",
    "movie_id": "10065"
  },
  {
    "review": "다시봐도 공포류에선 최고봉..",
    "date": "14.05.17",
    "rating": "10",
    "author": "schr****",
    "review_id": "8738926",
    "movie_id": "10065"
  },
  {
    "review": "기대를너무한것같은데 생각보다무섭진않았음...근데 아역연기지린다",
    "date": "14.05.04",
    "rating": "10",
    "author": "tame****",
    "review_id": "8699552",
    "movie_id": "10065"
  },
  {
    "review": "역대 공포영화중 제일 무섭단 평이 많길래 긴장하고 봤는데 무섭긴커녕 지루하고 시시함. 음향효과랑 분위기땜에 무섭다는 자라가슴들 이해불가ㅉㅉ",
    "date": "14.04.25",
    "rating": "1",
    "author": "deut****",
    "review_id": "8671091",
    "movie_id": "10065"
  },
  {
    "review": "여기 안 무섭 고 노잼이라는 것글 백방대낮에 불 다 키고 컴퓨터 모니터앞에 여럿 모여서 봤겠지 ㅋㅋ",
    "date": "14.04.16",
    "rating": "10",
    "author": "obel****",
    "review_id": "8653218",
    "movie_id": "10065"
  },
  {
    "review": "세월이 엄청 흐른 영화인데도 믿겨지지 않을만큼  탄탄하게 잘 만들었고 소름 돋을 만큼 잘만들었다",
    "date": "14.04.13",
    "rating": "9",
    "author": "dkdl****",
    "review_id": "8646879",
    "movie_id": "10065"
  },
  {
    "review": "와 진짜 스토리2  연출3  연기력3  무서움0.1  분위기4그래서 평점2.42인데 그때 당시에 봤다면 8에서 9점정도줬을것 같다",
    "date": "14.03.28",
    "rating": "3",
    "author": "gusr****",
    "review_id": "8613235",
    "movie_id": "10065"
  },
  {
    "review": "구식 영화 재밌었음ㅋㅋ 무섭진 않고 개그 영화인줄",
    "date": "14.03.14",
    "rating": "10",
    "author": "made****",
    "review_id": "8575799",
    "movie_id": "10065"
  },
  {
    "review": "공포중에 공포영화는 이영화다",
    "date": "14.03.10",
    "rating": "10",
    "author": "1999****",
    "review_id": "8567144",
    "movie_id": "10065"
  },
  {
    "review": "공포 영화는 역시 이거다. ㅎ",
    "date": "14.02.18",
    "rating": "10",
    "author": "pc59****",
    "review_id": "8518497",
    "movie_id": "10065"
  },
  {
    "review": "어릴적 흥미롭게 보았던 영화",
    "date": "14.02.17",
    "rating": "10",
    "author": "hdh0****",
    "review_id": "8517195",
    "movie_id": "10065"
  },
  {
    "review": "아역배우였던 린다 블레어씨의 연기가 정말 끝내준다 ㅇㅇ....무셥다 옛날 공포영화중에 최고 ㅇㅇ",
    "date": "14.02.07",
    "rating": "10",
    "author": "shn0****",
    "review_id": "8482911",
    "movie_id": "10065"
  },
  {
    "review": "컨져링 보고나서 오랜만에 다시 봤는데 ...  40년이 지난 시점에서 볼 수 있는 고전적인 느낌 때문에 더욱 무섭다 ... 매니악한 연출 때문에 불쾌감이 섞인 공포를 느 낄 수있음 ...비교할 수 없는 명작인듯.",
    "date": "14.01.25",
    "rating": "9",
    "author": "mobi****",
    "review_id": "8427060",
    "movie_id": "10065"
  },
  {
    "review": "공포 호러 영화의 전설적인 작품. 물론 흥액수익도 공포영화중 넘사벽...ㄷㄷㄷ...",
    "date": "14.01.16",
    "rating": "10",
    "author": "zlfk****",
    "review_id": "8387583",
    "movie_id": "10065"
  },
  {
    "review": "무섭고 재미있기는 하지만... 기분이좀 나쁘다",
    "date": "14.01.15",
    "rating": "5",
    "author": "bstb****",
    "review_id": "8385168",
    "movie_id": "10065"
  },
  {
    "review": "어떠한 공포영화라도 엑소시스트를 따라올수없다",
    "date": "14.01.06",
    "rating": "10",
    "author": "snsk****",
    "review_id": "8356264",
    "movie_id": "10065"
  },
  {
    "review": "무려 40년전의 영화다... 맨날 사람형상을 한 귀신이 나오는 진부한 영화만 보다가 이런 영화를 보면 진짜 가끔 공포영화라는게 어떤건지 실감이 난다. 물론 40년전 작품이라서 보는데 있어서 좀 허접할수도 있지만, 스토리나 구성면에서는 오멘과 함께 최고",
    "date": "13.12.28",
    "rating": "8",
    "author": "tjtm****",
    "review_id": "8313734",
    "movie_id": "10065"
  },
  {
    "review": "악마와 엑소시즘이 뭐가 그리 무서워? 안믿는사람들한텐 허구일뿐",
    "date": "13.12.14",
    "rating": "1",
    "author": "neoi****",
    "review_id": "8213641",
    "movie_id": "10065"
  },
  {
    "review": "엄마가 부엌에 있을 때 불이 깜빡거리는데 그 깜빡거리는 사이사이에 악마 얼굴이 나옴. 진짜 보면서 허걱!! 하면서 봄. 너무 빨라 악마 얼굴을 잘 못봐서 캡쳐해서 보니 더 무서움 ;;",
    "date": "13.12.07",
    "rating": "10",
    "author": "iron****",
    "review_id": "8196875",
    "movie_id": "10065"
  },
  {
    "review": "연출은 상당히 공포스럽다 하지만 무서워하기엔 시간이 너무 지나갔다",
    "date": "13.12.02",
    "rating": "4",
    "author": "ghzm****",
    "review_id": "8185235",
    "movie_id": "10065"
  },
  {
    "review": "다른건 다 별론데 악령씌인모습이 압도적임",
    "date": "13.12.01",
    "rating": "5",
    "author": "to_p****",
    "review_id": "8184010",
    "movie_id": "10065"
  },
  {
    "review": "분위기  연출 연기 비주얼 음향  모든게 완벽하다  공포영화중 최고",
    "date": "13.11.24",
    "rating": "10",
    "author": "mara****",
    "review_id": "8164342",
    "movie_id": "10065"
  },
  {
    "review": "1의 아우라가 너무 컸다 엑소시스트 개봉뒤에 귀신들린 내용의 영화가 많이 나왔지만 비교할수가 없는.. 어렸을때 봤던 충격때문에 나이 먹은 지금 보라고 해도 무서워서 못봄....",
    "date": "13.11.06",
    "rating": "10",
    "author": "gmlw****",
    "review_id": "8117864",
    "movie_id": "10065"
  },
  {
    "review": "공포물보다는 미스터리극에 가깝다.",
    "date": "13.10.30",
    "rating": "6",
    "author": "no13****",
    "review_id": "8101266",
    "movie_id": "10065"
  },
  {
    "review": "이 영화가 만들어졌을 당시에는 이걸보고 센세이션을 일으켰다라고 생각한걸까? 난 솔직히 코메디 영화인줄 알았는데",
    "date": "13.10.27",
    "rating": "7",
    "author": "lkyl****",
    "review_id": "8093036",
    "movie_id": "10065"
  },
  {
    "review": "20점은 없냐  내생에 최고의 영화중 하나다",
    "date": "13.10.25",
    "rating": "10",
    "author": "ttun****",
    "review_id": "8087468",
    "movie_id": "10065"
  },
  {
    "review": "네이버 줄거리가 잘못되었다 메린이 엑소시즘중에 죽고 카라스가 그거보고 화나서 레건한테 부아아악 해서 악령이 카라스한테 너머가자마자 창문부수고 뛰어들어 자살함.. 근데 2편인가 3편에 안죽고 살아있더랬지 ㄷㄷㄷ",
    "date": "13.10.06",
    "rating": "7",
    "author": "kkan****",
    "review_id": "8038978",
    "movie_id": "10065"
  },
  {
    "review": "아니...왜  네이버 스포일러가 내가 본 거랑 다르지? 노신부는 엑소시즘 실행하다가 실패하고 죽고....데미안 신부가 악령을 흡수한 뒤 창가로 뛰어들어서 죽음으로써 악령도 사라진 건데?? 내가 본건 뭐지???",
    "date": "13.10.01",
    "rating": "8",
    "author": "jung****",
    "review_id": "8024849",
    "movie_id": "10065"
  },
  {
    "review": "계단에서 거꾸로 내려오는거 진짜 지리겠네 ㅋㅋ",
    "date": "13.09.30",
    "rating": "9",
    "author": "ksge****",
    "review_id": "8023950",
    "movie_id": "10065"
  },
  {
    "review": "나온 시대를 생각해서 보면 괜찮다.",
    "date": "13.09.29",
    "rating": "9",
    "author": "kem1****",
    "review_id": "8021796",
    "movie_id": "10065"
  },
  {
    "review": "공포 영화의 기념비적인 작품",
    "date": "13.09.26",
    "rating": "10",
    "author": "chil****",
    "review_id": "8017183",
    "movie_id": "10065"
  },
  {
    "review": "공포 영화계의 영원한 넘사벽",
    "date": "13.09.25",
    "rating": "10",
    "author": "jun9****",
    "review_id": "8015119",
    "movie_id": "10065"
  },
  {
    "review": "멋지다.",
    "date": "13.09.21",
    "rating": "10",
    "author": "yabb****",
    "review_id": "8003882",
    "movie_id": "10065"
  },
  {
    "review": "도입부 쇠긁는소리는 무섭다 ㅡㅡ",
    "date": "13.09.16",
    "rating": "6",
    "author": "blue****",
    "review_id": "7987404",
    "movie_id": "10065"
  },
  {
    "review": "40년이 지났지만 아.직.도. 오컬트 장르의 교과서이자 정석.",
    "date": "13.09.14",
    "rating": "10",
    "author": "ball****",
    "review_id": "7975810",
    "movie_id": "10065"
  },
  {
    "review": "40년전 영화를 긴장하면서 보게될줄이야...",
    "date": "13.09.02",
    "rating": "10",
    "author": "kjk1****",
    "review_id": "7944122",
    "movie_id": "10065"
  },
  {
    "review": "엄청 무서웠다.",
    "date": "13.08.12",
    "rating": "10",
    "author": "kim6****",
    "review_id": "7873412",
    "movie_id": "10065"
  }
]