[
  {
    "review": "아직도 이 영화의 오프닝 테마를 들으면 가슴이 뛴다. 갱스터 무비의 부흥기는 지나갔지만 이런 작품들을 다시 만날 수 있다면 얼마나 좋을까",
    "date": "15.07.20",
    "rating": "10",
    "author": "iuba****",
    "review_id": "10123806",
    "movie_id": "10068"
  },
  {
    "review": "나쁜 놈 집어넣는 착한 영화. 싸움은 끝날 때까지 싸워야 이기는 법",
    "date": "15.05.10",
    "rating": "7",
    "author": "dpdj****",
    "review_id": "9907758",
    "movie_id": "10068"
  },
  {
    "review": "기차역 계단 총격씬, 영화사에 길이 남을 가장 멋진 오마주.",
    "date": "15.04.11",
    "rating": "9",
    "author": "sipj****",
    "review_id": "9840013",
    "movie_id": "10068"
  },
  {
    "review": "브라이언 드 팔마의 명품 갱스터 액숀!",
    "date": "15.02.21",
    "rating": "10",
    "author": "pont****",
    "review_id": "9721157",
    "movie_id": "10068"
  },
  {
    "review": "비슷한 장르 영화중 A급까지는 되지 못하는 영화.",
    "date": "15.01.29",
    "rating": "6",
    "author": "sh87****",
    "review_id": "9648466",
    "movie_id": "10068"
  },
  {
    "review": "드니로가 누군지도 모르건 청소년 시절 이 영화를 어떻게 봤는지 기억도 안나지만, 계단에서의  유모차 총격씬은 아직도 생생히 기억날 정도!중딩의 마음을 훔쳐갈 정도로 스타일리쉬했던 느와르물!",
    "date": "15.01.28",
    "rating": "9",
    "author": "wjwj****",
    "review_id": "9644275",
    "movie_id": "10068"
  },
  {
    "review": "괜찮은작품이였다굿~~~~",
    "date": "15.01.07",
    "rating": "8",
    "author": "xx41****",
    "review_id": "9569622",
    "movie_id": "10068"
  },
  {
    "review": "드팔마감독님 영화는 역시 엔딩에 큰 한방이 있다",
    "date": "14.11.25",
    "rating": "9",
    "author": "asun****",
    "review_id": "9420323",
    "movie_id": "10068"
  },
  {
    "review": "그렇게 그들은 언터처블이 되었다",
    "date": "14.10.29",
    "rating": "9",
    "author": "setm****",
    "review_id": "9327406",
    "movie_id": "10068"
  },
  {
    "review": "27년전 영화인데도 전혀 촌스럽지 않다.",
    "date": "14.10.13",
    "rating": "9",
    "author": "rand****",
    "review_id": "9290569",
    "movie_id": "10068"
  },
  {
    "review": "요즘 기준으로는 걍 평범한 영화!!",
    "date": "14.09.24",
    "rating": "8",
    "author": "mien****",
    "review_id": "9237438",
    "movie_id": "10068"
  },
  {
    "review": "정말 좋아하는 영화...다시보고 싶은데....어떻게 해야할지...",
    "date": "14.07.22",
    "rating": "9",
    "author": "vito****",
    "review_id": "8940869",
    "movie_id": "10068"
  },
  {
    "review": "그냥 유명한 배우들 나오는 옛날 영화~~",
    "date": "14.07.12",
    "rating": "6",
    "author": "cult****",
    "review_id": "8906605",
    "movie_id": "10068"
  },
  {
    "review": "소재도 좋고 캐스팅도 좋은데 지금 보면 상당히 어색한 연출과 진행될수록 긴장감이 떨어짐. 결말은 뭐 11년형 때리는데 성공. 검은 돈과 부정부패, 비리. 기억에 남는 건 기차역 내부 계단에서 총격신 정도.",
    "date": "14.06.21",
    "rating": "5",
    "author": "jjaj****",
    "review_id": "8843565",
    "movie_id": "10068"
  },
  {
    "review": "로버트 드 니로와 숀 코네리의 연기는 훌륭했다. 기차역 총격씬도 인상적이였지만 대체로 80년대 기술이라 그런지 요소요소 아쉬운 연출도 많았다. 잘 만들어진 리메이크작을 보고싶다.",
    "date": "14.05.01",
    "rating": "8",
    "author": "wlfa****",
    "review_id": "8690874",
    "movie_id": "10068"
  },
  {
    "review": "무지막지한 희생을 감수하며 끝까지 나아갈 사람이 과연 얼마나 될까? 사회에 없어선 안 될 영웅이지만, 주위 사람들을 위험에 빠뜨리는 멍청한 인물이기도 하다. 1987년도에 만들어진 영화지만 액션씬은 지금봐도 볼만하다.",
    "date": "14.02.26",
    "rating": "9",
    "author": "xeww****",
    "review_id": "8538033",
    "movie_id": "10068"
  },
  {
    "review": "솔직히 출연진이 롸버트 드 니로, 숀 코네리, 캐빈 코스트너, 앤디 가르시아 면 조금 더 재미를 뽑아냈어야 되지않았나  싶네요ㅎㅎ 그래도 유모차 총격씬은 최고!",
    "date": "14.02.03",
    "rating": "7",
    "author": "soul****",
    "review_id": "8471187",
    "movie_id": "10068"
  },
  {
    "review": "배우들의 명연기 그리고 모리코네의 음악은 모든 감정을 잘 느끼기게 해준다",
    "date": "14.01.19",
    "rating": "10",
    "author": "fait****",
    "review_id": "8400412",
    "movie_id": "10068"
  },
  {
    "review": "이거 마피아영화아님... 경찰영화임.",
    "date": "14.01.14",
    "rating": "5",
    "author": "anrs****",
    "review_id": "8382987",
    "movie_id": "10068"
  },
  {
    "review": "오래전에 보고 지금 다시 봤는데 역시 드니로의 연기는 명불허전이다.",
    "date": "13.12.21",
    "rating": "8",
    "author": "rich****",
    "review_id": "8265487",
    "movie_id": "10068"
  },
  {
    "review": "머쉰건과 서부극이 결합된 갱스터 무비! 청소년 시절, 뜨겁게 감동했던 작품! 반면! 드 팔마가, 왜 마에스트로가 아니라, 그저 테크니션인지를 극명하게 보여주는 영화! 특급배우들의 열연, 알싸한 긴장감, 오페라같은 총격전이 있지만, 독창성없이 답답하다.",
    "date": "13.12.09",
    "rating": "9",
    "author": "wana****",
    "review_id": "8200893",
    "movie_id": "10068"
  },
  {
    "review": "드 팔마 감독의 범죄 액션은 스카페이스로 시작되었다.  그 신화는 언터쳐블로 이어진다",
    "date": "13.11.15",
    "rating": "10",
    "author": "rose****",
    "review_id": "8142134",
    "movie_id": "10068"
  },
  {
    "review": "갠적으로 좋아하는 영화..특히 기차역 유모차 총격씬이 두고두고 잊혀지지 않는다...",
    "date": "13.10.14",
    "rating": "10",
    "author": "meca****",
    "review_id": "8059999",
    "movie_id": "10068"
  },
  {
    "review": "평점 조절 해야할 영화이다",
    "date": "13.10.02",
    "rating": "10",
    "author": "ssh0****",
    "review_id": "8027970",
    "movie_id": "10068"
  },
  {
    "review": "최고....!!!!!! Two Thumbs Up...!!!!!",
    "date": "13.08.29",
    "rating": "10",
    "author": "angr****",
    "review_id": "7931698",
    "movie_id": "10068"
  },
  {
    "review": "잼슴ㅇㅎ",
    "date": "13.08.27",
    "rating": "10",
    "author": "dbfk****",
    "review_id": "7927051",
    "movie_id": "10068"
  },
  {
    "review": "노래도좋고 그당시에 참 재밌게 봤었던 영화",
    "date": "13.07.26",
    "rating": "10",
    "author": "fbsr****",
    "review_id": "7785848",
    "movie_id": "10068"
  },
  {
    "review": "이영화 엄청 재미있죠.... 화려한 출연진에...내용도 볼만했음.",
    "date": "13.07.15",
    "rating": "8",
    "author": "adiv****",
    "review_id": "7747117",
    "movie_id": "10068"
  },
  {
    "review": "지금은 누구나 한번쯤 들어봤을 전설의 갱 알카포네와 그를 체포하기 위한 특수팀간의 화끈한 총격전, 벌써 20년이 지난영화인데 꽤나 살벌했던 영화였어",
    "date": "13.05.22",
    "rating": "10",
    "author": "bajj****",
    "review_id": "7547277",
    "movie_id": "10068"
  },
  {
    "review": "평점조절",
    "date": "13.05.18",
    "rating": "10",
    "author": "lsh5****",
    "review_id": "7537638",
    "movie_id": "10068"
  },
  {
    "review": "후후~!!  지금봐도 괜찮은 영화인데??저시대때는 최고였쥐",
    "date": "13.05.13",
    "rating": "7",
    "author": "sute****",
    "review_id": "7526311",
    "movie_id": "10068"
  },
  {
    "review": "hhhhhhhhhhhhhhhhhhhhhhhhhh",
    "date": "13.04.18",
    "rating": "1",
    "author": "ys11****",
    "review_id": "7467269",
    "movie_id": "10068"
  },
  {
    "review": "웨스턴과 범죄물의 적절한 조화.",
    "date": "13.01.17",
    "rating": "8",
    "author": "loop****",
    "review_id": "7123504",
    "movie_id": "10068"
  },
  {
    "review": "무난한 각본을 연출력으로 커버하는 드팔마",
    "date": "13.01.11",
    "rating": "8",
    "author": "marx****",
    "review_id": "7102867",
    "movie_id": "10068"
  },
  {
    "review": "쩐다...진짜 재밌게 봤음.  캐스팅 쩔지....연출 쩔지... OST 쩔지....... 스릴 쩔지.......~~~ 뭘 더  바래! 엘리엇 네스 진짜 대단한 인물이었던 것 같다. 존경받을만한 사람이다.",
    "date": "13.01.05",
    "rating": "9",
    "author": "psy9****",
    "review_id": "7083622",
    "movie_id": "10068"
  },
  {
    "review": "요즘 범죄물들에 비해 조금 싱거운 느낌은 있지만 그래도 잘만든 작품임에는 틀림없다",
    "date": "12.12.30",
    "rating": "8",
    "author": "sinb****",
    "review_id": "7063529",
    "movie_id": "10068"
  },
  {
    "review": "제목 하나는 끝내준다~",
    "date": "12.12.29",
    "rating": "7",
    "author": "milk****",
    "review_id": "7059854",
    "movie_id": "10068"
  },
  {
    "review": "저 당시  이 정도의 스토리와 전개는 매우 높게 평가하고싶다.. 악당의 악한맛이 많이 떨어지지만 볼만하다",
    "date": "12.09.26",
    "rating": "8",
    "author": "vm4e****",
    "review_id": "6735745",
    "movie_id": "10068"
  },
  {
    "review": "최고의 배우 최고의 제작진 최고의 연기 이런 거대한 요소들을 치우침없이 2시간을 끌고 갔다는 것에 나는 찬사를 아낄수 없었다",
    "date": "12.07.15",
    "rating": "10",
    "author": "pks7****",
    "review_id": "6483569",
    "movie_id": "10068"
  },
  {
    "review": "유치하게 유모차는 뭐야 별 극적이지도 않더만...",
    "date": "12.05.06",
    "rating": "7",
    "author": "dbzh****",
    "review_id": "6277456",
    "movie_id": "10068"
  },
  {
    "review": "배경 ,음악,배우,스토리 모든게 완벽하다",
    "date": "12.04.24",
    "rating": "9",
    "author": "scif****",
    "review_id": "6243223",
    "movie_id": "10068"
  },
  {
    "review": "Very good!",
    "date": "12.04.13",
    "rating": "9",
    "author": "nost****",
    "review_id": "6215229",
    "movie_id": "10068"
  },
  {
    "review": "20점 짜리다",
    "date": "12.04.12",
    "rating": "10",
    "author": "79im****",
    "review_id": "6211494",
    "movie_id": "10068"
  },
  {
    "review": "영화잘만들었다!!!! ㅋㅋ 기차역장면 잊을수가 없어요",
    "date": "12.03.25",
    "rating": "10",
    "author": "cjsw****",
    "review_id": "6167875",
    "movie_id": "10068"
  },
  {
    "review": "드니로는 .. 정말이지...너무 위대한 배우다.",
    "date": "12.03.08",
    "rating": "10",
    "author": "vedd****",
    "review_id": "6131193",
    "movie_id": "10068"
  },
  {
    "review": "네스랑 J.에드가랑 아무 관련없습니다 J에드가의 성은 후버입니다.",
    "date": "12.03.01",
    "rating": "9",
    "author": "kthe****",
    "review_id": "6113942",
    "movie_id": "10068"
  },
  {
    "review": "드 팔마는 명장면은 잘 만들지만 명화는 못 만드는 것 같다; 항상  조금씩 부족한...",
    "date": "11.12.27",
    "rating": "8",
    "author": "bbob****",
    "review_id": "5939116",
    "movie_id": "10068"
  },
  {
    "review": "기차역 장면은 쩐다 허나 영화는 스카페이스와 칼리토에 비하면 별로임",
    "date": "11.12.20",
    "rating": "8",
    "author": "figh****",
    "review_id": "5917329",
    "movie_id": "10068"
  },
  {
    "review": "어느새 KAL에서 '고전영화'장르로 구분됨. 호화캐스팅. 긴박한 흐름. 알 카포네!",
    "date": "11.11.14",
    "rating": "7",
    "author": "euph****",
    "review_id": "5848242",
    "movie_id": "10068"
  },
  {
    "review": "번갯불에 콩구워먹듯 지나가는 결말이 아쉽다.",
    "date": "11.11.13",
    "rating": "6",
    "author": "inos****",
    "review_id": "5846518",
    "movie_id": "10068"
  },
  {
    "review": "영화를 건진 한 방!",
    "date": "11.09.01",
    "rating": "7",
    "author": "yaky****",
    "review_id": "5702593",
    "movie_id": "10068"
  },
  {
    "review": "....너무 기대했다..;;;;;;여기선 케빈 코스트너 연기 너무 못하는군..;;;;;;정말...",
    "date": "11.09.01",
    "rating": "1",
    "author": "rnal****",
    "review_id": "5702302",
    "movie_id": "10068"
  },
  {
    "review": "80년대 만들어진 영화지만 내러티브, 구성, 연출 모두 좋은 영화",
    "date": "11.08.07",
    "rating": "10",
    "author": "palr****",
    "review_id": "5615568",
    "movie_id": "10068"
  },
  {
    "review": "기대보다 진부하고 엉성했지만 ost 는 좋았다",
    "date": "11.07.01",
    "rating": "7",
    "author": "hing****",
    "review_id": "5512587",
    "movie_id": "10068"
  },
  {
    "review": "드팔마의 느와르의 상업적 진화. 적어도 명장면 하나는 건진거 아닌가",
    "date": "11.06.05",
    "rating": "9",
    "author": "reno****",
    "review_id": "5464993",
    "movie_id": "10068"
  },
  {
    "review": "헐리우드 키드 양산 영화.",
    "date": "11.05.18",
    "rating": "7",
    "author": "pria****",
    "review_id": "5435693",
    "movie_id": "10068"
  },
  {
    "review": "시간이 지나 다시 보기엔 많이 진부해졌다.",
    "date": "11.05.15",
    "rating": "7",
    "author": "kusa****",
    "review_id": "5430499",
    "movie_id": "10068"
  },
  {
    "review": "너무 기대 했었네",
    "date": "11.04.25",
    "rating": "6",
    "author": "pkh0****",
    "review_id": "5392216",
    "movie_id": "10068"
  },
  {
    "review": "뭐 이러냐..  법정, 범죄, 액션, 드라마 뭐로봐도 허접하고 감독빨, 배우빨밖에 없다",
    "date": "11.04.15",
    "rating": "4",
    "author": "brav****",
    "review_id": "5375309",
    "movie_id": "10068"
  },
  {
    "review": "다른 범죄영화와는 다르게 알카포네가 중심이아닌 네스중심.. 그래도 볼만했다",
    "date": "11.03.01",
    "rating": "7",
    "author": "hjj5****",
    "review_id": "5285678",
    "movie_id": "10068"
  },
  {
    "review": "스카페이스의 오류에 대한 속죄",
    "date": "11.02.27",
    "rating": "8",
    "author": "hdso****",
    "review_id": "5280111",
    "movie_id": "10068"
  },
  {
    "review": "87년꺼라서.그런가.정말 스토리 허점 많고 엉성하다...코믹인줄알았다..",
    "date": "11.01.15",
    "rating": "6",
    "author": "zang****",
    "review_id": "5160299",
    "movie_id": "10068"
  },
  {
    "review": "브라이언 드팔마에 엔니오 모리꼬네, 그리고 초호화 캐스팅까지",
    "date": "10.12.24",
    "rating": "8",
    "author": "uds0****",
    "review_id": "5078971",
    "movie_id": "10068"
  },
  {
    "review": "뻔하고 지루한 액션영화는 많은데 이 감독 영화는 뻔하지만 지루하지가 않다.",
    "date": "10.10.02",
    "rating": "10",
    "author": "rnwl****",
    "review_id": "4881069",
    "movie_id": "10068"
  },
  {
    "review": "이상하게도 모리꼬네의 음악이 영화의 절반을 깍아먹었다.",
    "date": "10.09.22",
    "rating": "8",
    "author": "sehy****",
    "review_id": "4855976",
    "movie_id": "10068"
  },
  {
    "review": "신념이 돋보이는 영화. 하려는 말이 분명하다. 인상깊게 봤다.",
    "date": "10.08.18",
    "rating": "10",
    "author": "kjs9****",
    "review_id": "4763555",
    "movie_id": "10068"
  },
  {
    "review": "유 모  차 씬",
    "date": "10.08.09",
    "rating": "8",
    "author": "bbq2****",
    "review_id": "4727127",
    "movie_id": "10068"
  },
  {
    "review": "초호화캐스팅이지만... 뭔가 조금 아쉽다.",
    "date": "10.07.04",
    "rating": "7",
    "author": "kjh_****",
    "review_id": "4611879",
    "movie_id": "10068"
  },
  {
    "review": "굳이 계단 총격 장면 얘기를 꺼내지 않아도 될 수작이라 생각.",
    "date": "10.06.19",
    "rating": "7",
    "author": "cube****",
    "review_id": "4575045",
    "movie_id": "10068"
  },
  {
    "review": "로버트 드니로 야구방망이로 부하죽일때 ㄷㄷㄷ",
    "date": "10.06.18",
    "rating": "10",
    "author": "skrl****",
    "review_id": "4574128",
    "movie_id": "10068"
  },
  {
    "review": "브라이언 드 팔마 감독의 갱스터무비를 논할때 빠질 수 없는 영화",
    "date": "10.05.16",
    "rating": "8",
    "author": "bboj****",
    "review_id": "4502352",
    "movie_id": "10068"
  },
  {
    "review": "중딩때 보러 갔다가 경비아저씨한테 뺀찌맞은 영화. 이영화에 한이 좀 맺혔다ㅡㅡ",
    "date": "10.04.29",
    "rating": "8",
    "author": "psyc****",
    "review_id": "4463373",
    "movie_id": "10068"
  },
  {
    "review": "알카포네 그자체의 로버트 드니로!!!ㅋ",
    "date": "10.04.25",
    "rating": "8",
    "author": "kkk2****",
    "review_id": "4455804",
    "movie_id": "10068"
  },
  {
    "review": "뒷심이 살아있는 액숀영화",
    "date": "10.04.04",
    "rating": "9",
    "author": "suvr****",
    "review_id": "4409561",
    "movie_id": "10068"
  },
  {
    "review": "명감독 브라이언드팔마의 힘을 또다시느꼇다..진짜 최고..",
    "date": "10.04.02",
    "rating": "10",
    "author": "ghrj****",
    "review_id": "4404957",
    "movie_id": "10068"
  },
  {
    "review": "진짜 재미없다.",
    "date": "10.04.01",
    "rating": "1",
    "author": "jonh****",
    "review_id": "4402562",
    "movie_id": "10068"
  },
  {
    "review": "재료는 일류 맛은 삼류",
    "date": "10.03.29",
    "rating": "6",
    "author": "wjdg****",
    "review_id": "4396131",
    "movie_id": "10068"
  },
  {
    "review": "명감독 명배우들이 만들어낸 명작!!",
    "date": "10.03.23",
    "rating": "8",
    "author": "rosn****",
    "review_id": "4379552",
    "movie_id": "10068"
  },
  {
    "review": "배우들과 음악, 받쳐주는 연출로! 품격있는 수사활극!",
    "date": "10.03.01",
    "rating": "9",
    "author": "lead****",
    "review_id": "4326058",
    "movie_id": "10068"
  },
  {
    "review": "남자들의영화...",
    "date": "10.02.25",
    "rating": "10",
    "author": "sshh****",
    "review_id": "4316795",
    "movie_id": "10068"
  },
  {
    "review": "오마주씬은 돋보이나 나머지는 긋.",
    "date": "10.02.24",
    "rating": "8",
    "author": "hyuk****",
    "review_id": "4314539",
    "movie_id": "10068"
  },
  {
    "review": "대부 못지않게 재미있게 봤네요",
    "date": "10.01.31",
    "rating": "10",
    "author": "jvv2****",
    "review_id": "4227120",
    "movie_id": "10068"
  },
  {
    "review": "지금 우리나라에도 이런 수사관이 필요하다.",
    "date": "10.01.30",
    "rating": "10",
    "author": "jrpa****",
    "review_id": "4224784",
    "movie_id": "10068"
  },
  {
    "review": "재밌고멋있고간지나는데더이상뭐",
    "date": "10.01.20",
    "rating": "8",
    "author": "yuri****",
    "review_id": "4190370",
    "movie_id": "10068"
  },
  {
    "review": "드팔마,드니로,엔니오의 당대 최고들이 모여서 이런 평작을 만들다니",
    "date": "10.01.09",
    "rating": "6",
    "author": "rd72****",
    "review_id": "4151723",
    "movie_id": "10068"
  },
  {
    "review": "세계100 대영화에 이런 작품이 왜 들어갔을까???",
    "date": "10.01.06",
    "rating": "4",
    "author": "jjyn****",
    "review_id": "4141012",
    "movie_id": "10068"
  },
  {
    "review": "상당히 실망스럽다...",
    "date": "09.12.21",
    "rating": "5",
    "author": "zzdl****",
    "review_id": "4067617",
    "movie_id": "10068"
  },
  {
    "review": "굳",
    "date": "09.12.09",
    "rating": "10",
    "author": "choi****",
    "review_id": "4031375",
    "movie_id": "10068"
  },
  {
    "review": "내로라하는 배우들이 열연한 갱스터 영화. 시간가는 줄 모르고 봤다 ㅋㅋㅋ",
    "date": "09.11.14",
    "rating": "9",
    "author": "jse1****",
    "review_id": "3962705",
    "movie_id": "10068"
  },
  {
    "review": "호화캐스트, 완벽한 각본. 최고의 영화~ 드니로 너무 멋있다!!",
    "date": "09.11.12",
    "rating": "9",
    "author": "hell****",
    "review_id": "3956671",
    "movie_id": "10068"
  },
  {
    "review": "양심적으로사는냐비양심적으로사느냐대부분이비리경찰들이군",
    "date": "09.11.11",
    "rating": "9",
    "author": "zzzo****",
    "review_id": "3951624",
    "movie_id": "10068"
  },
  {
    "review": "구성이나 영화적 긴장감이 멋진 영화. 영화를 풀어가는 맛이 일품이었다.",
    "date": "09.11.04",
    "rating": "10",
    "author": "unja****",
    "review_id": "3936349",
    "movie_id": "10068"
  },
  {
    "review": "영화내내 유지되는 긴장감...진짜 사나이의 영화다",
    "date": "09.10.31",
    "rating": "10",
    "author": "ysic****",
    "review_id": "3926764",
    "movie_id": "10068"
  },
  {
    "review": "별론데",
    "date": "09.10.25",
    "rating": "5",
    "author": "love****",
    "review_id": "3915184",
    "movie_id": "10068"
  },
  {
    "review": "드라마 요소가 많지만 훌륭한 갱 영화다",
    "date": "09.10.12",
    "rating": "10",
    "author": "tjsd****",
    "review_id": "3887889",
    "movie_id": "10068"
  },
  {
    "review": "돋보이는 권선징악, 드팔마도 사람이었어...",
    "date": "09.09.20",
    "rating": "8",
    "author": "izzo****",
    "review_id": "3839889",
    "movie_id": "10068"
  },
  {
    "review": "뭐라 느낌을 표현할 수가 없다... \"이런 게 바로 '영화'다!!\" 라는 말 밖에는...",
    "date": "09.09.03",
    "rating": "10",
    "author": "jckl****",
    "review_id": "3808266",
    "movie_id": "10068"
  },
  {
    "review": "추억을 자극하는 멋진이야기 액션...",
    "date": "09.08.25",
    "rating": "10",
    "author": "herm****",
    "review_id": "3786192",
    "movie_id": "10068"
  },
  {
    "review": "실존인물 알카폰네를 잡기위한....",
    "date": "09.08.12",
    "rating": "9",
    "author": "toha****",
    "review_id": "3742121",
    "movie_id": "10068"
  },
  {
    "review": "알 카포네를 체포하기 위한 네스 반장의 노력을 보여주는 영화. 재미있었음.",
    "date": "09.08.07",
    "rating": "10",
    "author": "eunc****",
    "review_id": "3719486",
    "movie_id": "10068"
  }
]