[
  {
    "review": "어릴때 보고 진짜 많이 웃었다.",
    "date": "15.08.06",
    "rating": "8",
    "author": "adiv****",
    "review_id": "10192243",
    "movie_id": "10081"
  },
  {
    "review": "다시 태어 난다면 천조국 경찰이 되고싶다",
    "date": "13.12.30",
    "rating": "10",
    "author": "ske4****",
    "review_id": "8324396",
    "movie_id": "10081"
  },
  {
    "review": "옛날엔 재밌었는데 1편보다 너무 떨어짐.",
    "date": "13.09.26",
    "rating": "2",
    "author": "kem1****",
    "review_id": "8016671",
    "movie_id": "10081"
  },
  {
    "review": "업그레이든된 스케일과 여전히 웃음을 전해주는 캐릭터들 이영화 이후 수많은 경찰생도를 배경으로한 짝퉁영화들이 대량 양산되는등 공전의 히트를 기록했던 영화",
    "date": "13.08.12",
    "rating": "10",
    "author": "bajj****",
    "review_id": "7872116",
    "movie_id": "10081"
  },
  {
    "review": "1편만은 못하지만 웃긴",
    "date": "12.11.26",
    "rating": "5",
    "author": "fait****",
    "review_id": "6926772",
    "movie_id": "10081"
  },
  {
    "review": "1편 보다 좀 더 재밌다",
    "date": "12.02.28",
    "rating": "5",
    "author": "kos4****",
    "review_id": "6108951",
    "movie_id": "10081"
  },
  {
    "review": "영화 필름이 아까움 최고의 졸작",
    "date": "12.01.31",
    "rating": "1",
    "author": "many****",
    "review_id": "6038274",
    "movie_id": "10081"
  },
  {
    "review": "비트박스 대박이었어",
    "date": "11.12.20",
    "rating": "10",
    "author": "kpcc****",
    "review_id": "5916995",
    "movie_id": "10081"
  },
  {
    "review": "어릴 때 재밌게 봤음",
    "date": "11.12.20",
    "rating": "10",
    "author": "rame****",
    "review_id": "5916993",
    "movie_id": "10081"
  },
  {
    "review": "추억의 코미디다",
    "date": "11.12.20",
    "rating": "10",
    "author": "ccpp****",
    "review_id": "5916992",
    "movie_id": "10081"
  },
  {
    "review": "에전에 MBC애소 잼있게 자주 보던 추억의 코미디영화 다시보고싶다",
    "date": "10.07.25",
    "rating": "6",
    "author": "thra****",
    "review_id": "4671140",
    "movie_id": "10081"
  },
  {
    "review": "내용보다는 캐릭터성에만 의존한...",
    "date": "10.07.23",
    "rating": "5",
    "author": "meth****",
    "review_id": "4665011",
    "movie_id": "10081"
  },
  {
    "review": "첫임무는 그닥 그런 수준. 등장인물들의 개성은 여전히 살아있다.",
    "date": "10.05.23",
    "rating": "5",
    "author": "stit****",
    "review_id": "4518632",
    "movie_id": "10081"
  },
  {
    "review": "폴리스아카데미우리오빠나하고봤는데",
    "date": "09.12.12",
    "rating": "9",
    "author": "a644****",
    "review_id": "4038415",
    "movie_id": "10081"
  },
  {
    "review": "웃기는 영화를 보러가서 작품성찾으면 우물가에서 숭늉찾는격.",
    "date": "08.12.02",
    "rating": "10",
    "author": "baks****",
    "review_id": "3086596",
    "movie_id": "10081"
  },
  {
    "review": "역시 속편의 신선함은 없다",
    "date": "08.11.25",
    "rating": "2",
    "author": "si2p****",
    "review_id": "3072219",
    "movie_id": "10081"
  },
  {
    "review": "동감",
    "date": "07.09.29",
    "rating": "1",
    "author": "stra****",
    "review_id": "2059106",
    "movie_id": "10081"
  },
  {
    "review": "이 시리즈는 5분이상 웃기가 힘들다",
    "date": "07.04.07",
    "rating": "1",
    "author": "nala****",
    "review_id": "1577218",
    "movie_id": "10081"
  },
  {
    "review": "비트박스 잊을수없군",
    "date": "05.12.25",
    "rating": "10",
    "author": "kws7****",
    "review_id": "527169",
    "movie_id": "10081"
  },
  {
    "review": "비트박스 최고였다.",
    "date": "05.01.16",
    "rating": "9",
    "author": "kpcc****",
    "review_id": "187780",
    "movie_id": "10081"
  }
]