[
  {
    "review": "코미디 영화 시리즈의 지존임",
    "date": "15.08.06",
    "rating": "7",
    "author": "adiv****",
    "review_id": "10192245",
    "movie_id": "10082"
  },
  {
    "review": "다시 태어 난다면 천조국 경찰이 되고싶다",
    "date": "13.12.30",
    "rating": "10",
    "author": "ske4****",
    "review_id": "8324397",
    "movie_id": "10082"
  },
  {
    "review": "코미디영화는 웃기면 굿이고 못웃기면 배드다 전편보다 다소 약해지긴 했지만 여전히 웃기는 영화인거 같어...그러나 딱 여기까지고 그이후 4편부터는 솔직히 재미없다. 보지마라",
    "date": "13.08.13",
    "rating": "8",
    "author": "bajj****",
    "review_id": "7875935",
    "movie_id": "10082"
  },
  {
    "review": "개졸작",
    "date": "12.01.31",
    "rating": "1",
    "author": "many****",
    "review_id": "6038742",
    "movie_id": "10082"
  },
  {
    "review": "추먹의 코미디, 재밌었지 ㅋㅋ",
    "date": "11.12.20",
    "rating": "10",
    "author": "ccpp****",
    "review_id": "5916999",
    "movie_id": "10082"
  },
  {
    "review": "명작 시리즈",
    "date": "11.12.20",
    "rating": "10",
    "author": "rame****",
    "review_id": "5916998",
    "movie_id": "10082"
  },
  {
    "review": "유치하고 재밌다",
    "date": "11.12.20",
    "rating": "10",
    "author": "kpcc****",
    "review_id": "5916997",
    "movie_id": "10082"
  },
  {
    "review": "폴리스아케데미너무재있다",
    "date": "10.10.10",
    "rating": "10",
    "author": "a644****",
    "review_id": "4895028",
    "movie_id": "10082"
  },
  {
    "review": "시리즈는 거듭됨에 따라 식상함이 느껴지지만 왠지 모를 중독성이...",
    "date": "10.07.25",
    "rating": "3",
    "author": "meth****",
    "review_id": "4670662",
    "movie_id": "10082"
  },
  {
    "review": "문안한 재미와 못말리는 캐릭터들. 딱히 미운 것 없는 시리즈.",
    "date": "10.06.11",
    "rating": "6",
    "author": "stit****",
    "review_id": "4559775",
    "movie_id": "10082"
  },
  {
    "review": "자신의 목적에 충실한 영화.코미디 영화가 웃겼으면 그만 아닌가.",
    "date": "08.12.02",
    "rating": "10",
    "author": "baks****",
    "review_id": "3086604",
    "movie_id": "10082"
  },
  {
    "review": "또 다시 새로울것 없는 속편!",
    "date": "08.11.26",
    "rating": "4",
    "author": "si2p****",
    "review_id": "3073694",
    "movie_id": "10082"
  },
  {
    "review": "아주 아주 코믹하고 보는동안 유쾌해지는 영화 ㅋㅋㅋㅋㅋㅋㅋㅋㅋㅋ",
    "date": "08.08.24",
    "rating": "7",
    "author": "deff****",
    "review_id": "2898817",
    "movie_id": "10082"
  },
  {
    "review": "유치?  91년도 비디오로 볼만했던데..",
    "date": "08.08.05",
    "rating": "7",
    "author": "gall****",
    "review_id": "2838687",
    "movie_id": "10082"
  },
  {
    "review": "폴리스 아카데미3-재탕",
    "date": "07.09.29",
    "rating": "1",
    "author": "stra****",
    "review_id": "2059107",
    "movie_id": "10082"
  },
  {
    "review": "이 시리즈는 잊을수가 없다",
    "date": "05.12.25",
    "rating": "9",
    "author": "kws7****",
    "review_id": "527170",
    "movie_id": "10082"
  },
  {
    "review": "유치하다고? 재밌다!",
    "date": "05.01.16",
    "rating": "9",
    "author": "kpcc****",
    "review_id": "187778",
    "movie_id": "10082"
  }
]