[
  {
    "review": "내가 어릴적에 어니스트 시리즈랑 함께 즐겨봤던 폴리스 아카데미...비디오 빌릴 돈 없어서 친구랑 붐빠이해서 빌린다음 돌려서 봄",
    "date": "15.08.15",
    "rating": "10",
    "author": "buki****",
    "review_id": "10236161",
    "movie_id": "10080"
  },
  {
    "review": "이거 진짜 웃김. 80년대 미국 코미디 영화의 지존",
    "date": "15.08.06",
    "rating": "8",
    "author": "adiv****",
    "review_id": "10192235",
    "movie_id": "10080"
  },
  {
    "review": "경찰 아카데미의 생활을 유쾌하고 경쾌하게 잘 풀어낸 고전 영화.1편의 스토리 라인은 상당히 단순하지만 지루하지 않게 잘 이끌어간다~",
    "date": "15.07.26",
    "rating": "8",
    "author": "cred****",
    "review_id": "10148417",
    "movie_id": "10080"
  },
  {
    "review": "요즘 보기에는 좀 재미없다.. 그냥 무난무난...",
    "date": "14.04.20",
    "rating": "6",
    "author": "ehwj****",
    "review_id": "8661587",
    "movie_id": "10080"
  },
  {
    "review": "다시 태어난다면 천조국 경찰이되고싶다!",
    "date": "13.12.30",
    "rating": "10",
    "author": "ske4****",
    "review_id": "8324394",
    "movie_id": "10080"
  },
  {
    "review": "옛날에 재밌게 봤었다.",
    "date": "13.09.26",
    "rating": "8",
    "author": "kem1****",
    "review_id": "8016657",
    "movie_id": "10080"
  },
  {
    "review": "어느새 20년은 되버린거 같은 영화, 떼로 등장하는 다수의 개성있는 생도들이 펼치는 슬랩스틱 코미디 퍼레이드로 쉴새없는 웃음을 전해주는 영화, 지금보니 헤어스타일이나 복장이 왜이리도 촌스러운지",
    "date": "13.08.12",
    "rating": "10",
    "author": "bajj****",
    "review_id": "7872035",
    "movie_id": "10080"
  },
  {
    "review": "초딩때 진짜 재밌게 봤었는데...또 보고 싶네요..",
    "date": "13.03.25",
    "rating": "9",
    "author": "aoon****",
    "review_id": "7411731",
    "movie_id": "10080"
  },
  {
    "review": "미국식 코메디가 적응이 안되는구나.",
    "date": "12.11.26",
    "rating": "4",
    "author": "oris****",
    "review_id": "6927369",
    "movie_id": "10080"
  },
  {
    "review": "오래되서 그렇지 웃긴 그리고 GW 베일리가 있어야 진짜",
    "date": "12.11.26",
    "rating": "7",
    "author": "fait****",
    "review_id": "6926782",
    "movie_id": "10080"
  },
  {
    "review": "미국 고전 코메디의 눈을 띄게 해준 영화지... 20년이 넘은 영화람을 생각하면 그 당지 대박 웃겼을 듯... 지금 봐도... 재미있다.. 캠 캐트럴... 젊을때 정말 매력적이고 이쁘지..",
    "date": "12.07.07",
    "rating": "9",
    "author": "cafe****",
    "review_id": "6453254",
    "movie_id": "10080"
  },
  {
    "review": "재밌다",
    "date": "12.02.28",
    "rating": "4",
    "author": "kos4****",
    "review_id": "6108948",
    "movie_id": "10080"
  },
  {
    "review": "추억의 코미디",
    "date": "11.12.20",
    "rating": "9",
    "author": "ccpp****",
    "review_id": "5916991",
    "movie_id": "10080"
  },
  {
    "review": "지금 보면 유치할 수도 있지만, 어릴 때 볼 때는 무지 웃겼어",
    "date": "11.12.20",
    "rating": "9",
    "author": "rame****",
    "review_id": "5916989",
    "movie_id": "10080"
  },
  {
    "review": "기상천외한 캐릭터들",
    "date": "11.12.20",
    "rating": "9",
    "author": "kpcc****",
    "review_id": "5916988",
    "movie_id": "10080"
  },
  {
    "review": "지금 봐도 웃기다 ㅋㅋㅋㅋ",
    "date": "11.12.05",
    "rating": "10",
    "author": "tjrd****",
    "review_id": "5889748",
    "movie_id": "10080"
  },
  {
    "review": "25년전 작품이다.. 그걸 감안하자..",
    "date": "11.09.28",
    "rating": "8",
    "author": "tn99****",
    "review_id": "5757327",
    "movie_id": "10080"
  },
  {
    "review": "시간 떼우기",
    "date": "11.03.17",
    "rating": "5",
    "author": "drd1****",
    "review_id": "5318029",
    "movie_id": "10080"
  },
  {
    "review": "어린 시절을 떠올리게 하는 영화~ 부담없이 웃김",
    "date": "10.08.20",
    "rating": "10",
    "author": "goti****",
    "review_id": "4768255",
    "movie_id": "10080"
  },
  {
    "review": "섹시코믹의 원조격이랄까",
    "date": "10.04.13",
    "rating": "7",
    "author": "yuye****",
    "review_id": "4430303",
    "movie_id": "10080"
  },
  {
    "review": "많은 아카데미 시리즈를 만들어낸 클래식 코미디. 닐 이즈라엘의 역량이 돋보인다.",
    "date": "10.04.06",
    "rating": "6",
    "author": "stit****",
    "review_id": "4415131",
    "movie_id": "10080"
  },
  {
    "review": "추억의영화",
    "date": "10.01.27",
    "rating": "10",
    "author": "pkh0****",
    "review_id": "4215056",
    "movie_id": "10080"
  },
  {
    "review": "20년전 영화 지금보면 부실한 연기력이 보이지만 당시에는 잼있었던 영화지요",
    "date": "09.12.05",
    "rating": "10",
    "author": "gunb****",
    "review_id": "4017236",
    "movie_id": "10080"
  },
  {
    "review": "캐릭터 천국. 재밋다.",
    "date": "09.03.29",
    "rating": "8",
    "author": "5292****",
    "review_id": "3395009",
    "movie_id": "10080"
  },
  {
    "review": "24년이 경과한 지금 남아있는건 섹시한 여교관 이미지와 블루오이스터 클럽. 하하",
    "date": "09.02.20",
    "rating": "6",
    "author": "acin****",
    "review_id": "3317747",
    "movie_id": "10080"
  },
  {
    "review": "이만큼 사람을 웃기기도 쉽지 않다.",
    "date": "08.12.02",
    "rating": "9",
    "author": "baks****",
    "review_id": "3086583",
    "movie_id": "10080"
  },
  {
    "review": "<총알탄사나이>와 함께 쌍벽을 이루는 80년대 미국 코미디의 전설!",
    "date": "08.11.25",
    "rating": "7",
    "author": "si2p****",
    "review_id": "3072200",
    "movie_id": "10080"
  },
  {
    "review": "간만에 봐도 볼만하구나..",
    "date": "08.11.12",
    "rating": "10",
    "author": "2001****",
    "review_id": "3045825",
    "movie_id": "10080"
  },
  {
    "review": "정말 최고의 웃기는 영화였다 얼마나 웃었던지 지금도 생각난다 단상 속 그녀",
    "date": "08.08.22",
    "rating": "10",
    "author": "deff****",
    "review_id": "2892990",
    "movie_id": "10080"
  },
  {
    "review": "지금 보니 많이 유치하긴 하네요 ㅋㅋ",
    "date": "08.08.20",
    "rating": "6",
    "author": "refr****",
    "review_id": "2890056",
    "movie_id": "10080"
  },
  {
    "review": "이제 추억이 되어버린 영화^^",
    "date": "08.07.12",
    "rating": "10",
    "author": "newj****",
    "review_id": "2756286",
    "movie_id": "10080"
  },
  {
    "review": "ㅋㅋㅋ나 이거 어렸을때 당시에도 오래된 영화였는데 그때 엄청 재밌게 봤다",
    "date": "08.06.22",
    "rating": "9",
    "author": "nami****",
    "review_id": "2713319",
    "movie_id": "10080"
  },
  {
    "review": "웃기지 웃기자나",
    "date": "08.04.05",
    "rating": "7",
    "author": "meth****",
    "review_id": "2559193",
    "movie_id": "10080"
  },
  {
    "review": "걍 간간히 웃긴게 나오지만. 그닥",
    "date": "08.03.19",
    "rating": "4",
    "author": "kcm7****",
    "review_id": "2529669",
    "movie_id": "10080"
  },
  {
    "review": "슬랩스틱코미디는 언제봐도 지겹다",
    "date": "07.09.29",
    "rating": "1",
    "author": "stra****",
    "review_id": "2059105",
    "movie_id": "10080"
  },
  {
    "review": "경찰학교 신입생들이 펼치는 코미디, 하이타워의 신장이 궁금하네",
    "date": "07.09.18",
    "rating": "6",
    "author": "paci****",
    "review_id": "2029764",
    "movie_id": "10080"
  },
  {
    "review": "상당히 골때리는 코메디 ㅎㅎㅎ",
    "date": "07.08.10",
    "rating": "8",
    "author": "typo****",
    "review_id": "1917754",
    "movie_id": "10080"
  },
  {
    "review": "지금보니 도저히 못봐주겠다 옛날에 봤으니 3점",
    "date": "07.01.08",
    "rating": "3",
    "author": "nala****",
    "review_id": "1368089",
    "movie_id": "10080"
  },
  {
    "review": "재밌다. 젊은 시절의 잘생긴 스티브 구텐버그 + 이쁜 킴 캐트럴",
    "date": "06.12.10",
    "rating": "9",
    "author": "sogu****",
    "review_id": "1282359",
    "movie_id": "10080"
  },
  {
    "review": "완전웃김. 내용다 알고 보는데도 웃겨미침",
    "date": "06.11.26",
    "rating": "10",
    "author": "offw****",
    "review_id": "1252802",
    "movie_id": "10080"
  },
  {
    "review": "코미디영화의 지존",
    "date": "06.11.12",
    "rating": "10",
    "author": "asaz****",
    "review_id": "1227972",
    "movie_id": "10080"
  },
  {
    "review": "최고의 추억의 코미디 영화",
    "date": "06.09.16",
    "rating": "10",
    "author": "sbrl****",
    "review_id": "1125789",
    "movie_id": "10080"
  },
  {
    "review": "재미있는 2급 코믹영화..",
    "date": "06.09.14",
    "rating": "9",
    "author": "shan****",
    "review_id": "1120876",
    "movie_id": "10080"
  },
  {
    "review": "Move it, move it ! 무빗 무빗이 젤 재밌었어",
    "date": "06.08.23",
    "rating": "8",
    "author": "pmr0****",
    "review_id": "1071624",
    "movie_id": "10080"
  },
  {
    "review": "재밌는영화~",
    "date": "06.08.13",
    "rating": "10",
    "author": "dnjs****",
    "review_id": "1018407",
    "movie_id": "10080"
  },
  {
    "review": "초반에 웃기다 가면 갈수록 심히 지루해진다",
    "date": "06.07.25",
    "rating": "3",
    "author": "okjo****",
    "review_id": "921888",
    "movie_id": "10080"
  },
  {
    "review": "이거 보고 안웃으면 병X",
    "date": "06.07.23",
    "rating": "9",
    "author": "varg****",
    "review_id": "917740",
    "movie_id": "10080"
  },
  {
    "review": "이거 지대로 웃긴 영화",
    "date": "06.06.30",
    "rating": "10",
    "author": "zeed****",
    "review_id": "864640",
    "movie_id": "10080"
  },
  {
    "review": "엉성하지만 왜이리 웃기노..ㅎㅎ",
    "date": "06.02.26",
    "rating": "9",
    "author": "penn****",
    "review_id": "693127",
    "movie_id": "10080"
  },
  {
    "review": "웃긴거보다 야한게 더 눈에 들오던 중딩시절 잼나게 본영화~",
    "date": "06.01.12",
    "rating": "9",
    "author": "seun****",
    "review_id": "582026",
    "movie_id": "10080"
  },
  {
    "review": "옛날이나 지금이나 웃긴 영화 ㅋ",
    "date": "06.01.08",
    "rating": "10",
    "author": "0113****",
    "review_id": "571407",
    "movie_id": "10080"
  },
  {
    "review": "코메데의 절정판",
    "date": "05.12.25",
    "rating": "10",
    "author": "kws7****",
    "review_id": "527168",
    "movie_id": "10080"
  },
  {
    "review": "돼게 재미있다",
    "date": "05.07.25",
    "rating": "10",
    "author": "coco****",
    "review_id": "334362",
    "movie_id": "10080"
  },
  {
    "review": "이 시리즈를 다 챙겨봤다..그래서 뭐가뭔지 헷갈리네",
    "date": "05.03.13",
    "rating": "9",
    "author": "red0****",
    "review_id": "240138",
    "movie_id": "10080"
  },
  {
    "review": "말 흉내내는 흑인 웃김..ㅋㅋ",
    "date": "05.02.22",
    "rating": "10",
    "author": "eunc****",
    "review_id": "227628",
    "movie_id": "10080"
  },
  {
    "review": "정말 웃깁니다.",
    "date": "05.01.16",
    "rating": "9",
    "author": "kpcc****",
    "review_id": "187781",
    "movie_id": "10080"
  },
  {
    "review": "저질 개그긴 하지만... 재미는 있다. ㅎㅎㅎ",
    "date": "04.06.19",
    "rating": "8",
    "author": "ttt1****",
    "review_id": "56630",
    "movie_id": "10080"
  }
]