[
  {
    "review": "런닝타임이 좀 길지만 후반부부터 시원한 얼음과 하늘을 넘나드는 전투기 추격신이 백미",
    "date": "15.06.25",
    "rating": "8",
    "author": "cred****",
    "review_id": "10032623",
    "movie_id": "10088"
  },
  {
    "review": "화이어폭스 탈취할때 격납고에서의 급박한 총격전 와중에 느긋하게 비행기 조종석을 향해 걸어가는 클린트 이스트우드의 모습이 수OO이 지난 지금도 눈에 선함",
    "date": "15.01.23",
    "rating": "10",
    "author": "safe****",
    "review_id": "9628105",
    "movie_id": "10088"
  },
  {
    "review": "클린트 이스트우드 영화는 보통이 이정도 되는거 같다. 와 정말 아슬아슬 심장이 쫄깃하다",
    "date": "14.12.16",
    "rating": "8",
    "author": "do11****",
    "review_id": "9479439",
    "movie_id": "10088"
  },
  {
    "review": "클린트 이스트우드 영 허접",
    "date": "13.12.28",
    "rating": "1",
    "author": "mool****",
    "review_id": "8314654",
    "movie_id": "10088"
  },
  {
    "review": "이때 당시만 해도 이영화 인기 있었고...  비행전투 영화가 많지 않았던 시기라 나름 신선한 영화였음.",
    "date": "13.06.20",
    "rating": "7",
    "author": "adiv****",
    "review_id": "7657875",
    "movie_id": "10088"
  },
  {
    "review": "30년이 넘은 작품 치고는 대단한 작품.. 공중신 압권.",
    "date": "13.05.19",
    "rating": "10",
    "author": "qorc****",
    "review_id": "7540927",
    "movie_id": "10088"
  },
  {
    "review": "중간 중간에 시도때도 없이 나온 베트남(?)장면은....참.. 하지만 옛날영화 치고는 굿",
    "date": "12.01.28",
    "rating": "7",
    "author": "bara****",
    "review_id": "6031464",
    "movie_id": "10088"
  },
  {
    "review": "지나친 엉성, 멍청, 유치함에 놀라 팔짝 뛰며 화를 내다 기어코 속이 뒤집히다.",
    "date": "11.12.06",
    "rating": "1",
    "author": "pria****",
    "review_id": "5890414",
    "movie_id": "10088"
  },
  {
    "review": "초음속 전투기의 공중전도 괜찮았고 시나리오도 그런대로 완성도가 있었다.",
    "date": "11.07.16",
    "rating": "8",
    "author": "hack****",
    "review_id": "5546541",
    "movie_id": "10088"
  },
  {
    "review": "SR-71블랙버드 나 XB-70발키리 보다빠른 전투기로 보이네 ㅋ",
    "date": "11.07.08",
    "rating": "10",
    "author": "dlfd****",
    "review_id": "5529432",
    "movie_id": "10088"
  },
  {
    "review": "일단 한번 보세요^^",
    "date": "11.02.14",
    "rating": "10",
    "author": "hell****",
    "review_id": "5242953",
    "movie_id": "10088"
  },
  {
    "review": "소련 잠입,탈취 설정의 긴장감 굿. 죠지 클루니 정도를 캐스팅해서 리메이크 해봤으면",
    "date": "10.08.27",
    "rating": "8",
    "author": "mist****",
    "review_id": "4795376",
    "movie_id": "10088"
  },
  {
    "review": "전투기액션은 볼만!!그러나 1시간59분중...초반과 중반은 너무 지루하기그지없다-.-",
    "date": "09.03.23",
    "rating": "8",
    "author": "seal****",
    "review_id": "3383231",
    "movie_id": "10088"
  },
  {
    "review": "바다를 가르는 멋진 파이어폭스。",
    "date": "09.03.16",
    "rating": "8",
    "author": "dhkq****",
    "review_id": "3369617",
    "movie_id": "10088"
  },
  {
    "review": "TV에서봤던외화. 소련크렘린장면도,전투기모형도 지금보면 많이 어설프지만 그땐최고!",
    "date": "09.02.21",
    "rating": "10",
    "author": "shwi****",
    "review_id": "3322039",
    "movie_id": "10088"
  },
  {
    "review": "옥의티라면 과학자 죽을때 어설펐 다는거..",
    "date": "08.11.26",
    "rating": "9",
    "author": "konu****",
    "review_id": "3073984",
    "movie_id": "10088"
  },
  {
    "review": "어릴땐, 비행기 날아가는 장면이 꽤 인상적이었는데. ^^:",
    "date": "08.05.12",
    "rating": "8",
    "author": "pass****",
    "review_id": "2634956",
    "movie_id": "10088"
  },
  {
    "review": "전투 장면은 봐 줄만 하지만 내용 전개상 일부 지루한 장면이 많다",
    "date": "08.04.24",
    "rating": "6",
    "author": "deff****",
    "review_id": "2595963",
    "movie_id": "10088"
  },
  {
    "review": "어렸을 때 보고 파이어폭스팬이 된~ 내인생 최고의 영화",
    "date": "08.01.30",
    "rating": "10",
    "author": "goma****",
    "review_id": "2386639",
    "movie_id": "10088"
  },
  {
    "review": "고독한 전투기 조종사의 독백.후까시가 죽음이다",
    "date": "07.09.27",
    "rating": "8",
    "author": "baks****",
    "review_id": "2054887",
    "movie_id": "10088"
  },
  {
    "review": "좀 어색해도 모형촬영이 실감. 요즘 컴그래픽은 도가 지나",
    "date": "06.08.31",
    "rating": "8",
    "author": "sola****",
    "review_id": "1092180",
    "movie_id": "10088"
  },
  {
    "review": "당시영화치곤 정말 잘만들었죠! 후방어 미사일의 압박",
    "date": "06.07.20",
    "rating": "10",
    "author": "bizc****",
    "review_id": "909787",
    "movie_id": "10088"
  },
  {
    "review": "마지막에 얼음위에 착륙하는 장면 인상적이엇음.",
    "date": "06.02.16",
    "rating": "8",
    "author": "mave****",
    "review_id": "674446",
    "movie_id": "10088"
  },
  {
    "review": "초반에는 스파이, 마지막에는 비행 전투신 압권",
    "date": "06.01.30",
    "rating": "8",
    "author": "stsp****",
    "review_id": "633756",
    "movie_id": "10088"
  },
  {
    "review": "클린트 감독의 작품은 예나 지금이나 어떤거든 기본 이상.",
    "date": "05.04.19",
    "rating": "7",
    "author": "dga9****",
    "review_id": "262596",
    "movie_id": "10088"
  },
  {
    "review": "마하6의 최신 소련전폭기를 탈취하는 내용으로 지금봐도 흥미진진",
    "date": "05.01.12",
    "rating": "10",
    "author": "fatb****",
    "review_id": "183972",
    "movie_id": "10088"
  },
  {
    "review": "이게 이렇게 옛날 영화였다니",
    "date": "04.09.03",
    "rating": "5",
    "author": "didy****",
    "review_id": "102112",
    "movie_id": "10088"
  },
  {
    "review": "그럭저럭 재미있는 작품(재미는 아이거빙벽 정도?)",
    "date": "03.12.03",
    "rating": "7",
    "author": "tdol****",
    "review_id": "941",
    "movie_id": "10088"
  }
]