[
  {
    "review": "영화 미션치믄 이게 나와야되는데 무슨 이상한 국산영화가 메인이야 ㅡㅡ",
    "date": "15.08.25",
    "rating": "10",
    "author": "hoyo****",
    "review_id": "10274663",
    "movie_id": "10086"
  },
  {
    "review": "신념이 그들을 죽였다.",
    "date": "15.08.14",
    "rating": "8",
    "author": "sksd****",
    "review_id": "10231479",
    "movie_id": "10086"
  },
  {
    "review": "대가가 빚은게 분명한 다소 차분한 명작",
    "date": "15.08.11",
    "rating": "8",
    "author": "jyjn****",
    "review_id": "10215889",
    "movie_id": "10086"
  },
  {
    "review": "종교를 떠나 휴머니즘에 대해 한번쯤 생각하게 만드는 희대의 명작~그 유명한 넬라 판타지아 가브리엘스 오보에의 선율은 소름 돋게 만들고 엔딩신에서 나도 모르게 흐르는 눈물을 주체할 수 없었던 영화였다.",
    "date": "15.08.08",
    "rating": "10",
    "author": "sund****",
    "review_id": "10201623",
    "movie_id": "10086"
  },
  {
    "review": "영화음악 낯설지가 않았는데 이 영화였군요",
    "date": "15.08.05",
    "rating": "8",
    "author": "west****",
    "review_id": "10188808",
    "movie_id": "10086"
  },
  {
    "review": "종교가 어디를 지향해야 하는지 알려준 명작이다.로버트 드 니로가 현존하는 남자 연기자중가장 위대한 배우임을 이 영화로 확실하게 자리 매김했다고 본다마카로니 웨스턴에서의엔니오 모리코네음악은 그저 그랬는데 이영화와 시네마파라다이스로 정점에 도달",
    "date": "15.08.04",
    "rating": "10",
    "author": "nyka****",
    "review_id": "10183686",
    "movie_id": "10086"
  },
  {
    "review": "정작 그 곳의 주인인 원주민의 시각은 결여되어 있다",
    "date": "15.07.26",
    "rating": "6",
    "author": "rcan****",
    "review_id": "10148092",
    "movie_id": "10086"
  },
  {
    "review": "명작입니다.  숭고한희생 존경스럽습니다.",
    "date": "15.07.17",
    "rating": "10",
    "author": "qorj****",
    "review_id": "10111667",
    "movie_id": "10086"
  },
  {
    "review": "평론가분들,.어린저도 압니다.영화는 그속의 가치관으로만 따지는것이 아니라는것을.",
    "date": "15.07.04",
    "rating": "10",
    "author": "lbhu****",
    "review_id": "10069663",
    "movie_id": "10086"
  },
  {
    "review": "엔니오 모리꼬네의 음악만로도 가치가 충분한 영화. 드니로가 참회의 눈물을 흘릴 때 나도 따라 울었다.",
    "date": "15.06.26",
    "rating": "10",
    "author": "ldj0****",
    "review_id": "10039670",
    "movie_id": "10086"
  },
  {
    "review": "전설의 레전드급 영화인데 평론가들 평점이 ㅋㅋㅋㅋ그냥 국산 영화나 많이 보시길.",
    "date": "15.05.25",
    "rating": "10",
    "author": "hell****",
    "review_id": "9948309",
    "movie_id": "10086"
  },
  {
    "review": "가슴 한구석에 여운이 남아있는 영화~~",
    "date": "15.04.27",
    "rating": "9",
    "author": "opti****",
    "review_id": "9872924",
    "movie_id": "10086"
  },
  {
    "review": "아름다운 사람들과 아름다운 음악 그러나 비극적인 역사. 해석의 관점에 따라 기독교를 다르게 볼 수도 있다.",
    "date": "15.04.07",
    "rating": "10",
    "author": "kusa****",
    "review_id": "9833211",
    "movie_id": "10086"
  },
  {
    "review": "내가 본 로버트 드니로 작품중 제일 재미없었다. 엔니오 모리꼬네의 음악만 기억남는다.",
    "date": "15.03.22",
    "rating": "1",
    "author": "mara****",
    "review_id": "9800701",
    "movie_id": "10086"
  },
  {
    "review": "이 영화에 대해 여러가지 생각을 가질 수 있겠지만, 이 영화가 황금종려상감이 아니란건 확실합니다",
    "date": "15.02.27",
    "rating": "8",
    "author": "sjzm****",
    "review_id": "9744859",
    "movie_id": "10086"
  },
  {
    "review": "멘도자의 모습에서 감동을, 가브리엘의 오보에에서 또 한번 감동을",
    "date": "15.02.20",
    "rating": "9",
    "author": "shuo****",
    "review_id": "9720133",
    "movie_id": "10086"
  },
  {
    "review": "서양 영화에 동양 세계관이 들어가면 더 어색할수 있다는 것과 그 시대와 배경에 맞지 않는 것도 생각하지 못하는 게 정말 평론가들이 역사에 대해 제대로 아는 지 의심이 든다",
    "date": "15.02.09",
    "rating": "10",
    "author": "junh****",
    "review_id": "9681590",
    "movie_id": "10086"
  },
  {
    "review": "광휘의 어둠이라도 한줄기의 빛을 삼켜낼 수는 없다.",
    "date": "15.02.08",
    "rating": "8",
    "author": "hyuk****",
    "review_id": "9680423",
    "movie_id": "10086"
  },
  {
    "review": "원주민에 입장을 본 적이 없다",
    "date": "15.02.04",
    "rating": "1",
    "author": "c_o_****",
    "review_id": "9666062",
    "movie_id": "10086"
  },
  {
    "review": "평론가 되는 법: 대다수(대중)이 싫다는 영화 명작이라 하고, 대다수가 명작이라 하는 영화 졸작이라 하는 것",
    "date": "15.01.24",
    "rating": "10",
    "author": "alad****",
    "review_id": "9631604",
    "movie_id": "10086"
  },
  {
    "review": "황진미야..기독교 세계관이라구?? 종교에대해 알기는 하는거니?? 영화에선 천주교가 나오는데 넌 기독교를 보았니?",
    "date": "15.01.17",
    "rating": "10",
    "author": "leo2****",
    "review_id": "9604759",
    "movie_id": "10086"
  },
  {
    "review": "이 영화의 음악을 만든 엔니오 모리꼬네는 신의 노랫소리를 엿들은 것이 틀림없다..",
    "date": "15.01.11",
    "rating": "10",
    "author": "ycj1****",
    "review_id": "9585734",
    "movie_id": "10086"
  },
  {
    "review": "감동적인 영화!! 꼭봐야할영화!!",
    "date": "14.12.26",
    "rating": "10",
    "author": "love****",
    "review_id": "9517946",
    "movie_id": "10086"
  },
  {
    "review": "싫다는데 억지로 먹이고 먹은 사람은 가만히있는데 옆사람들이 서로 옳다 맞다 싸우는 내용. 아 기독교 영화는 왜 항상 자기들이 옳다는 생각에서만 다루어 지는 것인가...",
    "date": "14.12.16",
    "rating": "1",
    "author": "kjd6****",
    "review_id": "9478178",
    "movie_id": "10086"
  },
  {
    "review": "Goooㅇㅇㅇ0000d",
    "date": "14.11.17",
    "rating": "10",
    "author": "ha_j****",
    "review_id": "9394809",
    "movie_id": "10086"
  },
  {
    "review": "기자 평론가들  써논 것 좀 봐라..참. 한심하다",
    "date": "14.11.12",
    "rating": "10",
    "author": "xiii****",
    "review_id": "9373175",
    "movie_id": "10086"
  },
  {
    "review": "어자피 재앙은 모두 서구 열강 때문인데...",
    "date": "14.11.08",
    "rating": "8",
    "author": "kara****",
    "review_id": "9357277",
    "movie_id": "10086"
  },
  {
    "review": "믿음,소망,사랑중 가장 중요한것은 사랑이라네",
    "date": "14.11.04",
    "rating": "7",
    "author": "cols****",
    "review_id": "9340311",
    "movie_id": "10086"
  },
  {
    "review": "한 번 보는 것 만으로는 이해할 수 없는 영화, 몇 번을 돌려봐도 지루하지 않은 영화가 명작이라고 생각함. 딱 이 영화가 그렇다. 사실적이고 담담한 비극. 그래서 오히려 여운이 더 길게 남는다.",
    "date": "14.10.31",
    "rating": "10",
    "author": "maiu****",
    "review_id": "9332094",
    "movie_id": "10086"
  },
  {
    "review": "종교를 지내맘대로 생각하는 평점1점짜리 놈들ㅉㅉ  왜사냐?   믿기싫으면 니네만 믿지말던가  인간이면 다른 사람 종교 존중좀 하고살아 그리고기독교가이니라 천주교란다 기독교가 목사님이고 천주교가 신부님이지 상식도 없는 놈들아",
    "date": "14.10.16",
    "rating": "10",
    "author": "skag****",
    "review_id": "9296421",
    "movie_id": "10086"
  },
  {
    "review": "그러나 어둠이 빛을 이겨 본 적이 없다...",
    "date": "14.10.08",
    "rating": "10",
    "author": "ttyu****",
    "review_id": "9274135",
    "movie_id": "10086"
  },
  {
    "review": "선교가 옳은 활동이었나 를 생각해 주게 하는 영화였습니다.",
    "date": "14.10.03",
    "rating": "9",
    "author": "naye****",
    "review_id": "9258628",
    "movie_id": "10086"
  },
  {
    "review": "인디안들에게 무슨 죄가 있으랴",
    "date": "14.09.09",
    "rating": "8",
    "author": "icka****",
    "review_id": "9195590",
    "movie_id": "10086"
  },
  {
    "review": "언제봐도 감동을 주는 영화입니다",
    "date": "14.09.08",
    "rating": "10",
    "author": "ladi****",
    "review_id": "9187469",
    "movie_id": "10086"
  },
  {
    "review": "종교를 떠나 내 인생에 이렇게 감명 깊은 영화는 본적이 없다 2시간 동안 순교자들의 길을 되새겨 볼 수 있었다. 이 영화를 욕하는 사람들은 달마야 놀자를 보고 파계승이라고 하는거랑 다를 바 없다",
    "date": "14.09.08",
    "rating": "10",
    "author": "ehdg****",
    "review_id": "9182707",
    "movie_id": "10086"
  },
  {
    "review": "너무 나 감동적이었다... 나도 그들처럼  용서해야겠다평론가들을..",
    "date": "14.08.31",
    "rating": "10",
    "author": "ojuu****",
    "review_id": "9151505",
    "movie_id": "10086"
  },
  {
    "review": "김봉석,김종철,황진미  이런사람들이 평론가라니   평론가는 뽑는기준도 없나봐",
    "date": "14.08.24",
    "rating": "10",
    "author": "lww0****",
    "review_id": "9128618",
    "movie_id": "10086"
  },
  {
    "review": "프란치스코 교황의 내한  이후, 오래전  새벽미사까지 다니던 나를 떠올리며 영화 미션을  다시 보게 되었다. 믿음에 대한 그리고 종교에 대한  그간의 무관심을 되돌아본다..",
    "date": "14.08.22",
    "rating": "10",
    "author": "homi****",
    "review_id": "9121190",
    "movie_id": "10086"
  },
  {
    "review": "영원하다...의 쓰임을 가르쳐준 영화.영화의 마지막 몇줄처럼 이 영화도 그렇게 기록될 것 같다. 참 감사한 영화",
    "date": "14.08.19",
    "rating": "10",
    "author": "rhru****",
    "review_id": "9109439",
    "movie_id": "10086"
  },
  {
    "review": "가장 힘없는 이들에 대한 사랑의 무한함을 보여준 영화",
    "date": "14.08.17",
    "rating": "10",
    "author": "heur****",
    "review_id": "9099795",
    "movie_id": "10086"
  },
  {
    "review": "좋아요 꼭 보세요 후회안해요",
    "date": "14.08.15",
    "rating": "10",
    "author": "csyc****",
    "review_id": "9092677",
    "movie_id": "10086"
  },
  {
    "review": "천주교 신자는 아니지만  감동받았던 영화~음악하나만으로도 감동 그 자체~",
    "date": "14.08.14",
    "rating": "10",
    "author": "ccy6****",
    "review_id": "9081419",
    "movie_id": "10086"
  },
  {
    "review": "아무리봐도 영화를 보는 내내, 예수회 신부들의 종교적인 숭고함과 사랑 그리고 원주민의 순수함, 제국주의의 탐욕이 보이지 서구중심적인것, 지극히 자기중심적인 기독교적세계관은 눈에띄지않는다. 예수회는 실제로 문화종교를 존중하면서 선교하던 선교회였는데.",
    "date": "14.08.11",
    "rating": "10",
    "author": "nann****",
    "review_id": "9068176",
    "movie_id": "10086"
  },
  {
    "review": "종교가없지만  이영화는  정말  명작이네요...스토리적구성 특수효과  이런거  말고  그냥...못보신분들은 꼭보시길...두시간  아깝지 않아요^^;",
    "date": "14.08.11",
    "rating": "10",
    "author": "bori****",
    "review_id": "9066622",
    "movie_id": "10086"
  },
  {
    "review": "내가  보아도 서구중심적인 부분들이 많다.평론가는 평론가의 입장에서 각자의 평을 내놓는것이다 그것을 편견과 오해를 심어 내던지는 당신들의 생각이 전화하는 점이 독단적인 시각이 편견이라 생각한다. 비판과 화합을 보는 이가 없는 것이 마음아프다",
    "date": "14.08.09",
    "rating": "3",
    "author": "lini****",
    "review_id": "9057859",
    "movie_id": "10086"
  },
  {
    "review": "말이 필요없고 보기바람",
    "date": "14.08.06",
    "rating": "10",
    "author": "xx41****",
    "review_id": "9036724",
    "movie_id": "10086"
  },
  {
    "review": "그당시에 본 영화중 최고였던 열정적인 멘도자신부...나는 그를 너무나 좋아했다.",
    "date": "14.07.25",
    "rating": "7",
    "author": "snic****",
    "review_id": "8958373",
    "movie_id": "10086"
  },
  {
    "review": "포카혼타스, 아바타 등등 뻔~한 서구중심의 시각. 예수회 선교사들이 현지에 맞는 방식으로 포교를 했다고는 하지만, 결국 '미개한' 원주민들에게 서양인의 종교를 강요한 거 아닐까나. 전도고 정복이고 간에 서양인들 때문에 원주민들이 불행해졌다는 건 사실.",
    "date": "14.07.18",
    "rating": "5",
    "author": "surl****",
    "review_id": "8928626",
    "movie_id": "10086"
  },
  {
    "review": "말이 필요없는 명작. 두 신부의 갈등과 추기경의 고뇌 등등 자신이 그 상황이라면 하고 생각할만한 굵직한 주제도 많음",
    "date": "14.07.04",
    "rating": "10",
    "author": "sosi****",
    "review_id": "8882864",
    "movie_id": "10086"
  },
  {
    "review": "로버트 드 니로, 리암 니슨, 제레미 아이언스가 나와서 본 영화. 너무 고전이라 스토리 전개는 지루하지만 OST하나 만큼은 일품.",
    "date": "14.06.20",
    "rating": "6",
    "author": "jjaj****",
    "review_id": "8841975",
    "movie_id": "10086"
  },
  {
    "review": "대박 완전 대박인거지. 멋진거지",
    "date": "14.06.15",
    "rating": "10",
    "author": "colo****",
    "review_id": "8833234",
    "movie_id": "10086"
  },
  {
    "review": "기자 평론가 개 삐딱한듯....  이런 좋은 영화를 보고서 평을 그따구로 밖에 못주냐?  어떤 기준으로 기자, 평론가를 뽑는거지?!",
    "date": "14.06.11",
    "rating": "10",
    "author": "sima****",
    "review_id": "8821476",
    "movie_id": "10086"
  },
  {
    "review": "어렸을때 티비에서 해준걸 졸면서 봤는데  다시 보고 싶어서 찾아보는데 어디에도 없다. 영화보다는 ost가 더 기억에 남는다.",
    "date": "14.05.30",
    "rating": "8",
    "author": "miin****",
    "review_id": "8778304",
    "movie_id": "10086"
  },
  {
    "review": "롤랑 조페 인생의 영화가 될 듯.",
    "date": "14.05.29",
    "rating": "10",
    "author": "pont****",
    "review_id": "8772852",
    "movie_id": "10086"
  },
  {
    "review": "자기중심적,서구중심적 이라는 말의 뜻을 모르는가? 무식한거 티내냐?",
    "date": "14.05.18",
    "rating": "6",
    "author": "tjrw****",
    "review_id": "8744383",
    "movie_id": "10086"
  },
  {
    "review": "이 영화 어디서 관람 혹은 다운로드(유료 든 무료든) 가능한가요?",
    "date": "14.05.06",
    "rating": "10",
    "author": "kang****",
    "review_id": "8711715",
    "movie_id": "10086"
  },
  {
    "review": "가톨릭,원주민,포르투갈을 둘러싼 국제정치, 종교문명,군사력,자연에 대한 서사시. 사랑의 신은 위대하지만 탐욕의 신앞에 속수무책 .희생자는 자연을 상징하는 과라니족. 지금도 그에 못지않는 신에 의해 또다른 과라니족이 울고있지는 않은지.",
    "date": "14.05.05",
    "rating": "9",
    "author": "mrle****",
    "review_id": "8705494",
    "movie_id": "10086"
  },
  {
    "review": "미션이 필요없었던 곳...;;;",
    "date": "14.05.04",
    "rating": "8",
    "author": "popy****",
    "review_id": "8699938",
    "movie_id": "10086"
  },
  {
    "review": "작금에  교계  지도자들이 꼭 봐야 될 영화",
    "date": "14.05.04",
    "rating": "10",
    "author": "yeon****",
    "review_id": "8699837",
    "movie_id": "10086"
  },
  {
    "review": "평론가 님들아... 그럴듯한 철학자의 말을 빌려오시던가... 그런 식으로 신성모독하는 것에 대하여 생각은 해보셨는지....? 사고는 할 줄 아나요?",
    "date": "14.05.04",
    "rating": "10",
    "author": "z676****",
    "review_id": "8699187",
    "movie_id": "10086"
  },
  {
    "review": "우리가 만들고지켜나가야할 세상",
    "date": "14.05.04",
    "rating": "10",
    "author": "huny****",
    "review_id": "8699164",
    "movie_id": "10086"
  },
  {
    "review": "드니로형에 제레미형까지..각자의 방법으로 신념을 지키는 두 사제의 연기를 이 만큼 표현해낼 배우가 있을까?꼭 기독교가 아니더라도 종교가 있는 사람들 아니 없더라도 세상을 살면서 한번은 곱씹어봐야 할 영화다.언제봐도 '아..'하는  탄식이 나오는 영화.",
    "date": "14.05.04",
    "rating": "10",
    "author": "blue****",
    "review_id": "8699130",
    "movie_id": "10086"
  },
  {
    "review": "서구중심적일 수 밖에 없고, 기독교 중심적일 수 밖에 없다. 역사가 그래왔고, 이 영화도 그들이 만든 것이니... 총에 의해서든 기독교에 의해서든 서구의 침략역사를 일부러 눈물을 빼는 감상을 배제하고 그리려했다는 점에 서 높이 평가될만 하다고 본다",
    "date": "14.05.04",
    "rating": "9",
    "author": "heun****",
    "review_id": "8699084",
    "movie_id": "10086"
  },
  {
    "review": "이 영화로 서구중심적 세계관이나..종교를..따지는것은좀 저급한 평이다.. 음... 오히려.. 누가더 ...미개한 쪽인지뚜렷하게 알게해주는 영화라 말하고싶다.",
    "date": "14.05.04",
    "rating": "8",
    "author": "qwee****",
    "review_id": "8699081",
    "movie_id": "10086"
  },
  {
    "review": "어릴적 보았던 영화의 감동",
    "date": "14.05.04",
    "rating": "10",
    "author": "wpmo****",
    "review_id": "8698923",
    "movie_id": "10086"
  },
  {
    "review": "진정한 성경적인 사랑을 실천한 신부의 이야기.... 그것을 단지 기독교적 색채가 있다는 이유만으로 비방하는 것은 너무 무리인 듯.",
    "date": "14.05.04",
    "rating": "10",
    "author": "drka****",
    "review_id": "8698852",
    "movie_id": "10086"
  },
  {
    "review": "와인 쳐마시면서 누벨바그가 어떻네 타란티노가 어떻네 떠들고 있을 평론가들이 서구중심 영화니 어쩌니 육갑들 떨고 있다",
    "date": "14.05.03",
    "rating": "10",
    "author": "spug****",
    "review_id": "8698763",
    "movie_id": "10086"
  },
  {
    "review": "영화가 주는 교훈은 물론  뜯 깊었지만 기독교가 아닌 나로서는 이해를 하지 못하는 부분이 많았다.  남을 돕고 봉사를 하며 산다고 속죄가 되는가 에도 의문을 품게되고 그게 종교로 승화가되나 라는 의문을 갖고 봤다. 아직 내가 어려서 그런건가...",
    "date": "14.04.03",
    "rating": "7",
    "author": "youn****",
    "review_id": "8625134",
    "movie_id": "10086"
  },
  {
    "review": "죽기전에 반드시봐야할 최고의영화",
    "date": "14.03.31",
    "rating": "10",
    "author": "oasi****",
    "review_id": "8619624",
    "movie_id": "10086"
  },
  {
    "review": "이 영화의 중심 주제인 '성경적 사랑' 을 이해하지 못한 채 기독교에 대한 편협한 시각을 가지고 헛다리를 짚고 있는 관람객들이 많은 것 같아서 심히 안타깝다...사대주의니 서구중심주의니 제국주의니 하는 것은 이 영화의 제작의도와는 상관 없는데 말이다",
    "date": "14.03.28",
    "rating": "10",
    "author": "abc5****",
    "review_id": "8612186",
    "movie_id": "10086"
  },
  {
    "review": "진리에 순종하는 기독교 정신과 현실에 복종했던 종교를 잘 대비시켜 준 영화. 머리가 아닌 가슴으로 세상을 느낄 필요가 있음을 다시 한번 깨우쳐 준 영화. 리암 니슨의 젊은 시절을 보여준 영화.",
    "date": "14.03.25",
    "rating": "9",
    "author": "lvj0****",
    "review_id": "8606569",
    "movie_id": "10086"
  },
  {
    "review": "누군가는 정신승리하고.. 누군가는 무자비한 힘과 돈, 권력, 탐욕으로 이 세상을 결국 지배했다. 그리고 지배하고 있다.",
    "date": "14.03.16",
    "rating": "10",
    "author": "stak****",
    "review_id": "8581796",
    "movie_id": "10086"
  },
  {
    "review": "OST만 들어도 감동이 오는 명작 꼭 보세요",
    "date": "14.02.28",
    "rating": "10",
    "author": "biru****",
    "review_id": "8544698",
    "movie_id": "10086"
  },
  {
    "review": "동서구 프레임으로 나눠보는 것 자체가 '프레임' 아닌가.",
    "date": "14.02.20",
    "rating": "10",
    "author": "m_ja****",
    "review_id": "8523301",
    "movie_id": "10086"
  },
  {
    "review": "서구인들이 만들었으니 당연히 서구 중심적일 수 밖에...남미인들이 만든 영화가 남미 중심적어있어도 이렇게 비난할 텐가.",
    "date": "14.02.10",
    "rating": "10",
    "author": "chas****",
    "review_id": "8494964",
    "movie_id": "10086"
  },
  {
    "review": "명성이 너무 자자해서 기대이하이지만 그래도 사랑..",
    "date": "14.02.01",
    "rating": "8",
    "author": "kdy3****",
    "review_id": "8459706",
    "movie_id": "10086"
  },
  {
    "review": "아름답다. 귀에 익은 ost들 또한",
    "date": "14.01.30",
    "rating": "8",
    "author": "stj1****",
    "review_id": "8451571",
    "movie_id": "10086"
  },
  {
    "review": "무력이 옳다면 사랑이 설자리가 없소...사랑이 무엇인지 다시금 일깨워준 영화.",
    "date": "14.01.17",
    "rating": "10",
    "author": "sbs5****",
    "review_id": "8392547",
    "movie_id": "10086"
  },
  {
    "review": "감동그자체의영화입니다.",
    "date": "14.01.06",
    "rating": "10",
    "author": "xotn****",
    "review_id": "8355035",
    "movie_id": "10086"
  },
  {
    "review": "권력보다 강한것은 믿음임을 깨닫게하는영화입니다. 신앙인으로서 많은 메시지를 주는좋은 영화네요. 감동적입니다.",
    "date": "14.01.02",
    "rating": "10",
    "author": "ysga****",
    "review_id": "8339354",
    "movie_id": "10086"
  },
  {
    "review": "신부님들이 인디언들의 권리를 찾아주기위해목숨을 걸고 인디언들과 함께 하는 모습은 매우 감명깊었습니다. 모두 주님이 계신 천국에서 편히 쉬시기를...",
    "date": "14.01.02",
    "rating": "10",
    "author": "yssn****",
    "review_id": "8339297",
    "movie_id": "10086"
  },
  {
    "review": "명작중에 명작이라 할 수잌다",
    "date": "13.12.25",
    "rating": "10",
    "author": "chrm****",
    "review_id": "8293805",
    "movie_id": "10086"
  },
  {
    "review": "가브리엘 신부의 오보에 소리와 그가 십자가를 들고 원주민들과 함께 총탄이 쏟아지는 길로 나아가는 장면은 정말이지 그냥 가슴 깊은 곳에 각인 되어버렸습니다. 죽을 때까지 잊혀지지 않을 것 같네요. 정말 명작입니다!",
    "date": "13.12.18",
    "rating": "10",
    "author": "m102****",
    "review_id": "8230434",
    "movie_id": "10086"
  },
  {
    "review": "너무나 감동적인 명화입니다",
    "date": "13.12.17",
    "rating": "10",
    "author": "yoga****",
    "review_id": "8221447",
    "movie_id": "10086"
  },
  {
    "review": "전문가 평점은 전문가라 할수없는 저질스런 평점 뿐이네요내생에 최고의 명작입니다.",
    "date": "13.12.05",
    "rating": "10",
    "author": "bjon****",
    "review_id": "8191029",
    "movie_id": "10086"
  },
  {
    "review": "정말 감동적인 영화. 오랜만에 정말 감동 받았다. 인간의 욕심에 의해 희생된 그들은 영원히 내 가슴 속에 남을 것 같다. 그리고 이 곡 ost도 정말 좋았다. 평소에 많이 들어본 곡이 정말 다른 느낌으로 다가왔다.",
    "date": "13.11.18",
    "rating": "10",
    "author": "god1****",
    "review_id": "8150850",
    "movie_id": "10086"
  },
  {
    "review": "유럽사 오타쿠라면 즐길 수밖에 없으나, 안에 담긴 정치성에는 거부감이.",
    "date": "13.10.28",
    "rating": "7",
    "author": "tear****",
    "review_id": "8096827",
    "movie_id": "10086"
  },
  {
    "review": "대자연에 아름다움이 한폭에 그림같이 펼쳐진 화면과   영화 곳곳에서 나오는 넬라판타시아의 아름다운 선율이 감미롭다.",
    "date": "13.10.26",
    "rating": "9",
    "author": "kyo1****",
    "review_id": "8089970",
    "movie_id": "10086"
  },
  {
    "review": "진정으로하느님이원하신종교전파에대한이야기와사람의이기심을표현한영화",
    "date": "13.10.26",
    "rating": "10",
    "author": "wkfd****",
    "review_id": "8089777",
    "movie_id": "10086"
  },
  {
    "review": "내 나이 마흔세살에 미션을 보았다.이런 명작을 이제서야 보다니.... 미션.... 제목에 속지마라.",
    "date": "13.10.14",
    "rating": "10",
    "author": "hurc****",
    "review_id": "8060360",
    "movie_id": "10086"
  },
  {
    "review": "액션파들아 잘들어장르가 드라마잖아왜 쳐봐가지고 괜히 평점깎고 난리여 ㅋㅋ종교를 굳이 안봐도 내용을 보고 평점주는것이지 ㅉㅉ",
    "date": "13.10.13",
    "rating": "10",
    "author": "jsh7****",
    "review_id": "8058029",
    "movie_id": "10086"
  },
  {
    "review": "정말 재밌어요. 특히 영화에서 나오는 넬라판타지아 인상깊네요.",
    "date": "13.10.13",
    "rating": "10",
    "author": "bayd****",
    "review_id": "8058023",
    "movie_id": "10086"
  },
  {
    "review": "지금에야  이영화를 보게됐는지. 넘 좋은 영화였다. 글구 이 영화 주인공은 카돌릭 예수회인데 기독교라고 쓴  분들은 참 답이없고, 암튼 유럽인들의 야만성에 절로 고개가 숙연해질수밖에 없는 영화, 그렇게 희생당한 분들이 얼마나 많을까. 안타깝다.",
    "date": "13.09.22",
    "rating": "10",
    "author": "taei****",
    "review_id": "8010579",
    "movie_id": "10086"
  },
  {
    "review": "엔리오 모리코네의 ost 만으로도 10점이다. 길거리를 걷다가 ost 멜로디를 잠깐만 스치게 되어도 그 옛날 보았던 이 영화의 헌신적이고 성스러운 분위기가 다시금 상기된다.",
    "date": "13.09.20",
    "rating": "10",
    "author": "ljho****",
    "review_id": "7999009",
    "movie_id": "10086"
  },
  {
    "review": "훌륭합니다. 요즘은 볼수 없는 그런류의 영화. 가톨릭인분은 꼭 보시고 종교 안믿더라도 한번 보시길 바랍니다.",
    "date": "13.09.08",
    "rating": "10",
    "author": "idbr****",
    "review_id": "7957780",
    "movie_id": "10086"
  },
  {
    "review": "훌륭합니다",
    "date": "13.09.05",
    "rating": "9",
    "author": "lim7****",
    "review_id": "7948583",
    "movie_id": "10086"
  },
  {
    "review": "마음이 찡하다..",
    "date": "13.09.05",
    "rating": "10",
    "author": "jk60****",
    "review_id": "7948397",
    "movie_id": "10086"
  },
  {
    "review": "굿",
    "date": "13.08.12",
    "rating": "9",
    "author": "juno****",
    "review_id": "7871392",
    "movie_id": "10086"
  },
  {
    "review": "솔직히 너무 고평가기독교인들이 평점을 더 줬나",
    "date": "13.08.09",
    "rating": "4",
    "author": "kcc3****",
    "review_id": "7861149",
    "movie_id": "10086"
  },
  {
    "review": "초반 넬라판타지아를 피리로 부는 신부의 모습은 기억 속에 잊혀지지가 않는다",
    "date": "13.08.08",
    "rating": "9",
    "author": "ligh****",
    "review_id": "7858184",
    "movie_id": "10086"
  }
]