[
  {
    "review": "어릴때 보고 정말이지 묵직한 부성애와 사랑하는 사람과의 슬픔, 인생의 복잡함을 느꼈다. 눈물 방울 외에는 어떠한 비평도 쓰여질 수 없다.",
    "date": "15.05.26",
    "rating": "10",
    "author": "flor****",
    "review_id": "9952556",
    "movie_id": "10090"
  },
  {
    "review": "리키슈로더,릭슈뢰더 릭슈로더? 요즘은 다양하게 불리는것같다.오리지널은30년대 영화인데 유명세를 탄건 78년 이 영화다.당시 극장안은 그야말로 눈물바다였는데 지금 봐도 슈로더의 연기는 일품이다.요즘 동서양을 막론하고 아역중에 그런 영혼의 연기를할수있나",
    "date": "15.02.28",
    "rating": "7",
    "author": "alex****",
    "review_id": "9748031",
    "movie_id": "10090"
  },
  {
    "review": "가슴 저미는 감동..,,",
    "date": "14.08.28",
    "rating": "1",
    "author": "mool****",
    "review_id": "9140140",
    "movie_id": "10090"
  },
  {
    "review": "너무나 진한감동이 잊혀지지않는다 다시보고싶다",
    "date": "14.08.14",
    "rating": "10",
    "author": "cmk7****",
    "review_id": "9084987",
    "movie_id": "10090"
  },
  {
    "review": "70년대 영화라는게 믿기질않는다!!영화오버더톱이랑 비슷함.",
    "date": "14.07.16",
    "rating": "10",
    "author": "asz6****",
    "review_id": "8921557",
    "movie_id": "10090"
  },
  {
    "review": "원래 감동적인 영화에 눈물 흘리는 편이긴 하지만 42살 평생 가장 눈물뺐던 영화를 꼽으라면 '챔프'. 그냥 소나기였습니다. 진심으로..",
    "date": "14.05.07",
    "rating": "10",
    "author": "sang****",
    "review_id": "8713467",
    "movie_id": "10090"
  },
  {
    "review": "어릴 때 보면서 너무 슬퍼서 엉엉 울었던 기억이 나군요. 두 아이의 부모가 되어서 보니 아이의 관점이 아니라 부모의 관점이 보입니다. 아이가 슬픔에 북받쳐 \"챔프\" 부르는 소리가 귓가에 맴돕니다..",
    "date": "13.05.21",
    "rating": "10",
    "author": "grac****",
    "review_id": "7545584",
    "movie_id": "10090"
  },
  {
    "review": "그냥 봐도 후회 하지 않는 영화?",
    "date": "12.12.27",
    "rating": "10",
    "author": "8523****",
    "review_id": "7052464",
    "movie_id": "10090"
  },
  {
    "review": "감동감동",
    "date": "12.12.27",
    "rating": "10",
    "author": "olli****",
    "review_id": "7052446",
    "movie_id": "10090"
  },
  {
    "review": "넘 슬퍼~",
    "date": "12.12.09",
    "rating": "10",
    "author": "antn****",
    "review_id": "6987059",
    "movie_id": "10090"
  },
  {
    "review": "f리키 슈러더에  그  주근깨  얼굴... 마지막장면에서  울부짖던  모습이  잊혀지질않는....~~~",
    "date": "12.11.05",
    "rating": "9",
    "author": "bbud****",
    "review_id": "6858632",
    "movie_id": "10090"
  },
  {
    "review": "주제곡 if you remember me와 더불어 영화를 떠올리면 눈물이 주루루...",
    "date": "12.05.25",
    "rating": "10",
    "author": "mani****",
    "review_id": "6330373",
    "movie_id": "10090"
  },
  {
    "review": "Champ!!  Wake up!!!  ㅠㅠ",
    "date": "12.05.13",
    "rating": "10",
    "author": "pete****",
    "review_id": "6294121",
    "movie_id": "10090"
  },
  {
    "review": "인생 최고의 감동 명작임. 눈물의 원자폭탄~~감동 그자체임. 초강추 영화",
    "date": "11.09.27",
    "rating": "10",
    "author": "top9****",
    "review_id": "5755031",
    "movie_id": "10090"
  },
  {
    "review": "클레멘타인의 모태가 된 유산같은 작품!! 고마워요 프랑코 제페렐리",
    "date": "11.08.01",
    "rating": "10",
    "author": "muze****",
    "review_id": "5588688",
    "movie_id": "10090"
  },
  {
    "review": "감동적인 영화지만 커서 보니깐 좀..",
    "date": "10.04.07",
    "rating": "8",
    "author": "yuye****",
    "review_id": "4417175",
    "movie_id": "10090"
  },
  {
    "review": "흑흑 눈물없인 볼수없는 ㅠㅠ",
    "date": "10.03.09",
    "rating": "10",
    "author": "kate****",
    "review_id": "4345658",
    "movie_id": "10090"
  },
  {
    "review": "가슴 저미는 감동을 안겨준 영화",
    "date": "10.01.10",
    "rating": "10",
    "author": "capi****",
    "review_id": "4155880",
    "movie_id": "10090"
  },
  {
    "review": "옛날영화라 그런지 크게 슬프진 않으나 70년대 영화치곤 수작",
    "date": "09.11.18",
    "rating": "8",
    "author": "real****",
    "review_id": "3974133",
    "movie_id": "10090"
  },
  {
    "review": "눈물 없이는 볼 수 없는 영화",
    "date": "09.02.10",
    "rating": "10",
    "author": "yoon****",
    "review_id": "3292087",
    "movie_id": "10090"
  },
  {
    "review": "아역배우의 얼굴과 목소리가 잊혀지지 않는다.",
    "date": "09.01.13",
    "rating": "10",
    "author": "jmp0****",
    "review_id": "3217813",
    "movie_id": "10090"
  },
  {
    "review": "국민학교때 봤는데 엄청울었다.. 주제곡도 기억나 When you remember me~",
    "date": "08.11.02",
    "rating": "10",
    "author": "gamm****",
    "review_id": "3030681",
    "movie_id": "10090"
  },
  {
    "review": "이보다 더 슬플수는 없다",
    "date": "07.09.05",
    "rating": "10",
    "author": "baks****",
    "review_id": "2002723",
    "movie_id": "10090"
  },
  {
    "review": "연기잘한다 김태희나 김아중보다 잘한다",
    "date": "07.05.30",
    "rating": "10",
    "author": "1vag****",
    "review_id": "1672658",
    "movie_id": "10090"
  },
  {
    "review": "봤는데... 명작인데... 기억이...",
    "date": "07.05.15",
    "rating": "9",
    "author": "vict****",
    "review_id": "1639508",
    "movie_id": "10090"
  },
  {
    "review": "펑펑 울었음 ㅠㅠ",
    "date": "07.04.22",
    "rating": "10",
    "author": "hiho****",
    "review_id": "1600295",
    "movie_id": "10090"
  },
  {
    "review": "미국판 최루 멜로 드라마라는 영화평에 공감한다",
    "date": "07.03.28",
    "rating": "6",
    "author": "nala****",
    "review_id": "1560039",
    "movie_id": "10090"
  },
  {
    "review": "말이 필요없다 최고..",
    "date": "07.02.02",
    "rating": "10",
    "author": "kimj****",
    "review_id": "1436922",
    "movie_id": "10090"
  },
  {
    "review": "멋진 영화~~",
    "date": "06.10.02",
    "rating": "10",
    "author": "clou****",
    "review_id": "1155109",
    "movie_id": "10090"
  },
  {
    "review": "그 감동 그대로",
    "date": "06.09.04",
    "rating": "10",
    "author": "zeed****",
    "review_id": "1101322",
    "movie_id": "10090"
  },
  {
    "review": "아이워너챔프~!!슬픈 가족영화로 기억 남을 듯..ㅜㅜ",
    "date": "06.01.07",
    "rating": "10",
    "author": "dlp0****",
    "review_id": "568306",
    "movie_id": "10090"
  },
  {
    "review": "감동스런 영화였습니다....",
    "date": "05.09.03",
    "rating": "10",
    "author": "anti****",
    "review_id": "392181",
    "movie_id": "10090"
  },
  {
    "review": "옛날에봤지만 그때 눈물이 펑펑.리키연기 최고.",
    "date": "04.11.20",
    "rating": "10",
    "author": "kjon****",
    "review_id": "148812",
    "movie_id": "10090"
  },
  {
    "review": "최고의 영화라고 자신있게 말 할 수 있다. 나를 3번이나 울렸다.",
    "date": "04.11.03",
    "rating": "10",
    "author": "hhy6****",
    "review_id": "138277",
    "movie_id": "10090"
  },
  {
    "review": "얼마전에 TV에서또봤습니다 리키에연기에 눈물이,,,,,",
    "date": "04.08.27",
    "rating": "10",
    "author": "toky****",
    "review_id": "97818",
    "movie_id": "10090"
  },
  {
    "review": "옛날 영화지만, 잔잔한 감동이 일품이였다.",
    "date": "04.06.27",
    "rating": "10",
    "author": "mora****",
    "review_id": "61242",
    "movie_id": "10090"
  }
]