[
  {
    "review_id": "10071006",
    "movie_id": "100916",
    "author": "arie****",
    "review": "8.5점짜리 영화입니다. 평점이 너무 낮아서 10점 드려요잔잔하게 시작해서 몰입도있게 끌고가고 법정장면들이 흥미롭습니다.완벽하지않은 보통의 사람들이 치유해가고 바로잡아가는 과정이 잼있네요 특히 화장지운 케이트 베켄세일은 정말 이쁨 진심 개이뻐요ㅋㅋ",
    "rating": "10",
    "date": "15.07.05"
  },
  {
    "review_id": "9748251",
    "movie_id": "100916",
    "author": "cont****",
    "review": "케이트에 대한 묘사가 부족하고, 주제로 몰아가는 연출도 부족하다.",
    "rating": "6",
    "date": "15.03.01"
  },
  {
    "review_id": "9431589",
    "movie_id": "100916",
    "author": "oojj****",
    "review": "어디선가 본 내용이다. 여주인공이 예뻐서 봤다.",
    "rating": "4",
    "date": "14.11.29"
  },
  {
    "review_id": "9425355",
    "movie_id": "100916",
    "author": "id_r****",
    "review": "well made work..very impressive. .",
    "rating": "10",
    "date": "14.11.27"
  },
  {
    "review_id": "9404659",
    "movie_id": "100916",
    "author": "mute****",
    "review": "첫씬부터 마음을 후벼팠다. 데드걸 감독이었다.",
    "rating": "10",
    "date": "14.11.20"
  },
  {
    "review_id": "9279240",
    "movie_id": "100916",
    "author": "nimm****",
    "review": "나 정말 충격 받았음.. 이런 영화에 평점 6점이라니..  와우!!!",
    "rating": "10",
    "date": "14.10.09"
  },
  {
    "review_id": "8978533",
    "movie_id": "100916",
    "author": "eei7****",
    "review": "개인적으로 평점 8점정도 주고싶은데 생각보다 평점이많이 낮아서 10점합니다. 저는 되게 재밌게 본것같은데 평점심하게 낮게주시는분들은 왜그렇게낮게주신지 잘 모르겟네요..;",
    "rating": "10",
    "date": "14.07.29"
  },
  {
    "review_id": "8877064",
    "movie_id": "100916",
    "author": "crea****",
    "review": "의외로 저런일 많을듯.근대 쟤네는 일사부재리의 법칙도 없나..",
    "rating": "6",
    "date": "14.07.02"
  },
  {
    "review_id": "8819330",
    "movie_id": "100916",
    "author": "seve****",
    "review": "저는 아주 잘 봤습니다. 자기 자신의 모습에 괴로워할 일이 없었던 사람은 모를 장면들이 많습니다. 행복에 젖은 사람들은 아마 지루할 거라 봅니다.",
    "rating": "9",
    "date": "14.06.10"
  },
  {
    "review_id": "8814529",
    "movie_id": "100916",
    "author": "shas****",
    "review": "KTX 아니였다면... 안 봤을 영화... T.T",
    "rating": "6",
    "date": "14.06.08"
  },
  {
    "review_id": "8813844",
    "movie_id": "100916",
    "author": "engr****",
    "review": "변호인의 양심선언,, 마지막에 뭘 의미하는지도모르겠네유,,",
    "rating": "5",
    "date": "14.06.08"
  },
  {
    "review_id": "8812951",
    "movie_id": "100916",
    "author": "radm****",
    "review": "음...뭐랄까요..전개가 막무가내식으로 밀고나가며 결국엔 결말이이상합니다. 다보고 나서 느끼는 딱 한단어 '그래서 뭐' 보고나서 남는게 없습니다. 송강호씨 주연의 변호인보다 훨씬 못합니다",
    "rating": "1",
    "date": "14.06.08"
  },
  {
    "review_id": "8790608",
    "movie_id": "100916",
    "author": "y200****",
    "review": "억지스러운 전개....",
    "rating": "3",
    "date": "14.06.03"
  },
  {
    "review_id": "8785003",
    "movie_id": "100916",
    "author": "purp****",
    "review": "오늘 ktx 영화칸에서 봤는데 넘 재미없음..",
    "rating": "3",
    "date": "14.06.01"
  },
  {
    "review_id": "8784561",
    "movie_id": "100916",
    "author": "dbzh****",
    "review": "법정물치곤 긴박감도 없고....",
    "rating": "5",
    "date": "14.06.01"
  },
  {
    "review_id": "8781970",
    "movie_id": "100916",
    "author": "hicc****",
    "review": "베킨세일 여전히 아름답습니다. 연기도 좋았어요 !",
    "rating": "8",
    "date": "14.05.31"
  },
  {
    "review_id": "8773700",
    "movie_id": "100916",
    "author": "trac****",
    "review": "소재의 식상함, 편집의 부실함, 짧은 런닝타임 임에도 길게 느껴진다.",
    "rating": "5",
    "date": "14.05.29"
  },
  {
    "review_id": "8765114",
    "movie_id": "100916",
    "author": "kong****",
    "review": "그럭저럭 봤습니다. 뭘 전달하려는지는 알겠으나 다소 디테일이 좀 아쉽습니다. 워킹맘, 증거조작, 누명 등  복선이 섬세하게 그려졌다면  좋았을 것 같네요..",
    "rating": "7",
    "date": "14.05.25"
  },
  {
    "review_id": "8764525",
    "movie_id": "100916",
    "author": "bbq2****",
    "review": "맥콜 한잔도 아까운 영화",
    "rating": "5",
    "date": "14.05.25"
  },
  {
    "review_id": "8762726",
    "movie_id": "100916",
    "author": "guev****",
    "review": "탄탄한 이야기가 초반의 흥미를 줄곧 유지하는군",
    "rating": "7",
    "date": "14.05.25"
  },
  {
    "review_id": "8761575",
    "movie_id": "100916",
    "author": "bles****",
    "review": "아리송한 피고, 아리송한 변호사",
    "rating": "6",
    "date": "14.05.24"
  },
  {
    "review_id": "8760449",
    "movie_id": "100916",
    "author": "wise****",
    "review": "여러가지 주제를 한데 버무린거 같은 영화. 근데 통일성이나 연관성이 약간은 부족한듯한 영화. 그냥 억울한 피고인 변호 잘해서 석방시키는 주제로 쭉 밀고 나갔으면 하는 생각이~",
    "rating": "7",
    "date": "14.05.24"
  },
  {
    "review_id": "8759996",
    "movie_id": "100916",
    "author": "do11****",
    "review": "재미는 있는데  솔직히 아무리 부패한 경찰이라도 자기와 상관없는 일을 조작하다니.ㅡㅡ;좀 그랬슴",
    "rating": "7",
    "date": "14.05.24"
  },
  {
    "review_id": "8757516",
    "movie_id": "100916",
    "author": "534k****",
    "review": "3빠다 10점 주마...",
    "rating": "10",
    "date": "14.05.23"
  },
  {
    "review_id": "8756994",
    "movie_id": "100916",
    "author": "qorr****",
    "review": "재밋냐 이거 별로같은데",
    "rating": "1",
    "date": "14.05.23"
  },
  {
    "review_id": "8756207",
    "movie_id": "100916",
    "author": "saim****",
    "review": "음 나름 볼만한 영화입니다 메세지도 있구요",
    "rating": "10",
    "date": "14.05.23"
  }
]