[
  {
    "review_id": "10236445",
    "movie_id": "100985",
    "author": "sall****",
    "review": "데이빗듈리스 나와서 봤는데 영화내용이 너무 심오하다.심오하다못해 무슨내용인지 모르겠다.어려운영화는 찾아 즐겨보는 편인데 이 영화는 좀...",
    "rating": "5",
    "date": "15.08.15"
  },
  {
    "review_id": "10055493",
    "movie_id": "100985",
    "author": "lyk0****",
    "review": "뻔한 얘기를 SF배경으로 수수께끼, 선문답처럼 말한다. 독특한 듯 보이나 새로울 게 하나도 없는 영화.",
    "rating": "4",
    "date": "15.06.30"
  },
  {
    "review_id": "10038308",
    "movie_id": "100985",
    "author": "pall****",
    "review": "좁은 길을 가야할 자가 악마에게 흔들리는 이야기.",
    "rating": "6",
    "date": "15.06.26"
  },
  {
    "review_id": "9998914",
    "movie_id": "100985",
    "author": "ssds****",
    "review": "멜라니 티에리 유두말고는 볼 것 없음.",
    "rating": "1",
    "date": "15.06.14"
  },
  {
    "review_id": "9998557",
    "movie_id": "100985",
    "author": "jk60****",
    "review": "평점조절. 딱 7점 영화..지겹고 그런저럭 볼만한데 찾아서 볼정도는 아니다",
    "rating": "1",
    "date": "15.06.14"
  },
  {
    "review_id": "9994141",
    "movie_id": "100985",
    "author": "rand****",
    "review": "뭔 이야기를 하고 싶은건지 도통 알 수가 없는 영화네.",
    "rating": "2",
    "date": "15.06.12"
  },
  {
    "review_id": "9855830",
    "movie_id": "100985",
    "author": "keve****",
    "review": "나름 작품성이 있고 심오한 세계가 있지만 일반인들이 이해하기는 어려울 것이다..",
    "rating": "8",
    "date": "15.04.21"
  },
  {
    "review_id": "9756688",
    "movie_id": "100985",
    "author": "pass****",
    "review": "난 결국 35분 정도 보다가 포기함....",
    "rating": "4",
    "date": "15.03.04"
  },
  {
    "review_id": "9745473",
    "movie_id": "100985",
    "author": "powe****",
    "review": "삶의의미는 이 세상이 무의미함을 찾아내려는게아니라 내가 이 세상에 태어나서 어떠한 사람이 되겠다는 사명감을 가지면 자연스레생기는것이다 또 현실이든 가상세계든결국은 그것이 무의미함을 뜻할수도있지만 실존하지않는 존재는 우리 영혼속에 있음을 생각하게하는의도",
    "rating": "5",
    "date": "15.02.28"
  },
  {
    "review_id": "9559945",
    "movie_id": "100985",
    "author": "0411****",
    "review": "전달메세지가 뭔지는 잘 몰라도 절대 지루하진 않았다. 이것저것 생각할 수 있게 해준 점, 다양한 볼거리를 보여준점 맘에 드는 부분도 많았다. 그리고 각 캐릭터와 소품등의 의미를 찾아보려 애썼지만 역시 역부족... 감독의 제작의도를 직접 들어보고싶다",
    "rating": "7",
    "date": "15.01.04"
  },
  {
    "review_id": "9533795",
    "movie_id": "100985",
    "author": "cksn****",
    "review": "최첨단 기술력으로 덧칠되었지만 자폐의 늪에 빠져버린 '브라질'의 악몽. 현실을 잊고 모든 것을 삼켜버릴 제로와 공허에 빠져서야 비로소 자기만의 자유과 안식을 얻는다.",
    "rating": "8",
    "date": "14.12.29"
  },
  {
    "review_id": "9530179",
    "movie_id": "100985",
    "author": "kils****",
    "review": "제 취향엔 안 맞는 것 같습니다.",
    "rating": "2",
    "date": "14.12.28"
  },
  {
    "review_id": "9421186",
    "movie_id": "100985",
    "author": "kang****",
    "review": "숨겨진 매력넘치는 여배우를 발견했다 게다가 그녀는 \"핑유\"다",
    "rating": "7",
    "date": "14.11.25"
  },
  {
    "review_id": "9335049",
    "movie_id": "100985",
    "author": "meta****",
    "review": "답이 없는 문제.. 아니 인간이라면 답을 찾을수 없는 문제를 가지고 시시콜콜하게 만들려고하니 어설픈 영화가 되어버리지 진짜 12 몽키즈라는 대작을 만든 감독이 맞는가 싶을정도로 조잡하다. 차라리 종교영화를 대놓고 만들지 이건 뭐",
    "rating": "4",
    "date": "14.11.01"
  },
  {
    "review_id": "9310254",
    "movie_id": "100985",
    "author": "6820****",
    "review": "개인의 취향인듯평점보고 안봣으면 후회할뻔한 영화",
    "rating": "10",
    "date": "14.10.23"
  },
  {
    "review_id": "9293364",
    "movie_id": "100985",
    "author": "good****",
    "review": "대사랑 인물들에게 굉장한 집중을 요구하는 영화라 피곤했다, 하지만 보기를 추천한다",
    "rating": "8",
    "date": "14.10.15"
  },
  {
    "review_id": "9277483",
    "movie_id": "100985",
    "author": "arcl****",
    "review": "묵직한 주제에 여운도 있지만 얘기하는 방식이 마음에 안든다. 바꿔말하면 졸리다.",
    "rating": "6",
    "date": "14.10.09"
  },
  {
    "review_id": "9238114",
    "movie_id": "100985",
    "author": "arti****",
    "review": "테리 길리엄은 사이버 펑크보다 스팀 펑크가 어울린다.",
    "rating": "7",
    "date": "14.09.24"
  },
  {
    "review_id": "9236333",
    "movie_id": "100985",
    "author": "cast****",
    "review": "조금 보다가 이거 고도를 기다리며 그런류인가 하는 생각이 들더군요. 그래서 30분동안 재미를 못느꼈지만 계속봤습니다.  나쁘진 않습니다.",
    "rating": "8",
    "date": "14.09.23"
  },
  {
    "review_id": "9234203",
    "movie_id": "100985",
    "author": "bgyn****",
    "review": "무에서 유를 창조하는 창작의 고통을 수치 계산법으로 비유한 것에 높은 점수 준다  0이 100% 되는 창작의 고통",
    "rating": "8",
    "date": "14.09.22"
  },
  {
    "review_id": "9233316",
    "movie_id": "100985",
    "author": "kill****",
    "review": "거장 감독님의 영화라 . 꾹참고 또 참고 보았으나 . 이 영화에서 건진거라곤 크립 가사를 처음 알게돼었다.",
    "rating": "1",
    "date": "14.09.21"
  },
  {
    "review_id": "9223982",
    "movie_id": "100985",
    "author": "rumi****",
    "review": "나름 이런 영화를 좋아하는 편이지만 장치들이 너무 지루하다...",
    "rating": "5",
    "date": "14.09.18"
  },
  {
    "review_id": "9214306",
    "movie_id": "100985",
    "author": "cour****",
    "review": "인생의 무의미를 쳐다보는건 무섭다",
    "rating": "10",
    "date": "14.09.14"
  },
  {
    "review_id": "9198071",
    "movie_id": "100985",
    "author": "dmp6****",
    "review": "많은생각을 갖게해주는 영화 보는내내  즐거웟습니다 각각이 의미하는것을 생각하고 감독이 뭘말하고싶은지 생각해보면 정말재밌습니다 ㅎㅎ",
    "rating": "9",
    "date": "14.09.10"
  },
  {
    "review_id": "9193612",
    "movie_id": "100985",
    "author": "dbzh****",
    "review": "아따 열라구 재미없네...",
    "rating": "1",
    "date": "14.09.09"
  },
  {
    "review_id": "9187444",
    "movie_id": "100985",
    "author": "scif****",
    "review": "당신의 시간은 소중합니다",
    "rating": "6",
    "date": "14.09.08"
  },
  {
    "review_id": "9183211",
    "movie_id": "100985",
    "author": "flyi****",
    "review": "감독의 철학이 어떻고 배우가 어떻고 하면서 어깨를 으쓱거리며 아는체 하고 남 가르치기 좋아하는 사람들을 위한 영화.",
    "rating": "3",
    "date": "14.09.08"
  },
  {
    "review_id": "9180363",
    "movie_id": "100985",
    "author": "bles****",
    "review": "궁색한 의미조차 찾지 말라신다",
    "rating": "6",
    "date": "14.09.07"
  },
  {
    "review_id": "9173049",
    "movie_id": "100985",
    "author": "kaga****",
    "review": "시작하고 3분 봤을때 개인적으로 싫어하는 영상스타일이었고..역시나..였다. 다신 보고싶지않은 영화.",
    "rating": "1",
    "date": "14.09.06"
  },
  {
    "review_id": "9172680",
    "movie_id": "100985",
    "author": "nihi****",
    "review": "그냥 머리나쁜 사람들은 안보는게 자괴감 안들듯",
    "rating": "10",
    "date": "14.09.06"
  },
  {
    "review_id": "9172357",
    "movie_id": "100985",
    "author": "lemo****",
    "review": "스타일리쉬하고 기괴 발랄한 화면은 좋은데 전반적으로 재미가 읍다. 내 식견이 짧은 거겠지만  뭘 말하려 하는지 모르겠다.",
    "rating": "4",
    "date": "14.09.06"
  },
  {
    "review_id": "9170955",
    "movie_id": "100985",
    "author": "dhqk****",
    "review": "어렵다 . 와닿지않는 내용 , 라디오헤드의 creep이 이런느낌으로 느껴지는게 흥미로왓다. 이 감독의 매니아층은 좋아할만한 영화",
    "rating": "5",
    "date": "14.09.05"
  },
  {
    "review_id": "9169641",
    "movie_id": "100985",
    "author": "last****",
    "review": "이영화를 보면 다른 영화들이 다 대작처럼 느껴질정도로 재미없다. 사색과 인생의 의미 어쩌구 하는데 이런식으로 풀어내는건 감독의 모험이다. 일부 매니아 층만 공감하고 즐길듯. 물론 영화보고 묘한느낌에  이런식으로 접근할수도 있구나 하는 생각은 든다.",
    "rating": "1",
    "date": "14.09.05"
  },
  {
    "review_id": "9168982",
    "movie_id": "100985",
    "author": "lyj6****",
    "review": "테리길리엄 스타일의 몽환적느낌 디스토피아적 배경 굿",
    "rating": "10",
    "date": "14.09.05"
  },
  {
    "review_id": "9164117",
    "movie_id": "100985",
    "author": "notm****",
    "review": "수준높은척 쩐다 사람들 ㅋㅋㅋㅋ 감독의 정신나간 세계를 왜 굳이 이해하려고 애쓰는건지 모르겠고 영화란게 즐거우려고 보는거 아닌가 스릴러든 액션이든 그런영화는 까고보면 자기가 더 유식해보이고 그런가보다..",
    "rating": "1",
    "date": "14.09.04"
  },
  {
    "review_id": "9162658",
    "movie_id": "100985",
    "author": "eyes****",
    "review": "난해하긴한것 같지만 곰곰히생각해보면 그리.어려운 영화는 아님. 토렌트 등으로 불법다운받아보는,  건물이 부숴지거나 무너가대단한 반전이 있어야만 영화라고 생각하는 멍청이들이 1점을 준게 안타까움.",
    "rating": "8",
    "date": "14.09.04"
  },
  {
    "review_id": "9156754",
    "movie_id": "100985",
    "author": "jobi****",
    "review": "세상 모든 작가들의 자전적 이야기. 포기하고 만것들의 이름을 하나씩 발음해본다.",
    "rating": "7",
    "date": "14.09.03"
  },
  {
    "review_id": "9155432",
    "movie_id": "100985",
    "author": "urin****",
    "review": "엥간하면 영화는 끝까지 보는편인데... 이건 좀...",
    "rating": "1",
    "date": "14.09.02"
  },
  {
    "review_id": "9155185",
    "movie_id": "100985",
    "author": "rock****",
    "review": "사색과 철학같은 소리하지마라.  그딴걸로 포장되는 3류영화일뿐이다.   높은 완성도로 깊은 철학과 이념을 담은 영화 수두룩하다.",
    "rating": "3",
    "date": "14.09.02"
  },
  {
    "review_id": "9155028",
    "movie_id": "100985",
    "author": "mylo****",
    "review": "'우리'는 어쩌면 인생을 너무 심각하게 생각하는것일지도....",
    "rating": "5",
    "date": "14.09.02"
  },
  {
    "review_id": "9154642",
    "movie_id": "100985",
    "author": "wpdl****",
    "review": "수학시간에 칠판에 적힌 문제를 풀기위해 나갔지만 문제보구선 아무것도 손대지 못한느낌...이네요",
    "rating": "4",
    "date": "14.09.02"
  },
  {
    "review_id": "9154067",
    "movie_id": "100985",
    "author": "bri2****",
    "review": "이 영화 모야 넘 어려워 무슨 예술 영화도 아닌데",
    "rating": "6",
    "date": "14.09.01"
  },
  {
    "review_id": "9154057",
    "movie_id": "100985",
    "author": "zing****",
    "review": "철학적인건 그렇다치고 일단 너무 지루하다.",
    "rating": "1",
    "date": "14.09.01"
  },
  {
    "review_id": "9153974",
    "movie_id": "100985",
    "author": "yong****",
    "review": "콜링을 기다리다 그 행위에 매몰되어 정작 콜링을 기다리는 시간은 제로가 되어버림. 제로의 삶에서 벗어나자.",
    "rating": "10",
    "date": "14.09.01"
  },
  {
    "review_id": "9152411",
    "movie_id": "100985",
    "author": "ratt****",
    "review": "딱보니 중딩 배우 밀어줄라고 만든 영화 ㅋㅋ 쓸데없이 있으나마나한 의미없는 배역에 대사는 개많음 ㅋ  감독이나 배우 조카쯤 될라나~",
    "rating": "1",
    "date": "14.09.01"
  },
  {
    "review_id": "9152249",
    "movie_id": "100985",
    "author": "gmlr****",
    "review": "캐스팅때문에 점수를 낮게준다니;;;;말도안된다 영화 볼만하고 교훈을 주는 영화라 재밋게보고왔네요",
    "rating": "10",
    "date": "14.09.01"
  },
  {
    "review_id": "9152084",
    "movie_id": "100985",
    "author": "cash****",
    "review": "이 영화 재미없으면 수준낮은거??",
    "rating": "1",
    "date": "14.08.31"
  },
  {
    "review_id": "9151556",
    "movie_id": "100985",
    "author": "cara****",
    "review": "상당히 인상적인 영화.",
    "rating": "9",
    "date": "14.08.31"
  },
  {
    "review_id": "9151353",
    "movie_id": "100985",
    "author": "hoor****",
    "review": "우리내 인생같다. 주어진일은 완벽하게 처리 해야하는데 완벽하게는 처리도 안되고 거래처에서는 빨리 완벽하게 해달라고하고. 그 와중에 미쳐가는 우리의 모습을 반영하는거 같다.",
    "rating": "7",
    "date": "14.08.31"
  },
  {
    "review_id": "9150891",
    "movie_id": "100985",
    "author": "01aj****",
    "review": "철학 사색? 어이가 없네... 그냥 재미도 감동도 없는...",
    "rating": "3",
    "date": "14.08.31"
  },
  {
    "review_id": "9150854",
    "movie_id": "100985",
    "author": "ekfz****",
    "review": "(H) 소재나 장르가 내 스타일인거 같아 기대했는데; 난해하다기보단 .. 이 영화에서 무엇을 말하고 싶은지.. 이게 다인가.. 싶음. 영화 내용 자체만으로는 굳이 킬링타임용으로도 안 봐도 될 듯.",
    "rating": "6",
    "date": "14.08.31"
  },
  {
    "review_id": "9150201",
    "movie_id": "100985",
    "author": "haha****",
    "review": "더럽게 재미없다  어떤 형태로도 와 닿지 않는 허무하고 완벽히 지루한 영화고  영양가 하나도 없는 영화다",
    "rating": "1",
    "date": "14.08.31"
  },
  {
    "review_id": "9150079",
    "movie_id": "100985",
    "author": "real****",
    "review": "크리스토프형님때문에 보게된 영화. 흥행을 노리고 만든 영화가 아니라는것이 초반부터 확연히 들어남. 영화내용을 이해못하는 몇몇 저능아가 있는듯한데 안되면 보지말고 평가도 하지말라. 바보에게 철학을 알려줘봤자 깨닫지못한다.",
    "rating": "8",
    "date": "14.08.31"
  },
  {
    "review_id": "9146321",
    "movie_id": "100985",
    "author": "hiha****",
    "review": "간단하게 겉멋만 잔뜩 든 아무 내용이 없는 영화. 이런식의 영화는 메트릭스에 이미 다 포함된 건데 이 영화는 왜 찍었냐?",
    "rating": "1",
    "date": "14.08.30"
  },
  {
    "review_id": "9146212",
    "movie_id": "100985",
    "author": "gree****",
    "review": "크리스토프 왈츠의 연기는 이번에도 최고였습니다",
    "rating": "10",
    "date": "14.08.30"
  },
  {
    "review_id": "9145470",
    "movie_id": "100985",
    "author": "rlxo****",
    "review": "처음엔 좀 신선했으나 곧 흥미를 잃었다",
    "rating": "6",
    "date": "14.08.30"
  },
  {
    "review_id": "9145105",
    "movie_id": "100985",
    "author": "abcd****",
    "review": "최고다. 지금의 현실에 대한 최고의 풍자",
    "rating": "10",
    "date": "14.08.30"
  },
  {
    "review_id": "9143252",
    "movie_id": "100985",
    "author": "antn****",
    "review": "알바비 무지 나왔겠다..",
    "rating": "1",
    "date": "14.08.29"
  },
  {
    "review_id": "9143099",
    "movie_id": "100985",
    "author": "tlfq****",
    "review": "다신 보고싶지 않은 영화",
    "rating": "1",
    "date": "14.08.29"
  },
  {
    "review_id": "9142442",
    "movie_id": "100985",
    "author": "suga****",
    "review": "내용을 해석하기가 난해하고 지루해서 몰입감도 더 떨어지는 듯.. 결론은 나하곤 안맞는 영화!",
    "rating": "1",
    "date": "14.08.29"
  },
  {
    "review_id": "9141830",
    "movie_id": "100985",
    "author": "ygas****",
    "review": "비주얼도, 상상력도, 메시지도 좋았다",
    "rating": "10",
    "date": "14.08.28"
  },
  {
    "review_id": "9140776",
    "movie_id": "100985",
    "author": "sson****",
    "review": "난 이런영화 힘들어 아름답게 느껴지지 않아//개인취향",
    "rating": "3",
    "date": "14.08.28"
  },
  {
    "review_id": "9140253",
    "movie_id": "100985",
    "author": "hipo****",
    "review": "귿귿 볼만합니다....ㄷㄷ",
    "rating": "10",
    "date": "14.08.28"
  },
  {
    "review_id": "9139571",
    "movie_id": "100985",
    "author": "zoid****",
    "review": "감독의 수준이나 명성을 생각하면 꽤나 진부하게 만들어져서 평점이 낮은거 같은데, 안따지고 보면 꽤 괜찮다고 생각함.",
    "rating": "8",
    "date": "14.08.28"
  },
  {
    "review_id": "9139540",
    "movie_id": "100985",
    "author": "hada****",
    "review": "용두사미ㅋㅋㅋ 온갖 힘은다주다가 지루한거참고 끝에 뭐하나보자 봤더니..",
    "rating": "1",
    "date": "14.08.28"
  },
  {
    "review_id": "9139281",
    "movie_id": "100985",
    "author": "infi****",
    "review": "원래도 답이 없는 인생에 답이 없는 영화가 어울리네요 ㅎㅎ",
    "rating": "8",
    "date": "14.08.28"
  },
  {
    "review_id": "9139072",
    "movie_id": "100985",
    "author": "silv****",
    "review": "삶의 이유 인생의 의미  , 끝 , 공허함 . 결국 아무것도 없다.",
    "rating": "8",
    "date": "14.08.28"
  },
  {
    "review_id": "9138433",
    "movie_id": "100985",
    "author": "wnda****",
    "review": "재밌게 본사람들 도데체 어디에 감정이입을하고본건지 모르겠네",
    "rating": "1",
    "date": "14.08.27"
  },
  {
    "review_id": "9138205",
    "movie_id": "100985",
    "author": "ogr5****",
    "review": "잘게 분쇄되는 독특함.",
    "rating": "5",
    "date": "14.08.27"
  },
  {
    "review_id": "9138070",
    "movie_id": "100985",
    "author": "s2sv****",
    "review": "음,..ㅇ이거야 원..   평점이 높은 이유를,..잘 모르겟네..",
    "rating": "1",
    "date": "14.08.27"
  },
  {
    "review_id": "9137804",
    "movie_id": "100985",
    "author": "awdg****",
    "review": "장난하나 ..너무하다이가!",
    "rating": "6",
    "date": "14.08.27"
  },
  {
    "review_id": "9137565",
    "movie_id": "100985",
    "author": "gh58****",
    "review": "혹시 평점이 제로.... ?아직 안봤는데 ..",
    "rating": "10",
    "date": "14.08.27"
  },
  {
    "review_id": "9137531",
    "movie_id": "100985",
    "author": "kjp4****",
    "review": "15세인데 가슴나오고 있네",
    "rating": "4",
    "date": "14.08.27"
  },
  {
    "review_id": "9136934",
    "movie_id": "100985",
    "author": "anyo****",
    "review": "어떤 결말을 가려고 난해한설정들을 했는지 궁금해서 집중하고 보았지만 허무한 결말로 마무리 해버린다",
    "rating": "5",
    "date": "14.08.27"
  },
  {
    "review_id": "9136567",
    "movie_id": "100985",
    "author": "bbq2****",
    "review": "현실에서 가상세계를 몰두하며 , 정작 그것을 통해 그곳 안에서 가장 생생하게 살아 움직였던 인간의 존재 의미야말로 Zero다.",
    "rating": "6",
    "date": "14.08.27"
  },
  {
    "review_id": "9136395",
    "movie_id": "100985",
    "author": "jhan****",
    "review": "여주가 이뻐서 2점 내가 아직 어려서 그런지 노잼",
    "rating": "2",
    "date": "14.08.27"
  },
  {
    "review_id": "9136347",
    "movie_id": "100985",
    "author": "syme****",
    "review": "엄청나게 철학적인영화인거같다 재밋는거 보고싶은사람은 이거보지마라.. 진심 너무심오해서 머리에쥐가날거같다 보다가그냥껏다",
    "rating": "1",
    "date": "14.08.26"
  },
  {
    "review_id": "9136229",
    "movie_id": "100985",
    "author": "sh87****",
    "review": "솔직히 너무 현학적이다. 그래도 배우 덕분에 4점준다.",
    "rating": "4",
    "date": "14.08.26"
  },
  {
    "review_id": "9136146",
    "movie_id": "100985",
    "author": "anil****",
    "review": "제로이론. 모든것은 모든것이면서 아무것도 아니다. 그 모든 이야기를 담은 영화. 이 영화는 이렇게 밖에 설명할 수 없다. 그야말로 기가막힌 제목이다.",
    "rating": "9",
    "date": "14.08.26"
  },
  {
    "review_id": "9136013",
    "movie_id": "100985",
    "author": "ccha****",
    "review": "망작. 배우들 연기 좋다. 캐릭터들도 좋다. 부분, 부분들은  느낌이 좋다. 느낌은 좋은데, 다 연결하고 보면, 별거 아닌 영화. 다 쓰잘데기 없는 장치들이었어!  몽키 만든 감독 어디갔나?",
    "rating": "2",
    "date": "14.08.26"
  },
  {
    "review_id": "9135660",
    "movie_id": "100985",
    "author": "dodo****",
    "review": "인생의 의미에 대한 영화. 의미없는 것을 쫒다가 인생을 의미없게 만들것인가? 원하는대로 조종할 것인가? 해석할 여지가 많지만 살짝 난해하다.",
    "rating": "8",
    "date": "14.08.26"
  },
  {
    "review_id": "9135627",
    "movie_id": "100985",
    "author": "almo****",
    "review": "워 이런 왓 더 헬 같은 sf 미스터리물이 있나",
    "rating": "4",
    "date": "14.08.26"
  },
  {
    "review_id": "9135394",
    "movie_id": "100985",
    "author": "ituk****",
    "review": "빅뱅이론의 우주초기 생성시 물질과 반물질의 비대칭으로 인한 현 우주존재이유를 영화의 주제로 삼았는지도  모를 만큼  짜임새가 없는 영화.",
    "rating": "1",
    "date": "14.08.26"
  },
  {
    "review_id": "9135325",
    "movie_id": "100985",
    "author": "brya****",
    "review": "도전하고픈 사람만 보시길 ㅎ",
    "rating": "7",
    "date": "14.08.26"
  },
  {
    "review_id": "9134957",
    "movie_id": "100985",
    "author": "kohy****",
    "review": "저런 명배우들로 이런 망작을 ㅋㅋㅋㅋ",
    "rating": "1",
    "date": "14.08.26"
  },
  {
    "review_id": "9134796",
    "movie_id": "100985",
    "author": "node****",
    "review": "평론가 놈들이 6점대 준걸보니 쓰레기 맞네.",
    "rating": "1",
    "date": "14.08.26"
  },
  {
    "review_id": "9134369",
    "movie_id": "100985",
    "author": "jumm****",
    "review": "우리는 이게 다 뭔소린지 모르겠어. 그냥 캐스팅에 3점.",
    "rating": "3",
    "date": "14.08.26"
  },
  {
    "review_id": "9134211",
    "movie_id": "100985",
    "author": "godi****",
    "review": "오랜만에 걸린 십 쓰레기 ㅋ 시간낭비. 10점준 허세에 속지마시길",
    "rating": "1",
    "date": "14.08.26"
  },
  {
    "review_id": "9132831",
    "movie_id": "100985",
    "author": "c_sy****",
    "review": "고도를 기다리며 SF판",
    "rating": "8",
    "date": "14.08.25"
  },
  {
    "review_id": "9123084",
    "movie_id": "100985",
    "author": "sunn****",
    "review": "쉽게 이해할 수는 없지만 인생의 의미를 진지하게 되돌아보게 하는 영화!",
    "rating": "7",
    "date": "14.08.23"
  },
  {
    "review_id": "9121737",
    "movie_id": "100985",
    "author": "kiml****",
    "review": "제 삶을  되 돌아 보게 되는 영화입니다. 무수히 무언가로 채우려 했지만 사실  자기 자신은  그럴수록 비어만 갔었죠. 0는 100%가 아니면 안된다.  좋은 영화였습니다.",
    "rating": "10",
    "date": "14.08.22"
  },
  {
    "review_id": "9121541",
    "movie_id": "100985",
    "author": "sanh****",
    "review": "허무의 밑바닥엔 무엇이 있을까",
    "rating": "10",
    "date": "14.08.22"
  },
  {
    "review_id": "9121347",
    "movie_id": "100985",
    "author": "movi****",
    "review": "미학, 완벽주의, 고집, 디테일",
    "rating": "9",
    "date": "14.08.22"
  },
  {
    "review_id": "9120869",
    "movie_id": "100985",
    "author": "cock****",
    "review": "우리는(Us) 도구가 아니다",
    "rating": "10",
    "date": "14.08.22"
  },
  {
    "review_id": "9119984",
    "movie_id": "100985",
    "author": "drm1****",
    "review": "일상의 무료함을 벗어나 생각하면서 쉬고 싶을 때 눈을 즐겁게 하고 싶을 때 . 테리 길리엄의 브라질이라는 영화를 다시금 찾아서 보게 된다.",
    "rating": "10",
    "date": "14.08.22"
  },
  {
    "review_id": "9119066",
    "movie_id": "100985",
    "author": "dsdr****",
    "review": "하나님은 없다. 인생을 쉬이 낭비 하지 말라ㅎㅎ예수목위의 카메라  인상적이네요주인공이 우리 라고 말하는것도 그렇고",
    "rating": "10",
    "date": "14.08.21"
  },
  {
    "review_id": "9118453",
    "movie_id": "100985",
    "author": "hoon****",
    "review": "크리스토프  왈츠는 믿고 보는 배우지",
    "rating": "10",
    "date": "14.08.21"
  },
  {
    "review_id": "9114633",
    "movie_id": "100985",
    "author": "ekdn****",
    "review": "존재의 의미란 무엇일까?란 고민을 남겨준 영화배우들의 독특한 연기력과 메세지의 절묘한 조화한번 봐도 좋을 영화다.",
    "rating": "7",
    "date": "14.08.20"
  },
  {
    "review_id": "9113494",
    "movie_id": "100985",
    "author": "ablu****",
    "review": "추천 합니다. 의미의 이중성이 생각을 하게 하네요",
    "rating": "8",
    "date": "14.08.20"
  },
  {
    "review_id": "9111736",
    "movie_id": "100985",
    "author": "111_****",
    "review": "시기만 좋았으면 흥행했을텐데..인생의 의미를 찾고싶은 분들께 추천합니다..",
    "rating": "10",
    "date": "14.08.19"
  }
]