[
  {
    "review": "노래와 춤~만으로~이렇게 사람들 기분좋게 만들 수 있다니!~이것이 바로 영화라는 매체의 힘!일듯!~진켈리와 많은 다른 멋진 스탭,배우들~감사합니다~이제야 이 명작을 찾아봤네요!~항상 사람들의 뇌리에서 잊혀지지않으시길~손모아 기도합니다~^.^*홧팅요~!",
    "date": "15.08.25",
    "rating": "9",
    "author": "knh0****",
    "review_id": "10273215",
    "movie_id": "10105"
  },
  {
    "review": "순수했던 시절 같습니다 우리나라 50년대에는 먹고 살기에도 빠듯했던 시절이었을텐데 순수했던 느낌 때문에 요즘 영화보다는 옛날 영화에 더 끌리는거같습니다",
    "date": "15.08.22",
    "rating": "10",
    "author": "osc4****",
    "review_id": "10264774",
    "movie_id": "10105"
  },
  {
    "review": "제가 지금까지 본 뮤지컬 영화중에서 단연 최고로 꼽는 걸작입니다.",
    "date": "15.08.20",
    "rating": "9",
    "author": "mcmg****",
    "review_id": "10255940",
    "movie_id": "10105"
  },
  {
    "review": "내 인생 최고의 영화 singing in the rain",
    "date": "15.06.13",
    "rating": "10",
    "author": "dew9****",
    "review_id": "9996286",
    "movie_id": "10105"
  },
  {
    "review": "진켈리는 천재인듯 노래 춤 연기 못하는 것이없다.",
    "date": "15.05.08",
    "rating": "10",
    "author": "bn23****",
    "review_id": "9903654",
    "movie_id": "10105"
  },
  {
    "review": "유쾌한 편이지만 중간 중간 스토리 이외가 너무 길다는...솔직히 지루한 면이 있음",
    "date": "15.05.02",
    "rating": "8",
    "author": "ink4****",
    "review_id": "9887860",
    "movie_id": "10105"
  },
  {
    "review": "명작의 클래스는 영원하고 명곡은 시대를 관통한다",
    "date": "15.03.25",
    "rating": "10",
    "author": "leet****",
    "review_id": "9805387",
    "movie_id": "10105"
  },
  {
    "review": "대단하다1시간40분이지루하지않았다와 진짜 ㅋㅋ",
    "date": "15.03.18",
    "rating": "10",
    "author": "sing****",
    "review_id": "9791280",
    "movie_id": "10105"
  },
  {
    "review": "진짜직접극장에가서뮤지컬보는느낌꼭봐야됨와...",
    "date": "15.03.17",
    "rating": "10",
    "author": "high****",
    "review_id": "9789933",
    "movie_id": "10105"
  },
  {
    "review": "황홀경! 그야말로 황홀경!!",
    "date": "15.03.12",
    "rating": "10",
    "author": "ks21****",
    "review_id": "9775055",
    "movie_id": "10105"
  },
  {
    "review": "최고의 뮤지컬영화. 엄청 옛날거라는게 안믿길정도..",
    "date": "15.03.10",
    "rating": "10",
    "author": "user****",
    "review_id": "9770899",
    "movie_id": "10105"
  },
  {
    "review": "이 영화를 볼때마다 마음이 편안해 진다.",
    "date": "15.03.01",
    "rating": "10",
    "author": "misa****",
    "review_id": "9748727",
    "movie_id": "10105"
  },
  {
    "review": "2015.02.21 진켈리는 못하는게 뭘까. 50년대 뮤지컬이라니.. 최고",
    "date": "15.02.22",
    "rating": "9",
    "author": "zyeo****",
    "review_id": "9726127",
    "movie_id": "10105"
  },
  {
    "review": "최고의 뮤지컬영화인것같고 노래들이 다 너무좋아요ㅜㅠ 목소리가다들 매력적이셔여ㅠㅜㅠ",
    "date": "15.01.15",
    "rating": "10",
    "author": "1022****",
    "review_id": "9598947",
    "movie_id": "10105"
  },
  {
    "review": "뮤직과 영상들이 너무 유쾌하게 잘 어우러지는 뮤지컬 영화다. 지금 조금 자고 월요일 출근해야 하는데... 영화의 유쾌함과 즐거움, 행복감 때문에 잠이 안 온다..",
    "date": "15.01.12",
    "rating": "10",
    "author": "whun****",
    "review_id": "9586135",
    "movie_id": "10105"
  },
  {
    "review": "영화를 보면서 미소가 끊이지 않았어요 ㅎㅎ 가슴을 뭉클하게 만드는 영화! 사랑합시다~",
    "date": "15.01.11",
    "rating": "10",
    "author": "jjhl****",
    "review_id": "9582996",
    "movie_id": "10105"
  },
  {
    "review": "최고의뮤지컬영화^^",
    "date": "14.12.24",
    "rating": "10",
    "author": "ina5****",
    "review_id": "9507053",
    "movie_id": "10105"
  },
  {
    "review": "봐도봐도  늘 좋고 행복해지는 영화같아요..",
    "date": "14.12.08",
    "rating": "10",
    "author": "doun****",
    "review_id": "9458793",
    "movie_id": "10105"
  },
  {
    "review": "60년이 지나도 부족함이 없는 걸작.. 사랑스러움 그자체  록우드의 빗속의 장면은 앞으로 다시는 나올 수 없는 뮤지컬 최고의 장면",
    "date": "14.12.05",
    "rating": "10",
    "author": "dlgo****",
    "review_id": "9447898",
    "movie_id": "10105"
  },
  {
    "review": "보고 ㅡ 또 보고, 비디오 구입해서 보고, DVD 구입해서 보고...",
    "date": "14.10.03",
    "rating": "10",
    "author": "pink****",
    "review_id": "9258687",
    "movie_id": "10105"
  },
  {
    "review": "60년 전 영화라는게 믿겨지지 않음",
    "date": "14.08.29",
    "rating": "9",
    "author": "njst****",
    "review_id": "9143929",
    "movie_id": "10105"
  },
  {
    "review": "유쾌하지만 중간에 조금 지루한",
    "date": "14.07.05",
    "rating": "8",
    "author": "q_xs****",
    "review_id": "8887185",
    "movie_id": "10105"
  },
  {
    "review": "진 캘리 사랑해요ㅜㅜㅜㅜ 파리의 미국인,  It's always a fair weather, 해적들ㅜㅜㅜㅜ",
    "date": "14.06.25",
    "rating": "10",
    "author": "rima****",
    "review_id": "8853273",
    "movie_id": "10105"
  },
  {
    "review": "오 뮤지컬 너무 좋아재미있게 잘 봤다",
    "date": "14.06.03",
    "rating": "10",
    "author": "yyho****",
    "review_id": "8789486",
    "movie_id": "10105"
  },
  {
    "review": "52년 영화인데 어쩜 이렇게 세련됬지? 이때 미남미녀의 기준은 지금과도 다르지 않다... 사운드 오브 뮤직만큼 재밌는 뮤지컬 영화. 배우들이 특히 눈에 띈다",
    "date": "14.05.26",
    "rating": "10",
    "author": "sage****",
    "review_id": "8768447",
    "movie_id": "10105"
  },
  {
    "review": "정서와맞지않음 지하철에서 내가이영화를 보는걸 누가볼까봐 부끄러운영화",
    "date": "14.05.22",
    "rating": "1",
    "author": "skys****",
    "review_id": "8754747",
    "movie_id": "10105"
  },
  {
    "review": "아~ 너무 재밌다. 왜 뮤지컬계 최고의 걸작이라고 하는지 알겠네. 노래도 춤도 너무 신나고 볼거리도 많고.",
    "date": "14.05.03",
    "rating": "10",
    "author": "ieew****",
    "review_id": "8697114",
    "movie_id": "10105"
  },
  {
    "review": "존나 유쾌하다 ㅋㅋzz",
    "date": "14.05.02",
    "rating": "10",
    "author": "howa****",
    "review_id": "8694792",
    "movie_id": "10105"
  },
  {
    "review": "정말 당대 최고의 뮤지컬영화예요...탭댄스도 정말 멋있고 암투는 정말 재밌어요^^",
    "date": "14.03.07",
    "rating": "10",
    "author": "gluv****",
    "review_id": "8560751",
    "movie_id": "10105"
  },
  {
    "review": "보는 내내 아름다운 노래와 환상적인 춤으로 눈과 귀가 즐거운 영화. 무성 영화에서 유성 영화로 넘어가는 과도기를 풍자하며 재밌게 그려낸 영화. 영화를 보고 슬퍼서 울었던적은 많았지만 감동을 넘어 행복해서 운 첫번째 영화.",
    "date": "14.03.02",
    "rating": "10",
    "author": "lkm1****",
    "review_id": "8552549",
    "movie_id": "10105"
  },
  {
    "review": "20년대 무성영화에서 유성영화로 넘어가는 시절, 발생하는 다양한 애피소드들을 참 재미있게 엮어 놨다. 화려한 율동과 흥겨운 음악이 좋고, 특히 빗속에서 춤을 추는 장면은 정말 명장면이다. 마지막에는 깊은 감동까지 느끼게 해주는 뮤지컬 영화의 수작..",
    "date": "14.03.02",
    "rating": "10",
    "author": "pola****",
    "review_id": "8551416",
    "movie_id": "10105"
  },
  {
    "review": "이토록 즐거운 뮤지컬을 보면서 왜 눈물이 나는 걸까요? 역시 인류는 후세에 이렇게 귀중하고도 위대한 문화유산을 남기고 있음에 세삼 놀랍니다.",
    "date": "14.03.02",
    "rating": "10",
    "author": "safe****",
    "review_id": "8551407",
    "movie_id": "10105"
  },
  {
    "review": "가장 미국적인 뮤지컬. 50년대 초에 개봉했다는게 믿기지 않을 그런 영화. 낭만이 넘치는 영화",
    "date": "14.03.02",
    "rating": "10",
    "author": "urib****",
    "review_id": "8551242",
    "movie_id": "10105"
  },
  {
    "review": "최고의 뮤지컬은 사운드 오브 뮤직입니다 -- 사랑은 비를 타고...이 영화는 뛰어난 미장센과 춤을 가지고 있습니다. 그러나 노래는 그저 그렇습니다. 노래만을 고려한다면 최고의 뮤지컬은 사운드 오브 뮤직입니다. 다른 뮤지컬은 사운드오브뮤직에 상대가 안됨",
    "date": "14.03.02",
    "rating": "9",
    "author": "bram****",
    "review_id": "8551176",
    "movie_id": "10105"
  },
  {
    "review": "35년 전쯤 주말의 영화에서 아버지와 함께 보았던 영화. 70년대 중후반부터 80년대 중반까지 부모님과 함께 보았던 영화들 중 단언컨데 최고의 영화 중 하나이다. 다시 스크린에서 상영해 준다면 꼭 가서 볼 영화 1순위.",
    "date": "13.12.19",
    "rating": "10",
    "author": "beat****",
    "review_id": "8235507",
    "movie_id": "10105"
  },
  {
    "review": "경쾌한 탭댄스 유쾌한 캐릭터 흔쾌히 받아들여지지 않는 나",
    "date": "13.10.13",
    "rating": "6",
    "author": "ghzm****",
    "review_id": "8057462",
    "movie_id": "10105"
  },
  {
    "review": "참 곱고 이쁜 데비 레이놀즈. 그러나 극중 리나는 불쌍했다.",
    "date": "13.10.08",
    "rating": "1",
    "author": "mara****",
    "review_id": "8043901",
    "movie_id": "10105"
  },
  {
    "review": "왜 미국 최고의 뮤지컬영화라 불리는지 알 것 같아요. 지루할 틈도 없고 너무나 재밌게 잘봤습니다. 무성영화에서 유성영화로 바뀌는때를 재밌게 잘 표현해 만든 영화같아요 Singin in the rain~",
    "date": "13.10.01",
    "rating": "10",
    "author": "home****",
    "review_id": "8025790",
    "movie_id": "10105"
  },
  {
    "review": "뮤지컬 역대 1위가 괜히 된게 아니었군요. 이건 정말이지 대부,바람과함께 사라지다 레벨의 영화입니다. 3명의 주인공은 마치 뮤지컬계의 마잭,마돈나,엘비스급의 춤과 노래실력을 보여줌.",
    "date": "13.09.22",
    "rating": "10",
    "author": "ajho****",
    "review_id": "8010331",
    "movie_id": "10105"
  },
  {
    "review": "처음 본 영화이고 지금까지 최고인 영화!",
    "date": "13.09.06",
    "rating": "10",
    "author": "hell****",
    "review_id": "7953558",
    "movie_id": "10105"
  },
  {
    "review": "경쾌함을 마음껏느끼세요",
    "date": "13.09.03",
    "rating": "5",
    "author": "jjcv****",
    "review_id": "7945642",
    "movie_id": "10105"
  },
  {
    "review": "댄스와 코메디의 진수",
    "date": "13.08.24",
    "rating": "10",
    "author": "cles****",
    "review_id": "7916747",
    "movie_id": "10105"
  },
  {
    "review": "뮤지컬 영화 별로 안좋아하는데 이건 잼네요 ㅎㅎ 시간 가는 줄 모르고 봤습니다.",
    "date": "13.08.05",
    "rating": "10",
    "author": "chri****",
    "review_id": "7842038",
    "movie_id": "10105"
  },
  {
    "review": "영화 역사상 이토록 유쾌하고 사랑스러운 뮤지컬 영화가 다시 나올수 있을까!",
    "date": "13.07.18",
    "rating": "10",
    "author": "floo****",
    "review_id": "7755459",
    "movie_id": "10105"
  },
  {
    "review": "뮤지컬 영화 답다 사랑할 때 보면 더 좋을 거 같아. 싱인인더레인~~~",
    "date": "13.07.07",
    "rating": "8",
    "author": "choc****",
    "review_id": "7714607",
    "movie_id": "10105"
  },
  {
    "review": "최고중의 최고. 어떻게 10점 안줄수가 있을까요. 몇OO이 지난 지금 봐도 재밌더군요. 저런 위트와 스토리가 저 시대때 나왔다는 것 자체가 박수 안치고는 못배길듯.. 정말 최고의 영화에요.",
    "date": "13.07.04",
    "rating": "10",
    "author": "ii21****",
    "review_id": "7704611",
    "movie_id": "10105"
  },
  {
    "review": "매력적인배우들과 아름다운 음악 멋진 배경! 정말 사랑스러운영화!",
    "date": "13.06.30",
    "rating": "10",
    "author": "suli****",
    "review_id": "7691296",
    "movie_id": "10105"
  },
  {
    "review": "너무행복하다",
    "date": "13.06.22",
    "rating": "10",
    "author": "jack****",
    "review_id": "7666276",
    "movie_id": "10105"
  },
  {
    "review": "이토록 보는사람을 행복하게하는 영화가 또있을까~~~♥♥♥♥♥♥♥♥♥♥♥",
    "date": "13.06.19",
    "rating": "10",
    "author": "pari****",
    "review_id": "7657708",
    "movie_id": "10105"
  },
  {
    "review": "귀에서 싱잉 인더 레인~이 떠나질 않는다...마지막 카타르시스는 정말 최고였다!!!!!",
    "date": "13.06.09",
    "rating": "10",
    "author": "sjzm****",
    "review_id": "7619539",
    "movie_id": "10105"
  },
  {
    "review": "아무리 봐도 질리지 않는 최고의 명작이다 노래에 춤이며 정말 전율이 일어나는 명작이다",
    "date": "13.06.08",
    "rating": "10",
    "author": "whwn****",
    "review_id": "7608399",
    "movie_id": "10105"
  },
  {
    "review": "영화가 줄 수 있는 즐거운 감동",
    "date": "13.05.27",
    "rating": "9",
    "author": "keni****",
    "review_id": "7558553",
    "movie_id": "10105"
  },
  {
    "review": "최고",
    "date": "13.05.27",
    "rating": "10",
    "author": "wwbw****",
    "review_id": "7558089",
    "movie_id": "10105"
  },
  {
    "review": "역시 옛날 영화라 개그 코드도 다르고 여자목소리가 특히 앵앵거려서 듣기가 싫엇다. 교훈도 딱히 얻은것이없고.. 다만 맘에 든것은 마지막에 휘날리는 흰색 드레스 장면의 연출 정도? 영화가 귀엽긴 귀엽다만, 요즘 사람인 내가 보기엔 글쎄..",
    "date": "13.05.25",
    "rating": "4",
    "author": "gjw0****",
    "review_id": "7554079",
    "movie_id": "10105"
  },
  {
    "review": "역시 명작이다",
    "date": "13.05.05",
    "rating": "10",
    "author": "bign****",
    "review_id": "7509939",
    "movie_id": "10105"
  },
  {
    "review": "역시 명작은 오랜 세월이 지나도 감동이 ㄷㄷ 보고나면 정말 기분좋은 영화!",
    "date": "13.04.29",
    "rating": "10",
    "author": "cate****",
    "review_id": "7492339",
    "movie_id": "10105"
  },
  {
    "review": "정말 재밌습니다. 직접 보는 걸 추천할게요",
    "date": "13.04.28",
    "rating": "10",
    "author": "gdag****",
    "review_id": "7491957",
    "movie_id": "10105"
  },
  {
    "review": "이렇게 발랄하고 행복해지는 영화는 요즘에도 잘 없다",
    "date": "13.04.16",
    "rating": "10",
    "author": "nirv****",
    "review_id": "7462322",
    "movie_id": "10105"
  },
  {
    "review": "재미없다 ㅡㅡ 여주인공 너무 못생겨서 몰입이 안됨",
    "date": "13.03.21",
    "rating": "3",
    "author": "dica****",
    "review_id": "7384009",
    "movie_id": "10105"
  },
  {
    "review": "확실히 고전영화가 연출이 과감하다",
    "date": "13.03.10",
    "rating": "9",
    "author": "soul****",
    "review_id": "7338436",
    "movie_id": "10105"
  },
  {
    "review": "무슨 말이 필요 하나?",
    "date": "13.03.03",
    "rating": "10",
    "author": "no23****",
    "review_id": "7322319",
    "movie_id": "10105"
  },
  {
    "review": "역시 명작은 그 이유가 있구나.",
    "date": "13.02.28",
    "rating": "9",
    "author": "hll0****",
    "review_id": "7308510",
    "movie_id": "10105"
  },
  {
    "review": "연기의 일부가 음악인 휴잭맨이 가장 사랑하는 뮤지컬 영화인데는 이유가 있는법!아름다운 영화다! 1950년대 영화가 50년후에도 감동을 준다!춤추는 베니니! 노래하는 채플린!",
    "date": "13.02.27",
    "rating": "10",
    "author": "yeon****",
    "review_id": "7305792",
    "movie_id": "10105"
  },
  {
    "review": "노래와 춤 그리고 사랑이야기.. 어느 하나 빠지지 않는 명작..",
    "date": "13.02.24",
    "rating": "9",
    "author": "blue****",
    "review_id": "7296618",
    "movie_id": "10105"
  },
  {
    "review": "비오는날 생각나는 노래 Singing in the Rain~",
    "date": "13.02.21",
    "rating": "10",
    "author": "2451****",
    "review_id": "7285379",
    "movie_id": "10105"
  },
  {
    "review": "유성영화로 넘어가는 과도기의 모습을 잘 담은 뮤지컬 영화. 러닝타임동안 흠뻑 빠져 볼수 있습니다. 그리고 모두가 잘 아는 노래도 함께.",
    "date": "13.01.09",
    "rating": "10",
    "author": "kyok****",
    "review_id": "7096261",
    "movie_id": "10105"
  },
  {
    "review": "최고!!!다만 진 켈리의 느끼함은 좀 거북스러움",
    "date": "13.01.04",
    "rating": "10",
    "author": "ykdi****",
    "review_id": "7080663",
    "movie_id": "10105"
  },
  {
    "review": "이런대박이 순의권에 않오르다니!!!!!!!!!!!!",
    "date": "13.01.03",
    "rating": "10",
    "author": "dbst****",
    "review_id": "7078276",
    "movie_id": "10105"
  },
  {
    "review": "이런대박이 순의권에 않오르다니!!!!!!!!!!!!",
    "date": "12.12.22",
    "rating": "10",
    "author": "jjoo****",
    "review_id": "7029482",
    "movie_id": "10105"
  },
  {
    "review": "이런대박이 순의권에 않오르다니!!!!!!!!!!!!",
    "date": "12.12.22",
    "rating": "10",
    "author": "kkss****",
    "review_id": "7029480",
    "movie_id": "10105"
  },
  {
    "review": "뮤지컬에 관심없는 사람도 재밌게 볼 수 있는 영화",
    "date": "12.11.26",
    "rating": "10",
    "author": "bahn****",
    "review_id": "6927832",
    "movie_id": "10105"
  },
  {
    "review": "최고다. 뮤지컬 영화는 따분할 거라는 내 고정관념을 부숴버린 영화",
    "date": "12.11.14",
    "rating": "10",
    "author": "kmkw****",
    "review_id": "6888526",
    "movie_id": "10105"
  },
  {
    "review": "오 진짜 대박이다...사운드 오브 뮤직만큼 명작임.",
    "date": "12.11.14",
    "rating": "10",
    "author": "dktn****",
    "review_id": "6887017",
    "movie_id": "10105"
  },
  {
    "review": "역시 오랫동안 찾았던 만큼 기대를 저버리지 않는 사랑스러운 영화. 아직도 노랫소리가 귀에 들리는 것 같다.",
    "date": "12.11.13",
    "rating": "10",
    "author": "hjsu****",
    "review_id": "6886114",
    "movie_id": "10105"
  },
  {
    "review": "걸작이란 정말 변하지 않는 것이라는 진리를 또다시 깨닫게 해주는 영화. 대단하다는 말로도 부족한 위대한 뮤지컬 영화.",
    "date": "12.11.10",
    "rating": "10",
    "author": "jys4****",
    "review_id": "6875792",
    "movie_id": "10105"
  },
  {
    "review": "진짜 최고다...이렇게 오래된 영화중 이런 걸작이있었다니",
    "date": "12.10.24",
    "rating": "10",
    "author": "chul****",
    "review_id": "6823941",
    "movie_id": "10105"
  },
  {
    "review": "3박자(노래,춤,연기)의 품격",
    "date": "12.10.13",
    "rating": "9",
    "author": "rd72****",
    "review_id": "6798435",
    "movie_id": "10105"
  },
  {
    "review": "세월이 지나도 변하지않는 가치란 이런것",
    "date": "12.10.12",
    "rating": "10",
    "author": "juns****",
    "review_id": "6785285",
    "movie_id": "10105"
  },
  {
    "review": "즐겁고 흥겹고 사랑스러운 영화!",
    "date": "12.10.04",
    "rating": "9",
    "author": "elfy****",
    "review_id": "6763545",
    "movie_id": "10105"
  },
  {
    "review": "내가 본 영화 중 최고!!!!!!",
    "date": "12.10.02",
    "rating": "10",
    "author": "alma****",
    "review_id": "6755225",
    "movie_id": "10105"
  },
  {
    "review": "왜 이제서야 이 걸작을 봤을까?",
    "date": "12.09.22",
    "rating": "10",
    "author": "dla0****",
    "review_id": "6719069",
    "movie_id": "10105"
  },
  {
    "review": "말이 필요해? 사랑받아 마땅한 걸작!",
    "date": "12.09.09",
    "rating": "10",
    "author": "litt****",
    "review_id": "6682319",
    "movie_id": "10105"
  },
  {
    "review": "최고의 영화 지루하지도 않고 연출이 정말 최고였습니다",
    "date": "12.08.19",
    "rating": "10",
    "author": "hsdf****",
    "review_id": "6623831",
    "movie_id": "10105"
  },
  {
    "review": "너무 애뜻한 영화... 너무좋다...",
    "date": "12.08.07",
    "rating": "10",
    "author": "zzzx****",
    "review_id": "6578855",
    "movie_id": "10105"
  },
  {
    "review": "너무나 멋진 걸작",
    "date": "12.07.15",
    "rating": "10",
    "author": "wjdg****",
    "review_id": "6481296",
    "movie_id": "10105"
  },
  {
    "review": "보는사람 설레게하는영화!",
    "date": "12.07.08",
    "rating": "10",
    "author": "joil****",
    "review_id": "6457787",
    "movie_id": "10105"
  },
  {
    "review": "최고의 뮤지컬 영화",
    "date": "12.07.01",
    "rating": "10",
    "author": "alem****",
    "review_id": "6437331",
    "movie_id": "10105"
  },
  {
    "review": "옛날 영화 좋아 내가 좋아하는 영화의 몇몇 장면은 이 영화를 보고 연습했을 거야 !",
    "date": "12.05.07",
    "rating": "9",
    "author": "sylo****",
    "review_id": "6280594",
    "movie_id": "10105"
  },
  {
    "review": "마스터 피스.. 웃다가 울다가 신나가다고 감동에 젖었다가 모든게 녹아있는 뮤지컬",
    "date": "12.04.29",
    "rating": "10",
    "author": "kjs9****",
    "review_id": "6255277",
    "movie_id": "10105"
  },
  {
    "review": "빗물이 흘려 내려옵니다 주루룩 주루룩 주루룩 주루룩 내려옵니다",
    "date": "12.04.03",
    "rating": "10",
    "author": "sphe****",
    "review_id": "6190961",
    "movie_id": "10105"
  },
  {
    "review": "오늘 수업시간에 영화봤는데 재밌다.",
    "date": "12.04.02",
    "rating": "9",
    "author": "karb****",
    "review_id": "6188715",
    "movie_id": "10105"
  },
  {
    "review": "걸작! 1950년대 미국 쇼비즈가 전세계에 보낸 최고의 종합선물세트.",
    "date": "12.03.18",
    "rating": "10",
    "author": "mist****",
    "review_id": "6151744",
    "movie_id": "10105"
  },
  {
    "review": "흥겨움에 몸이 들썩들썩",
    "date": "12.03.04",
    "rating": "10",
    "author": "dltm****",
    "review_id": "6122229",
    "movie_id": "10105"
  },
  {
    "review": "기분 좋아지는 영화~ 노래가 너무 좋았다",
    "date": "12.02.21",
    "rating": "10",
    "author": "dooh****",
    "review_id": "6093975",
    "movie_id": "10105"
  },
  {
    "review": "너무나 사랑스러운 고전.",
    "date": "12.02.20",
    "rating": "10",
    "author": "ador****",
    "review_id": "6091142",
    "movie_id": "10105"
  },
  {
    "review": "후대에 길이 남을 고전 뮤지컬 영화",
    "date": "12.02.20",
    "rating": "9",
    "author": "figh****",
    "review_id": "6091134",
    "movie_id": "10105"
  },
  {
    "review": "시대를 초월하는 명작, 그리고 로맨스와 뮤직. 아름답다 아름답다",
    "date": "12.02.10",
    "rating": "10",
    "author": "akan****",
    "review_id": "6064426",
    "movie_id": "10105"
  },
  {
    "review": "암씽잉인더레인~ 저슽씽잉인더레인~",
    "date": "12.02.04",
    "rating": "10",
    "author": "55ve****",
    "review_id": "6050633",
    "movie_id": "10105"
  },
  {
    "review": "명화로 주저 없이 선택할 수 있다",
    "date": "12.01.23",
    "rating": "9",
    "author": "sing****",
    "review_id": "6013112",
    "movie_id": "10105"
  },
  {
    "review": "그런 슬랩스틱이라니",
    "date": "12.01.15",
    "rating": "10",
    "author": "zour****",
    "review_id": "5988856",
    "movie_id": "10105"
  }
]