[
  {
    "review": "호소자 시리즈는 전부 재밌게 봤던 추억이 있네요. 근데 악당들이 맨날 서양인이야 ㅋㅋ",
    "date": "15.06.25",
    "rating": "10",
    "author": "aruc****",
    "review_id": "10033805",
    "movie_id": "10109"
  },
  {
    "review": "강력추천! 추억의 영화",
    "date": "14.01.02",
    "rating": "10",
    "author": "swee****",
    "review_id": "8338479",
    "movie_id": "10109"
  },
  {
    "review": "1편 은근히 먹방 개쩔음",
    "date": "13.04.04",
    "rating": "10",
    "author": "sanh****",
    "review_id": "7434207",
    "movie_id": "10109"
  },
  {
    "review": "개추억 쩌는 호소자!! 당시 최고 ㅋ",
    "date": "12.06.04",
    "rating": "10",
    "author": "ever****",
    "review_id": "6364757",
    "movie_id": "10109"
  },
  {
    "review": "당시 강시영화도 인기좋았지만 호소자 역시 최고였음 ㅋㅋ",
    "date": "12.02.18",
    "rating": "10",
    "author": "khhu****",
    "review_id": "6084174",
    "movie_id": "10109"
  },
  {
    "review": "오빠들은 80년대에 나이가 멈췄나보다~호소자에서 시작해서 호소자로 끝났네!",
    "date": "11.10.01",
    "rating": "10",
    "author": "nkot****",
    "review_id": "5763103",
    "movie_id": "10109"
  },
  {
    "review": "추억의 영화 이거 추석이나, 설 같은때 티비서 잘 해줬는데. 머털도사와 취권과 함께~",
    "date": "10.12.16",
    "rating": "10",
    "author": "mina****",
    "review_id": "5058799",
    "movie_id": "10109"
  },
  {
    "review": "초딩 때 이거 보곤, 어린애도 중국무술 배우면 어른 수십명 때려눕히는줄 알았어 ㅋ",
    "date": "10.08.18",
    "rating": "9",
    "author": "ccpk****",
    "review_id": "4761063",
    "movie_id": "10109"
  },
  {
    "review": "초딩시절 성룡, 이소룡보다 더 멋있던 호소자 ㅋ",
    "date": "10.08.18",
    "rating": "9",
    "author": "rame****",
    "review_id": "4761061",
    "movie_id": "10109"
  },
  {
    "review": "어릴 때 이걸 보곤 쿵푸가 무진장 배우고 싶었었지",
    "date": "10.08.18",
    "rating": "9",
    "author": "kpcc****",
    "review_id": "4761059",
    "movie_id": "10109"
  },
  {
    "review": "ㅋㅋㅋ 어릴때 최고의 영화였죠~",
    "date": "10.08.12",
    "rating": "10",
    "author": "para****",
    "review_id": "4738578",
    "movie_id": "10109"
  },
  {
    "review": "당시 극장에서 봤음,,,애들도 귀엽구 재밌게 봤음 ~~~~~~~",
    "date": "10.06.10",
    "rating": "8",
    "author": "fnsk****",
    "review_id": "4555716",
    "movie_id": "10109"
  },
  {
    "review": "초딩때 이거 7탄까지 봤는데 성인이 되서도 또보고잡네 ㅋㅋ굿굿굿",
    "date": "10.03.14",
    "rating": "10",
    "author": "sbsv****",
    "review_id": "4356507",
    "movie_id": "10109"
  },
  {
    "review": "이거 최고임 어릴적 봤지만 아직까지 생생함",
    "date": "09.09.17",
    "rating": "10",
    "author": "voxs****",
    "review_id": "3836482",
    "movie_id": "10109"
  },
  {
    "review": "명작 ㅋㅋㅋㅋㅋ꼬맹이들 무술 실력이...",
    "date": "09.04.27",
    "rating": "10",
    "author": "newj****",
    "review_id": "3443530",
    "movie_id": "10109"
  },
  {
    "review": "1편와 2편이 재미있었던 영화그이후 망한영화지",
    "date": "09.04.23",
    "rating": "10",
    "author": "kjci****",
    "review_id": "3436332",
    "movie_id": "10109"
  },
  {
    "review": "완전 팬이였음 ㅋㅋㅋ 아 뚱보 어케자랐징??? ㅋㅋㅋ",
    "date": "09.04.17",
    "rating": "10",
    "author": "hoho****",
    "review_id": "3425381",
    "movie_id": "10109"
  },
  {
    "review": "어렸을때 생각나는걸 ㅋ_ㅋ?",
    "date": "09.04.13",
    "rating": "10",
    "author": "youf****",
    "review_id": "3419098",
    "movie_id": "10109"
  },
  {
    "review": "아.. 부관장님이 어렸을때 보던것...그래서 무술의 길로 향했다는데..",
    "date": "08.11.23",
    "rating": "10",
    "author": "olin****",
    "review_id": "3068459",
    "movie_id": "10109"
  },
  {
    "review": "이거 겁나 재밌게봤는데 ㅋㅋㅋㅋㅋㅋㅋㅋㅋㅋㅋㅋㅋㅋ",
    "date": "08.06.27",
    "rating": "10",
    "author": "spee****",
    "review_id": "2724827",
    "movie_id": "10109"
  },
  {
    "review": "초등학생때 진짜 이거 잼나게봤었는데 초등학교 3학년대인가 50원주고보고했는데 ㅋ",
    "date": "08.05.12",
    "rating": "10",
    "author": "senz****",
    "review_id": "2636391",
    "movie_id": "10109"
  },
  {
    "review": "지금보면 영 아니겠지만, 어렸을때 겁나 재밌게 봤었는데~",
    "date": "07.10.18",
    "rating": "8",
    "author": "miss****",
    "review_id": "2096241",
    "movie_id": "10109"
  },
  {
    "review": "꼬맹이들이 절라 잘 싸우네",
    "date": "07.10.02",
    "rating": "7",
    "author": "stra****",
    "review_id": "2066414",
    "movie_id": "10109"
  },
  {
    "review": "나의어린시절을함께했던비디오속세친구가그립다...",
    "date": "07.09.30",
    "rating": "10",
    "author": "witc****",
    "review_id": "2060717",
    "movie_id": "10109"
  },
  {
    "review": "이거 보려고 비디오 가게를 뒤지던게 엊그제 같은데..세월 참 빠르다..",
    "date": "07.05.12",
    "rating": "9",
    "author": "skat****",
    "review_id": "1633857",
    "movie_id": "10109"
  },
  {
    "review": "이게 벌써 20년이나 지난 작품이 되었구나",
    "date": "07.04.25",
    "rating": "8",
    "author": "nala****",
    "review_id": "1605024",
    "movie_id": "10109"
  },
  {
    "review": "어릴때 보고 지금 다시 봐도..웃음을 머금는 영화..ㅋ",
    "date": "07.03.02",
    "rating": "10",
    "author": "conv****",
    "review_id": "1513389",
    "movie_id": "10109"
  },
  {
    "review": "1편밖에 못 봤는뎅....어쨌든 실컷 웃은 것 같기두...",
    "date": "07.02.08",
    "rating": "10",
    "author": "chuc****",
    "review_id": "1452945",
    "movie_id": "10109"
  },
  {
    "review": "하도 봐서 몇탄까지 봤는지 모르겠다. 시리즈가 너무 많아..",
    "date": "06.07.28",
    "rating": "7",
    "author": "saru****",
    "review_id": "935222",
    "movie_id": "10109"
  },
  {
    "review": "어린이들이 보기에 정말 스릴있는 영화",
    "date": "06.07.27",
    "rating": "10",
    "author": "qhrt****",
    "review_id": "924791",
    "movie_id": "10109"
  },
  {
    "review": "어릴때 정말 재밌게 본영화",
    "date": "06.06.19",
    "rating": "10",
    "author": "wake****",
    "review_id": "849664",
    "movie_id": "10109"
  },
  {
    "review": "소장하고파.ㅠㅠ",
    "date": "06.02.11",
    "rating": "10",
    "author": "ajjf****",
    "review_id": "661207",
    "movie_id": "10109"
  },
  {
    "review": "어릴적 정말 재미있고 기억에 남게 본 영화^^",
    "date": "06.01.24",
    "rating": "8",
    "author": "002k****",
    "review_id": "618623",
    "movie_id": "10109"
  },
  {
    "review": "괜찮은 쭝국영화...ㅎ",
    "date": "06.01.05",
    "rating": "10",
    "author": "all4****",
    "review_id": "560904",
    "movie_id": "10109"
  },
  {
    "review": "옛적집에다복사해놓고완전히대사까지외워버렸다.",
    "date": "05.12.30",
    "rating": "9",
    "author": "izzo****",
    "review_id": "541946",
    "movie_id": "10109"
  },
  {
    "review": "세명의 앙팡테리블......ㅋㅋㅋ",
    "date": "05.10.30",
    "rating": "5",
    "author": "toy2****",
    "review_id": "460009",
    "movie_id": "10109"
  },
  {
    "review": "시골 꼬맹이들의 상경기, 웃지못할 헤프닝의 연속",
    "date": "05.10.03",
    "rating": "8",
    "author": "rood****",
    "review_id": "432669",
    "movie_id": "10109"
  },
  {
    "review": "오늘따라 호소자가 너무 보고 싶다.보고싶은 세형제들..",
    "date": "05.09.27",
    "rating": "10",
    "author": "dest****",
    "review_id": "424263",
    "movie_id": "10109"
  },
  {
    "review": "어릴때 이걸 보고 쿵후가 어린애도 어른을 해치울수 있는 최고라고 믿었다",
    "date": "04.12.05",
    "rating": "9",
    "author": "kpcc****",
    "review_id": "157150",
    "movie_id": "10109"
  },
  {
    "review": "흠흠 호소자잼있어염 ~",
    "date": "04.11.10",
    "rating": "9",
    "author": "yubi****",
    "review_id": "143424",
    "movie_id": "10109"
  },
  {
    "review": "따거가 아니라 추고인걸로 알고 있습니다.. 따거는 형이란 뜻같은데..",
    "date": "04.09.05",
    "rating": "1",
    "author": "huju****",
    "review_id": "103148",
    "movie_id": "10109"
  },
  {
    "review": "국민학교때 캡인 영화",
    "date": "04.05.26",
    "rating": "9",
    "author": "nams****",
    "review_id": "46462",
    "movie_id": "10109"
  }
]