[
  {
    "review_id": "9216377",
    "movie_id": "101089",
    "author": "yong****",
    "review": "첫 도입 장면은 후에 일어날 사건에 대한 기대감을 갖게 했으나 점점 진행 될수록 어색한 장면과 연출이 떨어져 기대감 마져 반감되었다. 영화를 보며 느낌점은 스웨덴 영화와 러시아 영화가 비슷하다는 점이다.스토리가 좋아도 연출력에서는 미국에 비해 떨어진다",
    "rating": "6",
    "date": "14.09.15"
  },
  {
    "review_id": "9197289",
    "movie_id": "101089",
    "author": "frie****",
    "review": "평이한 수준의 범죄 스릴러. 헐리우드의 치밀함은 조금 부족",
    "rating": "3",
    "date": "14.09.10"
  },
  {
    "review_id": "8002925",
    "movie_id": "101089",
    "author": "wjde****",
    "review": "한번도 접해보지않은 스웨덴영화이다 심장이 터질듯한 추리와 작품성에 박수를 보내고 싶다 약간은 사건의 복선이 눈에 띄어 전개를 파악할 수 있어 아쉬웠지만 배우들에 연기력에 또 한번 놀라지않을 수 없었다",
    "rating": "9",
    "date": "13.09.21"
  },
  {
    "review_id": "7117041",
    "movie_id": "101089",
    "author": "amys****",
    "review": "한 6점대면 괜찮을듯 그렇게 나쁘지는 않음. 숨막힐듯한 긴장감은 없고 헐리우드 영화처럼 빵빵 터지는 것도 없으나 차근차근 밟아나가는 추리과정은 괜춘. 앞으로 스웨덴 남자를 무서워하게 될 것 같음",
    "rating": "10",
    "date": "13.01.14"
  },
  {
    "review_id": "7076282",
    "movie_id": "101089",
    "author": "hose****",
    "review": "작은고양이 안체 트라우를 본것만으로 만족한다",
    "rating": "6",
    "date": "13.01.02"
  },
  {
    "review_id": "7024029",
    "movie_id": "101089",
    "author": "anti****",
    "review": "전체적인 느낌이 수사물 드라마 보는 것 같다. 영드 화이트채플 한 에피소드를 볼때의 느낌. 나는 몰입하면서 재밌게 봤는데.  다른사람들은 액션,스릴러물에 스펙타클한 면이 없다고 실망하고 지루하다고 하는 것 같다.",
    "rating": "8",
    "date": "12.12.20"
  },
  {
    "review_id": "7012387",
    "movie_id": "101089",
    "author": "yang****",
    "review": "진짜 지루하다..남뒤나 캐서 먹고사는 역겨운것들..",
    "rating": "1",
    "date": "12.12.17"
  },
  {
    "review_id": "6989786",
    "movie_id": "101089",
    "author": "hidb****",
    "review": "여주인공두 이쁘고 배경두 이쁘고 그냥 재미있게 봤는데 ㅎㅎ 나두 기자 되고 싶다.",
    "rating": "10",
    "date": "12.12.10"
  },
  {
    "review_id": "6989116",
    "movie_id": "101089",
    "author": "npai****",
    "review": "스테이트 오브 플레이를 보셈 차라리. 그 영화에서 주요 사건만 바꾸면 그냥 다 똑같음.",
    "rating": "1",
    "date": "12.12.09"
  },
  {
    "review_id": "6984899",
    "movie_id": "101089",
    "author": "bles****",
    "review": "조촐한 음모, 따분한 추적",
    "rating": "4",
    "date": "12.12.08"
  },
  {
    "review_id": "6974648",
    "movie_id": "101089",
    "author": "aqz4****",
    "review": "초반에는 집중해서 보다가 점점 ㅜㅜ 시간이 아깝네요",
    "rating": "4",
    "date": "12.12.05"
  },
  {
    "review_id": "6967110",
    "movie_id": "101089",
    "author": "summ****",
    "review": "그냥 여주인공 얼굴만 봣음. 진짜 그것밖에 없음.",
    "rating": "6",
    "date": "12.12.03"
  },
  {
    "review_id": "6967035",
    "movie_id": "101089",
    "author": "june****",
    "review": "서스펜스, 액션, 스릴러... 전혀 아님. 전반적으로 재미도 없고 숨겨진 내용이 밝혀지면서 엔딩으로 가는 부분도 박진감, 반전 전혀 없이 엔딩크레딧이 올라갈때쯤엔 왜 이 영화를 봤을까 하는 허무함마저 들게 하는 영화였음.p/s. 안니카..미안 ㅠ",
    "rating": "3",
    "date": "12.12.03"
  },
  {
    "review_id": "6952348",
    "movie_id": "101089",
    "author": "rudy****",
    "review": "그냥 지루함 ;",
    "rating": "1",
    "date": "12.12.01"
  },
  {
    "review_id": "6950916",
    "movie_id": "101089",
    "author": "sh21****",
    "review": "지루하지않고 몰입도도 좋았음.",
    "rating": "9",
    "date": "12.12.01"
  }
]