[
  {
    "review": "이걸 보니 군대에서 유격봤던게 생각났다. 공순이들에게 군인에 대한 로망을 너무 심어주는 영화가 아닌가 불편한 생각이 들었다. 남여주인공들의 비주얼이 훈훈했고 엔딩 또한 좋았다.",
    "date": "15.07.22",
    "rating": "6",
    "author": "zxvt****",
    "review_id": "10127201",
    "movie_id": "10104"
  },
  {
    "review": "훈련소 배경으로 만든 영화중 최고작! 리차드 겨의 상쾌함!",
    "date": "15.06.14",
    "rating": "9",
    "author": "pont****",
    "review_id": "9998108",
    "movie_id": "10104"
  },
  {
    "review": "젊은 리처드 기어와 데브라 윙거를 보는 것만으로도 유쾌함.",
    "date": "15.03.04",
    "rating": "10",
    "author": "lsh5****",
    "review_id": "9755431",
    "movie_id": "10104"
  },
  {
    "review": "1982년 작 맞나?! 테일러 핵포드 감독 최고의 마스터 피스! 주제곡 Up Where We Belong과 절묘하게 맞아 떨어지는 엔딩 장면과 사관 학교 졸업 장면의 세련된 미장센이 주는 아찔함과 아련함이란..『칼리토』와 더불어 최고의 영상 미학!!",
    "date": "15.01.14",
    "rating": "10",
    "author": "nasu****",
    "review_id": "9591577",
    "movie_id": "10104"
  },
  {
    "review": "시드와 르넷 커플, 이 대단한 조연들이 아니었다면 빛나지 못 했을 엔딩. 그래서 더 여운이 오래 남는 영화.",
    "date": "14.10.14",
    "rating": "8",
    "author": "psyc****",
    "review_id": "9292379",
    "movie_id": "10104"
  },
  {
    "review": "해군 출신이라 관심있게 본 영화~",
    "date": "14.08.19",
    "rating": "10",
    "author": "jupi****",
    "review_id": "9109790",
    "movie_id": "10104"
  },
  {
    "review": "탑건과 비슷하네 역시 오래남을 영화",
    "date": "14.08.05",
    "rating": "10",
    "author": "atti****",
    "review_id": "9029822",
    "movie_id": "10104"
  },
  {
    "review": "마지막 장면은 저런 남자가 되고싶게 만드는 순간.",
    "date": "14.07.13",
    "rating": "9",
    "author": "jjda****",
    "review_id": "8910268",
    "movie_id": "10104"
  },
  {
    "review": "테일러 핵포드 감독의 잊지 못할 걸작... 그 이후로는... ㅠㅜ",
    "date": "14.07.06",
    "rating": "10",
    "author": "spar****",
    "review_id": "8889298",
    "movie_id": "10104"
  },
  {
    "review": "리처드기어의 젊은 시절 매력이 철철 넘치는 명화..감정연기는 정말 최고인 배우다 폴리교관의 탈락종용에 퇴소하면 갈곳이 없다는 울부짖음은 이영화의 백미..이행님은 마지막지막에 여친데리러 가기가 취미네..프리티우먼이나 영화나 ㅋㅋ 80년대의 수작..",
    "date": "14.07.02",
    "rating": "9",
    "author": "sugi****",
    "review_id": "8877293",
    "movie_id": "10104"
  },
  {
    "review": "러닝타임이 좀 길긴 하지만 많이 지루하지 않고 유치하긴 하지만 사랑과 우정을 잘 보여준것 같다.",
    "date": "13.12.16",
    "rating": "8",
    "author": "ehwj****",
    "review_id": "8217670",
    "movie_id": "10104"
  },
  {
    "review": "재밌게 봤던 영화예요~",
    "date": "13.11.26",
    "rating": "8",
    "author": "yama****",
    "review_id": "8168745",
    "movie_id": "10104"
  },
  {
    "review": "온갖 재미의 요소가 곳곳에 배치된 잘된 시나리오",
    "date": "13.10.29",
    "rating": "9",
    "author": "ykdi****",
    "review_id": "8099799",
    "movie_id": "10104"
  },
  {
    "review": "지금에서야  보게되었다 유지하지만  저시대 영화를 봤더라면.....리차드기어 정말  잘생겼네 ㅋ",
    "date": "13.09.13",
    "rating": "8",
    "author": "miso****",
    "review_id": "7971915",
    "movie_id": "10104"
  },
  {
    "review": "보고싶었는데... 이제야...ㅎㅎ",
    "date": "13.08.22",
    "rating": "9",
    "author": "mirj****",
    "review_id": "7910554",
    "movie_id": "10104"
  },
  {
    "review": "10점 만점...",
    "date": "13.08.19",
    "rating": "10",
    "author": "stop****",
    "review_id": "7902618",
    "movie_id": "10104"
  },
  {
    "review": "멋있어 리차드기어 마지막장면은 정말 명장면이네",
    "date": "13.08.04",
    "rating": "7",
    "author": "jjcv****",
    "review_id": "7835015",
    "movie_id": "10104"
  },
  {
    "review": "리차드기어 는 진짜 멋진 배우",
    "date": "13.07.25",
    "rating": "10",
    "author": "3535****",
    "review_id": "7783297",
    "movie_id": "10104"
  },
  {
    "review": "진부했으나 괜찮은 분위기.",
    "date": "13.06.08",
    "rating": "7",
    "author": "c_p_****",
    "review_id": "7609321",
    "movie_id": "10104"
  },
  {
    "review": "기대보다 진부했던 사관후보생의 사랑과 우정 이야기",
    "date": "13.05.12",
    "rating": "7",
    "author": "byul****",
    "review_id": "7524752",
    "movie_id": "10104"
  },
  {
    "review": "30년만에 봤네요. 내용은 가물가물 했지만, 감정은 그대로네요. 근데, 그때의 풋풋했던 나의 청춘은...........",
    "date": "13.05.10",
    "rating": "8",
    "author": "dyd3****",
    "review_id": "7519044",
    "movie_id": "10104"
  },
  {
    "review": "리차드 기어... 정말 멋있다.. 주제곡도 최고 ㅎㅎ",
    "date": "12.11.19",
    "rating": "10",
    "author": "dora****",
    "review_id": "6905397",
    "movie_id": "10104"
  },
  {
    "review": "젊은 리차드 기어의 모습은 정말이지 멋있네요. 보고 나면 가슴이 뜨거워 지는 영화.",
    "date": "12.07.13",
    "rating": "10",
    "author": "kwso****",
    "review_id": "6474378",
    "movie_id": "10104"
  },
  {
    "review": "화려하지 않지만 멋진영화였음..데브라윙거가 참 이쁘게 나온영화입니다.",
    "date": "12.07.02",
    "rating": "10",
    "author": "14ki****",
    "review_id": "6437994",
    "movie_id": "10104"
  },
  {
    "review": "오랜만에 보니 옛날생각나게 하는 영화입니다. 조연들도 몇해전까지 유명했던 인물들이죠. 특히 호라시오반장의 어릴적 ㅋㅋ 탑건, 지아이제인등의 영화에 모티브를 준것 같은 느낌 그시대치고는 내용좋음",
    "date": "12.07.01",
    "rating": "9",
    "author": "luxu****",
    "review_id": "6434792",
    "movie_id": "10104"
  },
  {
    "review": "토관과 신토 ㅋ 원래는 미해군 항공장교후보생학교의 생도를 일컫는 '학사장교'를 뜻하지만 잘못 번역한 제목이 오히려 더 좋은 영화. 리처드 기어에 의한 리처드 기어를 위한...",
    "date": "12.07.01",
    "rating": "7",
    "author": "pete****",
    "review_id": "6434185",
    "movie_id": "10104"
  },
  {
    "review": "재미와 감동, 슬픔에 야하기까지.. 그리고 나름 해피엔딩",
    "date": "12.05.23",
    "rating": "10",
    "author": "amoh****",
    "review_id": "6325188",
    "movie_id": "10104"
  },
  {
    "review": "best!",
    "date": "12.03.13",
    "rating": "10",
    "author": "tizn****",
    "review_id": "6142373",
    "movie_id": "10104"
  },
  {
    "review": "어리숙한 사랑..어리숙한 드라마....어리숙한 감동...어리숙한 훈련.매끄럽지못하다.",
    "date": "12.02.15",
    "rating": "7",
    "author": "kara****",
    "review_id": "6076106",
    "movie_id": "10104"
  },
  {
    "review": "마지막 장면과 주제곡이 인상적",
    "date": "11.12.05",
    "rating": "8",
    "author": "area****",
    "review_id": "5888254",
    "movie_id": "10104"
  },
  {
    "review": "요즘은 이런영화가 왜 안나올까 최고",
    "date": "11.12.02",
    "rating": "10",
    "author": "0mlb****",
    "review_id": "5881944",
    "movie_id": "10104"
  },
  {
    "review": "윙거는 늘 반갑지만 이 영화의 흥행은 미스테리하다.",
    "date": "11.11.07",
    "rating": "4",
    "author": "pria****",
    "review_id": "5834137",
    "movie_id": "10104"
  },
  {
    "review": "옛날 생각 나는게 너무 좋았어요. 곡도 친숙하고~ 굿굿굿~",
    "date": "11.10.27",
    "rating": "10",
    "author": "logo****",
    "review_id": "5812387",
    "movie_id": "10104"
  },
  {
    "review": "재미있게 봤어요^^",
    "date": "11.10.27",
    "rating": "10",
    "author": "6450****",
    "review_id": "5812383",
    "movie_id": "10104"
  },
  {
    "review": "반지 삼키고 목맨 넘만 불쌍한거야..",
    "date": "11.08.23",
    "rating": "9",
    "author": "free****",
    "review_id": "5681442",
    "movie_id": "10104"
  },
  {
    "review": "Good!",
    "date": "11.08.06",
    "rating": "10",
    "author": "uto9****",
    "review_id": "5611663",
    "movie_id": "10104"
  },
  {
    "review": "마요네~즈!",
    "date": "11.07.23",
    "rating": "6",
    "author": "yr86****",
    "review_id": "5564167",
    "movie_id": "10104"
  },
  {
    "review": "[8점] 난 언제 이런 사랑을..",
    "date": "11.07.13",
    "rating": "8",
    "author": "fann****",
    "review_id": "5540138",
    "movie_id": "10104"
  },
  {
    "review": "귀여운 여인과  투탑으로 리차드 기어 영화중 최고지..",
    "date": "11.07.02",
    "rating": "8",
    "author": "ll3l****",
    "review_id": "5517581",
    "movie_id": "10104"
  },
  {
    "review": "역시 명작은 아무리 시간이 흘러 다시봐도 재미있다..",
    "date": "11.01.08",
    "rating": "10",
    "author": "ykm3****",
    "review_id": "5139789",
    "movie_id": "10104"
  },
  {
    "review": "인내는 쓰고 열매는 달다. 사랑, 일..모두",
    "date": "10.12.08",
    "rating": "10",
    "author": "skku****",
    "review_id": "5036623",
    "movie_id": "10104"
  },
  {
    "review": "사랑얘기는 좀 별로였고 사관생도들의 훈련애기가 더 다가왔음",
    "date": "10.11.26",
    "rating": "7",
    "author": "seul****",
    "review_id": "4992893",
    "movie_id": "10104"
  },
  {
    "review": "가난한 여공들이 박수를 치는 장면이 특이했다. 폴라의 어머니야 당연하지만.",
    "date": "10.11.08",
    "rating": "10",
    "author": "skss****",
    "review_id": "4946490",
    "movie_id": "10104"
  },
  {
    "review": "인생 최고의 영화 ! 두말할 필요없은 세기의 명작 !",
    "date": "10.11.01",
    "rating": "10",
    "author": "hahe****",
    "review_id": "4931924",
    "movie_id": "10104"
  },
  {
    "review": "마요네즈 생도 ㅋㅋ 예썰~!! 리차드 기어는 진리구나",
    "date": "10.10.04",
    "rating": "8",
    "author": "come****",
    "review_id": "4885227",
    "movie_id": "10104"
  },
  {
    "review": "하앜",
    "date": "10.07.15",
    "rating": "10",
    "author": "dmst****",
    "review_id": "4640997",
    "movie_id": "10104"
  },
  {
    "review": "나이스",
    "date": "10.04.11",
    "rating": "10",
    "author": "yuye****",
    "review_id": "4426481",
    "movie_id": "10104"
  },
  {
    "review": "굿",
    "date": "10.03.28",
    "rating": "10",
    "author": "qaax****",
    "review_id": "4392945",
    "movie_id": "10104"
  },
  {
    "review": "사랑의 아련함에 대하여...",
    "date": "10.03.23",
    "rating": "6",
    "author": "evil****",
    "review_id": "4378290",
    "movie_id": "10104"
  },
  {
    "review": "나중이라도 꼭 다시보고 싶은 영화",
    "date": "10.03.07",
    "rating": "10",
    "author": "a_sm****",
    "review_id": "4340684",
    "movie_id": "10104"
  },
  {
    "review": "다시 보니 굉장한 영화였네...난 80년대 미국의 로맨틱영화가 좋더라.초록 잔디밭하며",
    "date": "10.02.20",
    "rating": "10",
    "author": "godo****",
    "review_id": "4304208",
    "movie_id": "10104"
  },
  {
    "review": "진짜 멋진 남자 리차드 기어!!",
    "date": "09.12.29",
    "rating": "9",
    "author": "bbq2****",
    "review_id": "4103179",
    "movie_id": "10104"
  },
  {
    "review": "어린시절 나의 심금을 울렸던...매니아라면 꼭 봐야 할 영화!",
    "date": "09.12.11",
    "rating": "10",
    "author": "cs06****",
    "review_id": "4034353",
    "movie_id": "10104"
  },
  {
    "review": "완전 멋진 척, 라스트씬, 좋다!",
    "date": "09.11.15",
    "rating": "9",
    "author": "caca****",
    "review_id": "3965001",
    "movie_id": "10104"
  },
  {
    "review": "리차드 기어 왤케 .....섹시남인지... 멋있다",
    "date": "09.11.07",
    "rating": "10",
    "author": "ghgk****",
    "review_id": "3943129",
    "movie_id": "10104"
  },
  {
    "review": "명불허전 라스트씬 지금봐도 멋지다",
    "date": "09.11.05",
    "rating": "7",
    "author": "expr****",
    "review_id": "3938978",
    "movie_id": "10104"
  },
  {
    "review": "개인적으로는 큰 공감을 했다. 현실적인 요소와 극적인 요소가 적절히 녹아있는 영화.",
    "date": "09.10.30",
    "rating": "9",
    "author": "mysu****",
    "review_id": "3924839",
    "movie_id": "10104"
  },
  {
    "review": "어렸을땐 재밌었지만 나이를 먹어서 그런지 지금보니 좀 유치하다",
    "date": "09.09.22",
    "rating": "8",
    "author": "jkw1****",
    "review_id": "3844077",
    "movie_id": "10104"
  },
  {
    "review": "최고의 영화",
    "date": "09.09.06",
    "rating": "10",
    "author": "8913****",
    "review_id": "3815037",
    "movie_id": "10104"
  },
  {
    "review": "학군사관후보생으로서 장교의 길을 걷고있는 나로선 공감가는 내용이었다.",
    "date": "09.09.04",
    "rating": "9",
    "author": "japa****",
    "review_id": "3810373",
    "movie_id": "10104"
  },
  {
    "review": "지금 보기엔.",
    "date": "09.07.29",
    "rating": "7",
    "author": "diri****",
    "review_id": "3681816",
    "movie_id": "10104"
  },
  {
    "review": "멋있는 영화. 약간 이해안가는 문화적 차이가 있지만",
    "date": "09.07.04",
    "rating": "10",
    "author": "jmp0****",
    "review_id": "3609783",
    "movie_id": "10104"
  },
  {
    "review": "1982년이라... 젊은 리차드 기어의 열정과 매력, 무리없는 스토리, 멋진 엔딩",
    "date": "09.01.11",
    "rating": "6",
    "author": "acin****",
    "review_id": "3209267",
    "movie_id": "10104"
  },
  {
    "review": "너무너무감동적인영화><특히마지막 장면><굿잡>",
    "date": "09.01.06",
    "rating": "10",
    "author": "tjfg****",
    "review_id": "3197351",
    "movie_id": "10104"
  },
  {
    "review": "아름다운 노래 빼고는 군대입대 홍보하는 로맨스영화",
    "date": "08.12.24",
    "rating": "5",
    "author": "hany****",
    "review_id": "3144107",
    "movie_id": "10104"
  },
  {
    "review": "멋지게 나온 그리고 음악이 너무 멋진 80년을 대표하는 상징적인 청춘물",
    "date": "08.12.13",
    "rating": "7",
    "author": "deff****",
    "review_id": "3111117",
    "movie_id": "10104"
  },
  {
    "review": "뼈를 깎는 극기와 역경속에서의 한 남자의 성장을 심도있게 그려냈다.",
    "date": "08.09.29",
    "rating": "10",
    "author": "unde****",
    "review_id": "2974818",
    "movie_id": "10104"
  },
  {
    "review": "꿈을꾸고 또 희망하고",
    "date": "08.09.18",
    "rating": "10",
    "author": "mmmr****",
    "review_id": "2956780",
    "movie_id": "10104"
  },
  {
    "review": "꽤 매력적이긴 하지만.. 정서적으로 이해가 않가는 장면이 많다.",
    "date": "08.08.01",
    "rating": "8",
    "author": "pola****",
    "review_id": "2824736",
    "movie_id": "10104"
  },
  {
    "review": "그닥 재미없다.",
    "date": "08.07.24",
    "rating": "6",
    "author": "enia****",
    "review_id": "2798009",
    "movie_id": "10104"
  },
  {
    "review": "데브라 윙거의 젊은 시절은 쵝오닷!",
    "date": "08.04.12",
    "rating": "9",
    "author": "andy****",
    "review_id": "2575460",
    "movie_id": "10104"
  },
  {
    "review": "리차드기어 옷 빼입었는데 너무 멋있다..",
    "date": "08.04.11",
    "rating": "10",
    "author": "ansg****",
    "review_id": "2574466",
    "movie_id": "10104"
  },
  {
    "review": "정말 매력적인 영화... 리차드기어,데브라윙거",
    "date": "08.03.15",
    "rating": "10",
    "author": "boyn****",
    "review_id": "2521255",
    "movie_id": "10104"
  },
  {
    "review": "리처드기어 너무 멋있다.........",
    "date": "08.03.06",
    "rating": "10",
    "author": "dkdu****",
    "review_id": "2506051",
    "movie_id": "10104"
  },
  {
    "review": "Up where we belong... 사랑과 낭만 그리고 슬픔...데보라 윙어의 명연기",
    "date": "07.12.15",
    "rating": "10",
    "author": "ffme****",
    "review_id": "2234013",
    "movie_id": "10104"
  },
  {
    "review": "최근 tv에서 소개해주어서 봤는데 역쉬 쵝오~!!",
    "date": "07.12.14",
    "rating": "10",
    "author": "wer1****",
    "review_id": "2232355",
    "movie_id": "10104"
  },
  {
    "review": "GOOD~!!",
    "date": "07.11.26",
    "rating": "10",
    "author": "jcw2****",
    "review_id": "2186725",
    "movie_id": "10104"
  },
  {
    "review": "달콤한 눈깔사탕 같은 영화...이빨 썩어도 좋다",
    "date": "07.11.19",
    "rating": "9",
    "author": "baks****",
    "review_id": "2167124",
    "movie_id": "10104"
  },
  {
    "review": "리처드의 간지.....ㄷㄷ",
    "date": "07.11.19",
    "rating": "10",
    "author": "best****",
    "review_id": "2165815",
    "movie_id": "10104"
  },
  {
    "review": "리처드기어의 최고의 영화.. 그의 연기를 이해하고 싶으면 보세요!!",
    "date": "07.11.09",
    "rating": "10",
    "author": "sb33****",
    "review_id": "2141440",
    "movie_id": "10104"
  },
  {
    "review": "very good !",
    "date": "07.10.17",
    "rating": "10",
    "author": "cles****",
    "review_id": "2094800",
    "movie_id": "10104"
  },
  {
    "review": "지금봐도 쿨하고 박진감 넘친다. 교관의 캐릭터는 전형이되었다.",
    "date": "07.10.03",
    "rating": "9",
    "author": "bepl****",
    "review_id": "2069179",
    "movie_id": "10104"
  },
  {
    "review": "추억속에서 절대 잊혀질 수 없는 영화",
    "date": "07.09.21",
    "rating": "10",
    "author": "scri****",
    "review_id": "2034154",
    "movie_id": "10104"
  },
  {
    "review": "오래된 영화라...식상,",
    "date": "07.09.13",
    "rating": "6",
    "author": "drd1****",
    "review_id": "2017148",
    "movie_id": "10104"
  },
  {
    "review": "젊은 리차드 기어..그리고 토요명화 타이틀에 등장하는 유명한 라스트씬.",
    "date": "07.08.27",
    "rating": "8",
    "author": "iwbd****",
    "review_id": "1982829",
    "movie_id": "10104"
  },
  {
    "review": "데브라 윙거 너무 보고 싶다... 난 26살이지만..",
    "date": "07.07.14",
    "rating": "10",
    "author": "pupk****",
    "review_id": "1775214",
    "movie_id": "10104"
  },
  {
    "review": "주위의 찬사만이 공허하게 남던 영화..",
    "date": "07.06.30",
    "rating": "5",
    "author": "tkan****",
    "review_id": "1732028",
    "movie_id": "10104"
  },
  {
    "review": "라스트 씬때문에 별10개 이같은 라스트씬 흔치 않아요",
    "date": "07.06.22",
    "rating": "10",
    "author": "oldb****",
    "review_id": "1714325",
    "movie_id": "10104"
  },
  {
    "review": "기억에 남는 영화 ^^ 이정도?",
    "date": "07.06.12",
    "rating": "10",
    "author": "s2yu****",
    "review_id": "1697739",
    "movie_id": "10104"
  },
  {
    "review": "볼때마다 찡한 감동을 주는 영화, 라스트신 아름다운 명장면이다.",
    "date": "07.05.12",
    "rating": "10",
    "author": "dolt****",
    "review_id": "1633518",
    "movie_id": "10104"
  },
  {
    "review": "지금 보니 가벼운 80년대 청춘 멜로 영화 그 이상은 없었다.",
    "date": "07.05.05",
    "rating": "7",
    "author": "team****",
    "review_id": "1620945",
    "movie_id": "10104"
  },
  {
    "review": "정말 정말 가슴에 남는 영화.. 이런 남자가 되고 싶다..",
    "date": "07.04.16",
    "rating": "10",
    "author": "cano****",
    "review_id": "1591038",
    "movie_id": "10104"
  },
  {
    "review": "진정이런영화가 남자의 사랑과인생목표를 담고있다....",
    "date": "07.04.14",
    "rating": "10",
    "author": "2001****",
    "review_id": "1588490",
    "movie_id": "10104"
  },
  {
    "review": "요거 보고 해군장교되기로 결심해 복무하고 있죠 ㅋ 잘만들어진 청춘영화",
    "date": "07.04.05",
    "rating": "10",
    "author": "axlr****",
    "review_id": "1573755",
    "movie_id": "10104"
  },
  {
    "review": "리처드..옷걸이 한번 끝내주는구만...",
    "date": "07.03.24",
    "rating": "10",
    "author": "cjw2****",
    "review_id": "1552036",
    "movie_id": "10104"
  },
  {
    "review": "기대를 너무 많이 했나...",
    "date": "07.03.06",
    "rating": "7",
    "author": "iwuz****",
    "review_id": "1521054",
    "movie_id": "10104"
  },
  {
    "review": "평점10 결코 아깝지 않다. 빛나는 청춘물",
    "date": "07.02.15",
    "rating": "10",
    "author": "iamc****",
    "review_id": "1473467",
    "movie_id": "10104"
  },
  {
    "review": "견디어라, 과거는 잊고. 이 어려움을 믿고 이겨내면 승리하리라.",
    "date": "07.02.04",
    "rating": "9",
    "author": "cmh4****",
    "review_id": "1443406",
    "movie_id": "10104"
  },
  {
    "review": "귀여운여인과 비슷한 스토리라인 여자들이 좋아할작품",
    "date": "07.01.14",
    "rating": "9",
    "author": "nala****",
    "review_id": "1384918",
    "movie_id": "10104"
  },
  {
    "review": "매번 볼때마다 감동이 밀려와 눈물이 나올거 같은 영화.",
    "date": "06.12.20",
    "rating": "10",
    "author": "jyjy****",
    "review_id": "1307816",
    "movie_id": "10104"
  }
]