[
  {
    "review": "이런걸 명화라고 부르는구나",
    "date": "15.08.12",
    "rating": "10",
    "author": "zpon****",
    "review_id": "10219296",
    "movie_id": "10101"
  },
  {
    "review": "아주 늦게 봤는데 감동입니다",
    "date": "15.07.26",
    "rating": "10",
    "author": "yl70****",
    "review_id": "10145972",
    "movie_id": "10101"
  },
  {
    "review": "멋집니다ㅎ 지금 봐도 추천",
    "date": "15.07.17",
    "rating": "10",
    "author": "dldy****",
    "review_id": "10113447",
    "movie_id": "10101"
  },
  {
    "review": "로마의 아름다운 풍경과 두사람의 아름답고 행복한 하루!",
    "date": "15.07.14",
    "rating": "9",
    "author": "jeyl****",
    "review_id": "10102973",
    "movie_id": "10101"
  },
  {
    "review": "이쁘다 진짜..근데 나중에 택시비 보내줬는지 모르겠네",
    "date": "15.07.07",
    "rating": "8",
    "author": "skps****",
    "review_id": "10077555",
    "movie_id": "10101"
  },
  {
    "review": "이런 영화를 바로 명작이라고 한다.",
    "date": "15.06.27",
    "rating": "9",
    "author": "adiv****",
    "review_id": "10042402",
    "movie_id": "10101"
  },
  {
    "review": "그레고이 펙의 친구 의리가 있는듯사진도 정보도 자기가 다 가지고 있는데그걸 퍼트리지않고 친구를 이해하고 가슴속에 묻어놓았다.우린 그의모습도 다시 볼 필요가 있다.그리고 오드리햅번 존예 말이 안나온다.그냥 순수 그자체였다.",
    "date": "15.06.14",
    "rating": "10",
    "author": "wwem****",
    "review_id": "10001150",
    "movie_id": "10101"
  },
  {
    "review": "1950년대 로마의 모습을 볼 수 있어서 좋았다. 굉장히 매력적인 영화.",
    "date": "15.06.12",
    "rating": "10",
    "author": "seo2****",
    "review_id": "9993377",
    "movie_id": "10101"
  },
  {
    "review": "어머니가 그레고리 팩만한 남자배우가 없다해서 봤었는데 진짜 굳굳",
    "date": "15.06.07",
    "rating": "10",
    "author": "fkdz****",
    "review_id": "9982126",
    "movie_id": "10101"
  },
  {
    "review": "??? 왜 명작이지...",
    "date": "15.05.20",
    "rating": "3",
    "author": "511_****",
    "review_id": "9934148",
    "movie_id": "10101"
  },
  {
    "review": "반세기 지난 영화치고 굉장히 획기적이다. 보는 내내 영상미에 취하고 이질감을 느끼면서 만감이 교차하였다.",
    "date": "15.05.05",
    "rating": "9",
    "author": "alsd****",
    "review_id": "9895702",
    "movie_id": "10101"
  },
  {
    "review": "외모에 아름다운 심성을 가졌다는 말이 뭔지 영화를 보고 알게됐다. 보고나서 느낀 점이라면... 세상에 이런 여자가 몇이나 될까라는 궁금증",
    "date": "15.05.02",
    "rating": "10",
    "author": "wnsg****",
    "review_id": "9887883",
    "movie_id": "10101"
  },
  {
    "review": "100년이 지나도 명작일 듯합니다.",
    "date": "15.04.11",
    "rating": "10",
    "author": "lsh5****",
    "review_id": "9839506",
    "movie_id": "10101"
  },
  {
    "review": "오드리헵번의 미소를 나는 영원히 잊지 못할 것 같다.",
    "date": "15.03.19",
    "rating": "10",
    "author": "leet****",
    "review_id": "9793465",
    "movie_id": "10101"
  },
  {
    "review": "최고의 캐스팅이며 ,마지막에  그레고리펙이  쓸쓸히  걸어나오는  장면은 가슴아린 여운을 남긴다.",
    "date": "15.03.14",
    "rating": "10",
    "author": "sjal****",
    "review_id": "9781881",
    "movie_id": "10101"
  },
  {
    "review": "good movie anybody should watch minimum 1 time",
    "date": "15.03.04",
    "rating": "10",
    "author": "stoo****",
    "review_id": "9755643",
    "movie_id": "10101"
  },
  {
    "review": "오드리헵번을 위한 영화.",
    "date": "15.02.28",
    "rating": "5",
    "author": "lej6****",
    "review_id": "9746019",
    "movie_id": "10101"
  },
  {
    "review": "명작엔 다 이유가 있고 오드리햅번은 지금 봐도 아름다웠다",
    "date": "15.02.28",
    "rating": "10",
    "author": "eaea****",
    "review_id": "9746012",
    "movie_id": "10101"
  },
  {
    "review": "내 인생 영화!!!! 오드리햅번, 그레고리팩 정말 잘 어울려!",
    "date": "15.02.21",
    "rating": "10",
    "author": "iuli****",
    "review_id": "9721359",
    "movie_id": "10101"
  },
  {
    "review": "20세기 로맨틱코미디의 교과서",
    "date": "15.02.20",
    "rating": "8",
    "author": "guev****",
    "review_id": "9716511",
    "movie_id": "10101"
  },
  {
    "review": "명작을 오늘 첨 본거지만 전혀 촌스럽지 않고 억지스럽지 않고 순수하다 하나더 오드리햅번의 전성기를 실물로 볼 수 없다는것이 개탄스럽다!!!!",
    "date": "15.02.04",
    "rating": "9",
    "author": "s251****",
    "review_id": "9666768",
    "movie_id": "10101"
  },
  {
    "review": "요즘영화보다도 더 멋지고 세련되었다 감동의 여운이 아주아주 오래감",
    "date": "15.02.01",
    "rating": "10",
    "author": "css1****",
    "review_id": "9656437",
    "movie_id": "10101"
  },
  {
    "review": "명작이라는 이유를 알겠습니다. 저한테 길이 남는 영화가 될듯하네요",
    "date": "15.01.26",
    "rating": "10",
    "author": "nji6****",
    "review_id": "9638111",
    "movie_id": "10101"
  },
  {
    "review": "옛날 영화여서 편견이 있었는데 그런 편견을 완전히깨버리는 아름다운 영화",
    "date": "15.01.17",
    "rating": "10",
    "author": "hk69****",
    "review_id": "9606344",
    "movie_id": "10101"
  },
  {
    "review": "고전임을 감안해서 2점깎았음....비록 완벽하진 않았지만 로마의 아름다운 풍경이 흑백으로도 잘 전달됐고 나름 숨겨진 재미요소도있음.  어쨋거나 오드리햅번이 너무 예쁘다",
    "date": "15.01.06",
    "rating": "8",
    "author": "clfc****",
    "review_id": "9568502",
    "movie_id": "10101"
  },
  {
    "review": "마지막 기자오 한공주와의 인터뷰 장면에서 얼마나 안고 싶었을까 얼마나 사랑한다고 말하고 싶었을까 그걸 참고 있는걸보면 참 잘만든영화에요 마지막에 차안에서 마지막을고하고 키스하는 장면이 왜그렇게 눈물이 나는지 정말 잘만든영화",
    "date": "14.11.24",
    "rating": "10",
    "author": "myjl****",
    "review_id": "9417322",
    "movie_id": "10101"
  },
  {
    "review": "내인생 손에꼽는 명작",
    "date": "14.11.23",
    "rating": "10",
    "author": "cass****",
    "review_id": "9413480",
    "movie_id": "10101"
  },
  {
    "review": "화려하지도 세련되지도 않지만 충분히 아름답다",
    "date": "14.11.12",
    "rating": "9",
    "author": "gmdq****",
    "review_id": "9375327",
    "movie_id": "10101"
  },
  {
    "review": "로마 여행갔을때 버스에서 봤는데대박 재밌다",
    "date": "14.11.11",
    "rating": "10",
    "author": "joow****",
    "review_id": "9371942",
    "movie_id": "10101"
  },
  {
    "review": "마지막 장면의 여운은 지금도 아련함...",
    "date": "14.11.10",
    "rating": "10",
    "author": "nasu****",
    "review_id": "9369401",
    "movie_id": "10101"
  },
  {
    "review": "재밌기도 하고 일단 오드리햅번이 너무 사랑스럽게 나옴...",
    "date": "14.11.09",
    "rating": "10",
    "author": "mile****",
    "review_id": "9362186",
    "movie_id": "10101"
  },
  {
    "review": "가슴에 잔잔한 여운이 남는 영화",
    "date": "14.11.01",
    "rating": "10",
    "author": "lial****",
    "review_id": "9333707",
    "movie_id": "10101"
  },
  {
    "review": "아름다운 영화 ~ ~ ~ ~",
    "date": "14.10.15",
    "rating": "10",
    "author": "puta****",
    "review_id": "9294563",
    "movie_id": "10101"
  },
  {
    "review": "영화와 사랑에 빠져버렸다.",
    "date": "14.10.10",
    "rating": "10",
    "author": "sky0****",
    "review_id": "9281470",
    "movie_id": "10101"
  },
  {
    "review": "명성 대비 그저 그랬다...;;;",
    "date": "14.10.05",
    "rating": "7",
    "author": "popy****",
    "review_id": "9266461",
    "movie_id": "10101"
  },
  {
    "review": "오드리 햅번은 시대의 연인이다.",
    "date": "14.10.04",
    "rating": "10",
    "author": "twil****",
    "review_id": "9264276",
    "movie_id": "10101"
  },
  {
    "review": "엄마와함께본영화인데너무달달하고처음엔결말이조금허무한듯했지만생각해보니신분차이때문에어쩔수없이헤어져야만했던그런두사람!!!!정말잘만든영화같다!",
    "date": "14.10.04",
    "rating": "8",
    "author": "lucy****",
    "review_id": "9260804",
    "movie_id": "10101"
  },
  {
    "review": "로마에 가고 싶다,,,",
    "date": "14.10.04",
    "rating": "10",
    "author": "soju****",
    "review_id": "9260784",
    "movie_id": "10101"
  },
  {
    "review": "스토리 자체는 단순하지만, 소재가… 그 당시 공주와 서민간의 이뤄지지 못할 사랑은 상식을 깨는 이야기였을 꺼야. 스토리와 별개로, 오드리 헵번과 그레고리 팩의 연기가 보는 사람의 감정선을 울리는 무언가가 있어.",
    "date": "14.10.04",
    "rating": "9",
    "author": "ctwf****",
    "review_id": "9260762",
    "movie_id": "10101"
  },
  {
    "review": "컬러로 보고 싶은 영화 언젠가는 가능 할까??",
    "date": "14.09.22",
    "rating": "10",
    "author": "bism****",
    "review_id": "9233696",
    "movie_id": "10101"
  },
  {
    "review": "정말 로마에서 휴가를 보내며 로마의 휴일을 봤다.",
    "date": "14.08.21",
    "rating": "10",
    "author": "otu2****",
    "review_id": "9118606",
    "movie_id": "10101"
  },
  {
    "review": "영화도  물론  재밌다  이미  클래식인  이영화에  별점이  무슨  소용인가?너무도  멋진  그레고리  펙  그리고  추악한  세상에   신이  보낸   지상의  천사  오드리 헵번을  본다는  것  자체만으로도...",
    "date": "14.08.07",
    "rating": "10",
    "author": "oasi****",
    "review_id": "9046712",
    "movie_id": "10101"
  },
  {
    "review": "조국과 가족에 대한 의무, 짧은 로맨스 그리고 긴 귀족의 책무",
    "date": "14.07.21",
    "rating": "6",
    "author": "hany****",
    "review_id": "8937982",
    "movie_id": "10101"
  },
  {
    "review": "50년대 작품이라 결말이 아쉬웠는데 지금 생각해보니 그렇기에 한번 더 생각나지 않나 싶다... 서로가 다가 갈 수 없는그 장벽이 있기에 ...",
    "date": "14.07.18",
    "rating": "8",
    "author": "dlgo****",
    "review_id": "8928502",
    "movie_id": "10101"
  },
  {
    "review": "와...여운 진짜... 옛날영화가 무슨 현대영화 못지않은 연출력에다...진짜 너무 자연스럽고 다.. 왜 로마의 휴일 하는지 알겠다..",
    "date": "14.07.12",
    "rating": "10",
    "author": "nyro****",
    "review_id": "8908095",
    "movie_id": "10101"
  },
  {
    "review": "너무나도 유명한 고전명작이다. 하지만 이제서야 이 명작을 접하게 되었다. 이 영화를 찾게된 이유는 로마시내 구경을 하고 싶어서...물론 이 영화는 1950년대 초반에 제작되었기 때문에 지금의 변화된 모습과는 상당히 다르겠지만, 스페인 계단 , 진실",
    "date": "14.07.06",
    "rating": "9",
    "author": "hoon****",
    "review_id": "8891209",
    "movie_id": "10101"
  },
  {
    "review": "말이필요없는 명작오드리헵번 사랑해요!",
    "date": "14.07.05",
    "rating": "10",
    "author": "mobu****",
    "review_id": "8887113",
    "movie_id": "10101"
  },
  {
    "review": "오드리 햅번의 마음씨 처럼 이쁜 오드리 햅번의 미모를 다시한번 볼수 있는 기회였던것 같다",
    "date": "14.06.29",
    "rating": "10",
    "author": "sinj****",
    "review_id": "8869108",
    "movie_id": "10101"
  },
  {
    "review": "애틋한 사랑 이야기. 너무 좋네요.",
    "date": "14.06.29",
    "rating": "10",
    "author": "hcsk****",
    "review_id": "8866436",
    "movie_id": "10101"
  },
  {
    "review": "시간이 지나 다시 보아도 변하지 않는 아름다운 명작. 오드리헵번님을 알게 된 영화.",
    "date": "14.06.27",
    "rating": "10",
    "author": "alra****",
    "review_id": "8862224",
    "movie_id": "10101"
  },
  {
    "review": "십점 줄께요오드리 누나 사랑해요",
    "date": "14.06.21",
    "rating": "10",
    "author": "isaa****",
    "review_id": "8845762",
    "movie_id": "10101"
  },
  {
    "review": "good  good good",
    "date": "14.06.13",
    "rating": "10",
    "author": "bblo****",
    "review_id": "8827249",
    "movie_id": "10101"
  },
  {
    "review": "명보극장서 봤는데 dvd를 틀어주더군요... 오마이. 이걸어떻게극장으로 쳐주는건지... 그럼에도불구하고 오드리햅번과 영화는 빛을 잃지않더군요.",
    "date": "14.06.12",
    "rating": "9",
    "author": "desc****",
    "review_id": "8824153",
    "movie_id": "10101"
  },
  {
    "review": "내용은 유치한데 오드리 햅번 진짜 이쁘다",
    "date": "14.05.16",
    "rating": "9",
    "author": "xx41****",
    "review_id": "8735940",
    "movie_id": "10101"
  },
  {
    "review": "저는 영화가 좋아요 정말 재미있게 봤습니다",
    "date": "14.05.09",
    "rating": "10",
    "author": "khh9****",
    "review_id": "8717098",
    "movie_id": "10101"
  },
  {
    "review": "햅번의 미소가 너무 아름답다 로마에 가보고 싶은 생각도 들게끔 만든 영화같ㄷ",
    "date": "14.05.06",
    "rating": "9",
    "author": "winn****",
    "review_id": "8708388",
    "movie_id": "10101"
  },
  {
    "review": "개인적으로 흑백영화는 좋아하지않는데...이영화는 뭔가에 끌리듯(아마 햅번때문인듯하다) 끝까지 보게된....상당히 잼있게봤다...",
    "date": "14.04.22",
    "rating": "10",
    "author": "band****",
    "review_id": "8665122",
    "movie_id": "10101"
  },
  {
    "review": "구멍에 손 집어넣어다가 엄청 아픈척하는거 정말 웃기다.",
    "date": "14.04.21",
    "rating": "10",
    "author": "kje0****",
    "review_id": "8664423",
    "movie_id": "10101"
  },
  {
    "review": "12345678901236",
    "date": "14.04.12",
    "rating": "6",
    "author": "jeon****",
    "review_id": "8644122",
    "movie_id": "10101"
  },
  {
    "review": "우와와와와 괜히 명장이고 전세계가 아는 영화가아니다",
    "date": "14.04.03",
    "rating": "10",
    "author": "zzan****",
    "review_id": "8625311",
    "movie_id": "10101"
  },
  {
    "review": "오드리헵번의 진면목을 일깨워 준 영화, 이 당시 헵번은 정말 천사구나~ 말년에 유니세프봉사에 마음까지 천사였던 그녀. 흑백영화 나름의 분위기도 좋았지만 50년대 로마의 이곳저곳을 칼라로 접했다면 더 좋았겠다는 아쉬움. 안보면 후회할 영화다",
    "date": "14.03.18",
    "rating": "9",
    "author": "zxvt****",
    "review_id": "8586901",
    "movie_id": "10101"
  },
  {
    "review": "good good good good",
    "date": "14.03.18",
    "rating": "9",
    "author": "nost****",
    "review_id": "8585753",
    "movie_id": "10101"
  },
  {
    "review": "황실의 공주이야기를 잘표현~감동과 안타까움에 눈물이났덤 영화!",
    "date": "14.03.12",
    "rating": "10",
    "author": "msry****",
    "review_id": "8569984",
    "movie_id": "10101"
  },
  {
    "review": "내 마음에 표백제를 탈 수 있다면 이 영화가 유일하겠지.",
    "date": "14.03.02",
    "rating": "10",
    "author": "blac****",
    "review_id": "8550130",
    "movie_id": "10101"
  },
  {
    "review": "점수 인플레를 하기 싫으나, 이 영화는 10점 만점을 받을 수 밖에 없다. 이 영화가 1953년 작품이라니...감독을 한 윌리엄 와일러, 영원한 젠틀맨 이미지를 선사한 그레고리 펙, 그리고 헵번...요즘 CG로 범벅이된 허리우드영화와는 격이 다른...",
    "date": "14.02.27",
    "rating": "10",
    "author": "jasb****",
    "review_id": "8543307",
    "movie_id": "10101"
  },
  {
    "review": "담배피는 오드리햅번도 예쁘네 ~ 명작이다 명작",
    "date": "14.02.25",
    "rating": "8",
    "author": "bear****",
    "review_id": "8536227",
    "movie_id": "10101"
  },
  {
    "review": "햅번... 로마에서 날개를 달고 경이롭게 날아다녀라!!",
    "date": "14.02.22",
    "rating": "8",
    "author": "cstp****",
    "review_id": "8529570",
    "movie_id": "10101"
  },
  {
    "review": "명작이 왜 명작인지 알겠어요",
    "date": "14.02.02",
    "rating": "10",
    "author": "youa****",
    "review_id": "8463526",
    "movie_id": "10101"
  },
  {
    "review": "더빙, 흑백, 60년대의 연출이라는 조건속에서도 달달함을 느낄 수 있었다.",
    "date": "14.01.14",
    "rating": "10",
    "author": "jong****",
    "review_id": "8382497",
    "movie_id": "10101"
  },
  {
    "review": "오드리햅ㅂ번도 넘이쁘고ㅠㅠ내용도 딱 알아듣기쉽고 재밌엇어ㅓ요!!!!짱짱",
    "date": "13.12.23",
    "rating": "10",
    "author": "jin_****",
    "review_id": "8286292",
    "movie_id": "10101"
  },
  {
    "review": "와 이당시에 이런 스토리있는 영화가 있었다니..지금봐도 전혀 촌스럽지 않네요~ 무엇보다 오드리 햅번이 너무 예뻐요~ 괜히 세기의 미인이 아니라는",
    "date": "13.12.21",
    "rating": "10",
    "author": "pmj0****",
    "review_id": "8264903",
    "movie_id": "10101"
  },
  {
    "review": "모든 여자에게 희망고문을 줄 영화. 이쁜 사랑을 꿈꾸게 하는",
    "date": "13.12.21",
    "rating": "10",
    "author": "tran****",
    "review_id": "8262765",
    "movie_id": "10101"
  },
  {
    "review": "정말 아름다운 영화 로마에 가고 싶은 충동을 느끼게 한다.",
    "date": "13.12.21",
    "rating": "10",
    "author": "funl****",
    "review_id": "8262370",
    "movie_id": "10101"
  },
  {
    "review": "오드리 헵번이 곧 영화다",
    "date": "13.12.16",
    "rating": "10",
    "author": "gkco****",
    "review_id": "8218051",
    "movie_id": "10101"
  },
  {
    "review": "오드리햅번 역시 최고다 죽기전에 꼭바야하는 영화",
    "date": "13.12.08",
    "rating": "10",
    "author": "rlad****",
    "review_id": "8198469",
    "movie_id": "10101"
  },
  {
    "review": "정말 이상한게 흑백인데도 아름다워",
    "date": "13.12.04",
    "rating": "9",
    "author": "lkyl****",
    "review_id": "8188571",
    "movie_id": "10101"
  },
  {
    "review": "참좋은영화인것이다.",
    "date": "13.11.26",
    "rating": "10",
    "author": "whgo****",
    "review_id": "8169866",
    "movie_id": "10101"
  },
  {
    "review": "여운에서헤어나올수가없다...",
    "date": "13.11.18",
    "rating": "10",
    "author": "sall****",
    "review_id": "8148891",
    "movie_id": "10101"
  },
  {
    "review": "오드리햅번밖에 안보이는 영화",
    "date": "13.11.15",
    "rating": "10",
    "author": "momo****",
    "review_id": "8139127",
    "movie_id": "10101"
  },
  {
    "review": "아~~~~나의 영원한 마돈나,,",
    "date": "13.11.10",
    "rating": "10",
    "author": "sang****",
    "review_id": "8128835",
    "movie_id": "10101"
  },
  {
    "review": "결말의 여운이 아직도 생각난다!",
    "date": "13.11.08",
    "rating": "8",
    "author": "alem****",
    "review_id": "8124491",
    "movie_id": "10101"
  },
  {
    "review": "보는내내 오드리 햅번의 미모에 감탄만 했네. 너무 아름답고 예쁘다.",
    "date": "13.11.05",
    "rating": "8",
    "author": "ehwj****",
    "review_id": "8115891",
    "movie_id": "10101"
  },
  {
    "review": "아주 현실적인 결말..그래서 더 기억에 남는",
    "date": "13.11.03",
    "rating": "8",
    "author": "dlat****",
    "review_id": "8112314",
    "movie_id": "10101"
  },
  {
    "review": "안해와 같이 본 감동적인 영화였다.",
    "date": "13.10.02",
    "rating": "10",
    "author": "hkun****",
    "review_id": "8026801",
    "movie_id": "10101"
  },
  {
    "review": "오드리 햅번만의 영화...리메이크 되어도 절대 오드리 따라갈 여주는 없을꺼라 생각한다.",
    "date": "13.10.01",
    "rating": "10",
    "author": "wonn****",
    "review_id": "8025070",
    "movie_id": "10101"
  },
  {
    "review": "내 최초이자 최고의 영화",
    "date": "13.09.21",
    "rating": "10",
    "author": "jaey****",
    "review_id": "8006091",
    "movie_id": "10101"
  },
  {
    "review": "마지막 10분 중에 보여지는 주인공의 안타깝지만 어쩔수 없는... ㅠㅠ",
    "date": "13.09.05",
    "rating": "10",
    "author": "pass****",
    "review_id": "7950753",
    "movie_id": "10101"
  },
  {
    "review": "오드리 햅번의 미모=로마의 휴일 작품성.. 흑백일때 오드리햅번의 미모는 더 눈부심. 마치 회색,실버톤으로 보니깐. 빛이남.",
    "date": "13.09.05",
    "rating": "10",
    "author": "ajho****",
    "review_id": "7947993",
    "movie_id": "10101"
  },
  {
    "review": "고전이 이렇게 세련될 수가 있다니....오드리헵번 정말 아름답네요~",
    "date": "13.09.05",
    "rating": "10",
    "author": "u_an****",
    "review_id": "7947916",
    "movie_id": "10101"
  },
  {
    "review": "내게 가장 큰 여운을 준 영화이자 내가 고전영화에 빠지도록 첫발을 디디게 해준 영화이다!",
    "date": "13.08.18",
    "rating": "10",
    "author": "wndu****",
    "review_id": "7899504",
    "movie_id": "10101"
  },
  {
    "review": "요즘영화보다훨씬났다",
    "date": "13.08.18",
    "rating": "10",
    "author": "tmfo****",
    "review_id": "7897338",
    "movie_id": "10101"
  },
  {
    "review": "이 영화를 보니까 내용이 너무 아름다워요.로마에 가보고싶어요.",
    "date": "13.08.12",
    "rating": "10",
    "author": "dbcp****",
    "review_id": "7873225",
    "movie_id": "10101"
  },
  {
    "review": "명작",
    "date": "13.07.20",
    "rating": "10",
    "author": "ddos****",
    "review_id": "7768414",
    "movie_id": "10101"
  },
  {
    "review": "보는 내내 즐겁고 설렜던 영화였다. 특히 오드리 햅번이 너무 이뻤음..",
    "date": "13.07.14",
    "rating": "10",
    "author": "nico****",
    "review_id": "7739217",
    "movie_id": "10101"
  },
  {
    "review": "1950년대 로마의 풍경과 오드리햅번의 정말 깨끗한 아름다움을 보는 것만으로도 충분한 영화. 그리고 훌륭한 영화답게 결말이 좋다.",
    "date": "13.07.04",
    "rating": "9",
    "author": "jys4****",
    "review_id": "7705152",
    "movie_id": "10101"
  },
  {
    "review": "흑백영화 좋아하는데 내용은 좀 유치해도 재미있었고 오드리햅번이 너무 이뻣다..ㅠ귀여운 모습도 보여줬고 ㅎㅎ 로마라는 배경도 좋았다!",
    "date": "13.07.02",
    "rating": "9",
    "author": "skft****",
    "review_id": "7698148",
    "movie_id": "10101"
  },
  {
    "review": "이 영화는 10점을 받아도 아깝지 않습니다.",
    "date": "13.06.21",
    "rating": "10",
    "author": "ttl3****",
    "review_id": "7665509",
    "movie_id": "10101"
  },
  {
    "review": "gpgpgp헤헤헤",
    "date": "13.06.13",
    "rating": "10",
    "author": "qntk****",
    "review_id": "7635151",
    "movie_id": "10101"
  },
  {
    "review": "오드리 헵번 너무 이쁘다",
    "date": "13.06.05",
    "rating": "10",
    "author": "mara****",
    "review_id": "7580241",
    "movie_id": "10101"
  },
  {
    "review": "무슨 말이 필요할까, 돌아서는 오드리 햅번과 그레고리 팩을 보면 마음이 저며온다. 명작중의 명작. 사랑을 모른다면 이 영화를 보아라.",
    "date": "13.05.31",
    "rating": "10",
    "author": "tlfw****",
    "review_id": "7566176",
    "movie_id": "10101"
  }
]