[
  {
    "review_id": "9204688",
    "movie_id": "101088",
    "author": "kker****",
    "review": "그래봤자 니모배낀거임.",
    "rating": "1",
    "date": "14.09.11"
  },
  {
    "review_id": "9200507",
    "movie_id": "101088",
    "author": "arti****",
    "review": "재밌었으나조금지루한부분은있어요~",
    "rating": "8",
    "date": "14.09.10"
  },
  {
    "review_id": "9155356",
    "movie_id": "101088",
    "author": "free****",
    "review": "물고기가 바다를 찾아가는 모습이 재미있었다",
    "rating": "9",
    "date": "14.09.02"
  },
  {
    "review_id": "9147337",
    "movie_id": "101088",
    "author": "modd****",
    "review": "아이들이 재미있어하네요 ^^",
    "rating": "8",
    "date": "14.08.30"
  },
  {
    "review_id": "9132823",
    "movie_id": "101088",
    "author": "samo****",
    "review": "이거 별 10개주신분 정말 보신것 맞는지...어제 아들 데리고 보고 왔는데 끝까지 보느라 힘들었습니다. 디즈니 수준에 눈높이가 맞춰져 있어서 그런지 몰라도...이건 정말 아닌것 같아요. 그래도 5살 우리 아들은 끝까지 봤네요.",
    "rating": "1",
    "date": "14.08.25"
  },
  {
    "review_id": "9127831",
    "movie_id": "101088",
    "author": "534k****",
    "review": "다 좋은데 뭔가 1%가 아쉽다",
    "rating": "8",
    "date": "14.08.24"
  },
  {
    "review_id": "9127741",
    "movie_id": "101088",
    "author": "imob****",
    "review": "기막힌만화.70년대 만화영화 수준에도 못미치는 어이없는 만화다.인터넷관람객평가를 보고 예약한 내 눈이 미워 죽을지경.7살짜리 우리딸 언제 끝나를 외치다 잠들었고 옆자리 세가족은 30분만에  나가버렸다.절대 보장!보면 후회함!",
    "rating": "1",
    "date": "14.08.24"
  },
  {
    "review_id": "9125895",
    "movie_id": "101088",
    "author": "myki****",
    "review": "좀 그렇다.포스터도 사기임.",
    "rating": "7",
    "date": "14.08.23"
  },
  {
    "review_id": "9124804",
    "movie_id": "101088",
    "author": "fair****",
    "review": "재밌네요애들하고 잘봤습니다",
    "rating": "8",
    "date": "14.08.23"
  },
  {
    "review_id": "9124738",
    "movie_id": "101088",
    "author": "tkfk****",
    "review": "아이들은좋아함....약간지루한감과 영상질이떨어지는듯한 느낌요",
    "rating": "5",
    "date": "14.08.23"
  },
  {
    "review_id": "9121197",
    "movie_id": "101088",
    "author": "daia****",
    "review": "조카랑 같이 봤는데 재밌었어요!!",
    "rating": "10",
    "date": "14.08.22"
  },
  {
    "review_id": "9121096",
    "movie_id": "101088",
    "author": "jihy****",
    "review": "어릴 때로 돌아간 기분이었어요 재밌게 봤어요~",
    "rating": "10",
    "date": "14.08.22"
  },
  {
    "review_id": "9121090",
    "movie_id": "101088",
    "author": "jiho****",
    "review": "볼게 없어서 조카들 보여줬는데 너무 좋아하네요~ 아이들 영화로 강추!",
    "rating": "10",
    "date": "14.08.22"
  },
  {
    "review_id": "9121087",
    "movie_id": "101088",
    "author": "athe****",
    "review": "니모도 잼나게 봤는데 기대되요~!!!",
    "rating": "10",
    "date": "14.08.22"
  },
  {
    "review_id": "9121085",
    "movie_id": "101088",
    "author": "sdj7****",
    "review": "조카들이 너무 좋아해요 ㅋㅋㅋ 제가봐도 재밌어요",
    "rating": "10",
    "date": "14.08.22"
  },
  {
    "review_id": "9121083",
    "movie_id": "101088",
    "author": "chla****",
    "review": "ㅋㅋ아들이 좋아하겠네요 평소 물고기봤다하면 초집중하는 녀석이라 ㅋ",
    "rating": "10",
    "date": "14.08.22"
  },
  {
    "review_id": "9121080",
    "movie_id": "101088",
    "author": "kago****",
    "review": "조카들이랑 보고왔는데 너무 재밌네요",
    "rating": "10",
    "date": "14.08.22"
  },
  {
    "review_id": "9121077",
    "movie_id": "101088",
    "author": "baco****",
    "review": "오랜만에 보는 기대되는 애니메이션이네요",
    "rating": "10",
    "date": "14.08.22"
  },
  {
    "review_id": "9121076",
    "movie_id": "101088",
    "author": "pcli****",
    "review": "3D가 즐비한 어린이 애니메이션 가운데 2D로 만나는 어린이 영화! 내가 어렸을때 봤던 인어공주, 알라딘, 타잔, 라이온킹처럼 지금 세대 어린이들에게 추억으로 남을만한 영화!!",
    "rating": "10",
    "date": "14.08.22"
  },
  {
    "review_id": "9121071",
    "movie_id": "101088",
    "author": "elin****",
    "review": "울 조카 이거보고 완전 신났네요!!!^^데리고 가길 잘했어요~",
    "rating": "10",
    "date": "14.08.22"
  },
  {
    "review_id": "9121069",
    "movie_id": "101088",
    "author": "dbek****",
    "review": "아이들이 좋아하네요 ㅎㅎ아주  신나는 애니메이션이었어요",
    "rating": "10",
    "date": "14.08.22"
  },
  {
    "review_id": "9121068",
    "movie_id": "101088",
    "author": "redi****",
    "review": "귀엽다 니모 생각나네 ㅎㅎ",
    "rating": "10",
    "date": "14.08.22"
  },
  {
    "review_id": "9121065",
    "movie_id": "101088",
    "author": "coco****",
    "review": "울 조카들 어제 보고 하루종일 얘기하네요 ㅋㅋ 스타더빙없이 오랜만에 좋은 애니메이션 관람!",
    "rating": "10",
    "date": "14.08.22"
  },
  {
    "review_id": "9121064",
    "movie_id": "101088",
    "author": "sylo****",
    "review": "조카들한테 점수 좀 얻겠군....하하하!!! 짱짱맨!!!",
    "rating": "10",
    "date": "14.08.22"
  },
  {
    "review_id": "9121060",
    "movie_id": "101088",
    "author": "pink****",
    "review": "여름에 보기 시원한 애니메이션!!",
    "rating": "10",
    "date": "14.08.22"
  },
  {
    "review_id": "9121058",
    "movie_id": "101088",
    "author": "belo****",
    "review": "시사회로 봤는데 조카가 재밌어했어요 ㅋㅋ 3D보다 요런것도 눈 편안하고 보기좋은애니인듯",
    "rating": "10",
    "date": "14.08.22"
  },
  {
    "review_id": "9121056",
    "movie_id": "101088",
    "author": "jt48****",
    "review": "애기들 완전 좋아하더만 ㅋㅋ 요런 애니메이션 많이 나왔음 좋겠다!",
    "rating": "10",
    "date": "14.08.22"
  },
  {
    "review_id": "9121051",
    "movie_id": "101088",
    "author": "mido****",
    "review": "오 완전 기발하닷! 넘넘 잼게봐써용",
    "rating": "10",
    "date": "14.08.22"
  },
  {
    "review_id": "9121049",
    "movie_id": "101088",
    "author": "hyen****",
    "review": "완전 우리 아이가 좋아라 하네요~",
    "rating": "10",
    "date": "14.08.22"
  },
  {
    "review_id": "9121041",
    "movie_id": "101088",
    "author": "chm5****",
    "review": "무엇보다  환경과 아이의 꿈에 대한 이야기가 좋았던거같아요",
    "rating": "10",
    "date": "14.08.22"
  },
  {
    "review_id": "9119570",
    "movie_id": "101088",
    "author": "anou****",
    "review": "포스터만번지르르하다",
    "rating": "1",
    "date": "14.08.21"
  },
  {
    "review_id": "9119173",
    "movie_id": "101088",
    "author": "hug3****",
    "review": "배경은 니모를 찾아서 2D 판 같아요.. 캐릭터는  샤크 같고.. 뭐지.. 남이 보는눈이 정확한것같은데;",
    "rating": "1",
    "date": "14.08.21"
  },
  {
    "review_id": "9118768",
    "movie_id": "101088",
    "author": "1116****",
    "review": "최고다!역시 믿음이 최고야!영화강추 화이팅^^♡",
    "rating": "10",
    "date": "14.08.21"
  },
  {
    "review_id": "9117132",
    "movie_id": "101088",
    "author": "cona****",
    "review": "저 다섯살인데 유치해요",
    "rating": "1",
    "date": "14.08.21"
  },
  {
    "review_id": "9117130",
    "movie_id": "101088",
    "author": "pjs2****",
    "review": "아으아어?아아아?어오오오옹",
    "rating": "1",
    "date": "14.08.21"
  },
  {
    "review_id": "9117129",
    "movie_id": "101088",
    "author": "yt83****",
    "review": "용잼이네요ㅜ다시는보고싶지안아요",
    "rating": "1",
    "date": "14.08.21"
  },
  {
    "review_id": "9116436",
    "movie_id": "101088",
    "author": "yeso****",
    "review": "우리 애가 보고 너무 좋아 하네요.. 교육적인 내용도 좋았어요..",
    "rating": "10",
    "date": "14.08.21"
  }
]