[
  {
    "review": "살리에르의 질투심에 깊이 공감했다. 연기력과 연출이 시대를 초월하는 영화",
    "date": "15.08.25",
    "rating": "9",
    "author": "sonu****",
    "review_id": "10274971",
    "movie_id": "10114"
  },
  {
    "review": "연기,각복,연출 모두 퍼펙트하다",
    "date": "15.08.12",
    "rating": "10",
    "author": "poa1****",
    "review_id": "10219558",
    "movie_id": "10114"
  },
  {
    "review": "재능의 한계를 극복하려고 하는 범인들을 위한 영화.",
    "date": "15.08.09",
    "rating": "10",
    "author": "haju****",
    "review_id": "10205805",
    "movie_id": "10114"
  },
  {
    "review": "모차르트가 지휘하는 순간 나는 그가 되었다.",
    "date": "15.07.30",
    "rating": "9",
    "author": "woxn****",
    "review_id": "10163238",
    "movie_id": "10114"
  },
  {
    "review": "대작입니다. 고등학교 음악쌤이 보여주셨었는데..ㅎㅎ",
    "date": "15.07.27",
    "rating": "10",
    "author": "dkgh****",
    "review_id": "10149453",
    "movie_id": "10114"
  },
  {
    "review": "3시간이라 좀 지루한 부분도 있었이만 눈을 뗄 수 없었다",
    "date": "15.07.24",
    "rating": "9",
    "author": "yosj****",
    "review_id": "10135968",
    "movie_id": "10114"
  },
  {
    "review": "천재는 노력하는 자를 이길 수 없다? 진짜 천재를 못 본 모양일세 ㅋㅋㅋ - by.살리에르",
    "date": "15.07.19",
    "rating": "10",
    "author": "moma****",
    "review_id": "10121720",
    "movie_id": "10114"
  },
  {
    "review": "진짜 최고... 모차르트 좋아하게됌",
    "date": "15.07.04",
    "rating": "10",
    "author": "7681****",
    "review_id": "10067541",
    "movie_id": "10114"
  },
  {
    "review": "Best movie u ever seen before",
    "date": "15.07.02",
    "rating": "10",
    "author": "d2pa****",
    "review_id": "10059594",
    "movie_id": "10114"
  },
  {
    "review": "3시간이라는 긴 시간동안 여러편의 오페라를 한편에 본 느낌~천재인 모짜르트의 재능을 질투하면서도 사랑하는 인간적은 살리에리를 통해 신의 과연 공평한가?라는 질문을 하게된다.",
    "date": "15.06.21",
    "rating": "9",
    "author": "anti****",
    "review_id": "10016857",
    "movie_id": "10114"
  },
  {
    "review": "연기력이 상상 그 이상이다..",
    "date": "15.06.20",
    "rating": "10",
    "author": "shur****",
    "review_id": "10013721",
    "movie_id": "10114"
  },
  {
    "review": "여운면에선 10점만점이지만우리한테주는메세지가무엇인지 분명하지않습니다",
    "date": "15.06.19",
    "rating": "7",
    "author": "wjda****",
    "review_id": "10012454",
    "movie_id": "10114"
  },
  {
    "review": "열등감에 관한 영화 중에서 이거만한 작품이 있으려나.",
    "date": "15.06.19",
    "rating": "10",
    "author": "cras****",
    "review_id": "10010652",
    "movie_id": "10114"
  },
  {
    "review": "와....이건 진짜 대작이다",
    "date": "15.06.11",
    "rating": "10",
    "author": "tpal****",
    "review_id": "9990544",
    "movie_id": "10114"
  },
  {
    "review": "재능 vs 열망창작 vs 모방",
    "date": "15.06.07",
    "rating": "10",
    "author": "dion****",
    "review_id": "9983424",
    "movie_id": "10114"
  },
  {
    "review": "모차르트가 생각보다  가볍고 밝은놈으로 나와서 놀람..그리고 그 특유의 웃음소리 ㅋㅋ 들을수록 중독성있고 귀여움^^",
    "date": "15.05.28",
    "rating": "10",
    "author": "dlad****",
    "review_id": "9958278",
    "movie_id": "10114"
  },
  {
    "review": "88년인가 89년인가;;; tv 명화극장에서 해줬었던.... 그거보고 음악선생님이 감상문 써오라고 하셨음... 그때 이걸보고 클래식에 퐁당빠져버림...",
    "date": "15.05.08",
    "rating": "10",
    "author": "rjdn****",
    "review_id": "9903800",
    "movie_id": "10114"
  },
  {
    "review": "10점을 기준으로 평가했던 다른 영화들의 점수를 내릴 수가 없어서 이것만 12점 정도 주고싶은 느낌",
    "date": "15.05.07",
    "rating": "10",
    "author": "iamz****",
    "review_id": "9902331",
    "movie_id": "10114"
  },
  {
    "review": "모차르트의 모자도 모르는새끼들이 평점깎네 레퀴엠이라도 들어보고 달던가",
    "date": "15.04.24",
    "rating": "10",
    "author": "ttok****",
    "review_id": "9864618",
    "movie_id": "10114"
  },
  {
    "review": "당시 아카데미 시상식을 휩쓸어버린 영화..30년이 지났는데도 전혀 지루하지 않다",
    "date": "15.04.17",
    "rating": "10",
    "author": "eomd****",
    "review_id": "9850078",
    "movie_id": "10114"
  },
  {
    "review": "지금까지 봤던 수백 편의 영화 중에 단연 최고.",
    "date": "15.04.17",
    "rating": "10",
    "author": "fano****",
    "review_id": "9849385",
    "movie_id": "10114"
  },
  {
    "review": "적어도 90년대 후반이나 2000년 초반작일 것이라고 생각했는데... 85년? 이야... 진짜 잘 만들었네;;;",
    "date": "15.04.16",
    "rating": "10",
    "author": "oals****",
    "review_id": "9848660",
    "movie_id": "10114"
  },
  {
    "review": "이런 영화가 85년도에 개봉? 진짜 미쳤다 어느것 하나 부족한걸 찾을수가 없었던 완벽한 영화임ㅜㅜ",
    "date": "15.04.10",
    "rating": "10",
    "author": "jjj7****",
    "review_id": "9837335",
    "movie_id": "10114"
  },
  {
    "review": "재밌게봄alsdkjhaldjfbn",
    "date": "15.03.14",
    "rating": "9",
    "author": "dksg****",
    "review_id": "9779276",
    "movie_id": "10114"
  },
  {
    "review": "3시간의 시간이 이리도 훌쩍 지나갈수가... 명작이다. 처음 노래가 머릿속에울린다.",
    "date": "15.03.09",
    "rating": "10",
    "author": "shm0****",
    "review_id": "9767871",
    "movie_id": "10114"
  },
  {
    "review": "평점이 겨우 9.29라니 정신들 나갔나? 99.9는 되어야지",
    "date": "15.02.27",
    "rating": "10",
    "author": "kkci****",
    "review_id": "9743297",
    "movie_id": "10114"
  },
  {
    "review": "모짜르트를 띄우느라 살리에리가 너무 저평가됨. 그래도 작품성은 뛰어남",
    "date": "15.02.16",
    "rating": "9",
    "author": "skps****",
    "review_id": "9701714",
    "movie_id": "10114"
  },
  {
    "review": "인내력테스트입니다 ㅋ",
    "date": "15.02.12",
    "rating": "2",
    "author": "thwl****",
    "review_id": "9690039",
    "movie_id": "10114"
  },
  {
    "review": "살면서 한번쯤은 봐야하고 살아가면서 계속 보게될것같은 영화중 한편이다",
    "date": "15.02.09",
    "rating": "9",
    "author": "dltk****",
    "review_id": "9681345",
    "movie_id": "10114"
  },
  {
    "review": "마지막에 정신병원 복도에서 살리에리가 네 죄를 사하노라 하다가 모차르트처럼 웃는게 압권이었다",
    "date": "15.01.30",
    "rating": "10",
    "author": "caug****",
    "review_id": "9650670",
    "movie_id": "10114"
  },
  {
    "review": "이게 전체관람가라니!!",
    "date": "15.01.29",
    "rating": "10",
    "author": "dls2****",
    "review_id": "9647332",
    "movie_id": "10114"
  },
  {
    "review": "모짜르트를 몰라도 재밌게 볼수있는 영화....유치한 설정들이 보이긴하는데 그리 큰흠이 아니다...",
    "date": "15.01.22",
    "rating": "8",
    "author": "kara****",
    "review_id": "9622168",
    "movie_id": "10114"
  },
  {
    "review": "오페라한편을 만드는데..  극본,작사,작곡, 오케스트라편곡,춤,지휘자,총감독..등 모든걸 모짜르트 혼자서 하다니... 아무리 천재라도 과로사로 죽을수 밖에 정말 대단하다고밖엔..",
    "date": "15.01.20",
    "rating": "10",
    "author": "lik1****",
    "review_id": "9614842",
    "movie_id": "10114"
  },
  {
    "review": "힘이 부족했지만 재능은 뛰어난 볼프강.",
    "date": "15.01.19",
    "rating": "10",
    "author": "core****",
    "review_id": "9612221",
    "movie_id": "10114"
  },
  {
    "review": "현재 나오는 액션영화와는 감이 다름... 왜 음악쌤이 아닌 미술쌤이 말해줬는지 모르겠지만 얼핏듣고 집에서 DVD빌려봤는데 진짜 명작... 1점준애들은 뭔가 싶다.",
    "date": "15.01.13",
    "rating": "10",
    "author": "kdy6****",
    "review_id": "9589753",
    "movie_id": "10114"
  },
  {
    "review": "말이 필요없다 대단하다",
    "date": "15.01.12",
    "rating": "10",
    "author": "kkje****",
    "review_id": "9587174",
    "movie_id": "10114"
  },
  {
    "review": "시대를 풍미하는 천재성도 대단한거지만... 그 천재성을 알아보는 안목을 가진 살리에리 역시 대단한 재능을 가진 건데... 그것을 분노로 승화시킨 게 안타까울 뿐...여담이지만 명작은 80~90년 대에 몰려 있는 듯...",
    "date": "15.01.03",
    "rating": "10",
    "author": "rose****",
    "review_id": "9555372",
    "movie_id": "10114"
  },
  {
    "review": "5번도 더 봤는데 내 인생 최고의 영화로 꼽을 수 있을 정도ㅠㅠ",
    "date": "14.12.28",
    "rating": "10",
    "author": "chtj****",
    "review_id": "9529636",
    "movie_id": "10114"
  },
  {
    "review": "내가 죽기 전에 이 영화를 볼 수 있어서 다행이다",
    "date": "14.12.27",
    "rating": "10",
    "author": "jrj2****",
    "review_id": "9523216",
    "movie_id": "10114"
  },
  {
    "review": "내취향과 너무 안맞는영화",
    "date": "14.12.26",
    "rating": "1",
    "author": "bebo****",
    "review_id": "9518181",
    "movie_id": "10114"
  },
  {
    "review": "너무 지루하다 좀 감동적이지만",
    "date": "14.12.25",
    "rating": "1",
    "author": "ddan****",
    "review_id": "9515036",
    "movie_id": "10114"
  },
  {
    "review": "30년이나 된 영화라는게 정말 놀랍다!  최고!",
    "date": "14.12.25",
    "rating": "10",
    "author": "ldah****",
    "review_id": "9514069",
    "movie_id": "10114"
  },
  {
    "review": "말로 표현할수없을정도의 신의 경지에 도달한 모차르트에 대해 다시한번 위대한곡들에 대해 감사드리며 경의를 표합니다",
    "date": "14.12.20",
    "rating": "10",
    "author": "k642****",
    "review_id": "9494623",
    "movie_id": "10114"
  },
  {
    "review": "방정맞은 웃음소리  ㅋㅋ",
    "date": "14.12.20",
    "rating": "8",
    "author": "blue****",
    "review_id": "9493370",
    "movie_id": "10114"
  },
  {
    "review": "모짜르트, 살리에르가 공연때 즐겁게 지휘했던 모습과 천재 모짜르트의 피아노 연주가 특히 기억에 남는다. 우리에게 음악이라는 크나큰 유산을 남긴 분이 그당시엔 많은역경이 있었다는걸 쬐금은 알것 같다.",
    "date": "14.12.20",
    "rating": "10",
    "author": "na20****",
    "review_id": "9491877",
    "movie_id": "10114"
  },
  {
    "review": "아마데우스 볼프강 모짜르트 이름을 외우게 하다니...",
    "date": "14.12.15",
    "rating": "10",
    "author": "nmoo****",
    "review_id": "9477421",
    "movie_id": "10114"
  },
  {
    "review": "나는 희망한다. 나의 꿈을... 영화는 나에게 알게해줬다! 나의 마음속에 담겨져 있는 나의 마음을...",
    "date": "14.12.12",
    "rating": "10",
    "author": "1004****",
    "review_id": "9466907",
    "movie_id": "10114"
  },
  {
    "review": "보통 사람의 대변자 살리에리",
    "date": "14.12.01",
    "rating": "10",
    "author": "kmog****",
    "review_id": "9439232",
    "movie_id": "10114"
  },
  {
    "review": "모차르트라는 음악천재를 보다 더 매력적인 인물로 그려낸 수작. 살리에리 입장에서는 좀 억울할 수도...",
    "date": "14.12.01",
    "rating": "10",
    "author": "hepy****",
    "review_id": "9438532",
    "movie_id": "10114"
  },
  {
    "review": "욕망을 주셨다면 재능을 주셨어야지 나는 평범한 사람들의 챔피언이야. 평범한 사람들의 수호신이야.모든 평범한 사람들이여, 너의 죄를 사하노라.. 자신이 가지지 못한 천재적인 재능을 지닌 개으른 모짜르트를 질투하는 살리에리의 애증어린 마음이 느껴진다",
    "date": "14.11.30",
    "rating": "10",
    "author": "danz****",
    "review_id": "9434379",
    "movie_id": "10114"
  },
  {
    "review": "진짜 대단한영화다.... 1985년도 작품이라도 지금봐도 전혀 OOO않는퀄리티... 탄탄하고 흡입력있는이야기는...",
    "date": "14.11.29",
    "rating": "10",
    "author": "nabi****",
    "review_id": "9430955",
    "movie_id": "10114"
  },
  {
    "review": "뭔소리야 꿀잼인데. 커서 다시봐라.",
    "date": "14.11.27",
    "rating": "10",
    "author": "gone****",
    "review_id": "9425261",
    "movie_id": "10114"
  },
  {
    "review": "음악선생님이 보여줫는데 노잼이다ㅡㅡ",
    "date": "14.11.21",
    "rating": "1",
    "author": "pjw6****",
    "review_id": "9407495",
    "movie_id": "10114"
  },
  {
    "review": "살리에리가 지나치게 평가절하되어있는 작품. 관람객들로 하여금 살리에리의 작품들에 대해서 잘못된 생각을 하게끔 유도한다. 한 예술가에 대한 모독이라고 생각되는 작품. 하지만 픽션이라는 점에서 영화 자체는 잘 만들어졌다. 고로 별 세 개를 준다.",
    "date": "14.11.14",
    "rating": "6",
    "author": "maso****",
    "review_id": "9383778",
    "movie_id": "10114"
  },
  {
    "review": "최선을 다하는 엄친아 모범생이 자신이 인정하는 천재를 만났을때 느끼는 감정.하지만 그천재를 자신이 아무리 노력해도 따라잡을수 없을때 느끼는 절망감",
    "date": "14.11.11",
    "rating": "9",
    "author": "drph****",
    "review_id": "9370789",
    "movie_id": "10114"
  },
  {
    "review": "배한성씨 목소리와 어우러진 미칠듯한 연기.",
    "date": "14.11.10",
    "rating": "10",
    "author": "kem1****",
    "review_id": "9365335",
    "movie_id": "10114"
  },
  {
    "review": "3시간을 지루하지않게본거같아요..천재음악가 모짜르트  자신을 너무혹사하고살았네요..철이안든거같고  안타까운사람이네요..불쌍하기도하구..음악너무즐겁게잘들었어요..귀가아주즐거웠어요..",
    "date": "14.11.08",
    "rating": "10",
    "author": "seon****",
    "review_id": "9356583",
    "movie_id": "10114"
  },
  {
    "review": "제일아름다운서양영화",
    "date": "14.11.08",
    "rating": "10",
    "author": "miji****",
    "review_id": "9356156",
    "movie_id": "10114"
  },
  {
    "review": "이게 85년작?!?? 배우들 연기부터 음악 뭐하나 빠지는게 없는작품..",
    "date": "14.11.05",
    "rating": "10",
    "author": "crew****",
    "review_id": "9342630",
    "movie_id": "10114"
  },
  {
    "review": "예전에 중학교때 처음에 되게 흥미없이 봤었는데 결국 재밋게 봄^^ 길긴길더라ㅋㅋ",
    "date": "14.11.02",
    "rating": "10",
    "author": "dbal****",
    "review_id": "9337146",
    "movie_id": "10114"
  },
  {
    "review": "이 영화를 한번 본다면 모차르트의 천재성에 감탄할것이고 두번 본다면 살리에리의 집요함에 눈을 찌푸릴 것이고 세번 이상 본다면 살리에리를 동정하게 될 것이다.",
    "date": "14.10.19",
    "rating": "10",
    "author": "hyuk****",
    "review_id": "9303275",
    "movie_id": "10114"
  },
  {
    "review": "최고의 희극, 최고의 비극, 최고의 예술, 최고의 오락영화",
    "date": "14.10.16",
    "rating": "10",
    "author": "dzfk****",
    "review_id": "9295723",
    "movie_id": "10114"
  },
  {
    "review": "옛날에 주민센터 같은데서 무슨 날이라고 보여준적있는데 재미있었는데 궁금해서 년도를 찾아봤더니.. 그냥 감탄",
    "date": "14.10.14",
    "rating": "10",
    "author": "xx41****",
    "review_id": "9290832",
    "movie_id": "10114"
  },
  {
    "review": "명작중의 최고명작은 이영화지",
    "date": "14.10.09",
    "rating": "10",
    "author": "kij6****",
    "review_id": "9276765",
    "movie_id": "10114"
  },
  {
    "review": "진짜 감명깊게 본 영화다...연기소름",
    "date": "14.10.06",
    "rating": "9",
    "author": "sadd****",
    "review_id": "9270068",
    "movie_id": "10114"
  },
  {
    "review": "연기력이나 기타등등 딸리는게 없음",
    "date": "14.10.05",
    "rating": "8",
    "author": "xfig****",
    "review_id": "9265648",
    "movie_id": "10114"
  },
  {
    "review": "결국 신이아닌 자기자신..할아버지 얘기 재밌었어요",
    "date": "14.09.16",
    "rating": "7",
    "author": "zhde****",
    "review_id": "9219231",
    "movie_id": "10114"
  },
  {
    "review": "전기 영화 중 손에 꼽을만한 수작... 모차르트의 작품들이 영화의 전개와 절묘하게 어울려 감동을 준다",
    "date": "14.09.13",
    "rating": "9",
    "author": "psh_****",
    "review_id": "9209068",
    "movie_id": "10114"
  },
  {
    "review": "살리에리가 모짜르트를 미워하고 증오하지 않았더라면 그는 어땠을까...",
    "date": "14.09.10",
    "rating": "9",
    "author": "sjan****",
    "review_id": "9199080",
    "movie_id": "10114"
  },
  {
    "review": "20세기 가장 훌륭한 영화라고 평가해도 과하지 않을 것 같다!",
    "date": "14.09.03",
    "rating": "10",
    "author": "sang****",
    "review_id": "9157162",
    "movie_id": "10114"
  },
  {
    "review": "평점쓰기 겁나 까다롭네 그냥 보세요",
    "date": "14.08.28",
    "rating": "10",
    "author": "rmag****",
    "review_id": "9141523",
    "movie_id": "10114"
  },
  {
    "review": "살리에리에게 연민을 느끼다.",
    "date": "14.08.27",
    "rating": "9",
    "author": "hand****",
    "review_id": "9136427",
    "movie_id": "10114"
  },
  {
    "review": "좋은 영화 입니다. 추천!!!",
    "date": "14.08.20",
    "rating": "10",
    "author": "tngu****",
    "review_id": "9113382",
    "movie_id": "10114"
  },
  {
    "review": "완벽한 스토리와  소름끼치게 연기했던 모든 배우들..정말 다들 천재같았음",
    "date": "14.08.19",
    "rating": "10",
    "author": "iamn****",
    "review_id": "9109557",
    "movie_id": "10114"
  },
  {
    "review": "개인적으로 포레스트 검프 보다 이 영화가 더욱 인생의 의미를 잘 담아냈다고 본다~대부도 좋고 바람과 함께 사라지다도 좋지만...내겐 최고 영화라면 이 영화다!  살리에리 캐릭터는 누구나 연기해보고픈 너무나 매력적인 배역이다...",
    "date": "14.08.11",
    "rating": "10",
    "author": "nasu****",
    "review_id": "9070039",
    "movie_id": "10114"
  },
  {
    "review": "30년 전, 아니 300년 전 작품이지만 평범한 인간이 천재를 질투하는 이유가 이렇게 통감되는 건 왜일까...",
    "date": "14.08.11",
    "rating": "8",
    "author": "samg****",
    "review_id": "9066572",
    "movie_id": "10114"
  },
  {
    "review": "말도  안되는  건  알지만 영화를 보면서 살리에르가 신을 안믿었다면, 능력을 신 탓으로  돌리지 않았다면 좀더 행복한 삶을 살 수도 있었지 않을까 하는 생각을 했다.",
    "date": "14.08.05",
    "rating": "9",
    "author": "yooj****",
    "review_id": "9028729",
    "movie_id": "10114"
  },
  {
    "review": "3~4번은 본 것 같은데 정말 재밌어요",
    "date": "14.08.01",
    "rating": "10",
    "author": "swj0****",
    "review_id": "9004473",
    "movie_id": "10114"
  },
  {
    "review": "감독판이라 3시간짜리를 봐서 조금 지루한 감이 있었다. 실화는 아니라는데 모차르트가 정말 저런 사람이었을까?",
    "date": "14.07.29",
    "rating": "9",
    "author": "sans****",
    "review_id": "8979449",
    "movie_id": "10114"
  },
  {
    "review": "시간가는줄모르고봤다 지루하지도않고 음악도좋았다 연기너무잘해서 후반에 모차르트에게 고통과 슬픔이보여서 더 안타까웠다 몇번이고다시볼영화!!",
    "date": "14.07.24",
    "rating": "10",
    "author": "gkgl****",
    "review_id": "8948597",
    "movie_id": "10114"
  },
  {
    "review": "평생 안잊어버릴 30년전의 영상기록",
    "date": "14.07.24",
    "rating": "9",
    "author": "heot****",
    "review_id": "8948596",
    "movie_id": "10114"
  },
  {
    "review": "최고의 영화 추천합니다",
    "date": "14.07.24",
    "rating": "10",
    "author": "john****",
    "review_id": "8948121",
    "movie_id": "10114"
  },
  {
    "review": "정말 다시 봐도 또 봐도 85년작이란걸 믿을 수 없는 .... 명작!  모차르트의 힘일까?",
    "date": "14.07.23",
    "rating": "10",
    "author": "vize****",
    "review_id": "8944635",
    "movie_id": "10114"
  },
  {
    "review": "뛰어난  연기와 모차르트의 놀라운 음악",
    "date": "14.07.19",
    "rating": "10",
    "author": "mere****",
    "review_id": "8931448",
    "movie_id": "10114"
  },
  {
    "review": "good movie.",
    "date": "14.07.16",
    "rating": "10",
    "author": "whan****",
    "review_id": "8921901",
    "movie_id": "10114"
  },
  {
    "review": "10점이 모자라다.. 10점에 a+ 붙여주고 싶다..",
    "date": "14.07.14",
    "rating": "10",
    "author": "chdl****",
    "review_id": "8915096",
    "movie_id": "10114"
  },
  {
    "review": "정말 정말 걸작입니다. 천재적인 모차르트를  살리에리의 눈으로 묘사되어진다.  모차르트의 생애를 한눈에 볼 수 있는 작품",
    "date": "14.07.08",
    "rating": "10",
    "author": "qg24****",
    "review_id": "8896365",
    "movie_id": "10114"
  },
  {
    "review": "영화가 끝나도 여운이 끝나지 않는다... 모짜르트... 손바닥만 비빌줄 알았어도..",
    "date": "14.07.05",
    "rating": "10",
    "author": "zjqf****",
    "review_id": "8886905",
    "movie_id": "10114"
  },
  {
    "review": "감독판보다 처음 극장 개봉판이 더 마음에 드는 영화",
    "date": "14.07.04",
    "rating": "10",
    "author": "ybho****",
    "review_id": "8884052",
    "movie_id": "10114"
  },
  {
    "review": "최고의 예술영화 이게 85년작이라니",
    "date": "14.07.04",
    "rating": "10",
    "author": "k622****",
    "review_id": "8881576",
    "movie_id": "10114"
  },
  {
    "review": "시대의 두 경쟁자.. 살리에리의 인간적 고뇌가 엿보인다",
    "date": "14.06.28",
    "rating": "10",
    "author": "spar****",
    "review_id": "8862827",
    "movie_id": "10114"
  },
  {
    "review": "천재의 천재에의한 천재를위한",
    "date": "14.06.27",
    "rating": "10",
    "author": "byul****",
    "review_id": "8861296",
    "movie_id": "10114"
  },
  {
    "review": "7.5점 천재고 뭐고간에 인간인 이상 겸손해야 살아남음...",
    "date": "14.06.22",
    "rating": "7",
    "author": "moff****",
    "review_id": "8846394",
    "movie_id": "10114"
  },
  {
    "review": "내 인생을 바꿔준 영화. 감히 찬사를 올리는것 조차 부끄러운 영화",
    "date": "14.06.12",
    "rating": "10",
    "author": "glue****",
    "review_id": "8822196",
    "movie_id": "10114"
  },
  {
    "review": "세상의 많은 살리에리들 중 한 사람으로서 굉장히 공감하고 마음 아파하며 봤던 영화.",
    "date": "14.06.07",
    "rating": "10",
    "author": "dnjr****",
    "review_id": "8807563",
    "movie_id": "10114"
  },
  {
    "review": "천재의 삶을 천재적으로 그려낸 영화.",
    "date": "14.06.02",
    "rating": "10",
    "author": "jere****",
    "review_id": "8786228",
    "movie_id": "10114"
  },
  {
    "review": "연기 연출 스토리 모두 재밌게 잘봤습니다.",
    "date": "14.05.26",
    "rating": "10",
    "author": "kjsg****",
    "review_id": "8766833",
    "movie_id": "10114"
  },
  {
    "review": "실제와는 거리가 있지만 어쨌든 영화니까, 영화라는 전제 하에 본다면 매우 훌륭한 작품이다.",
    "date": "14.05.21",
    "rating": "9",
    "author": "voca****",
    "review_id": "8752265",
    "movie_id": "10114"
  },
  {
    "review": "네이버는 85년작이라고 하고 다음은 84년작.... 쨌뜬 짱~",
    "date": "14.05.21",
    "rating": "10",
    "author": "peke****",
    "review_id": "8752072",
    "movie_id": "10114"
  },
  {
    "review": "중딩 때 장선익 선생님이 보여주신 영화...추억돋는다",
    "date": "14.05.19",
    "rating": "10",
    "author": "youm****",
    "review_id": "8748439",
    "movie_id": "10114"
  }
]