[
  {
    "review_id": "9757377",
    "movie_id": "101174",
    "author": "ske4****",
    "review": "러브인아시아를 폐지하지말고 출발 공익팀 시즌2를 페지하는게 나을듯",
    "rating": "1",
    "date": "15.03.05"
  },
  {
    "review_id": "9390530",
    "movie_id": "101174",
    "author": "jung****",
    "review": "리키!  당신을 응원합니다 부부특집에서 넘 좋았어요 평생행복하시길^^",
    "rating": "10",
    "date": "14.11.16"
  },
  {
    "review_id": "9327515",
    "movie_id": "101174",
    "author": "jina****",
    "review": "옛날 보다는 아니지만 재미있어요",
    "rating": "8",
    "date": "14.10.29"
  },
  {
    "review_id": "9318232",
    "movie_id": "101174",
    "author": "gdt0****",
    "review": "그래도 존재되어야한다",
    "rating": "9",
    "date": "14.10.26"
  },
  {
    "review_id": "9314776",
    "movie_id": "101174",
    "author": "mimn****",
    "review": "20140919일에 방송된 비디오는 왜 볼수가 없는거죠?? 손꼬박 기달리고 있는데 언제까지 기달려야 되는던가요??다른건 다 좋은데 유투브에 좀 올려 주셨으면 좋겠습니다  부탁합니다",
    "rating": "1",
    "date": "14.10.25"
  }
]