[
  {
    "review_id": "10112127",
    "movie_id": "101187",
    "author": "ske4****",
    "review": "그들은 지금 어디서 무얼 하는가?",
    "rating": "1",
    "date": "15.07.17"
  },
  {
    "review_id": "8116587",
    "movie_id": "101187",
    "author": "bajj****",
    "review": "최강 완성도의 울랄라 세션의 끝판왕급 퍼포먼스 vs 천재적인 싱어송라이터의 감성편곡(특히 TOP11 이라는 구사일생의 진입) 으로 매회 긴장감 넘쳤었는데 두팀다 앞으로 레전드급 행보를 이어가시길",
    "rating": "10",
    "date": "13.11.05"
  },
  {
    "review_id": "8058259",
    "movie_id": "101187",
    "author": "cjfg****",
    "review": "버스커 버스커 울랄라 세션 투개월...굳",
    "rating": "8",
    "date": "13.10.13"
  },
  {
    "review_id": "7909968",
    "movie_id": "101187",
    "author": "jmy1****",
    "review": "오디션프로그램도 넘쳐나고 신선도도떨어져 이전만큼의재미는없었지만 버스커버스커,투개월같이 색깔있는 지원자들이 많았던거같아용~",
    "rating": "8",
    "date": "13.08.22"
  },
  {
    "review_id": "7546622",
    "movie_id": "101187",
    "author": "hyei****",
    "review": "한국 오디션 프로그램 중엔 젤 조음.. 젤 남",
    "rating": "10",
    "date": "13.05.21"
  },
  {
    "review_id": "7114999",
    "movie_id": "101187",
    "author": "myjs****",
    "review": "버스커 버스커 울랄라세션 투개월 3파구도가 상당히 매력있고 볼만했습니다.",
    "rating": "8",
    "date": "13.01.14"
  },
  {
    "review_id": "6996294",
    "movie_id": "101187",
    "author": "deff****",
    "review": "시즌2 (허각,존박)의 긴박감과 흡인력에 비하면 시즌3 (울랄라세션,버스커버스커)의 흥미도는 많이 모자랐지만 그래도 1,2등 후보는 훌륭했다",
    "rating": "8",
    "date": "12.12.12"
  }
]