[
  {
    "review_id": "9931270",
    "movie_id": "101180",
    "author": "ske4****",
    "review": "이딴 드라마가 3점대라니? 제성신들인가?",
    "rating": "1",
    "date": "15.05.19"
  },
  {
    "review_id": "9862841",
    "movie_id": "101180",
    "author": "soli****",
    "review": "재미있었어요 황마마 누나들만 꼴보기 싫었음",
    "rating": "10",
    "date": "15.04.24"
  },
  {
    "review_id": "9690811",
    "movie_id": "101180",
    "author": "qmd1****",
    "review": "별점이아닌 벌점을 줘야하는작품임.",
    "rating": "1",
    "date": "15.02.12"
  },
  {
    "review_id": "9667665",
    "movie_id": "101180",
    "author": "mr_g****",
    "review": "쓰레기같은 작품 쓰는 작가. 별점 마이너스는 없나? 실력있는 작가들에게 기회가 가야할텐데.",
    "rating": "1",
    "date": "15.02.05"
  },
  {
    "review_id": "9264125",
    "movie_id": "101180",
    "author": "gabr****",
    "review": "빵점은 정녕 없는거냐?",
    "rating": "1",
    "date": "14.10.04"
  },
  {
    "review_id": "9160772",
    "movie_id": "101180",
    "author": "tjdu****",
    "review": "재미엇요~♥^^**",
    "rating": "10",
    "date": "14.09.03"
  },
  {
    "review_id": "9115866",
    "movie_id": "101180",
    "author": "ivod****",
    "review": "일일드라마치고 제대로 된 드라마 몇개없었던거같은데..반응이 참 새삼스럽게",
    "rating": "1",
    "date": "14.08.20"
  },
  {
    "review_id": "8908320",
    "movie_id": "101180",
    "author": "ange****",
    "review": "점점 산으로 가는 드라마. 암도 생명이라는 유명한 명언을. 작가가 정신이상같다.",
    "rating": "1",
    "date": "14.07.12"
  },
  {
    "review_id": "8876466",
    "movie_id": "101180",
    "author": "mast****",
    "review": "왜 빵점이 없는거여. 빵점도 아까워. 저 작가 드라마는 퇴출시켜야",
    "rating": "1",
    "date": "14.07.02"
  },
  {
    "review_id": "8817937",
    "movie_id": "101180",
    "author": "cjfg****",
    "review": "이 드라마 추천해준 친구한테 이렇게 엄청난 쌍욕을 해보기는 처음...진짜 아...작가가 임성한인걸 먼저 알아야했었는데;",
    "rating": "1",
    "date": "14.06.10"
  },
  {
    "review_id": "8816847",
    "movie_id": "101180",
    "author": "wlsr****",
    "review": "솔직히 나는 1점 주는 사람들에게 공감할수없다.잘썻다고 생각했는데 작가님이 안좋은소리를 많이 들으셔서 안타깝다.",
    "rating": "10",
    "date": "14.06.09"
  },
  {
    "review_id": "8749981",
    "movie_id": "101180",
    "author": "gusd****",
    "review": "1점도 아깝다 작가야 너 암걸리면 치료하지 미라 생명 이잖냐?",
    "rating": "1",
    "date": "14.05.20"
  },
  {
    "review_id": "8568877",
    "movie_id": "101180",
    "author": "dang****",
    "review": "매우 재미없는 드라마. 작가가 완전 이상함.",
    "rating": "1",
    "date": "14.03.11"
  },
  {
    "review_id": "8533060",
    "movie_id": "101180",
    "author": "ride****",
    "review": "장르는 비현실초자연SF게임, 이 드라마의 주연은 바로 임작가..",
    "rating": "1",
    "date": "14.02.24"
  },
  {
    "review_id": "8409723",
    "movie_id": "101180",
    "author": "qwe2****",
    "review": "캐릭터 그만 죽여...",
    "rating": "1",
    "date": "14.01.22"
  },
  {
    "review_id": "8381849",
    "movie_id": "101180",
    "author": "tmxk****",
    "review": "이 영화가 전설이지 다른게 전설인가",
    "rating": "10",
    "date": "14.01.14"
  },
  {
    "review_id": "8272154",
    "movie_id": "101180",
    "author": "kali****",
    "review": "정신에 이상있는 사람이 보기에 가장 멋진 드라마",
    "rating": "1",
    "date": "13.12.22"
  },
  {
    "review_id": "8267563",
    "movie_id": "101180",
    "author": "guan****",
    "review": "이민호멋있네 이민호멋있네",
    "rating": "1",
    "date": "13.12.21"
  },
  {
    "review_id": "8256815",
    "movie_id": "101180",
    "author": "5000****",
    "review": "제목을 바꿔라 : 황마 공주 .  마지막씬은 주인공이 로라가 아니고 황마같은데.. 하이튼 드라마 잘 끝났다.  임성한 드라마는 이제 보고싶지않다.",
    "rating": "1",
    "date": "13.12.20"
  },
  {
    "review_id": "8256233",
    "movie_id": "101180",
    "author": "kok4****",
    "review": "김보연 김혜은 오창석 전소민 서하준 이젠 제발 안녕~",
    "rating": "1",
    "date": "13.12.20"
  },
  {
    "review_id": "8255910",
    "movie_id": "101180",
    "author": "dsdr****",
    "review": "149회껀 정말 어이가 없었는데 150 회잘마무리되서 끝났네요. 끝에 마마로라 러브스토리 그리는거 나올때 뭔가 아쉽더라구요 끝나서시원섭섭 다음에 더좋은작품으로봤으면좋겠네요",
    "rating": "10",
    "date": "13.12.20"
  },
  {
    "review_id": "8255860",
    "movie_id": "101180",
    "author": "tp2f****",
    "review": "마지막회는 슬펐다. 솔직히 재미났다.",
    "rating": "10",
    "date": "13.12.20"
  },
  {
    "review_id": "8255848",
    "movie_id": "101180",
    "author": "jech****",
    "review": "역시 임성환작가네요  ~~^^  엔딩이 감동적이고  김보연님 연기 넘 좋았어요~♥♥",
    "rating": "10",
    "date": "13.12.20"
  },
  {
    "review_id": "8254402",
    "movie_id": "101180",
    "author": "fmsh****",
    "review": "아마도 내일 방송 스토리는 이렇지 않을까? 설설희.오로라.황마마 이렇게 셋이 살자고 했을 당시 방송에는 안나왔지만...그 당시 누군가가 애기는 시험관 애기로 황마마 정자로 해서 애기 하나 낳자? 이런식으로 말이 나온적이 있지는 않았을까? 그리고",
    "rating": "1",
    "date": "13.12.20"
  },
  {
    "review_id": "8251071",
    "movie_id": "101180",
    "author": "spri****",
    "review": "상상력 참 풍부함.. 우리는 생각지도 못하는 막장을 작가는 만들어내니..ㅋㅋ",
    "rating": "1",
    "date": "13.12.20"
  },
  {
    "review_id": "8248256",
    "movie_id": "101180",
    "author": "kc90****",
    "review": "작가,씨발너같으면보겠냐.심심하면죽이고외국가면안나오고너는악풀이시청률올리려고염병하는데.앞으로너가하는드라마절대안본다.동내뿐만아니라절대로한순간에돈버냐.해도너무해야지.",
    "rating": "1",
    "date": "13.12.20"
  },
  {
    "review_id": "8245019",
    "movie_id": "101180",
    "author": "bek1****",
    "review": "지금것 살아오면서이렇게  지마음데로인 작품은 처음임 작가님 마음데로 사셔서 편안하시겠어요 어느별에서 오셨어요?",
    "rating": "1",
    "date": "13.12.19"
  },
  {
    "review_id": "8244983",
    "movie_id": "101180",
    "author": "fonz****",
    "review": "오로라 저거가 또라이네",
    "rating": "1",
    "date": "13.12.19"
  },
  {
    "review_id": "8244872",
    "movie_id": "101180",
    "author": "akio****",
    "review": "이제 아기까지 소재로 쓰는건 쫌 말이안되 어의상실입니다..내일은 마지막이라 당췌누구아이인지 궁금하지만..마지막까지 실망이에요 답이안나오는 드라마라할까? 드제가 오로라공주인데... 공주의 삶이 너무 꼬이고꼬였네요 전남편의 아이라면...이건아니지않나요?",
    "rating": "1",
    "date": "13.12.19"
  },
  {
    "review_id": "8244579",
    "movie_id": "101180",
    "author": "mipy****",
    "review": "스토리전개웃김 시간적으로 결혼후 병간호끝나고 마마죽은후 애갖앗는데 무슨 불륜설정으로 마마애라니. 이런 엉터리글이있어?임성한드라마이젠 안봄 정서상 않좋음",
    "rating": "1",
    "date": "13.12.19"
  },
  {
    "review_id": "8244166",
    "movie_id": "101180",
    "author": "dong****",
    "review": "수고했다 오로라공주 다신 만나지말자",
    "rating": "1",
    "date": "13.12.19"
  },
  {
    "review_id": "8244160",
    "movie_id": "101180",
    "author": "booz****",
    "review": "에이 신발 \" 2×9\"  작가 정신이 상태가  의심스럽네요피디도 같은 정신상태~!시청률만  오르면  장땡쓰는 사람이나  찍는  사람이나''답답하다  답답해~!",
    "rating": "1",
    "date": "13.12.19"
  },
  {
    "review_id": "8244118",
    "movie_id": "101180",
    "author": "lnll****",
    "review": "ㅎㅎ.ㅋㅋ.ㅎㅎ.ㅋㅋ",
    "rating": "1",
    "date": "13.12.19"
  },
  {
    "review_id": "8244079",
    "movie_id": "101180",
    "author": "sosy****",
    "review": "1점도 아깝다. 뒤통수 때리는 어이없는전개 ..",
    "rating": "1",
    "date": "13.12.19"
  },
  {
    "review_id": "8244058",
    "movie_id": "101180",
    "author": "hjbr****",
    "review": "와 살다살다 이런 개판인 드라마는 첨이다....진짜 끝까지 개판이네 대박어이상실이네요ㅡㅡ",
    "rating": "1",
    "date": "13.12.19"
  },
  {
    "review_id": "8244043",
    "movie_id": "101180",
    "author": "aa19****",
    "review": "설설희나 오로라 해봐도 애가 들어서지 않아 현대의학의힘을 빌리는데 설희랑 오로라가 마마 좋았는데 죽고 없으니 마마 정자를 사용하자고 한건 아닌지...시험관 아기를 했고 정자가 마마꺼라 친자확인이니 뭐니 이딴말 안나오는것 같은데",
    "rating": "1",
    "date": "13.12.19"
  },
  {
    "review_id": "8244020",
    "movie_id": "101180",
    "author": "miik****",
    "review": "처음보다 스토리가 삐딱선타고 배우에 개까지 죽어나가 안타깝지만.. 하루도 안놓치고 봤네.. 근데 정말 내일 어떻게 끝날려나?ㅋ 다들 욕하지만 시청률은 꽤 높다는ㅋ 여튼 끝이라니 아쉽네 . 이젠 뭐보지? 화나면서도 잼있었음 좀 쓰잘데기 없는게 많은게 탈",
    "rating": "5",
    "date": "13.12.19"
  },
  {
    "review_id": "8244008",
    "movie_id": "101180",
    "author": "demi****",
    "review": "제발 수출하지 마시길....",
    "rating": "1",
    "date": "13.12.19"
  },
  {
    "review_id": "8243970",
    "movie_id": "101180",
    "author": "ioio****",
    "review": "임성한의 \"갑\"드라마, 시청자들은 \"을\" 이고,방송국과 관계자들은 방조자인 (살인하는광경을  보고있으면서 즐거운에 기뻐하는 사람보다  더 나쁜) 저질 드라마, 오로라공주!",
    "rating": "1",
    "date": "13.12.19"
  },
  {
    "review_id": "8243963",
    "movie_id": "101180",
    "author": "urig****",
    "review": "빵점은 없냐? 이걸 드라마라고 ! 폭력 담배 술이 나오는 유해한 드라마보다 이상한 종교에 미쳐있는 작가의정신세계가 더 해롭다. 이걸 계속방영시킨 엠비씨는 각성해야헐것이다! 시청률때문에 이깐 유해한걸 방영하다니! 쓰레기 드라마",
    "rating": "1",
    "date": "13.12.19"
  },
  {
    "review_id": "8243962",
    "movie_id": "101180",
    "author": "cs99****",
    "review": "이상해요 황마마 아기라니 이혼후 1년이라는  시간이 지나서 임신을했는데 어떻게 황작가애기를 낳은건지 마지막장면에 오로라가 황작가애기인걸 인정한것같은데 이해불가",
    "rating": "1",
    "date": "13.12.19"
  },
  {
    "review_id": "8243950",
    "movie_id": "101180",
    "author": "n674****",
    "review": "오로라공주 ㅋ 작가정신상태 왜저러냐 마마애기라는거냐? 1년 병간호하고 쫌시간지나고나서 마마 죽고 또 한참잇다가 애기생겻는데 그게 마마애기라고? ㅡㅡ 환생햇다하면 모를까  오로라도 죄인처럼 애기 마마인것처럼표정짓고",
    "rating": "1",
    "date": "13.12.19"
  },
  {
    "review_id": "8243931",
    "movie_id": "101180",
    "author": "mrhi****",
    "review": "개막장의끝판왕 드라마 오로라공주인데 무슨 별점을 주라는건지?별점 zero,,,,임성한 작가의 글로 제작된  드라마는 때려죽여도 않볼건데개콘의 시청율의제왕은 웃기기라도 하지,,오로라 공주는 여태까지 본드라마 중에 최악중에 최악,,MBC도 욕나옴",
    "rating": "1",
    "date": "13.12.19"
  },
  {
    "review_id": "8243917",
    "movie_id": "101180",
    "author": "buii****",
    "review": "끝까지  막장 ㅡㅡ;;;  설희 애기가  어떻게  마마애기 막장 막장해두 이런 막장는 첨봄",
    "rating": "1",
    "date": "13.12.19"
  },
  {
    "review_id": "8243912",
    "movie_id": "101180",
    "author": "hoeh****",
    "review": "막장드라마 지존으로 입명합니다 마마아들이면 아무리 따져봐도 설간호할때 마마랑 오로라랑 ㅠ헐",
    "rating": "1",
    "date": "13.12.19"
  },
  {
    "review_id": "8243910",
    "movie_id": "101180",
    "author": "endu****",
    "review": "오로라공주  막장드라마 1위이기록 안깨짐 ㅋ",
    "rating": "10",
    "date": "13.12.19"
  },
  {
    "review_id": "8243892",
    "movie_id": "101180",
    "author": "rha1****",
    "review": "ㅎㅎ 내가 지금까지 본 노력이 있어서 보긴하는데~~막장 의 끝은 어디일까 임신했을때  단순 임신이다가 아니라 임신성공했다라고해서 혹시 시험관이나 인공수정했나 생각했는데 그때 마마 정자를 쓴걸까??",
    "rating": "1",
    "date": "13.12.19"
  },
  {
    "review_id": "8243879",
    "movie_id": "101180",
    "author": "mino****",
    "review": "전대미문의 쓰레기드라마 1점도아깝ㅋ 미친 작가 정신병원가야되는거아님?? 쌍욕하고싶은데 참 ㅋ 어이가없음 진짜 할말은 쓰레기뿐쓰레기진심쓰레기쯧쓰레기쓰레기쓰레기쓰레기쓰레기쓰레기쓰레기쓰레기쓰레기",
    "rating": "1",
    "date": "13.12.19"
  },
  {
    "review_id": "8243870",
    "movie_id": "101180",
    "author": "thfk****",
    "review": "진짜진심으로화나서심장이벌렁거린다...",
    "rating": "1",
    "date": "13.12.19"
  },
  {
    "review_id": "8243861",
    "movie_id": "101180",
    "author": "lch9****",
    "review": "임신에 성공했습니다라는 의사말이 급 생각나는건?! 시험관아기?? 설마 황마마???하도 개막장이니 별생각이 ...정말 그렇다면임성한 작가 징짜로 대다나다는 보다보다 이렇게 저질스런 들마는 첨인듯...",
    "rating": "1",
    "date": "13.12.19"
  },
  {
    "review_id": "8243857",
    "movie_id": "101180",
    "author": "jihy****",
    "review": "내용의전개성이없다. 이랬다저랬다뭐하잔건지",
    "rating": "1",
    "date": "13.12.19"
  },
  {
    "review_id": "8243843",
    "movie_id": "101180",
    "author": "lm01****",
    "review": "보다보다정말짜증난다 암치료하면서1년지나고마마죽고임신했는데 무슨마마애인지 작가님 글참이상하게쓰시네 밥먹자 미치는줄알았어요.글한번않쓰고그냥지나갔는데.오늘은보다보다욕나와.정말",
    "rating": "1",
    "date": "13.12.19"
  },
  {
    "review_id": "8243839",
    "movie_id": "101180",
    "author": "haiy****",
    "review": "아  점수 아까워~~~자쯩난다  언제 끝아거에요?  말두안되는 내용나오고  작가맞아?  처음 나온 스토리 완전틀린잖아.  빨리 끝에. 보는거두시간이 아까워.",
    "rating": "1",
    "date": "13.12.19"
  },
  {
    "review_id": "8243837",
    "movie_id": "101180",
    "author": "rkh5****",
    "review": "와 막장이다..1점도아까움..작가의.이상한.정신세계....ㅉㅉ",
    "rating": "1",
    "date": "13.12.19"
  },
  {
    "review_id": "8243811",
    "movie_id": "101180",
    "author": "ssin****",
    "review": "이거진짜미친드라마네..이젠 애가지고장난치네..끝판에또끝막장보여주네...작가정말 정신병원가봐야하는거아닌가...어떻게 지성인이라는작가머리에서 저런시나리오가나오지? 보고있는나도또라이지만 작가정말또라이중에최고다...작가님 다시는 이런글쓰지마세요..",
    "rating": "1",
    "date": "13.12.19"
  },
  {
    "review_id": "8243802",
    "movie_id": "101180",
    "author": "bjho****",
    "review": "뭐야 황마마애라는거임?오로라는 알고 낳았다는건데...아무리봐도 개막장에 왜캐 내용이 더러운건지 모르겠군  오바이트쏠려",
    "rating": "1",
    "date": "13.12.19"
  },
  {
    "review_id": "8243800",
    "movie_id": "101180",
    "author": "sexy****",
    "review": "아   드라마  보면서  살다살다   이래  열받는  드라마는  처음이네   욕나온다진짜    드라마를  지  꼴리는데로  쓰네",
    "rating": "1",
    "date": "13.12.19"
  },
  {
    "review_id": "8243789",
    "movie_id": "101180",
    "author": "free****",
    "review": "이것이드라마고써서올리는가그냥작가포기하는게도와주는거같다는생각이들어",
    "rating": "1",
    "date": "13.12.19"
  },
  {
    "review_id": "8243780",
    "movie_id": "101180",
    "author": "mini****",
    "review": "진짜너무한다.. 그전 남편에 아이라고 우기는 김보연보면서 아진짜 작가너무한다는 생각드네요 이건 보다화가나는게 아니라 진짜 적정선이라는게 있어야지... 작가펜대 휘둘리는데로 드라마찍는 감독이나 엠비씨나..  임성한작가님 자숙좀하셨으면 합니다",
    "rating": "1",
    "date": "13.12.19"
  },
  {
    "review_id": "8243725",
    "movie_id": "101180",
    "author": "etoi****",
    "review": "쓰레기 당장 접으세요 제발요",
    "rating": "1",
    "date": "13.12.19"
  },
  {
    "review_id": "8243703",
    "movie_id": "101180",
    "author": "yjw3****",
    "review": "정도껏좀해~~임성한! 미 친 것도 정도가있지",
    "rating": "1",
    "date": "13.12.19"
  },
  {
    "review_id": "8240813",
    "movie_id": "101180",
    "author": "wldp****",
    "review": "1점도 아까워요ㅡㅡ많은 다른 작가들이 같은 작가로서 부끄러울듯",
    "rating": "1",
    "date": "13.12.19"
  },
  {
    "review_id": "8234879",
    "movie_id": "101180",
    "author": "chio****",
    "review": "작가두이상하지만 ~~~서하준은 벌써부터  탑스타행세 깜놀 설설희역활때문에 착한줄만 알아는데 역시사람은 격어봐야 알듯 독립영화주연받아서 촬영지에서 본결과 와 진짜 대스타 오셔어요 어찌나 비싸게굴던지 사진촬영두 못햇어요 장동건 이정재두 이런진안은데 큰실망",
    "rating": "1",
    "date": "13.12.19"
  },
  {
    "review_id": "8234434",
    "movie_id": "101180",
    "author": "bstt****",
    "review": "1점도 아까운 드라마-_-;",
    "rating": "1",
    "date": "13.12.19"
  },
  {
    "review_id": "8229407",
    "movie_id": "101180",
    "author": "hi_h****",
    "review": "꺼져 배우만불쌍해ㅡㅡ",
    "rating": "1",
    "date": "13.12.18"
  },
  {
    "review_id": "8229390",
    "movie_id": "101180",
    "author": "son_****",
    "review": "장르가 스릴러인가. 지금까지 본 드라마중 가장 한심하다. 솔직히 저거 연기하고 있을 배우들도 불쌍. 무슨생각 하면서 하고있을지. 내가 다 창피하네;",
    "rating": "1",
    "date": "13.12.18"
  },
  {
    "review_id": "8228449",
    "movie_id": "101180",
    "author": "chan****",
    "review": "짜증..작가아무나하것네..",
    "rating": "1",
    "date": "13.12.18"
  },
  {
    "review_id": "8226645",
    "movie_id": "101180",
    "author": "6432****",
    "review": "처음엔 \"오로라 공주\" 제목두 상큼한 느낌이라 재밋을꺼 같았는데.. 마침표 찍을 쯤되면 이갸기 꾸며내구..  끄니까 재미 없어요.. 언제 끝나는지두.. 100회 넘었어요.. 시누이 갈등 있고 설매니저랑 잘 되는줄 알았는데 또 끌구..",
    "rating": "1",
    "date": "13.12.18"
  },
  {
    "review_id": "8224882",
    "movie_id": "101180",
    "author": "myth****",
    "review": "오로라 베틀로얄이다.... 누가 살아남는지 .. 서바이벌 드라마!!",
    "rating": "1",
    "date": "13.12.18"
  },
  {
    "review_id": "8221423",
    "movie_id": "101180",
    "author": "aura****",
    "review": "사람의 죽음에 대한 작가님의 이해가 부족하다고 느껴지는건 아마 대다수의 시청자가 그러리라 보입니다. 책이든 드라마든 작품은 작가의 정신을 담아내는 매개일텐데 너무 쉬운 방법으로 시청률만 잡으려다보니.. 스스로 자신을 망쳐가며 작품을 만드는게 안타깝네요",
    "rating": "1",
    "date": "13.12.17"
  },
  {
    "review_id": "8221252",
    "movie_id": "101180",
    "author": "rose****",
    "review": "Mbc는  뭐합니까  이런 드라마  계속 연장하고ㅠㅠ정말 이런걸 드라마라고합니까성질나서 안보는데 오늘 줄거리듣고 화나더라구요작가는 그렇게 욕얻어먹고도 같은 내용을 반복하는 이유가뭔가요이분은 작가라고도 불리면 안될듯해요",
    "rating": "1",
    "date": "13.12.17"
  },
  {
    "review_id": "8221195",
    "movie_id": "101180",
    "author": "pico****",
    "review": "오후..기대됩니다 최후의 생존자는 누구일까...",
    "rating": "1",
    "date": "13.12.17"
  },
  {
    "review_id": "8221155",
    "movie_id": "101180",
    "author": "hrmy****",
    "review": "사람이 죽었는데 아무 생각 안나는 드라마도 처음인듯ㅋㅋㅋㅋ.... 곰곰이 생각하면 짱 슬픈건데 이 드라마의 개막장성이 다 깨부셔줌ㅋㅋㅋ",
    "rating": "1",
    "date": "13.12.17"
  },
  {
    "review_id": "8221128",
    "movie_id": "101180",
    "author": "ghdk****",
    "review": "죽음의드라마냐 이게  가족시간때  죽이기만하고 ㅎ",
    "rating": "1",
    "date": "13.12.17"
  },
  {
    "review_id": "8220718",
    "movie_id": "101180",
    "author": "xkak****",
    "review": "중국 속담에 이르기를:<뱀을그리는데 하필 발쩍을 더 그리냐?>황마마를 죽이는 마당에 왜 하필 전 후 남편 한가정 만드냐? 파리 한마리 삼킨 기분이다.작가 정신상태 완전 맛이갓어",
    "rating": "1",
    "date": "13.12.17"
  },
  {
    "review_id": "8219066",
    "movie_id": "101180",
    "author": "bul3****",
    "review": "별점을 꼭 선택해야하나요ㅡ별점 주고말고할 가치도 없는 이런 호러물을 보고앉았던 제가수치스럽네요.시청자우롱 국민우롱하는 최악의 드라마입니다.작가는 정신감정을 좀 받아보시길 강추합니다.별점 한개라도 선댁해야 등록이되니 하나누르기도 더럽네요",
    "rating": "1",
    "date": "13.12.16"
  },
  {
    "review_id": "8218874",
    "movie_id": "101180",
    "author": "ankw****",
    "review": "쓰레기! 쓰레기!  쓰레기 드라마! 점수도 줄 필요없는 쓰레기드라마!",
    "rating": "1",
    "date": "13.12.16"
  },
  {
    "review_id": "8218872",
    "movie_id": "101180",
    "author": "9558****",
    "review": "이런거절대안쓰는아줌마입니다 정말너무한스토리오로라완전죽이는스토리네요옛날오로라못잊고아직보는데욕만하고성질만버리네요만인이이해못하면안해야지멀이해못하는거라는건지셋이살고그냥막내리게하는게옛오로라라도기억하지않을지...",
    "rating": "1",
    "date": "13.12.16"
  },
  {
    "review_id": "8218868",
    "movie_id": "101180",
    "author": "john****",
    "review": "저런것도 드라마라고 보고있는사람이나, 쓰고있는 작가나, 방영하는 빙송국이나,  뭐 말도안되는 쓰레기드라마가 있어,  왜 내일은 한침대에서 3명이 같이 자는거 찍지,. . .ㅉ.ㅉ.ㅉ.",
    "rating": "1",
    "date": "13.12.16"
  },
  {
    "review_id": "8218864",
    "movie_id": "101180",
    "author": "dltl****",
    "review": "이런 작가 글을 드라마로 올리는mbc도 이상하구..이런 작가를 인정할수 없네요!!이해하려해도...가치가없네요 작가가 좀 정신병!!",
    "rating": "1",
    "date": "13.12.16"
  },
  {
    "review_id": "8216433",
    "movie_id": "101180",
    "author": "wer0****",
    "review": "오로라공주 보질말든가 욕할것면서 왜봐 유치하게 어린애들도 안그러거든요 아줌마",
    "rating": "10",
    "date": "13.12.15"
  },
  {
    "review_id": "8215861",
    "movie_id": "101180",
    "author": "wlan****",
    "review": "줄거리 보니까 순수한 사랑 이야기라며?순.수.한은 개뿔  떡대도 하차 시켰으면서 그리고 암세포도 생명이라면서 암은 안 죽이더니 바퀴벌레는 왜 죽여? 쓰레기 드라마 빨리 종영해~",
    "rating": "1",
    "date": "13.12.15"
  },
  {
    "review_id": "8211834",
    "movie_id": "101180",
    "author": "hyun****",
    "review": "바퀴벌레 한마리나오면 호텔?",
    "rating": "1",
    "date": "13.12.13"
  },
  {
    "review_id": "8211555",
    "movie_id": "101180",
    "author": "hhst****",
    "review": "요쯤 재미 진짜 없다..진짜 더 막장드라마다...욕나온다..빨리 폐쇄해라..",
    "rating": "1",
    "date": "13.12.13"
  },
  {
    "review_id": "8211037",
    "movie_id": "101180",
    "author": "wngm****",
    "review": "이번엔 할머니까지 욕했다 정말 말도안된다",
    "rating": "1",
    "date": "13.12.13"
  },
  {
    "review_id": "8211018",
    "movie_id": "101180",
    "author": "2858****",
    "review": "불륜의 나라에서 떳떳하게 방송되는 동성연애에다 또 뭐?쌈싱?일부일처시대는 지나가는가?오로라 지쳐죽겠구만  오로라 살려줍쇼",
    "rating": "1",
    "date": "13.12.13"
  },
  {
    "review_id": "8209420",
    "movie_id": "101180",
    "author": "anby****",
    "review": "작가 완전짱나 네요.사람병들고 죽어나가다 못해 개도 죽고 대명대수 그럴싸하더니 이제는 두남자랑 살아라 하네요. 동성연애 나올때부터 작가에 정신 세계를 알아봤어야 했는데요. 오로라 공주가 아닌 오로라 팔자센여자를 본듯 해요. 시청자 우롱하는 드라마네요.",
    "rating": "1",
    "date": "13.12.12"
  },
  {
    "review_id": "8209358",
    "movie_id": "101180",
    "author": "kima****",
    "review": "마마죽는다해도 전남편 현남편 이랑같이산다는게말이됨?ㄷㅋ글고 남자게이만들고잇어 ㅋㅋ 아진짜웃긴다",
    "rating": "1",
    "date": "13.12.12"
  },
  {
    "review_id": "8209341",
    "movie_id": "101180",
    "author": "hina****",
    "review": "셋이 살게되서 마마 죽이나부다 ㅎㅎ솔직히 지금심정으로서는 오창석 중도하차가 중요한게 아니라  셋이 같이산다는 설정이 최악이자 정말 쉽고 아무생각없이 쓴거같네요 쯪쯔",
    "rating": "1",
    "date": "13.12.12"
  },
  {
    "review_id": "8209321",
    "movie_id": "101180",
    "author": "dase****",
    "review": "와진ㅉ..정떨어진다 ;;게이냐 무슨 말로표현할수없는감정이야 ;; 참 오로라 황마마 설대표  세명다 정신이상자들인듯",
    "rating": "1",
    "date": "13.12.12"
  },
  {
    "review_id": "8209320",
    "movie_id": "101180",
    "author": "djal****",
    "review": "진짜....전남편이랑 와이프랑지금남편이랑셋이 같이산다네 이런 ㅁㅊ아..나 진짜개막장이네...아니 작가가 사이코지 뭔 드라마를 작품성도 없구 배우는 뭔잘못이여 옛낭 아내의유혹보다 더막장이네....",
    "rating": "1",
    "date": "13.12.12"
  },
  {
    "review_id": "8209315",
    "movie_id": "101180",
    "author": "heig****",
    "review": "작가미친거아니야 왜이래 상식이없자나 완전정신이상자야  어떻게세이가치 살어！",
    "rating": "1",
    "date": "13.12.12"
  },
  {
    "review_id": "8209314",
    "movie_id": "101180",
    "author": "hwan****",
    "review": "안본다면서 매일매일 궁금해서 꼬박꼬박 챙겨보는거 다알고 있습니다 악플러들^^",
    "rating": "1",
    "date": "13.12.12"
  },
  {
    "review_id": "8208274",
    "movie_id": "101180",
    "author": "hanc****",
    "review": "정신나간 드라마 토나와서 못보겟다",
    "rating": "1",
    "date": "13.12.12"
  },
  {
    "review_id": "8207562",
    "movie_id": "101180",
    "author": "pett****",
    "review": "줄거리 는 남부러울것 없이 커온 오로라가 까칠한 황마마 작가를 만나면서 벌어지는 당돌하고도 순수한 사랑 이라하는데 남주인공 교체 된거임? 선전 때릴때는 황마마랑 불꽃튀는 사랑이라는데 황마마는 결국 남주인공에서 짤린거임 ㅜㅜ 설설희가 윈이다",
    "rating": "1",
    "date": "13.12.12"
  },
  {
    "review_id": "8207397",
    "movie_id": "101180",
    "author": "kshb****",
    "review": "내용이 완전 개판이야~ 태워나서 첨으로 이런 댓글 남기는데 내용을 좀 그럴듯하게 꼬우고 꼬우든지.. 아무리 드라마라 해도 정도가 있지.. 가면갈수록 내용이 개판되네.. 분량 모지라서 이러는거임? 정신좀 차리삼.. 다들.. 작가 당신이라면 이러겠니?",
    "rating": "1",
    "date": "13.12.12"
  },
  {
    "review_id": "8206715",
    "movie_id": "101180",
    "author": "cnjc****",
    "review": "오로라 팬이라고 말하는 사람 ..오래전부터 못 봤음..",
    "rating": "1",
    "date": "13.12.11"
  },
  {
    "review_id": "8206689",
    "movie_id": "101180",
    "author": "whit****",
    "review": "별한개도 아깝다 작가의정신세계가 의심스럽고 이런내용을 드라마로 만들고 방송하는 엠비씨도 어의없다",
    "rating": "1",
    "date": "13.12.11"
  },
  {
    "review_id": "8206620",
    "movie_id": "101180",
    "author": "kjks****",
    "review": "드라마는 현실성도 좀 내포되어야하는데 유체이탈 병수발등등 너무 억지스럽다 유연하게 전개하라고 작가를 쓰는것이지 판타지 삼류 소설 쓰라고 작가를 기용하나?어린애들도 유치하다 할 정도면 작가의 기량에 의구심이 드는건 어쩔수 없다",
    "rating": "1",
    "date": "13.12.11"
  },
  {
    "review_id": "8206542",
    "movie_id": "101180",
    "author": "ahnc****",
    "review": "떡대야...흑흑.. 네가 제일 좋앗다ㅠ",
    "rating": "2",
    "date": "13.12.11"
  }
]