[
  {
    "review_id": "9435849",
    "movie_id": "101175",
    "author": "gch7****",
    "review": "신현준 박은영이 호습잘되면서  인기를 얻는것 아닐까? ....",
    "rating": "7",
    "date": "14.11.30"
  },
  {
    "review_id": "9265524",
    "movie_id": "101175",
    "author": "rose****",
    "review": "역시 연예프로는 연예가중계",
    "rating": "10",
    "date": "14.10.05"
  },
  {
    "review_id": "8887299",
    "movie_id": "101175",
    "author": "desi****",
    "review": "신현준 좀 바꿔라... 지겹다..",
    "rating": "1",
    "date": "14.07.05"
  },
  {
    "review_id": "8762924",
    "movie_id": "101175",
    "author": "mbj0****",
    "review": "은근 잼있게 보고 있음 ㅋㅋ",
    "rating": "10",
    "date": "14.05.25"
  },
  {
    "review_id": "8465186",
    "movie_id": "101175",
    "author": "famc****",
    "review": "5점가자 그냥 이런거보면서 지내는거지",
    "rating": "10",
    "date": "14.02.02"
  },
  {
    "review_id": "7461699",
    "movie_id": "101175",
    "author": "axfo****",
    "review": "진심 이딴 거 봐서 뭐함",
    "rating": "1",
    "date": "13.04.15"
  }
]