[
  {
    "review": "최강 ost 와 소피마르소의 천사같은 미모가 돋보이는  고전 영화",
    "date": "15.08.26",
    "rating": "7",
    "author": "adiv****",
    "review_id": "10275803",
    "movie_id": "10117"
  },
  {
    "review": "소피마르소 때문에 봤지만 실망이 큰 영화. ost인 리얼리티와 소피마르소의 비주얼만 빼면 흥행 이유를 모르겠음. 그리고 내가 너무 보수적이라서 그런지 몰라도 얘네 너무 쉬운 거 같아... 여자애도 남자애도...역시 서양인가보다.",
    "date": "15.08.22",
    "rating": "8",
    "author": "okdr****",
    "review_id": "10260670",
    "movie_id": "10117"
  },
  {
    "review": "영화자체는 솔직히 6~7점 정도인데 소피 마르소 미모때문에 10점 줌ㅋ 인간적으로 저때 소피 마르소는 너무 사랑스럽다, 인형같아",
    "date": "15.07.28",
    "rating": "10",
    "author": "mich****",
    "review_id": "10152655",
    "movie_id": "10117"
  },
  {
    "review": "오렌지 orange juice / fineapple 사탕 -오시",
    "date": "15.07.22",
    "rating": "10",
    "author": "sinh****",
    "review_id": "10129599",
    "movie_id": "10117"
  },
  {
    "review": "너무기대하고본건지 노잼",
    "date": "15.07.04",
    "rating": "3",
    "author": "theh****",
    "review_id": "10068949",
    "movie_id": "10117"
  },
  {
    "review": "스토리나 영화의 흐름 같은건 더럽게 못만들었네...그냥 노래가 좋고 소피가 너무너무 이뻐서 계속 보게 되는 영화. 소피가 영화를 살렸네",
    "date": "15.06.27",
    "rating": "6",
    "author": "wolf****",
    "review_id": "10040949",
    "movie_id": "10117"
  },
  {
    "review": "영화를 순간의 명장면,비주얼이랑 음악으론 평가해선 안된다고 생각하게한 영화이다",
    "date": "15.06.21",
    "rating": "4",
    "author": "tkwk****",
    "review_id": "10019689",
    "movie_id": "10117"
  },
  {
    "review": "지금봐도 세련된 영상미와 스토리 심지어 노래까지도...",
    "date": "15.06.07",
    "rating": "10",
    "author": "gbwl****",
    "review_id": "9981809",
    "movie_id": "10117"
  },
  {
    "review": "이 영화 나왔을때 1편 2편 모두 보고나서 넘넘 설레어 잠을 설쳤었지~ 40을 바라보는 난 이제 그런 감성은 많이 잃었지만 그래도 내겐 너무나 소중한 영화~~~",
    "date": "15.05.28",
    "rating": "10",
    "author": "yym8****",
    "review_id": "9956741",
    "movie_id": "10117"
  },
  {
    "review": "노래때문에십점준다.",
    "date": "15.05.20",
    "rating": "10",
    "author": "jbs4****",
    "review_id": "9934189",
    "movie_id": "10117"
  },
  {
    "review": "어릴 때 봐서 그런가 라붐 1.2다 재밌었는데. 줄거리가 빈약했나..이 영화는 소피마르소만으로도 10점만점.ㅜㅜ 여자인 내가 봐도 너무 이쁘고 부러웠음ㅜㅜ",
    "date": "15.04.09",
    "rating": "10",
    "author": "bboo****",
    "review_id": "9837247",
    "movie_id": "10117"
  },
  {
    "review": "이게 프랑스사람들인가 싶었던...헤어지면 정리를 하는게 닌 정신없이 철새처럼 이리저리 옮겨다니는구나. 노래빼면 시체인 영화. 어쩌다 이 영화가 이렇게 거품이 많은 영화가 되어버린거지;; 걍 소피마르소라는 여배우의 데뷔작이란 이유때문인거같음",
    "date": "15.04.05",
    "rating": "4",
    "author": "tbtb****",
    "review_id": "9829112",
    "movie_id": "10117"
  },
  {
    "review": "영화를 본 이유 1. 소피마르소 2. Reality",
    "date": "15.03.21",
    "rating": "6",
    "author": "hyem****",
    "review_id": "9796039",
    "movie_id": "10117"
  },
  {
    "review": "갑작스럽게  그 시절 그때로 돌아간 기분이다. 아련하다...",
    "date": "15.02.19",
    "rating": "10",
    "author": "orom****",
    "review_id": "9714651",
    "movie_id": "10117"
  },
  {
    "review": "소피마르소때문에 10점을 주게 되어버렸다..",
    "date": "15.01.12",
    "rating": "10",
    "author": "catd****",
    "review_id": "9586421",
    "movie_id": "10117"
  },
  {
    "review": "좀 더 잘 만들 수 있었던 영화.",
    "date": "15.01.09",
    "rating": "6",
    "author": "ery5****",
    "review_id": "9578334",
    "movie_id": "10117"
  },
  {
    "review": "애들이 저렇게 진도가 빠른가싶으면서 본 영화. ㅎㅎ",
    "date": "15.01.04",
    "rating": "10",
    "author": "medi****",
    "review_id": "9562899",
    "movie_id": "10117"
  },
  {
    "review": "초지일관 섹스로 시작해서 섹스이야기로 끝나는 스토리- -;;  극중 조금은 오바해 보여주는 80년대 프랑스 성문화 가 30년후 대한민국의 모습과 크게 다르지않다는 점이 인상깊다.  소피마르소와 리얼리티 때문에 그나마 5점",
    "date": "15.01.02",
    "rating": "5",
    "author": "lyca****",
    "review_id": "9550362",
    "movie_id": "10117"
  },
  {
    "review": "소피 마르소의 10대 시절 엄청난 미모와 영화 메인 테마곡 Reality 가 이 영화의 전부인 것 같다",
    "date": "14.12.06",
    "rating": "6",
    "author": "sipj****",
    "review_id": "9452823",
    "movie_id": "10117"
  },
  {
    "review": "이 영화는 분명히 청소년기에 꼭 봐야할 영화다.",
    "date": "14.12.04",
    "rating": "10",
    "author": "sjlg****",
    "review_id": "9446724",
    "movie_id": "10117"
  },
  {
    "review": "몇번이고 1200원 주고 사서보다가 결국 소장용샀다 아직까지도 라붐앓이중.",
    "date": "14.11.26",
    "rating": "10",
    "author": "dpwl****",
    "review_id": "9424612",
    "movie_id": "10117"
  },
  {
    "review": "베뎃에 13살이 어떻게 저렇게 이쁘냐는게 있는데 ㅋㅋㅋㅋ원래 여자는 어릴수록 이쁜거임 당연히 20살 넘어간 여자랑 비교가되나",
    "date": "14.11.26",
    "rating": "7",
    "author": "efre****",
    "review_id": "9424001",
    "movie_id": "10117"
  },
  {
    "review": "재밌고 노래좋고 너무이쁨",
    "date": "14.11.18",
    "rating": "10",
    "author": "wnfl****",
    "review_id": "9397638",
    "movie_id": "10117"
  },
  {
    "review": "틴에이저 영화인데도 프랑스 특유의 끈적함이..",
    "date": "14.11.18",
    "rating": "6",
    "author": "pont****",
    "review_id": "9397061",
    "movie_id": "10117"
  },
  {
    "review": "감수성 예민하던 시절 이 영화를 보고 리처드샌더슨,쿡다북스 테잎을 사서 음악을 듣고 거기에 동봉된 가사를 외울정도로 펜이었네요. 지금은 다시 봐도 그 때의 감정을 느낄수 없지만..",
    "date": "14.11.16",
    "rating": "7",
    "author": "knsp****",
    "review_id": "9391578",
    "movie_id": "10117"
  },
  {
    "review": "첫사랑을 닮아서 그러지 너무나 예쁘고 풋풋해 보이는 소피마르소의 10대 모습이 너무나 예쁘다 아...",
    "date": "14.11.16",
    "rating": "10",
    "author": "kimm****",
    "review_id": "9391384",
    "movie_id": "10117"
  },
  {
    "review": "영화 ost 의 환상만 가지고 봤다가 지루함의 극치를 느낌. 문화가 달라서 그런가 ? 공감과 이해가 안 감.",
    "date": "14.11.16",
    "rating": "5",
    "author": "ijs2****",
    "review_id": "9391345",
    "movie_id": "10117"
  },
  {
    "review": "지금봐도 이쁘다 소피마르소 한명 등장으로도 평점 7점이상",
    "date": "14.11.03",
    "rating": "9",
    "author": "chld****",
    "review_id": "9338200",
    "movie_id": "10117"
  },
  {
    "review": "영화내용참좋아요그리고진짜사랑하고싶다",
    "date": "14.10.24",
    "rating": "10",
    "author": "skr9****",
    "review_id": "9311550",
    "movie_id": "10117"
  },
  {
    "review": "프랑스문화원에서 소피마르소를 마음 속에 담고 행복했다",
    "date": "14.10.06",
    "rating": "8",
    "author": "lees****",
    "review_id": "9269053",
    "movie_id": "10117"
  },
  {
    "review": "아 진짜 기대만큼 실망이 큰 영화는 처음이었다... 뮤직비디오와 ost만 듣고 이 영화를 보려거든 당장 그만둬라...당신이 생각하는 그런 로맨스 영화 아니다...이 영화가 도대체 왜 명작 취급 받는 지 도저히 이해가 안 가네..",
    "date": "14.10.04",
    "rating": "1",
    "author": "llby****",
    "review_id": "9260938",
    "movie_id": "10117"
  },
  {
    "review": "나머진 다 별론데 소피마르소와 OST가 10점짜리다;",
    "date": "14.09.09",
    "rating": "10",
    "author": "ligh****",
    "review_id": "9195123",
    "movie_id": "10117"
  },
  {
    "review": "이어폰끼고 디스코장에서 블루스 추는 장면은 ...",
    "date": "14.09.08",
    "rating": "9",
    "author": "crew****",
    "review_id": "9186035",
    "movie_id": "10117"
  },
  {
    "review": "모든소년의 첫사랑 소피마르소 ...이말이 괜히 나온게 아님 ..ㅎㅎㅎ",
    "date": "14.09.07",
    "rating": "9",
    "author": "ibli****",
    "review_id": "9177745",
    "movie_id": "10117"
  },
  {
    "review": "너무 기대를 했나? 생각보다는 별로네.... 암튼 ost랑 마르소는 조음",
    "date": "14.08.31",
    "rating": "8",
    "author": "gudr****",
    "review_id": "9148927",
    "movie_id": "10117"
  },
  {
    "review": "소피마르소만해도9점 1점은 ost",
    "date": "14.08.16",
    "rating": "10",
    "author": "beeh****",
    "review_id": "9093119",
    "movie_id": "10117"
  },
  {
    "review": "시트콤을 본거 같네요...재밌었어요! 그리고 소피마르소가 역시 이쁘다...",
    "date": "14.08.11",
    "rating": "9",
    "author": "dosa****",
    "review_id": "9066233",
    "movie_id": "10117"
  },
  {
    "review": "2013.10.24. 이 개봉일로 되어있습니다. 만점드림",
    "date": "14.08.06",
    "rating": "10",
    "author": "hst3****",
    "review_id": "9038472",
    "movie_id": "10117"
  },
  {
    "review": "그때의 순수했던 시절이 떠올랐고 소피마르소의 미모는 정말 감탄하면서 봣음 ㅋ 난 스토리도 나름 괜찮았다 무엇보다 ost가 최고임 이렇게 영화와 잘어울릴줄이야 다만",
    "date": "14.07.21",
    "rating": "8",
    "author": "gosn****",
    "review_id": "8937675",
    "movie_id": "10117"
  },
  {
    "review": "소녀 소피마르소를 소년 전세계가 비로소 만나다~!",
    "date": "14.07.14",
    "rating": "10",
    "author": "spar****",
    "review_id": "8914842",
    "movie_id": "10117"
  },
  {
    "review": "청소년기의 사랑이나 갈등이 낭만적인 노래랑 완벽하게 매치되서 다시 보고싶은 영화인것 같다",
    "date": "14.07.13",
    "rating": "10",
    "author": "cdi0****",
    "review_id": "8912191",
    "movie_id": "10117"
  },
  {
    "review": "절대 영화로는 보지말고 뮤직비디오로만 간직해라  환상이 깨진다",
    "date": "14.07.12",
    "rating": "1",
    "author": "bear****",
    "review_id": "8908182",
    "movie_id": "10117"
  },
  {
    "review": "소피마르소와 명장면,그리고 노래때문에 10점",
    "date": "14.07.08",
    "rating": "10",
    "author": "hs22****",
    "review_id": "8896049",
    "movie_id": "10117"
  },
  {
    "review": "25년을 봐도 전혀 질리지 않는 영화....",
    "date": "14.07.04",
    "rating": "10",
    "author": "rach****",
    "review_id": "8882717",
    "movie_id": "10117"
  },
  {
    "review": "저 시대때의 바람난가족을 다룬 영화같음부모 심지어는 막판에 딸 빅까지 바람난 가족을 연상케함그냥 저한테는 노래와 소피마르소가 전부였던 영화",
    "date": "14.06.13",
    "rating": "7",
    "author": "whit****",
    "review_id": "8826903",
    "movie_id": "10117"
  },
  {
    "review": "프랑스 영화다 시트콤 보는 기분! 사랑은 움직이는 거야!",
    "date": "14.06.13",
    "rating": "10",
    "author": "eaea****",
    "review_id": "8826737",
    "movie_id": "10117"
  },
  {
    "review": "너무 좋다  연출도 소피도 ost도..",
    "date": "14.06.09",
    "rating": "10",
    "author": "full****",
    "review_id": "8815150",
    "movie_id": "10117"
  },
  {
    "review": "소피마르소3+리얼리티3",
    "date": "14.06.04",
    "rating": "6",
    "author": "maym****",
    "review_id": "8796222",
    "movie_id": "10117"
  },
  {
    "review": "좋아하는 사람의 사소한 행동에도 싱숭생숭 안절부절 못하면서도 금방 새로운 사람에게 시선이 가는, 자기 마음조차 아리송한 14세~ 소피마르소와 파리의 낭만적 분위기에 Reality 테마곡까지 영화로 흠뻑 빠져들었다~~",
    "date": "14.05.12",
    "rating": "8",
    "author": "qnfd****",
    "review_id": "8725722",
    "movie_id": "10117"
  },
  {
    "review": "확실히 무드는 있다...",
    "date": "14.05.11",
    "rating": "6",
    "author": "ghda****",
    "review_id": "8724578",
    "movie_id": "10117"
  },
  {
    "review": "이상하게 사람들은 옛날것엔 관대하단 말야 ㅉㅉ",
    "date": "14.05.06",
    "rating": "4",
    "author": "outs****",
    "review_id": "8708017",
    "movie_id": "10117"
  },
  {
    "review": "소피 마르소가 너무 예쁘고, reality가 영화와 잘 어울린다! 그리고 옛날 영화지만 첫 사랑, 그 남자의 말과 행동에 울고 웃고 하는 모습이 나와 닮아 공감 되기도 하고 금세 새로운 사람에 빠지는 것도 역시.. 첫 사랑 감성을 아주 잘 담은 영화!",
    "date": "14.04.13",
    "rating": "9",
    "author": "parf****",
    "review_id": "8648891",
    "movie_id": "10117"
  },
  {
    "review": "아무리 소피마르소가 좋아도 영화 평점은 객관적으로 줘야 하지 않을까?5점도 주기 아까운 영화.  평점 낮추려고 1점만 줌.",
    "date": "14.03.15",
    "rating": "1",
    "author": "kjh_****",
    "review_id": "8576580",
    "movie_id": "10117"
  },
  {
    "review": "이 영화를 완성도로 따진다는건 당시에 안봤단 얘기...  문화 쇼크였다.",
    "date": "14.03.07",
    "rating": "10",
    "author": "kesn****",
    "review_id": "8561210",
    "movie_id": "10117"
  },
  {
    "review": "평점이 좀 과대평가 된 듯 하네요. 영화에서 동양인 비하도 거슬렸구요. 결말도 딱 프랑스식. 프랑스 영화는 안봐야지 했는데 라붐이 유명해서 기대했더니 역시 우리나라 정서랑은 너무 달라서 이해하기 힘들어요. 결말도 그렇고.",
    "date": "14.03.01",
    "rating": "1",
    "author": "tang****",
    "review_id": "8547461",
    "movie_id": "10117"
  },
  {
    "review": "프랑스의 성에대한 개방적인 태도를 볼수 있었고 빅 부모님을 보고 여느 부모도 딸에대한 걱정은 하는구나 싶었다. 결말이 좀 아쉽지만 결국 나이를 먹던 철부지 아이던 인간의 멜로사랑의 갈구함을 보여주는 극치의 작품이라고 평하고 싶다.",
    "date": "14.01.26",
    "rating": "10",
    "author": "jbma****",
    "review_id": "8430711",
    "movie_id": "10117"
  },
  {
    "review": "사심가득한 평점들...ㅎ",
    "date": "14.01.20",
    "rating": "10",
    "author": "sohy****",
    "review_id": "8404995",
    "movie_id": "10117"
  },
  {
    "review": "소피마르소의미모 자꾸생각나네여 짝사랑하는사람이있는데 소피마르소아니저 라붐보고 제대로소피마르소에세꽂혔네요... 지금은나이도어느덧중년이시지만 영화도꾸준히 애딕트도찍으시고 짝사랑하는사람잊고 소피마르소에게빠졌어요....",
    "date": "14.01.16",
    "rating": "10",
    "author": "rkqn****",
    "review_id": "8388856",
    "movie_id": "10117"
  },
  {
    "review": "태어나 처음써보는영화평론.. 내 나이41..까마득히 저먼기억 고등학교때 한번보고 첫눈에 반해  500번이상 들었던 노래.. 영화의 모든것이 사랑스럽다..",
    "date": "14.01.16",
    "rating": "10",
    "author": "asde****",
    "review_id": "8387852",
    "movie_id": "10117"
  },
  {
    "review": "로맨틴 하면서도 유치하면서 재미있는 영화다",
    "date": "13.12.17",
    "rating": "10",
    "author": "pupp****",
    "review_id": "8221425",
    "movie_id": "10117"
  },
  {
    "review": "깔깔 웃으면서 봤어요! 정말 유쾌하고 재미있는 영화에요! :)",
    "date": "13.12.16",
    "rating": "10",
    "author": "bmbm****",
    "review_id": "8218087",
    "movie_id": "10117"
  },
  {
    "review": "소피마르소는 예뻤다. 재개봉하고 영화관에서 볼기회를놓쳤다면 후회할뻔했다.",
    "date": "13.12.08",
    "rating": "10",
    "author": "qkrw****",
    "review_id": "8200497",
    "movie_id": "10117"
  },
  {
    "review": "시대와 환경이 달라서 유머코드의 차이가 좀 있다. 사운드도 너무 높게  틀어놓은 듯한 느낌도 들고... 그럼에도 영화를 본 느낌은  나쁘지 않다.  소피마르소가 예뻐서 그런듯...",
    "date": "13.12.06",
    "rating": "8",
    "author": "tres****",
    "review_id": "8193346",
    "movie_id": "10117"
  },
  {
    "review": "동화같이 마음이 따뜻해지는 영화였다. 왜 소피마르소의 인기가 대단했는지 알 것 같다. 소피마르소가 아니었다면 라붐이 지금까지 회자될만한 명작이 될 수 없었을 거다. 배경음악이 아직도 귀에 흐르는 것 같은 기분이 든다.",
    "date": "13.11.25",
    "rating": "8",
    "author": "choa****",
    "review_id": "8167410",
    "movie_id": "10117"
  },
  {
    "review": "오늘 극장에서 보고왔는데 라붐은 확실히 집에서 다운받아보는것보다 극장에서 큰 화면과 ost같이 듣는게 좋은거같아요~  풋풋하고 소녀감성돋는 영화였어요. 마지막장면에서 허무했지만..ㅋㅋㅋ 2편이 보고싶어지는!",
    "date": "13.11.24",
    "rating": "10",
    "author": "eimi****",
    "review_id": "8165571",
    "movie_id": "10117"
  },
  {
    "review": "어릴때부터 비디오로 10 번은 넘게 본거같은데극장에서한다니 또 보고싶당~",
    "date": "13.11.22",
    "rating": "10",
    "author": "naus****",
    "review_id": "8159888",
    "movie_id": "10117"
  },
  {
    "review": "아주 오래됬지만 느낌있는영화였다.",
    "date": "13.11.13",
    "rating": "8",
    "author": "audr****",
    "review_id": "8134812",
    "movie_id": "10117"
  },
  {
    "review": "아름다운 영화. 특히 영화 OST인 리얼리티는 별이 10개도 모자란다.",
    "date": "13.11.12",
    "rating": "8",
    "author": "rewq****",
    "review_id": "8134337",
    "movie_id": "10117"
  },
  {
    "review": "프랑스 자유롭네 영화도 자유롭다",
    "date": "13.11.05",
    "rating": "6",
    "author": "tear****",
    "review_id": "8117007",
    "movie_id": "10117"
  },
  {
    "review": "풋풋하고따뜻한영화 소프마르소너무예쁘네요",
    "date": "13.11.04",
    "rating": "10",
    "author": "aaro****",
    "review_id": "8115380",
    "movie_id": "10117"
  },
  {
    "review": "엄마랑같이봤는데 정말좋네요~엄마가 어린시절보신걸 영화관에서 같이보니까 색달라요ㅎ인물하나하나 캐릭터행동들이 귀여워서 미소짓게만드는 영화였습니다ㅎ",
    "date": "13.11.04",
    "rating": "10",
    "author": "bomi****",
    "review_id": "8114613",
    "movie_id": "10117"
  },
  {
    "review": "소피 마르소가 주연이 아니었다면?",
    "date": "13.11.04",
    "rating": "5",
    "author": "ndw1****",
    "review_id": "8114153",
    "movie_id": "10117"
  },
  {
    "review": "소피 마르소와 Reality",
    "date": "13.11.04",
    "rating": "8",
    "author": "ldy6****",
    "review_id": "8113814",
    "movie_id": "10117"
  },
  {
    "review": "넌 모를거야! 가슴속의 심장이 입으로 전달되는 것을...",
    "date": "13.11.02",
    "rating": "10",
    "author": "yuni****",
    "review_id": "8110729",
    "movie_id": "10117"
  },
  {
    "review": "헤드셋장면, 소피마르소 끝",
    "date": "13.11.02",
    "rating": "5",
    "author": "qudr****",
    "review_id": "8110591",
    "movie_id": "10117"
  },
  {
    "review": "80년대 개봉작으로써, 영화 소재나 감정표현 방법들이 어른분들의 추억을 불러올 수 있는 작품. 다만 전개방법, 스토리, 유머코드 모두 80년대에 맞춰져 요즘 흥행작에 익숙한 젊은이들에겐 글쎄..?",
    "date": "13.11.01",
    "rating": "8",
    "author": "jdk9****",
    "review_id": "8108506",
    "movie_id": "10117"
  },
  {
    "review": "소피 마르소의 클래스다",
    "date": "13.10.31",
    "rating": "7",
    "author": "figh****",
    "review_id": "8104223",
    "movie_id": "10117"
  },
  {
    "review": "걍 소피마르소 얼굴영화소피마르소에 5점",
    "date": "13.10.30",
    "rating": "5",
    "author": "ride****",
    "review_id": "8102216",
    "movie_id": "10117"
  },
  {
    "review": "ost와 리즈시절의 소피를 큰 화면으로 볼 수 있다는 것만으로 십점 만점 ㅋ",
    "date": "13.10.30",
    "rating": "10",
    "author": "john****",
    "review_id": "8100160",
    "movie_id": "10117"
  },
  {
    "review": "로미오와 줄리엣의 올리비아 핫세 이후 이렇게 예쁜 사람은 처음 봤다 당시에.",
    "date": "13.10.29",
    "rating": "10",
    "author": "doky****",
    "review_id": "8099740",
    "movie_id": "10117"
  },
  {
    "review": "33년 전 영화이지만, 보고 나서 설레었다",
    "date": "13.10.26",
    "rating": "8",
    "author": "rlag****",
    "review_id": "8091795",
    "movie_id": "10117"
  },
  {
    "review": "소피 마르소는 예쁘지만 내용은 그다지 재미있지 못하다.",
    "date": "13.10.26",
    "rating": "6",
    "author": "kejs****",
    "review_id": "8090200",
    "movie_id": "10117"
  },
  {
    "review": "시대에 흠뻑 빠졌다 나온 기분 . 아름답다.",
    "date": "13.10.25",
    "rating": "10",
    "author": "sang****",
    "review_id": "8088067",
    "movie_id": "10117"
  },
  {
    "review": "아름다운 영화~ 그러나 내용은 단순하고 유기성이 적어요",
    "date": "13.10.24",
    "rating": "10",
    "author": "titi****",
    "review_id": "8085969",
    "movie_id": "10117"
  },
  {
    "review": "소피마르소,리얼리티,첫사랑... 추억으로 10점",
    "date": "13.10.24",
    "rating": "10",
    "author": "enok****",
    "review_id": "8085263",
    "movie_id": "10117"
  },
  {
    "review": "내가태어나기도전에나온영화라 너무신기했고.. 진짜그대로의 감정을 딱딱보여주는데왠지매력이있었고어린시절의 철없기도했고 대책도없었던그모습그대로를볼수있었고 소피마르부모님을통해서는무언가느꼈다!ㅎㅎ",
    "date": "13.10.24",
    "rating": "8",
    "author": "full****",
    "review_id": "8085189",
    "movie_id": "10117"
  },
  {
    "review": "시대의 아이콘 소피마르소., 첫사랑을 추억하며 가족과 함께 즐겁고 유쾌하게 보고 왔습니다.",
    "date": "13.10.24",
    "rating": "10",
    "author": "khsh****",
    "review_id": "8084735",
    "movie_id": "10117"
  },
  {
    "review": "제일 좋아하는 여배우와 영화, 노래",
    "date": "13.10.24",
    "rating": "10",
    "author": "jjin****",
    "review_id": "8084301",
    "movie_id": "10117"
  },
  {
    "review": "소피마르소의 미모에 눈을뗄수 없었다....",
    "date": "13.10.24",
    "rating": "10",
    "author": "dugi****",
    "review_id": "8084187",
    "movie_id": "10117"
  },
  {
    "review": "팝콘무비, 잡지책과 같이 계속 낄낄대며 볼 수 있는 영화! 소피마르소의 놀랄만한 아름다움에 묻힌 엄마와 아빠의 성장통은 덤이다!",
    "date": "13.10.24",
    "rating": "10",
    "author": "bear****",
    "review_id": "8083817",
    "movie_id": "10117"
  },
  {
    "review": "그 시대의 최고의 영화.. 라붐을 처음 보고 잠을 이루질 못했다.",
    "date": "13.09.04",
    "rating": "10",
    "author": "yphw****",
    "review_id": "7947819",
    "movie_id": "10117"
  },
  {
    "review": "80년대미인 소피마르소가 너무너무예뻐서 미모에 빠지듯이 본 영화90년대생인 내가봐도 엄청난 미인임 ㅇㅇ스토리는 유치해서 재미없구 노래랑 프랑스의 문화를 엿볼수있어서 좋았던것같다...13살에 어찌저리 예쁠수가있지..뭔가 동양적이면서 서양적인미인",
    "date": "13.08.18",
    "rating": "10",
    "author": "dbsg****",
    "review_id": "7897610",
    "movie_id": "10117"
  },
  {
    "review": "영화의 완성도라던지 줄거리로서만보고평점을준다면 5점정도가 적당한데 ost인 리얼리티와  소피마르소의 비주얼이  최상이아닐까싶다",
    "date": "13.07.15",
    "rating": "9",
    "author": "kire****",
    "review_id": "7746963",
    "movie_id": "10117"
  },
  {
    "review": "기대와는 다른 느낌의 영화였고,지루한 부분도 있었지만 음악하나로도 이미지를 완성 해주는 영화.예상했던 풋풋.전형적인 이야기는 아니지만,뜻밖의 의미있는 결말도 그렇고 단순하기보다는 의외의  영화. 구성이 좀 더 체계적으로 다듬어졌음 더 좋았을 것 같다",
    "date": "13.07.14",
    "rating": "8",
    "author": "vvvv****",
    "review_id": "7741942",
    "movie_id": "10117"
  },
  {
    "review": "예전에 EBS에서 봤는데 옛날꺼지만 나름 재밌고 소피마르소가 이뻐서 끝까지봄 ㅠ스토리는 좀 별로지만 볼만함 ㅎ 노래가 너무좋죠...ㅠㅠ",
    "date": "13.07.13",
    "rating": "8",
    "author": "skft****",
    "review_id": "7737080",
    "movie_id": "10117"
  },
  {
    "review": "소파마르소와 노래만",
    "date": "13.07.12",
    "rating": "7",
    "author": "no23****",
    "review_id": "7731472",
    "movie_id": "10117"
  },
  {
    "review": "이놈이나 저놈이나 이년이나 저년이나 다똑같네 정신없는 영화긴 한데 소피마르소가 이뻐서 7점줌",
    "date": "13.06.27",
    "rating": "7",
    "author": "psh4****",
    "review_id": "7682949",
    "movie_id": "10117"
  },
  {
    "review": "인간이란존재는계속사랑하길원하고사랑받길원하는존재..그건나이가많든적든결혼을했든안했든변하지않는다.",
    "date": "13.06.20",
    "rating": "7",
    "author": "rudl****",
    "review_id": "7659721",
    "movie_id": "10117"
  },
  {
    "review": "노래와 소피마르소가 유명해서 봤네요. 87년생인 나로서는 태어나기 6년전의 작품,시대인데.. 30년이 넘은 시대인데.. 시대가 달라도 생각은 비슷하구나라는것을 느꼈네요. 이질적이지않고 동감가는 내용들.. 계속 작은 웃음을 유발하게 만드는 영화~",
    "date": "13.05.08",
    "rating": "9",
    "author": "kexi****",
    "review_id": "7514983",
    "movie_id": "10117"
  },
  {
    "review": "유명한 장면이 있는 영화여서 봤는데 이렇게 정신없는 내용의 프랑스 영화일 줄은 상상도 못했네요. 그냥 그리스가 훨씬 나았다는 생각밖에 안드네요.",
    "date": "13.05.07",
    "rating": "6",
    "author": "zen2****",
    "review_id": "7513144",
    "movie_id": "10117"
  }
]