[
  {
    "review": "9점대 가자 으랏차차!!",
    "date": "15.07.05",
    "rating": "10",
    "author": "agm0****",
    "review_id": "10072038",
    "movie_id": "10116"
  },
  {
    "review": "동화같은 두사람의 사랑이야기. 정말아름답다..",
    "date": "15.04.08",
    "rating": "10",
    "author": "fmaq****",
    "review_id": "9834610",
    "movie_id": "10116"
  },
  {
    "review": "나한텐 별로;; 이게 15세라는것도 좀 그렇다...",
    "date": "15.03.30",
    "rating": "1",
    "author": "hang****",
    "review_id": "9817061",
    "movie_id": "10116"
  },
  {
    "review": "조금 유치할 순 있어도 달달하니 좋았고 엔딩이 내가 생각했던거랑 정 반대라 너무 좋았음 ㅎㅎ",
    "date": "15.02.09",
    "rating": "10",
    "author": "fkdz****",
    "review_id": "9682475",
    "movie_id": "10116"
  },
  {
    "review": "중학교때 극장에서 본 영화내인생 최고의영화",
    "date": "15.02.09",
    "rating": "10",
    "author": "rdfa****",
    "review_id": "9682449",
    "movie_id": "10116"
  },
  {
    "review": "아  ~ 달달해 ~ ㅎㅎㅎㅎ",
    "date": "15.01.27",
    "rating": "10",
    "author": "chie****",
    "review_id": "9643190",
    "movie_id": "10116"
  },
  {
    "review": "왜 여주인공은 지상에 일주일만 있을 수 있었을까?  남주인공은 여주인공과의 키스로 영원히 물 속에서 살 수 있었던 걸까? 이런의문은  제껴두더라도 찰나의 사랑이 인생을 바꿀 수 있다는걸 다시금 상기시켜주는 영화다. 30년이 지난 톰 행크스의 출세작~",
    "date": "15.01.25",
    "rating": "7",
    "author": "plto****",
    "review_id": "9637389",
    "movie_id": "10116"
  },
  {
    "review": "동화가 아니다 철학적인 영화다. 마지막에 통행크스가 바다에 뛰어드는 것이 무엇을 의미하는지 생각해봐라~",
    "date": "14.11.17",
    "rating": "10",
    "author": "cant****",
    "review_id": "9396232",
    "movie_id": "10116"
  },
  {
    "review": "어릴때 이영화 보고 대릴한나 예쁘다고 생각했는데..  로맨스 영화란 이런거야.",
    "date": "14.10.12",
    "rating": "8",
    "author": "adiv****",
    "review_id": "9288357",
    "movie_id": "10116"
  },
  {
    "review": "파릇파릇한 시절의 톰행크스 영화는 다 잼있는 것 같다. 현실적으로 풀이하지 않은 엔딩이 맘에 든다♥",
    "date": "14.08.11",
    "rating": "10",
    "author": "runa****",
    "review_id": "9070298",
    "movie_id": "10116"
  },
  {
    "review": "톰 행크스의 풋풋한 젊은 시절을 볼 수 있다는 것 외에는 아무런 장점도 없는 삼류 로맨스 영화. 진짜 그 망할 과학자만 없었어도 영화가 몇 배는 더 나아졌을 텐데... 암튼 제 취향은 아닙니다.",
    "date": "14.08.09",
    "rating": "1",
    "author": "dlcj****",
    "review_id": "9055618",
    "movie_id": "10116"
  },
  {
    "review": "어렸을 때 TV에서 이 영화를 정말 재밌게 봤었는데..  어느새 세월이 흘러서 추억의 영화가 됐네요 또 보고 싶다",
    "date": "14.08.09",
    "rating": "10",
    "author": "qktm****",
    "review_id": "9055555",
    "movie_id": "10116"
  },
  {
    "review": "88년도였나 부평대한극장에 학교서 단체관람했는데 그때는 극장 스크린 크기에 놀라고 앞에 나가 장난도 쳤는데 그리운 기억이다",
    "date": "14.07.13",
    "rating": "10",
    "author": "cock****",
    "review_id": "8914158",
    "movie_id": "10116"
  },
  {
    "review": "역시 전형적인것이 제일 재밌네",
    "date": "14.07.09",
    "rating": "8",
    "author": "soqu****",
    "review_id": "8899338",
    "movie_id": "10116"
  },
  {
    "review": "지금까지 본 인어 소재 영화 중 최상",
    "date": "14.05.26",
    "rating": "7",
    "author": "expr****",
    "review_id": "8768743",
    "movie_id": "10116"
  },
  {
    "review": "어른들을 위한 풋풋한 동화",
    "date": "14.05.22",
    "rating": "9",
    "author": "arti****",
    "review_id": "8754913",
    "movie_id": "10116"
  },
  {
    "review": "어릴때 봤는데 다시 리메이크작으로 나왔으면해요 잔잔하고 애틋하게 봤어요 인어공주가 있다고 실제로 믿었던 영화 *-_-*",
    "date": "14.03.24",
    "rating": "10",
    "author": "idkj****",
    "review_id": "8603235",
    "movie_id": "10116"
  },
  {
    "review": "너무  재미있어서 몇번을 보았던 영화에요.어려서 스플레쉬를 보며 인어공주를 꿈꾸기도 했었는데..  ^-^다시 보고싶네요..",
    "date": "14.03.22",
    "rating": "10",
    "author": "ceh4****",
    "review_id": "8595429",
    "movie_id": "10116"
  },
  {
    "review": "잊지못할 그 바닷속 엔딩씬..",
    "date": "14.03.15",
    "rating": "10",
    "author": "pete****",
    "review_id": "8576859",
    "movie_id": "10116"
  },
  {
    "review": "너무 좋은데? 동화적이고 환성적이야..",
    "date": "14.02.27",
    "rating": "10",
    "author": "ay73****",
    "review_id": "8540628",
    "movie_id": "10116"
  },
  {
    "review": "아직도 기억에 생생한 스플래쉬...",
    "date": "14.02.03",
    "rating": "10",
    "author": "roda****",
    "review_id": "8469545",
    "movie_id": "10116"
  },
  {
    "review": "디즈니에서 만든 거 같애.. ㅋ",
    "date": "14.01.14",
    "rating": "9",
    "author": "tn99****",
    "review_id": "8383125",
    "movie_id": "10116"
  },
  {
    "review": "여주 너무나도 예쁜듯.. 결말이 맘에안들어",
    "date": "13.10.09",
    "rating": "8",
    "author": "hell****",
    "review_id": "8047205",
    "movie_id": "10116"
  },
  {
    "review": "신혜성에 같은생각 뮤비보다가 생각낫다...",
    "date": "13.10.05",
    "rating": "10",
    "author": "ohmk****",
    "review_id": "8035692",
    "movie_id": "10116"
  },
  {
    "review": "폐지해라.... 이봉원 안면함몰에 망막 손상까지...재미는 어느정도 있지만 출연자의 안전이 최우선이지 좋아요.",
    "date": "13.09.06",
    "rating": "1",
    "author": "woon****",
    "review_id": "7952630",
    "movie_id": "10116"
  },
  {
    "review": "가슴 설레이게 한영화",
    "date": "13.08.10",
    "rating": "10",
    "author": "s052****",
    "review_id": "7864064",
    "movie_id": "10116"
  },
  {
    "review": "옛날 영화답지 않게 지루하지 않고 스토리도 너무 매력적이다, 하아 나한테도 저런 인어가 찾아왔으면....",
    "date": "13.08.03",
    "rating": "10",
    "author": "chan****",
    "review_id": "7824921",
    "movie_id": "10116"
  },
  {
    "review": "오늘 티비에서 봤는데 정말 1984년꺼라도 재밌고 아름답다 >< 톰 행크스가 젊을 때 저렇게 잘생겼는지 몰랐는데 여주도 그렇고 이쁜 영화다",
    "date": "13.08.02",
    "rating": "10",
    "author": "jeur****",
    "review_id": "7824197",
    "movie_id": "10116"
  },
  {
    "review": "오늘티비에해주던데 인어존나이쁘다 나도인어되고싶다ㅋㅋㄱㄲㅋ음악도너무아름답고 옛날영환게믿겨지지안는영화.",
    "date": "13.08.02",
    "rating": "10",
    "author": "zool****",
    "review_id": "7822921",
    "movie_id": "10116"
  },
  {
    "review": "너무좋다ㅋㅋ 긴말필요없고 짱",
    "date": "13.07.24",
    "rating": "10",
    "author": "fbsr****",
    "review_id": "7779659",
    "movie_id": "10116"
  },
  {
    "review": "나의 눈시울을 뜨겁게 한 아름다운 이야기.....",
    "date": "13.05.22",
    "rating": "10",
    "author": "tslo****",
    "review_id": "7548557",
    "movie_id": "10116"
  },
  {
    "review": "내용은 좋은데 별로 극적인 장면이 없어서 밍밍하네",
    "date": "13.04.08",
    "rating": "8",
    "author": "dica****",
    "review_id": "7442857",
    "movie_id": "10116"
  },
  {
    "review": "앞서갔던 로맨틱코미디 귀여운톰행크스",
    "date": "13.02.11",
    "rating": "8",
    "author": "jjcv****",
    "review_id": "7252405",
    "movie_id": "10116"
  },
  {
    "review": "희대의영화 천재감독 쿠엔틴 타란티노가,킬빌의여주인공 블랙맘바(우마 서먼 분)의 라이벌 엘르 드라이버를 어디서 캐스팅했는지,알수 있다.영화의절반은 캐스팅,캐스팅만 제대로 마치면,나머지 절반은 다 이루어진거나 마찬가지...흥행은 하늘에 맡기고...(웃음)",
    "date": "13.01.05",
    "rating": "10",
    "author": "baks****",
    "review_id": "7084513",
    "movie_id": "10116"
  },
  {
    "review": "어린 시절 엄마의 품에서 귀기울여 듣던 '인어공주'의 느낌 그대로. 오늘 밤 꿈에는 왠지 인어가 나올 것 같다.",
    "date": "12.12.05",
    "rating": "9",
    "author": "cek2****",
    "review_id": "6975309",
    "movie_id": "10116"
  },
  {
    "review": "어릴 때 본 영화. 톰 행크스의 젊은 모습을 만나볼 수 있다. 어릴 때 봤지만 지금도 생생한 환상적인 영화. 다릴 해나의 연기가 인상적이어서 인어가 실제로 존재할 것만 같은 영화.",
    "date": "12.08.27",
    "rating": "10",
    "author": "davi****",
    "review_id": "6648292",
    "movie_id": "10116"
  },
  {
    "review": "판타지적인 요소가 적절하게 섞인 로맨스. 틀림없는 수작이다!",
    "date": "12.06.08",
    "rating": "9",
    "author": "gshh****",
    "review_id": "6377770",
    "movie_id": "10116"
  },
  {
    "review": "예상대로 유치하지만 인어는 이쁘네~~",
    "date": "12.03.15",
    "rating": "7",
    "author": "dbzh****",
    "review_id": "6144523",
    "movie_id": "10116"
  },
  {
    "review": "이거 진짜 재미있었음... 톰 행크스 완전 어렸네..ㅋㅋ",
    "date": "12.02.14",
    "rating": "10",
    "author": "sara****",
    "review_id": "6074520",
    "movie_id": "10116"
  },
  {
    "review": "굿~!",
    "date": "12.01.23",
    "rating": "9",
    "author": "ever****",
    "review_id": "6011655",
    "movie_id": "10116"
  },
  {
    "review": "무슨 영화가 평점이 이리 높나했네... ㅋㅋㅋ 이제 생각나네어렸을때재밌게봤던영화.",
    "date": "12.01.09",
    "rating": "10",
    "author": "aj30****",
    "review_id": "5974757",
    "movie_id": "10116"
  },
  {
    "review": "재밋어서 또 보고 싶은 영화~",
    "date": "12.01.01",
    "rating": "10",
    "author": "dpax****",
    "review_id": "5951721",
    "movie_id": "10116"
  },
  {
    "review": "어릴적 로맨스를 꿈꾸게햇던ㅋㅋ벌써 이리오래됫군",
    "date": "11.12.18",
    "rating": "8",
    "author": "leeo****",
    "review_id": "5912134",
    "movie_id": "10116"
  },
  {
    "review": "너무 낭만적이다",
    "date": "11.10.19",
    "rating": "10",
    "author": "mej9****",
    "review_id": "5798266",
    "movie_id": "10116"
  },
  {
    "review": "어른들을 위한 한편의 동화같은 판타지",
    "date": "11.09.15",
    "rating": "10",
    "author": "orph****",
    "review_id": "5733038",
    "movie_id": "10116"
  },
  {
    "review": "진짜 너무 다시 보고픈데 어디서볼수있을까.... 너무 맘에 든다",
    "date": "11.09.11",
    "rating": "10",
    "author": "stsb****",
    "review_id": "5722352",
    "movie_id": "10116"
  },
  {
    "review": "태어나 처음으로 평점을 주기위해 로그인....중학생 때 보고 오늘 또 보았는데도 감동",
    "date": "11.07.31",
    "rating": "10",
    "author": "qjqd****",
    "review_id": "5586861",
    "movie_id": "10116"
  },
  {
    "review": "동심을 불러일으킨 인어와의 사랑이야기. 배경음악도 너무좋아",
    "date": "11.07.23",
    "rating": "10",
    "author": "leei****",
    "review_id": "5563164",
    "movie_id": "10116"
  },
  {
    "review": "대릴한나 이때 참 이뻤는데ㅎㅎ",
    "date": "11.07.05",
    "rating": "10",
    "author": "dbfr****",
    "review_id": "5524380",
    "movie_id": "10116"
  },
  {
    "review": "추억의 영화다...이루어질수 없는 인간과 인어의 사랑..옛날이 그립네..ㅎ",
    "date": "11.05.18",
    "rating": "7",
    "author": "thra****",
    "review_id": "5434437",
    "movie_id": "10116"
  },
  {
    "review": "넘재미있어서 친구 데리고 극장에서만 2번 본 기억이 새록새록^^",
    "date": "11.05.11",
    "rating": "10",
    "author": "tran****",
    "review_id": "5421295",
    "movie_id": "10116"
  },
  {
    "review": "톰행크스와 다릴 해나는 볼만하지만 지금은 식상한 스토리다.",
    "date": "11.04.09",
    "rating": "4",
    "author": "bbq2****",
    "review_id": "5363877",
    "movie_id": "10116"
  },
  {
    "review": "예전에 진자잼잇게봐는데... 지금보면 약간 유치할수도 잇게단생각 그래도좋아여 ㅎㅎ",
    "date": "11.04.02",
    "rating": "9",
    "author": "peac****",
    "review_id": "5348482",
    "movie_id": "10116"
  },
  {
    "review": "세토의 신부가 이영화 패러디한 거였나",
    "date": "11.03.28",
    "rating": "8",
    "author": "fate****",
    "review_id": "5340489",
    "movie_id": "10116"
  },
  {
    "review": "여주인공이 다릴 해나 였다는 게 놀라울 따름...",
    "date": "11.03.27",
    "rating": "8",
    "author": "yaky****",
    "review_id": "5337417",
    "movie_id": "10116"
  },
  {
    "review": "인어공주의 훌륭한 현대적 각색",
    "date": "11.03.13",
    "rating": "9",
    "author": "ccpk****",
    "review_id": "5311575",
    "movie_id": "10116"
  },
  {
    "review": "한번쯤 꿈꿔볼만한 아릿다운 인어와으 로맨스",
    "date": "11.03.13",
    "rating": "9",
    "author": "rame****",
    "review_id": "5311572",
    "movie_id": "10116"
  },
  {
    "review": "결말이 아름답고 감동적이기 까지 했다",
    "date": "11.03.13",
    "rating": "9",
    "author": "kpcc****",
    "review_id": "5311570",
    "movie_id": "10116"
  },
  {
    "review": "정말 로망이었던 영화!!! 꼭 다시 보고 싶다!!!ㅠㅠ",
    "date": "11.03.03",
    "rating": "10",
    "author": "sams****",
    "review_id": "5291527",
    "movie_id": "10116"
  },
  {
    "review": "추억의 영화. OST도 좋고... 동화같은 느낌.",
    "date": "11.02.23",
    "rating": "10",
    "author": "can8****",
    "review_id": "5268590",
    "movie_id": "10116"
  },
  {
    "review": "너무너무 낭만적이고 아름답다",
    "date": "11.02.13",
    "rating": "10",
    "author": "ahnn****",
    "review_id": "5241059",
    "movie_id": "10116"
  },
  {
    "review": "인간이 아닌 다른 존재와 사랑한다는 것은 정말 환상적이고 아름답고 잊혀지지 않는다",
    "date": "11.01.25",
    "rating": "10",
    "author": "son1****",
    "review_id": "5182291",
    "movie_id": "10116"
  },
  {
    "review": "옛날꺼라뭔가더아름다워보이는것도있는듯! 따뜻한,동심을자극하는영화.이게왜19금일까",
    "date": "10.12.06",
    "rating": "6",
    "author": "choc****",
    "review_id": "5029849",
    "movie_id": "10116"
  },
  {
    "review": "어릴적 인어공주만화의 여운을 이어주는 아름다운 영화에요..^^",
    "date": "10.12.04",
    "rating": "10",
    "author": "chme****",
    "review_id": "5022091",
    "movie_id": "10116"
  },
  {
    "review": "여배우가 연기하는게 너무 귀여워서 기분이 좋아진 영화..",
    "date": "10.10.17",
    "rating": "10",
    "author": "jong****",
    "review_id": "4907964",
    "movie_id": "10116"
  },
  {
    "review": "정말어릴때본영화.. 엘리베이터문열리는순간양동이의물을뿌리지만엄한사람이었던 ㅋ",
    "date": "10.06.04",
    "rating": "10",
    "author": "gree****",
    "review_id": "4544540",
    "movie_id": "10116"
  },
  {
    "review": "내가 태어나기 전에 만들어진 영화인데, 지금봐도 재밌으니 명작인 게 분명해!",
    "date": "10.05.29",
    "rating": "10",
    "author": "lemo****",
    "review_id": "4531025",
    "movie_id": "10116"
  },
  {
    "review": "언제까지나 두고두고 보고싶은 그런 영화!!",
    "date": "10.05.18",
    "rating": "10",
    "author": "gusw****",
    "review_id": "4508390",
    "movie_id": "10116"
  },
  {
    "review": "어릴때 본 후 제목을몰라 답답해하다가 우연히 알게되었다. 동화같은영화 다시보고파~",
    "date": "10.05.08",
    "rating": "10",
    "author": "swee****",
    "review_id": "4487396",
    "movie_id": "10116"
  },
  {
    "review": "참 재미었던 이야기...글고 20년이 훨씬 지난 지금도 그리운 영화...........",
    "date": "10.04.17",
    "rating": "10",
    "author": "khun****",
    "review_id": "4438560",
    "movie_id": "10116"
  },
  {
    "review": "재밋다",
    "date": "10.04.12",
    "rating": "9",
    "author": "yuye****",
    "review_id": "4427928",
    "movie_id": "10116"
  },
  {
    "review": "지금은너무나늙어버린톰과해나그떈정말선남선녀였네영화도너무아름답다마지막노래도",
    "date": "10.04.04",
    "rating": "10",
    "author": "csc2****",
    "review_id": "4411713",
    "movie_id": "10116"
  },
  {
    "review": "전설적인 영화 T^T 목걸이주고 저 분수대를 집안에 놓은 그 장면이 아직도 선합니다.",
    "date": "10.04.01",
    "rating": "10",
    "author": "jack****",
    "review_id": "4400919",
    "movie_id": "10116"
  },
  {
    "review": "그 시대에 이 효과 이 내용이면 상당히 높은점수의 영화다",
    "date": "10.03.22",
    "rating": "10",
    "author": "tent****",
    "review_id": "4376566",
    "movie_id": "10116"
  },
  {
    "review": "넘 재밌어서 기록 찾아보니 세계적으로 엄청 히트했더군요. 1억5천만달러던가.",
    "date": "10.02.19",
    "rating": "10",
    "author": "evil****",
    "review_id": "4301026",
    "movie_id": "10116"
  },
  {
    "review": "파닥파닥",
    "date": "09.12.22",
    "rating": "8",
    "author": "sksd****",
    "review_id": "4070583",
    "movie_id": "10116"
  },
  {
    "review": "12살때그날엄마한테혼났었는데울다가토요명화에서나오길래눈물그쳤던기억이;;",
    "date": "09.10.31",
    "rating": "9",
    "author": "tnfu****",
    "review_id": "3926534",
    "movie_id": "10116"
  },
  {
    "review": "흑 부럽다.ㅋㅋ",
    "date": "09.10.09",
    "rating": "10",
    "author": "bboj****",
    "review_id": "3881519",
    "movie_id": "10116"
  },
  {
    "review": "이 때만 해도 대릴 한나 최고였다능... ㅜㅜ",
    "date": "09.07.30",
    "rating": "10",
    "author": "jjla****",
    "review_id": "3683068",
    "movie_id": "10116"
  },
  {
    "review": "어렸을때 토요명화로 재미있게 본 영화. 84년작에 톰행크스라니 놀랍네 -_-;",
    "date": "09.06.21",
    "rating": "10",
    "author": "grip****",
    "review_id": "3579061",
    "movie_id": "10116"
  },
  {
    "review": "이영화는 빅과 더불어 쵝오 !!~!!!~~@!!~~!",
    "date": "09.05.19",
    "rating": "10",
    "author": "tjft****",
    "review_id": "3507274",
    "movie_id": "10116"
  },
  {
    "review": "칵테일 유콜잇러브와 함께 추억의 토요명화에 본 잊지못할 동화같은 양키 로망스",
    "date": "09.03.21",
    "rating": "10",
    "author": "wsle****",
    "review_id": "3378737",
    "movie_id": "10116"
  },
  {
    "review": "대릴한나 별루;; 안예쁨ㅡㅡ;모가예쁘다는건지?ㅋ얼굴도 너무 네모로 각지고 별로임.",
    "date": "09.02.05",
    "rating": "1",
    "author": "yjpo****",
    "review_id": "3278796",
    "movie_id": "10116"
  },
  {
    "review": "어렸을적 너무나도 재밌게 봤던 영화.",
    "date": "09.01.11",
    "rating": "10",
    "author": "yoon****",
    "review_id": "3210989",
    "movie_id": "10116"
  },
  {
    "review": "어른을 위한 한편의 동화 같은 영화",
    "date": "08.12.17",
    "rating": "10",
    "author": "youn****",
    "review_id": "3125478",
    "movie_id": "10116"
  },
  {
    "review": "톰행크스의 초기 모습과 다릴하나의 매력.. 그녀는 지금 뭐하는지..",
    "date": "08.12.04",
    "rating": "8",
    "author": "deff****",
    "review_id": "3089555",
    "movie_id": "10116"
  },
  {
    "review": "내가 태어나기도 전의 영화.  나를 꿈꾸게 하다.",
    "date": "08.11.21",
    "rating": "9",
    "author": "aqua****",
    "review_id": "3063358",
    "movie_id": "10116"
  },
  {
    "review": "너무 훈훈한 영화, 보고나니 기분이 좋네요~",
    "date": "08.10.15",
    "rating": "10",
    "author": "kagu****",
    "review_id": "3001135",
    "movie_id": "10116"
  },
  {
    "review": "사춘기 시절 보고 몇일간 가슴앓이 했던 영화",
    "date": "08.09.28",
    "rating": "10",
    "author": "tcap****",
    "review_id": "2972514",
    "movie_id": "10116"
  },
  {
    "review": "이걸보고 난 중1때 잠을설쳐써",
    "date": "08.08.28",
    "rating": "10",
    "author": "0103****",
    "review_id": "2907242",
    "movie_id": "10116"
  },
  {
    "review": "어릴때 재밌게 본 영화 굉장히 괜찮다",
    "date": "08.08.07",
    "rating": "10",
    "author": "dake****",
    "review_id": "2844680",
    "movie_id": "10116"
  },
  {
    "review": "동화와 현실의 만남. 아직도 꿈틀거리던 지느러미가 선하다.",
    "date": "08.07.15",
    "rating": "6",
    "author": "jere****",
    "review_id": "2765222",
    "movie_id": "10116"
  },
  {
    "review": "순수함과 풋풋함의 그리움.",
    "date": "08.07.05",
    "rating": "8",
    "author": "befo****",
    "review_id": "2741659",
    "movie_id": "10116"
  },
  {
    "review": "어렸을 때 봤을 때 영화 속 인어속 꼬리가 너무나 신비롭게 보였던.",
    "date": "08.06.09",
    "rating": "10",
    "author": "devo****",
    "review_id": "2690528",
    "movie_id": "10116"
  },
  {
    "review": "인어공주의 재해석",
    "date": "08.05.27",
    "rating": "7",
    "author": "meth****",
    "review_id": "2666081",
    "movie_id": "10116"
  },
  {
    "review": "다운받아서  16년만에 다시봤네요  다시보니 감회가 새롭고역시나 잼있군요 감동 ㅡㅠ",
    "date": "08.04.18",
    "rating": "10",
    "author": "kkak****",
    "review_id": "2586396",
    "movie_id": "10116"
  },
  {
    "review": "아름다운 인어와의 마술같은 사랑이야기",
    "date": "08.04.06",
    "rating": "8",
    "author": "stsp****",
    "review_id": "2563397",
    "movie_id": "10116"
  },
  {
    "review": "다시보고싶은데 어케 보지 ㅎㅎ",
    "date": "08.03.12",
    "rating": "10",
    "author": "bjye****",
    "review_id": "2516734",
    "movie_id": "10116"
  },
  {
    "review": "진짜 어렸을 때 봤는데 지금도 기억속에 ㅋㅋㅋ",
    "date": "08.02.16",
    "rating": "10",
    "author": "gkqr****",
    "review_id": "2450140",
    "movie_id": "10116"
  },
  {
    "review": "졸 재밌다",
    "date": "08.01.26",
    "rating": "10",
    "author": "dbsw****",
    "review_id": "2372128",
    "movie_id": "10116"
  }
]