[
  {
    "review_id": "10258461",
    "movie_id": "101255",
    "author": "eugn****",
    "review": "냥냥냥!린짱조아 이이다리호조아",
    "rating": "10",
    "date": "15.08.21"
  },
  {
    "review_id": "10226093",
    "movie_id": "101255",
    "author": "bols****",
    "review": "진짜 세기의 명작. 다음 세대에 물려주기 위해서 보존 중이다.",
    "rating": "10",
    "date": "15.08.13"
  },
  {
    "review_id": "10068030",
    "movie_id": "101255",
    "author": "csy3****",
    "review": "이 애니는 정말 연출 스토리 어느 하나 좋은게 없습니다. 이런 애니 속에 카요찡이 있다는게 너무 슬퍼 ㅠㅠ 그치 카요찡?",
    "rating": "10",
    "date": "15.07.04"
  },
  {
    "review_id": "10030987",
    "movie_id": "101255",
    "author": "tjdg****",
    "review": "뮤즈는 사랑입니다.만류귀종이라는 말을 아시나요?모든 길은 하나로 통한다라는 뜻인데 모든 덕들의 끝은 러브라이브입니다뮤즈 다이스키",
    "rating": "10",
    "date": "15.06.24"
  },
  {
    "review_id": "10011656",
    "movie_id": "101255",
    "author": "561w****",
    "review": "러브라이브는 인생입니다",
    "rating": "10",
    "date": "15.06.19"
  },
  {
    "review_id": "10002478",
    "movie_id": "101255",
    "author": "gugu****",
    "review": "뭐냐 이 갓애니는!  ㅠ ㅠㅠㅠ",
    "rating": "10",
    "date": "15.06.15"
  },
  {
    "review_id": "9999610",
    "movie_id": "101255",
    "author": "8522****",
    "review": "뭔가 떠들석하길레 뭔가 싶었는데 ㅡㅡ",
    "rating": "1",
    "date": "15.06.14"
  },
  {
    "review_id": "9998280",
    "movie_id": "101255",
    "author": "shan****",
    "review": "러브라이브 진짜 최고의 명작... 이거 애니만 보는 사람은 ㄴㄴ 절대 노래도 같이 다 들어보시길...",
    "rating": "10",
    "date": "15.06.14"
  },
  {
    "review_id": "9993994",
    "movie_id": "101255",
    "author": "gh02****",
    "review": "평점 낮은 순으로 보지마세요 . 암걸립니다 . 이럴땐 뭐다? 러브라이브다",
    "rating": "10",
    "date": "15.06.12"
  },
  {
    "review_id": "9982773",
    "movie_id": "101255",
    "author": "ssjk****",
    "review": "에리는 건들지 마시죠? 제 여자입니다.",
    "rating": "10",
    "date": "15.06.07"
  },
  {
    "review_id": "9964945",
    "movie_id": "101255",
    "author": "hhs2****",
    "review": "마키짱 카와이!!!!",
    "rating": "10",
    "date": "15.05.31"
  },
  {
    "review_id": "9844201",
    "movie_id": "101255",
    "author": "in08****",
    "review": "소盧다 운지 소노답 운지",
    "rating": "1",
    "date": "15.04.13"
  },
  {
    "review_id": "9843080",
    "movie_id": "101255",
    "author": "suly****",
    "review": "유메노 메이로~ 유리노 메이로~",
    "rating": "10",
    "date": "15.04.12"
  },
  {
    "review_id": "9835132",
    "movie_id": "101255",
    "author": "dheh****",
    "review": "이거보고 재미없다고 하면 그건 사람이 아닐겁니다",
    "rating": "10",
    "date": "15.04.08"
  },
  {
    "review_id": "9797249",
    "movie_id": "101255",
    "author": "iiii****",
    "review": "럽폭도 ㅎㄷㄷ해 무서워라",
    "rating": "1",
    "date": "15.03.21"
  },
  {
    "review_id": "9743069",
    "movie_id": "101255",
    "author": "ghdt****",
    "review": "러브라이브는 인생입니다. 할렐루야",
    "rating": "10",
    "date": "15.02.27"
  },
  {
    "review_id": "9741931",
    "movie_id": "101255",
    "author": "wide****",
    "review": "마키여신님 사랑해요  결혼해주세요!",
    "rating": "10",
    "date": "15.02.26"
  },
  {
    "review_id": "9726800",
    "movie_id": "101255",
    "author": "jym9****",
    "review": "이걸 보면서 인생에 자신감이 생겼습니다. 이건 애니가 아닌 청춘드라마 그 자체입니다!",
    "rating": "10",
    "date": "15.02.22"
  },
  {
    "review_id": "9584206",
    "movie_id": "101255",
    "author": "mj96****",
    "review": "최고의애니메이션 입니다 최고입니다",
    "rating": "10",
    "date": "15.01.11"
  },
  {
    "review_id": "9551942",
    "movie_id": "101255",
    "author": "kmy9****",
    "review": "러브라이브는 인생입니다.",
    "rating": "10",
    "date": "15.01.02"
  },
  {
    "review_id": "9419683",
    "movie_id": "101255",
    "author": "reyn****",
    "review": "러브라이브 ㅎㅎ ㅋㅋ 잼",
    "rating": "10",
    "date": "14.11.24"
  },
  {
    "review_id": "9358039",
    "movie_id": "101255",
    "author": "char****",
    "review": "닛/코/닛/코/니~",
    "rating": "10",
    "date": "14.11.08"
  },
  {
    "review_id": "9296685",
    "movie_id": "101255",
    "author": "mise****",
    "review": "젠카이노? 라부라이부!",
    "rating": "10",
    "date": "14.10.16"
  },
  {
    "review_id": "9246015",
    "movie_id": "101255",
    "author": "shoc****",
    "review": "젠카이노 러브 라이브!",
    "rating": "10",
    "date": "14.09.28"
  },
  {
    "review_id": "9125119",
    "movie_id": "101255",
    "author": "shsh****",
    "review": "니코니코니!니코 센빠이 다이스킷",
    "rating": "10",
    "date": "14.08.23"
  },
  {
    "review_id": "8885145",
    "movie_id": "101255",
    "author": "jmw4****",
    "review": "이미와칸나이! 붸에에~~",
    "rating": "10",
    "date": "14.07.05"
  },
  {
    "review_id": "8767941",
    "movie_id": "101255",
    "author": "chod****",
    "review": "호노카쨩 마지텐시~ :)",
    "rating": "10",
    "date": "14.05.26"
  },
  {
    "review_id": "8680338",
    "movie_id": "101255",
    "author": "hs97****",
    "review": "난 아이마스보다 럽라가 더 좋더라",
    "rating": "10",
    "date": "14.04.28"
  },
  {
    "review_id": "8661600",
    "movie_id": "101255",
    "author": "kill****",
    "review": "럽라를 보고 암이 나았습니다!",
    "rating": "10",
    "date": "14.04.20"
  },
  {
    "review_id": "8614989",
    "movie_id": "101255",
    "author": "jpg_****",
    "review": "솔직히 그냥그럼....",
    "rating": "2",
    "date": "14.03.29"
  },
  {
    "review_id": "8613576",
    "movie_id": "101255",
    "author": "diqz****",
    "review": "사람은 love하기 위해 live한다",
    "rating": "10",
    "date": "14.03.28"
  },
  {
    "review_id": "8410394",
    "movie_id": "101255",
    "author": "azak****",
    "review": "러브라이브 평점이 너무 낮네요. 러브라이브를 보고 대장암이 완치되었습니다. 제겐 구원과 같은 애니.. 아니 인생...",
    "rating": "10",
    "date": "14.01.22"
  },
  {
    "review_id": "7848236",
    "movie_id": "101255",
    "author": "dkru****",
    "review": "러브라이브 다☆이★스☆키★!!!",
    "rating": "10",
    "date": "13.08.06"
  },
  {
    "review_id": "7821291",
    "movie_id": "101255",
    "author": "sh15****",
    "review": "니코니코니",
    "rating": "10",
    "date": "13.08.02"
  },
  {
    "review_id": "7767868",
    "movie_id": "101255",
    "author": "tkdl****",
    "review": "닥치고 10점.",
    "rating": "10",
    "date": "13.07.20"
  },
  {
    "review_id": "7742559",
    "movie_id": "101255",
    "author": "mey4****",
    "review": "코토리 카와이",
    "rating": "10",
    "date": "13.07.14"
  },
  {
    "review_id": "7740653",
    "movie_id": "101255",
    "author": "shsh****",
    "review": "이건 뭐지?",
    "rating": "10",
    "date": "13.07.14"
  },
  {
    "review_id": "7684264",
    "movie_id": "101255",
    "author": "kim9****",
    "review": "러브라이브 신세대ㅇ",
    "rating": "10",
    "date": "13.06.27"
  },
  {
    "review_id": "7674471",
    "movie_id": "101255",
    "author": "exyn****",
    "review": "니코니코니",
    "rating": "10",
    "date": "13.06.24"
  },
  {
    "review_id": "7471707",
    "movie_id": "101255",
    "author": "chyh****",
    "review": "러브라이브 만세!",
    "rating": "10",
    "date": "13.04.21"
  },
  {
    "review_id": "7451402",
    "movie_id": "101255",
    "author": "oral****",
    "review": "아이마스 만세",
    "rating": "1",
    "date": "13.04.11"
  },
  {
    "review_id": "7270788",
    "movie_id": "101255",
    "author": "didg****",
    "review": "ㅇㅇ",
    "rating": "10",
    "date": "13.02.16"
  }
]