[
  {
    "review": "전쟁의 참혹함을 전달하고자하는 감독의 메세지는 알겠는데, 영화 전반부와 후반부에 쓸데없이 너무 러닝타임을 늘려서 영화가 전체적으로 지루하다. 러시안룰렛장면만이 기억에 남는다.",
    "date": "15.07.31",
    "rating": "6",
    "author": "kjk9****",
    "review_id": "10165464",
    "movie_id": "10128"
  },
  {
    "review": "그 언젠가 자신이 사냥하러 다녔던 사슴의 입장이 되어버린 크리스토퍼 월켄의 절박한 모습이란...",
    "date": "15.06.19",
    "rating": "10",
    "author": "nasu****",
    "review_id": "10012252",
    "movie_id": "10128"
  },
  {
    "review": "이야기 자체가 탄탄한데다가 연출과 연기가 조화를 이루는군",
    "date": "15.06.02",
    "rating": "9",
    "author": "guev****",
    "review_id": "9969751",
    "movie_id": "10128"
  },
  {
    "review": "결혼식에서 끊임없이 이어지는 러시아 민속음악들과 마지막장면에서의 God bless America는 시니컬하게 들린다. 미국의 블루칼러 젊은이의 월남전에 관한 고백이라 할까",
    "date": "15.03.14",
    "rating": "10",
    "author": "sjal****",
    "review_id": "9782026",
    "movie_id": "10128"
  },
  {
    "review": "영화로서 너무 지루하다.",
    "date": "15.02.20",
    "rating": "3",
    "author": "rand****",
    "review_id": "9715619",
    "movie_id": "10128"
  },
  {
    "review": "결혼식 장면을 초중반까지 길게 보여준 이유는  전쟁의 비극을 더욱 극대화하기 위해서.. 가슴 아픈 사람들, 이야기들",
    "date": "15.01.28",
    "rating": "10",
    "author": "iuba****",
    "review_id": "9644163",
    "movie_id": "10128"
  },
  {
    "review": "권총 속 장전된 탄환처럼 발사되어 연기만 남긴 채 사라진 청춘",
    "date": "15.01.14",
    "rating": "10",
    "author": "sic3****",
    "review_id": "9591046",
    "movie_id": "10128"
  },
  {
    "review": "러시안 룰렛으로 시작한 비극을 러시안 룰렛으로 끝내다.",
    "date": "15.01.04",
    "rating": "8",
    "author": "kimg****",
    "review_id": "9560754",
    "movie_id": "10128"
  },
  {
    "review": "초등학교때 아버지와 구들장에 누워 티비로본영화 36살이 되어 지금보니  진정한명작이구나...지금은 하늘나라에계신 아버시가 보고싶구나",
    "date": "14.12.13",
    "rating": "10",
    "author": "rase****",
    "review_id": "9471612",
    "movie_id": "10128"
  },
  {
    "review": "이 영화를 볼 때 나의 나이가 22살이었다. 그 후로 내 젊은 시절을 온통 지배한 영화였다.  주제곡인 카바티나와 함께.   나이 들어 다시 보니 그 때 만큼의 충격은 없었으나 여전히 명작.",
    "date": "14.12.09",
    "rating": "10",
    "author": "roth****",
    "review_id": "9460676",
    "movie_id": "10128"
  },
  {
    "review": "신체를 일부 잃었지만 정신을 되찾은 사람.몸은 보존했지만 가족같은 친구를 잃고 삶과 죽음의 루프에 갇히는 사람.정신력으로 자신과 친구들의 목숨을 지키고 공동체를 재건하는 사람. The Way of Trees. Deer Hunting. Veteran.",
    "date": "14.10.28",
    "rating": "8",
    "author": "cool****",
    "review_id": "9323984",
    "movie_id": "10128"
  },
  {
    "review": "카바티나를  듣고 있자니  눈물이 날거 같다..",
    "date": "14.10.26",
    "rating": "10",
    "author": "ko11****",
    "review_id": "9320703",
    "movie_id": "10128"
  },
  {
    "review": "인간은 평화롭게 살 수 없는 것인가. 인생을 송두리째 바꿔놓는 사건들. 인간은 무엇을 위해 살아가는지 다시 한번 생각해보게 하는 영화. 꿈(사슴)은 쫓아 가도 결국 잡지 못하는, 아니 잡을 수 없는 것인가",
    "date": "14.10.04",
    "rating": "9",
    "author": "sunw****",
    "review_id": "9262107",
    "movie_id": "10128"
  },
  {
    "review": "초반에 끈끈한 우정편이 좀 길다는 느낌",
    "date": "14.10.02",
    "rating": "8",
    "author": "xfig****",
    "review_id": "9254668",
    "movie_id": "10128"
  },
  {
    "review": "런닝타임이 꽤 김에도 불구하고 정말 지루하지 않게 봤다.",
    "date": "14.09.21",
    "rating": "10",
    "author": "park****",
    "review_id": "9232401",
    "movie_id": "10128"
  },
  {
    "review": "생사를 걸고 친구를 구출하려고 한 영화,친구의 여성을 책임지는 영화!!!",
    "date": "14.09.08",
    "rating": "10",
    "author": "123k****",
    "review_id": "9183690",
    "movie_id": "10128"
  },
  {
    "review": "단순한 전쟁영화가 아님..인간 본성을 그린 걸작이다. 약간 지루한 것이 옥의 티.",
    "date": "14.08.25",
    "rating": "10",
    "author": "aolm****",
    "review_id": "9132494",
    "movie_id": "10128"
  },
  {
    "review": "베트남전의 상흔을 제대로 드러낸 작품! 러시안 룰렛은 폭력에 길들여져 자학적으로 변하는 인간의 모습을 보여준다.",
    "date": "14.07.13",
    "rating": "8",
    "author": "gamb****",
    "review_id": "8912250",
    "movie_id": "10128"
  },
  {
    "review": "영화가 끝난  후 내 삶이 사치라는 것을 깨달았다.",
    "date": "14.06.28",
    "rating": "10",
    "author": "hara****",
    "review_id": "8862984",
    "movie_id": "10128"
  },
  {
    "review": "차분하고 서정적인 버전의 <지옥의 묵시록>. 이 여운...",
    "date": "14.06.16",
    "rating": "8",
    "author": "cube****",
    "review_id": "8834988",
    "movie_id": "10128"
  },
  {
    "review": "잊혀진 모든 것들을 또 다시 잃어버려야 한다는 것에 대하여..",
    "date": "14.06.10",
    "rating": "9",
    "author": "like****",
    "review_id": "8818147",
    "movie_id": "10128"
  },
  {
    "review": "수작입니다.OST는 많이 들어보았는데..이영화에서 나온곡이군요.안보면 후회할뻔했습니다 진한 긴여운이 남는 명작. 우정 사랑 전쟁 ...가슴 먹먹합니다.",
    "date": "14.06.09",
    "rating": "10",
    "author": "u2ma****",
    "review_id": "8817590",
    "movie_id": "10128"
  },
  {
    "review": "제목이 눈에 익어 잠 안자고 보다가 깊은 감동받았다.사랑,우정,술,음악,일,국가 끈끈하면서도 내가 좋아하는 분위기가 전부 있었다.혹자는 아시아와 전쟁 운운하며 혹평하지만 영화는 영화로서 좋았다. 미국의 힘이 느껴졌다.슬픔도 강한힘이다.",
    "date": "14.06.09",
    "rating": "10",
    "author": "veri****",
    "review_id": "8814983",
    "movie_id": "10128"
  },
  {
    "review": "처음볼때 마지막엔딩신 식당신만 기대하고 봣는데 오늘 본편에선 매릴스트립이 저렇게 이뻣나? 제일먼저 끝나고 든생강",
    "date": "14.06.08",
    "rating": "9",
    "author": "them****",
    "review_id": "8811248",
    "movie_id": "10128"
  },
  {
    "review": "영화음악과 함께 진한 여운이..",
    "date": "14.06.08",
    "rating": "10",
    "author": "sija****",
    "review_id": "8810968",
    "movie_id": "10128"
  },
  {
    "review": "중학교 때 처음 본..어언 30년전....주인공이 살았음에도...너무 가슴 아팠던 영화...로버트 드니로보다..닉을 연기한 배우가 너무 인상적이었던 영화...굳이 베트남전이 아니라도..인생을 평범하게 산다는 그 자체가..정말 행복한 인생인거다.",
    "date": "14.06.08",
    "rating": "10",
    "author": "rezz****",
    "review_id": "8810921",
    "movie_id": "10128"
  },
  {
    "review": "여러번  봤지만 어렸을때는 그저 음울했고 지금은 참 대단하고...가장 깊은 곳을 찔리는 느낌!!놀랍다",
    "date": "14.06.08",
    "rating": "10",
    "author": "yjli****",
    "review_id": "8810919",
    "movie_id": "10128"
  },
  {
    "review": "이제야 봤어요....ㅠㅠ아.   먹먹해요 그냥..어떻게 영화를 이렇게 만들수 있지..",
    "date": "14.06.08",
    "rating": "10",
    "author": "ahdk****",
    "review_id": "8810905",
    "movie_id": "10128"
  },
  {
    "review": "클래식명작,  드니로 메릴, 우정",
    "date": "14.06.08",
    "rating": "10",
    "author": "m2np****",
    "review_id": "8810896",
    "movie_id": "10128"
  },
  {
    "review": "남자,인생,전쟁의아픔,친구 모든게 있다 이시대에 이런작품이...친구가생각나는 영화",
    "date": "14.06.08",
    "rating": "10",
    "author": "s690****",
    "review_id": "8810874",
    "movie_id": "10128"
  },
  {
    "review": "내가 지인들과 지금 당장 참전한다 했을 때, 이후의 상황이 저들보다 더 희망적이다 그 누가 장담할 수 있나. 이 영화는 그 후 누구에게라도 닥칠 법한 비극을 사실적으로 잘 담아낸 명작이다.",
    "date": "14.06.08",
    "rating": "9",
    "author": "time****",
    "review_id": "8810869",
    "movie_id": "10128"
  },
  {
    "review": "최고의 명작중 하나!!!",
    "date": "14.06.08",
    "rating": "10",
    "author": "jule****",
    "review_id": "8810782",
    "movie_id": "10128"
  },
  {
    "review": "90년대 심야 라디오 영화음악에서 자주 음악만 듣다가 20년 넘어서 ebs에서 영화로 보니 이런저런 추억도 생각나고... 아날로그 감성이 묻어나는 수작!!!",
    "date": "14.06.08",
    "rating": "10",
    "author": "syhj****",
    "review_id": "8810759",
    "movie_id": "10128"
  },
  {
    "review": "믿고보는 EBS 영화 d",
    "date": "14.06.08",
    "rating": "10",
    "author": "orin****",
    "review_id": "8810598",
    "movie_id": "10128"
  },
  {
    "review": "두려움의 극한을 보여주는 영화.",
    "date": "14.06.08",
    "rating": "9",
    "author": "shka****",
    "review_id": "8810508",
    "movie_id": "10128"
  },
  {
    "review": "요즘은 이런 예술이 곁들여진 명화를 안 만드는지 못 만드는지 안타까움과 아쉽네 예전의 영화들이 좋았어 로만 폴란스키 감독의 테스도 진짜 내가 좋아하는 영화인데이글을 보시는분들도 한번  보시길 권합니다 토마스 하디원작 나스타샤 킨스키의 데뷔작 입니다♥",
    "date": "14.06.08",
    "rating": "9",
    "author": "winn****",
    "review_id": "8810316",
    "movie_id": "10128"
  },
  {
    "review": "1986년 고등학교 1학년,  중간고사가 끝나고 학교 강당에서 단체관람을 했다.그때는 이 영화가 그렇게 유명한 영화인지도 몰랐고.  로버트 드니로, 메릴 스트립도 몰랐다.   오늘 EBS 에서 거의 30년만에 이 영화를 다시 본다.",
    "date": "14.06.07",
    "rating": "10",
    "author": "free****",
    "review_id": "8810211",
    "movie_id": "10128"
  },
  {
    "review": "뭐라해야할지... 모르겠다. 보고 느껴라!",
    "date": "14.05.02",
    "rating": "10",
    "author": "scar****",
    "review_id": "8694495",
    "movie_id": "10128"
  },
  {
    "review": "유명한 영화라서 한 번 볼랬는데 도저히 못 보겠다. 영화 시작 한 시간이 지나서야 전쟁장면 조금 나오고 그냥 그게 다네. 왜 유명한 영화가 됐는지 이해   불가다..",
    "date": "14.04.29",
    "rating": "2",
    "author": "hiha****",
    "review_id": "8681694",
    "movie_id": "10128"
  },
  {
    "review": "너무 잔잔해서 그렇지 , 좋은영화",
    "date": "14.03.15",
    "rating": "10",
    "author": "star****",
    "review_id": "8576688",
    "movie_id": "10128"
  },
  {
    "review": "전쟁의 비극보단 진정한  우정에 관한 영화로 가슴속에 새겨진 명작~! 보고또봐도 토달 수 없는 명연기 명연출~!...그리고 머릿속에 계속 맴도는 음악...",
    "date": "14.01.20",
    "rating": "9",
    "author": "shut****",
    "review_id": "8404581",
    "movie_id": "10128"
  },
  {
    "review": "영화가 참 신경질적이라는 느낌을 받았던 영화 15년전쯤 이 영화를 봤을때때 러시아 룰렛과 카바티나 음악이 기억에 남았는데 다시 보니 영화 속에서 온도차가 극명한거 같다..치미노는 명감독임에 틀림없다",
    "date": "13.12.29",
    "rating": "8",
    "author": "thra****",
    "review_id": "8321226",
    "movie_id": "10128"
  },
  {
    "review": "초반이 쓸데없이 길다. 당시엔 엄청난 영화였을지 모르겠으나 기대이하다. 명성에 못 미친다. 전쟁이 인간성을 어떻게 말살시키는지 이야기하는 것은 좋으나 러시안룰렛은 쓸데없이 자극적이어 불편하다.",
    "date": "13.12.28",
    "rating": "7",
    "author": "abyo****",
    "review_id": "8314604",
    "movie_id": "10128"
  },
  {
    "review": "집중하기에는 너무 긴 영화에대 담는 메시지가 너무 많아서 난해하고 지루한 듯 하지만 그만큼 볼 가치는 있는 영화",
    "date": "13.11.09",
    "rating": "9",
    "author": "lyoe****",
    "review_id": "8127138",
    "movie_id": "10128"
  },
  {
    "review": "최고라 하기엔  단점이 많은 영화. 메세지가 너무 분산되있다. 전쟁으로 인한 정신적 고통  그리고 우정, 고향에 대한 향수. 이 모든것을 느끼기에 영화의 연출력이 부족하고 잔가지가 많다. 물론 명배우들의 연기 나 러시안룰렛의 긴장감등 장점도 많은 영화",
    "date": "13.10.17",
    "rating": "7",
    "author": "jys4****",
    "review_id": "8065342",
    "movie_id": "10128"
  },
  {
    "review": "파견 후 복귀해서 드리로와 메릴의 짧은 포옹은 지금도 잊을 수 없는 말로 표현 못할 명장면이다.",
    "date": "13.10.06",
    "rating": "10",
    "author": "simj****",
    "review_id": "8039642",
    "movie_id": "10128"
  },
  {
    "review": "사운드 트랙 잔잔하고 좋다",
    "date": "13.09.27",
    "rating": "10",
    "author": "mara****",
    "review_id": "8017807",
    "movie_id": "10128"
  },
  {
    "review": "전쟁으로 인해 사람이 정신적으로 얼마나 피폐해지는지. 전쟁영웅 대접은 커녕 쓸쓸한 마을 분위기, 영 좋지 않은 말로로 죽은 친구들. 엔딩까지 씁쓸한 영화였지만 이 말고도 많은 교훈이 숨어있는 걸작.",
    "date": "13.09.20",
    "rating": "10",
    "author": "rlad****",
    "review_id": "8001533",
    "movie_id": "10128"
  },
  {
    "review": "요즘도 이만한 영화 없죠. 탄탄한 스토리와 감동, OST까지..",
    "date": "13.09.11",
    "rating": "10",
    "author": "ch20****",
    "review_id": "7967050",
    "movie_id": "10128"
  },
  {
    "review": "잔잔한 여운,음악 그리고 러시안 룰렛의 짜릿함 이것들이 돋보이나.연출은 너무나도 아쉽.쓸데없는 장면과 서론이 너무길다.하지만,로버트 드니로의 명연기 와 조연들의 호연들은 정말 빠져든다..메릴스트립은 너무나도 사랑스럽고..연출만 좋았더라면 최고작인데.",
    "date": "13.08.01",
    "rating": "7",
    "author": "chjy****",
    "review_id": "7814189",
    "movie_id": "10128"
  },
  {
    "review": "내가 봤던 드니로 영화중 최고!!",
    "date": "13.06.26",
    "rating": "10",
    "author": "dprt****",
    "review_id": "7682427",
    "movie_id": "10128"
  },
  {
    "review": "뭐..특별한 말이 필요한 영화인가..? 그냥 명작.....러시안 룰렛 장면은 두고두고 회자되는 명장면중 하나이고......너무나 강렬한 장면이기에 이 영화를 안봤거나 모르는 나이대의 사람들도 지나가다가도 어디선가 한번은 봤을듯...",
    "date": "13.06.17",
    "rating": "10",
    "author": "ruin****",
    "review_id": "7650395",
    "movie_id": "10128"
  },
  {
    "review": "반전영화라면 월남전 개입 원인부터 짚었어야 했다. 하긴 7년 후 '람보2', 그리고 최근에도 '300'이란 영화로 극우적 오리엔탈리즘을 아무렇지도 않게 표명하는 나라이니.. 룰렛은 김기덕 만큼 불편하나, 결혼식의 러시안 민속음악은 흥겹다.",
    "date": "13.06.06",
    "rating": "6",
    "author": "acin****",
    "review_id": "7599368",
    "movie_id": "10128"
  },
  {
    "review": "내 인생 최고의영화.. 닉의 마지막 장면에서 그의 눈빛과 마지막으로 말했던One Shot (한방) 은 절대 잊지못할것이다..",
    "date": "13.05.26",
    "rating": "10",
    "author": "venk****",
    "review_id": "7555350",
    "movie_id": "10128"
  },
  {
    "review": "대단하구만",
    "date": "13.05.07",
    "rating": "10",
    "author": "azam****",
    "review_id": "7514351",
    "movie_id": "10128"
  },
  {
    "review": "대부에서 알파치노를 배신한 형 프레도역을 맡았던 존 카제일이 이 영화 촬영중에 암으로 사망했군요. 이 영화속 존 카제일의 모습은 모두 투병중의 모습인 셈입니다. 감회가 새롭군요.",
    "date": "13.04.29",
    "rating": "9",
    "author": "japa****",
    "review_id": "7494523",
    "movie_id": "10128"
  },
  {
    "review": "오랜만에 다시 보고 들어왔는데, 평점 9점이 안되는 거 보고 깜놀,",
    "date": "13.04.28",
    "rating": "10",
    "author": "zzdl****",
    "review_id": "7489720",
    "movie_id": "10128"
  },
  {
    "review": "연기력 최고. 작품성 최고.",
    "date": "13.04.21",
    "rating": "10",
    "author": "lsh5****",
    "review_id": "7472964",
    "movie_id": "10128"
  },
  {
    "review": "로버트드니로, 러시안룰렛, cavatina, can't take my eyes of you",
    "date": "13.04.20",
    "rating": "10",
    "author": "pipe****",
    "review_id": "7470114",
    "movie_id": "10128"
  },
  {
    "review": "[아카데미]1978년51회 작품,남우조연,감독 3개부문수상작.전쟁영화라기보다는월남전이배경이지만미국본국과포로였을때가위주로나온다.전쟁이인간을얼마나파괴시키며무의미한지를알려준다.영화속에러시안룰렛이란게임이나오는데그게임이자극적인모방심리를부추겨많은젊은이가죽었다.",
    "date": "13.03.23",
    "rating": "7",
    "author": "new7****",
    "review_id": "7403002",
    "movie_id": "10128"
  },
  {
    "review": "당대로선 명작이라고들 하나, 2013년의 관점으론 메시자가 설득력있게 와닿지 않는다.",
    "date": "13.03.09",
    "rating": "7",
    "author": "life****",
    "review_id": "7334399",
    "movie_id": "10128"
  },
  {
    "review": "OST가 너무 좋아 영화 정보 찾아봤네요.꼭 봐야지~",
    "date": "13.02.01",
    "rating": "9",
    "author": "pink****",
    "review_id": "7209850",
    "movie_id": "10128"
  },
  {
    "review": "초호화배역에 미칠듯한 연기 ! 어린시절보고 나중에 다시보았을때 그 여운이 정말 오래오래 남았던 걸작중에 하나.. 런닝타임이 긴게 조금 단점으로 남을수 있지만 영화가 나온 시기를 생각해보라 당대 걸작이라 부르지 않을수없다.",
    "date": "13.01.21",
    "rating": "10",
    "author": "hein****",
    "review_id": "7140312",
    "movie_id": "10128"
  },
  {
    "review": "러시안 룰렛... 카바티나.. 로버트 드니로..",
    "date": "13.01.05",
    "rating": "10",
    "author": "madm****",
    "review_id": "7083107",
    "movie_id": "10128"
  },
  {
    "review": "모든면에서 감동하지 않을 수 없다. 3시간동안 충분한 고뇌와 갈등 거기에 전쟁반대라는 주제를 내포하고 있는 이 영화는 70년대 명작에 없어서는 안될 영화. 참고로 이 영화의 러시안 룰렛은 콜오브듀티를 비롯한 여러 영화나 게임 등에서 패러디되었다",
    "date": "12.12.14",
    "rating": "10",
    "author": "pks7****",
    "review_id": "7001438",
    "movie_id": "10128"
  },
  {
    "review": "정말 매력적인 영화. 심오한 메세지. 로버트 드니로의 미친 연기!",
    "date": "12.11.13",
    "rating": "10",
    "author": "meth****",
    "review_id": "6884646",
    "movie_id": "10128"
  },
  {
    "review": "초반 동네친구들간의 아담한 우정. 중반 월남전투입 스팩타클. 후반 변화된 상황에 괴로워하는 각자의 삶.  러닝타임이 다소 긴 느낌빼고는 완벽한 영화, 크리스토퍼 월킨연기가 인상적.  이영화이후 치미노감독 차기작은 완전 말아먹음.",
    "date": "12.10.15",
    "rating": "10",
    "author": "blue****",
    "review_id": "6803266",
    "movie_id": "10128"
  },
  {
    "review": "3시간 동안 날 사로잡았다",
    "date": "12.10.02",
    "rating": "10",
    "author": "hsmi****",
    "review_id": "6753361",
    "movie_id": "10128"
  },
  {
    "review": "지루한듯 하면서도 빠져드는 묘한 매력이 있는 영화",
    "date": "12.09.02",
    "rating": "8",
    "author": "kngc****",
    "review_id": "6663960",
    "movie_id": "10128"
  },
  {
    "review": "방아쇠를 서서히 잡아당기면서 ...찌푸려지는 미간과 떨리는  모든 얼굴근육들과....",
    "date": "12.08.15",
    "rating": "9",
    "author": "seyu****",
    "review_id": "6607939",
    "movie_id": "10128"
  },
  {
    "review": "가슴이 먹먹하다. 실존했던 수많은 닉과 마이클을 대변하는 영화.",
    "date": "12.05.03",
    "rating": "9",
    "author": "jjda****",
    "review_id": "6266797",
    "movie_id": "10128"
  },
  {
    "review": "아!  그 유명한 러시안 룰렛 신!!",
    "date": "12.03.15",
    "rating": "10",
    "author": "pete****",
    "review_id": "6146254",
    "movie_id": "10128"
  },
  {
    "review": "한 방!",
    "date": "12.02.11",
    "rating": "8",
    "author": "dbzh****",
    "review_id": "6068237",
    "movie_id": "10128"
  },
  {
    "review": "오랜만에 Blue Ray로 다시 한번 봤는데 딱 치미노영화 같다. 군더기가 많은 연출",
    "date": "12.01.13",
    "rating": "7",
    "author": "maiu****",
    "review_id": "5982024",
    "movie_id": "10128"
  },
  {
    "review": "전쟁. 그것은 국가가 선포한 마약",
    "date": "11.12.31",
    "rating": "7",
    "author": "rd72****",
    "review_id": "5950994",
    "movie_id": "10128"
  },
  {
    "review": "전쟁영화라고 단정 지을수 있는 영화는 아니지만 그래도 이 정도면 월남전 명작중하나",
    "date": "11.11.30",
    "rating": "9",
    "author": "figh****",
    "review_id": "5878786",
    "movie_id": "10128"
  },
  {
    "review": "쓸데없는장면이너무많고 편집연출력의아쉬움 모든걸떠안고가는마이클만불쌍",
    "date": "11.11.07",
    "rating": "7",
    "author": "jdru****",
    "review_id": "5833951",
    "movie_id": "10128"
  },
  {
    "review": "내 인생 최고의 영화 로버트 드니로에게 경의를 표합니다.",
    "date": "11.10.02",
    "rating": "10",
    "author": "spin****",
    "review_id": "5766514",
    "movie_id": "10128"
  },
  {
    "review": "초반은 좀 지루하지만 그래도 친구들의 우정을 느낄 수 있는 좋은 영화",
    "date": "11.09.15",
    "rating": "7",
    "author": "pyg2****",
    "review_id": "5732954",
    "movie_id": "10128"
  },
  {
    "review": "Cavatina..",
    "date": "11.09.13",
    "rating": "8",
    "author": "tbvj****",
    "review_id": "5729373",
    "movie_id": "10128"
  },
  {
    "review": "영화를 본 후 꿈에서 러시안룰렛을 햇고 나는 죽었다. 그리고 깨어났다.",
    "date": "11.08.19",
    "rating": "8",
    "author": "jude****",
    "review_id": "5668228",
    "movie_id": "10128"
  },
  {
    "review": "전쟁의참혹함,전쟁으로 인한 인간의 파멸,이에 대한 환멸감을 모조리 느낄수 있다.",
    "date": "11.07.29",
    "rating": "10",
    "author": "lead****",
    "review_id": "5578812",
    "movie_id": "10128"
  },
  {
    "review": "배트남전쟁으로 인해 희생된 사람들 그리고 친구 가족들의 마음을 느낄수 있었다.",
    "date": "11.07.15",
    "rating": "10",
    "author": "naru****",
    "review_id": "5545604",
    "movie_id": "10128"
  },
  {
    "review": "3시간중 30%는 술먹고 20%는 결혼하고 1% 고뇌하는 영화.",
    "date": "11.07.07",
    "rating": "2",
    "author": "soob****",
    "review_id": "5527330",
    "movie_id": "10128"
  },
  {
    "review": "인간이란 .. 애초에 .. 무지한 존재이다.깨달은 자가 절실하다.너무 젊음을 낭비한다.",
    "date": "11.02.02",
    "rating": "10",
    "author": "vedd****",
    "review_id": "5208708",
    "movie_id": "10128"
  },
  {
    "review": "부족함 없는 영화다..메시지도 감동적",
    "date": "11.01.18",
    "rating": "10",
    "author": "mais****",
    "review_id": "5166625",
    "movie_id": "10128"
  },
  {
    "review": "전쟁의 후휴증이 얼마나 큰 상처라는걸 느끼게 해준 영화",
    "date": "10.12.19",
    "rating": "8",
    "author": "ehki****",
    "review_id": "5066112",
    "movie_id": "10128"
  },
  {
    "review": "슬픔을 넘어선 어떤 느낌..",
    "date": "10.12.04",
    "rating": "10",
    "author": "pata****",
    "review_id": "5021629",
    "movie_id": "10128"
  },
  {
    "review": "이수작의 평점이 이것밖에 안되다니...ㅠㅜ",
    "date": "10.10.04",
    "rating": "10",
    "author": "yjl6****",
    "review_id": "4883737",
    "movie_id": "10128"
  },
  {
    "review": "20살때 비디오로 빌렸는데 두번 연속보고 나니 날이 밝아오더라는.. 진정 명품..",
    "date": "10.09.16",
    "rating": "10",
    "author": "dime****",
    "review_id": "4838383",
    "movie_id": "10128"
  },
  {
    "review": "걸작 배트남 전쟁반대 영화들에 시작을 알린 작품",
    "date": "10.09.11",
    "rating": "10",
    "author": "csw8****",
    "review_id": "4828562",
    "movie_id": "10128"
  },
  {
    "review": "Very good!",
    "date": "10.07.25",
    "rating": "9",
    "author": "nost****",
    "review_id": "4668458",
    "movie_id": "10128"
  },
  {
    "review": "개인적 평가는 호불호가 갈리겠지만 이 영화가 희대의 걸작이라는 건 누구도 부정못함",
    "date": "10.06.28",
    "rating": "10",
    "author": "fifa****",
    "review_id": "4596249",
    "movie_id": "10128"
  },
  {
    "review": "러시안룰렛이라는 소재와 결말에만 집중해 지루한 전개는 대충 끼워놓은 듯 빈약하다",
    "date": "10.06.20",
    "rating": "6",
    "author": "coco****",
    "review_id": "4578104",
    "movie_id": "10128"
  },
  {
    "review": "살짝 아쉬운 점들이 있으나 그래도 명작.",
    "date": "10.06.09",
    "rating": "10",
    "author": "yoon****",
    "review_id": "4554440",
    "movie_id": "10128"
  },
  {
    "review": "He was beautiful... beatutiful to eyes me...   cavatina처럼 슬픈 영화",
    "date": "10.05.19",
    "rating": "10",
    "author": "cata****",
    "review_id": "4510163",
    "movie_id": "10128"
  },
  {
    "review": "봐도 봐도 가슴이 답답하다.너무 답답하다..그시절에 살다간 사람들이 너무 안타깝다",
    "date": "10.05.10",
    "rating": "10",
    "author": "boon****",
    "review_id": "4490852",
    "movie_id": "10128"
  },
  {
    "review": "베트남 전쟁에 대한 짧은 감상.",
    "date": "10.05.02",
    "rating": "3",
    "author": "caca****",
    "review_id": "4472736",
    "movie_id": "10128"
  },
  {
    "review": "최고의영화 끝까지본다면 왜 이영화가 아카데미상을 탔는지 알게될것이다.",
    "date": "10.04.17",
    "rating": "10",
    "author": "unre****",
    "review_id": "4437723",
    "movie_id": "10128"
  },
  {
    "review": "전쟁은 누구에게나 깊은 상처를 남긴다. 초반3/1을 견디면 멋진 영화를 만날 수 있다.",
    "date": "10.03.27",
    "rating": "8",
    "author": "kuic****",
    "review_id": "4391135",
    "movie_id": "10128"
  }
]