[
  {
    "review_id": "10273526",
    "movie_id": "101236",
    "author": "prs7****",
    "review": "사기와 로맨스  그리고 반전이 절묘하다!!!",
    "rating": "9",
    "date": "15.08.25"
  },
  {
    "review_id": "10255774",
    "movie_id": "101236",
    "author": "fj11****",
    "review": "내스탈아님 여튼 여주이쁘심",
    "rating": "7",
    "date": "15.08.20"
  },
  {
    "review_id": "10252080",
    "movie_id": "101236",
    "author": "srid****",
    "review": "그럭저럭 볼만하네용.",
    "rating": "8",
    "date": "15.08.19"
  },
  {
    "review_id": "10247165",
    "movie_id": "101236",
    "author": "kowi****",
    "review": "작명 그대로다. 포커스를 못맞추고 보면 내용이 어불성설 수준으로 우기는것같은데, 초점 잘 맞추고 보면 웰메이드 무비임..ㅇㅇ",
    "rating": "8",
    "date": "15.08.17"
  },
  {
    "review_id": "10230903",
    "movie_id": "101236",
    "author": "pass****",
    "review": "기대하지 않았는데, 좋다~",
    "rating": "10",
    "date": "15.08.14"
  },
  {
    "review_id": "10221448",
    "movie_id": "101236",
    "author": "yoon****",
    "review": "오락영화로서는 좋습니다.",
    "rating": "10",
    "date": "15.08.12"
  },
  {
    "review_id": "10187948",
    "movie_id": "101236",
    "author": "rion****",
    "review": "그냥 관객속이기가 주 목적이라 스토리의 개연성따윈 개나 준 영화...6점",
    "rating": "6",
    "date": "15.08.05"
  },
  {
    "review_id": "10187235",
    "movie_id": "101236",
    "author": "byun****",
    "review": "소매치기하는 장면 완전재밌다 마지막에 반전이 진짜 지렸음",
    "rating": "10",
    "date": "15.08.05"
  },
  {
    "review_id": "10186183",
    "movie_id": "101236",
    "author": "hwhe****",
    "review": "이영화 맘에든다. 진짜 속이고속이고 ㅋㅋㅋ짱잼",
    "rating": "10",
    "date": "15.08.05"
  },
  {
    "review_id": "10182262",
    "movie_id": "101236",
    "author": "drea****",
    "review": "역시 윌스미스는 영화를 잘 고른다. 기분 좋은 영화다. ㅋㅋ",
    "rating": "8",
    "date": "15.08.04"
  },
  {
    "review_id": "10174621",
    "movie_id": "101236",
    "author": "mete****",
    "review": "재밌게 봤다. 수어사이드 스쿼드에서 다시 만나게 될 두 배우가 기대된다.",
    "rating": "8",
    "date": "15.08.02"
  },
  {
    "review_id": "10164557",
    "movie_id": "101236",
    "author": "rode****",
    "review": "기대이하. 허무하게 끝나버린 아쉬운 영화",
    "rating": "7",
    "date": "15.07.31"
  },
  {
    "review_id": "10150762",
    "movie_id": "101236",
    "author": "wjsr****",
    "review": "100여분은 집중해서 봤는데 다 보고 나니 뭔가 싱겁고 허전한 감정이... 큼지막한 솜사탕을 먹은 기분",
    "rating": "6",
    "date": "15.07.27"
  },
  {
    "review_id": "10133319",
    "movie_id": "101236",
    "author": "koko****",
    "review": "개연성은 없으나 재미는 있다. 영화를 보는 동안 의심을 계속해야만 한다.",
    "rating": "8",
    "date": "15.07.23"
  },
  {
    "review_id": "10129978",
    "movie_id": "101236",
    "author": "nssy****",
    "review": "뭐 윌스미스와 매력적인 여배우가 살짝 아까운 영화네요",
    "rating": "6",
    "date": "15.07.22"
  },
  {
    "review_id": "10118653",
    "movie_id": "101236",
    "author": "uk_k****",
    "review": "여자가 이쁘면 머하냐... 스토리 전개가 아주 병맛",
    "rating": "2",
    "date": "15.07.19"
  },
  {
    "review_id": "10112607",
    "movie_id": "101236",
    "author": "byz0****",
    "review": "윌 스미스는 늙지않네요~",
    "rating": "6",
    "date": "15.07.17"
  },
  {
    "review_id": "10110953",
    "movie_id": "101236",
    "author": "wldb****",
    "review": "마고 로비에 포커스! ㅋㅋㅋ",
    "rating": "8",
    "date": "15.07.16"
  },
  {
    "review_id": "10103192",
    "movie_id": "101236",
    "author": "mado****",
    "review": "멜로영화(?)로써의 매력은 좀 떨어진다.",
    "rating": "6",
    "date": "15.07.14"
  },
  {
    "review_id": "10102888",
    "movie_id": "101236",
    "author": "di99****",
    "review": "진짜 재밌다. 역시 윌스미스",
    "rating": "10",
    "date": "15.07.14"
  },
  {
    "review_id": "10094863",
    "movie_id": "101236",
    "author": "jinl****",
    "review": "마고 너무 이쁘네.. ㅋ평점 왜이래 8점대는 충분한 영화구먼;; 재밌게 잘봤네 ㅎㅎ영화관서 봤어도 괜찮았을뻔",
    "rating": "8",
    "date": "15.07.12"
  },
  {
    "review_id": "10089803",
    "movie_id": "101236",
    "author": "love****",
    "review": "생각외로 재밌었다. 깐깐하게 노려보고, 마치 평론가라도 되는냥 흘겨보는 내가, 그런 내가 완성도 개연성 안 따지고 그냥 봤다. 시간가는 줄 모르고 재밌게 몰입해서 봤단 말이다. 그건 다 여주가 매력적이기 때문. 내가 한심하다 ㅋㅋ",
    "rating": "7",
    "date": "15.07.11"
  },
  {
    "review_id": "10088243",
    "movie_id": "101236",
    "author": "haec****",
    "review": "주인공만보다 끝난영화네요",
    "rating": "7",
    "date": "15.07.10"
  },
  {
    "review_id": "10086655",
    "movie_id": "101236",
    "author": "elto****",
    "review": "중간중간 기발한 장면이 나오긴한데 오래보긴 함든영화",
    "rating": "1",
    "date": "15.07.10"
  },
  {
    "review_id": "10084888",
    "movie_id": "101236",
    "author": "taeh****",
    "review": "가볍게 볼만한디 그냥ㅇㅇㅇ",
    "rating": "7",
    "date": "15.07.09"
  },
  {
    "review_id": "10079556",
    "movie_id": "101236",
    "author": "ssad****",
    "review": "헬기타고 저녁 식사하러 간다는 윌스미스 부럽당!ㅜ",
    "rating": "10",
    "date": "15.07.08"
  },
  {
    "review_id": "10078944",
    "movie_id": "101236",
    "author": "78jg****",
    "review": "재밌네. 그래도 사기, 절도는 안돼,",
    "rating": "7",
    "date": "15.07.07"
  },
  {
    "review_id": "10073983",
    "movie_id": "101236",
    "author": "rock****",
    "review": "근래에 본 가장 허접한 영화.",
    "rating": "3",
    "date": "15.07.05"
  },
  {
    "review_id": "10063578",
    "movie_id": "101236",
    "author": "nasu****",
    "review": "예고편을어쩜저리재미없게만들었을까이런영화너무조아 여주매력터지네요가볍게보기좋았어요 굿",
    "rating": "10",
    "date": "15.07.03"
  },
  {
    "review_id": "10059778",
    "movie_id": "101236",
    "author": "ssar****",
    "review": "괜찮은 영화~ 재밌게 봤습니다",
    "rating": "8",
    "date": "15.07.02"
  },
  {
    "review_id": "10058316",
    "movie_id": "101236",
    "author": "pos1****",
    "review": "소재도 좋고 연출도  좋게 느껴졌음.",
    "rating": "8",
    "date": "15.07.01"
  },
  {
    "review_id": "10056576",
    "movie_id": "101236",
    "author": "rntj****",
    "review": "사기를 바탕에둔 로맨스. 개연성을 두기엔 스토리가 약간 부실한 감이 없잖아 있었지만 결과적인 입장으로 본다면 사기꾼은 다 고놈이 고놈이다 라는 느낌이랄까.ㅋㅋㅋ",
    "rating": "8",
    "date": "15.06.30"
  },
  {
    "review_id": "10053882",
    "movie_id": "101236",
    "author": "lgic****",
    "review": "반전에 반전이 있지만 해피엔딩에 여주인공이 예뻐서 좋다",
    "rating": "6",
    "date": "15.06.29"
  },
  {
    "review_id": "10053662",
    "movie_id": "101236",
    "author": "sinb****",
    "review": "잔기술만 있고 영혼이 없는 뭐 그런 느낌 이랄까..",
    "rating": "6",
    "date": "15.06.29"
  },
  {
    "review_id": "10052489",
    "movie_id": "101236",
    "author": "manm****",
    "review": "영화를 보는 내내 사기당하는 느낌! 하지만 기분은 좋다 재밌다!",
    "rating": "9",
    "date": "15.06.29"
  },
  {
    "review_id": "10045747",
    "movie_id": "101236",
    "author": "maxi****",
    "review": "어딜가나 소매치기 조심하자.. 그생각뿐... 여가 가슴 너무 없다... -_-;; 갑자기 레이싱에 뜬금포..",
    "rating": "6",
    "date": "15.06.28"
  },
  {
    "review_id": "10043171",
    "movie_id": "101236",
    "author": "mcma****",
    "review": "윌스미스가 젊어보이고  여주가 나이좀  있어보여서  그렇지.둘이 22살 차이남-0-;;;",
    "rating": "7",
    "date": "15.06.27"
  },
  {
    "review_id": "10037358",
    "movie_id": "101236",
    "author": "make****",
    "review": "신선하지 않은 소재를 구성으로 돌려막아낸 위트 넘치는 캐릭터들의 향연.  대중들에게 7점 받기가 매우 적절한 헐리우드식 짬뽕. 영화가 끝나고 인상적인 장면이 남지 않는다는게 함정이지만 굳이 끄집어낸다면 파하드의 매력적인 섹드립 남발정도가 되지 않을까?",
    "rating": "7",
    "date": "15.06.26"
  },
  {
    "review_id": "10033784",
    "movie_id": "101236",
    "author": "sim8****",
    "review": "6점정도. 킬링타임용.",
    "rating": "6",
    "date": "15.06.25"
  },
  {
    "review_id": "10031886",
    "movie_id": "101236",
    "author": "flyk****",
    "review": "평이 별로라 기대안했는데 뭐야 , 재미만 있네. 여주가 이쁘니 영화가 확 사는 느낌. 몰입도 좋고 마고 로비 진짜 굿이다.",
    "rating": "9",
    "date": "15.06.25"
  },
  {
    "review_id": "10029837",
    "movie_id": "101236",
    "author": "enia****",
    "review": "나름괸찮은 영화 볼만해요",
    "rating": "8",
    "date": "15.06.24"
  },
  {
    "review_id": "10024128",
    "movie_id": "101236",
    "author": "yks_****",
    "review": "중반까진 최고 그이후엔 무난",
    "rating": "7",
    "date": "15.06.23"
  },
  {
    "review_id": "10022727",
    "movie_id": "101236",
    "author": "cool****",
    "review": "난 전혀 지루하지 않고 진심 괜찮게 봤는데 평이 안좋네. 출연 배우중에 누가 망언이라도 했나?",
    "rating": "9",
    "date": "15.06.22"
  },
  {
    "review_id": "10021486",
    "movie_id": "101236",
    "author": "wywd****",
    "review": "마고 로비 핫섹시! 훔치는 장면들도 재밌게 나오고.. 연애 비중이 높은 편이긴 했지만 전체적으로 가벼운 분위기라 별로 짜증이 안남..",
    "rating": "8",
    "date": "15.06.22"
  },
  {
    "review_id": "10021197",
    "movie_id": "101236",
    "author": "yea_****",
    "review": "몰입도짱 시간이어떻게가는지모르고재밌게봤네요 영화보는동안 의심을멈출수가없었는데..근데 왜다들재미없다고쓴거지..",
    "rating": "10",
    "date": "15.06.22"
  },
  {
    "review_id": "10021124",
    "movie_id": "101236",
    "author": "kyo1****",
    "review": "기대를 너무 많이 한듯...",
    "rating": "3",
    "date": "15.06.22"
  },
  {
    "review_id": "10018987",
    "movie_id": "101236",
    "author": "alwl****",
    "review": "재미있다 너무 재미있다",
    "rating": "9",
    "date": "15.06.21"
  },
  {
    "review_id": "10017983",
    "movie_id": "101236",
    "author": "jjis****",
    "review": "평범  평타  평작 그저 그럼",
    "rating": "6",
    "date": "15.06.21"
  },
  {
    "review_id": "10017934",
    "movie_id": "101236",
    "author": "oojj****",
    "review": "액션도 아닌 멜로영화일뿐. 소재치기를 소재로 재미난 영화인 줄... 왠 로맨스 영화. 속았다.",
    "rating": "4",
    "date": "15.06.21"
  },
  {
    "review_id": "10017613",
    "movie_id": "101236",
    "author": "vasc****",
    "review": "마고로비에 반했다. 매력 그 자체",
    "rating": "8",
    "date": "15.06.21"
  },
  {
    "review_id": "10017356",
    "movie_id": "101236",
    "author": "kwp2****",
    "review": "이런거 안남기는데 솔직히 억지가 너무 심했다. 여자친구랑 다투고 할거없어서 봤는데도 재미없었네",
    "rating": "1",
    "date": "15.06.21"
  },
  {
    "review_id": "10017227",
    "movie_id": "101236",
    "author": "zxc1****",
    "review": "윌 스미스와 마고 로비는 매력적인 커플이고 유쾌한 연기를 펼친다. 극의 진행과 전개는 빨라 지루하진 않지만, 자잘한 반전들에 비해 전체적인 스토리는 그리 흥미롭지 않다.",
    "rating": "5",
    "date": "15.06.21"
  },
  {
    "review_id": "10016616",
    "movie_id": "101236",
    "author": "dbzh****",
    "review": "왜 갑자기 여자를 저렇게 사랑하는건데...?",
    "rating": "4",
    "date": "15.06.20"
  },
  {
    "review_id": "10015104",
    "movie_id": "101236",
    "author": "tlrk****",
    "review": "나름 유쾌하면서 볼만했음 의외로",
    "rating": "8",
    "date": "15.06.20"
  },
  {
    "review_id": "10014251",
    "movie_id": "101236",
    "author": "hayu****",
    "review": "알바중에압권은 야동,섹스신이란말 ㅋㅋㅋㅋ 저게야동이면 간신,후궁,방자전등 은 포르노냐??? 볼만하다. 허접하지않다뻔한스토리라도 어떻게 연출하냐의 차이일뿐..평론가들 나셨네",
    "rating": "8",
    "date": "15.06.20"
  },
  {
    "review_id": "10014008",
    "movie_id": "101236",
    "author": "vm4e****",
    "review": "분명 사기에 관한 영화인데 왜이리 지루한 것인가..",
    "rating": "4",
    "date": "15.06.20"
  },
  {
    "review_id": "10012060",
    "movie_id": "101236",
    "author": "deja****",
    "review": "별기대안하고 봤는데 스토리도 좋고 윌스미스 역시 연기 잘하고 재밌게 봤네요~",
    "rating": "10",
    "date": "15.06.19"
  },
  {
    "review_id": "10010616",
    "movie_id": "101236",
    "author": "rlxo****",
    "review": "사쿠라가 너무 과하구만",
    "rating": "8",
    "date": "15.06.19"
  },
  {
    "review_id": "10009208",
    "movie_id": "101236",
    "author": "cs79****",
    "review": "우리나라 요즘 쓰레기같은 영화들에비하면 주옥같은 영화일세",
    "rating": "10",
    "date": "15.06.18"
  },
  {
    "review_id": "10007514",
    "movie_id": "101236",
    "author": "whgk****",
    "review": "정말 오래간만에 너무 재미있는 영화를 봤네요사람마다 다르겠지만 저는 이영화 너무 재미있게봤어요ㅎ",
    "rating": "10",
    "date": "15.06.18"
  },
  {
    "review_id": "10006915",
    "movie_id": "101236",
    "author": "andr****",
    "review": "반전도 그닥.. 시원한 사기 컨셉인데 지루..",
    "rating": "6",
    "date": "15.06.17"
  },
  {
    "review_id": "10005936",
    "movie_id": "101236",
    "author": "wjdw****",
    "review": "기대없이 봤는데 재밌던데?",
    "rating": "9",
    "date": "15.06.17"
  },
  {
    "review_id": "10005901",
    "movie_id": "101236",
    "author": "join****",
    "review": "진심 재미없다 진짜다 진심?",
    "rating": "1",
    "date": "15.06.17"
  },
  {
    "review_id": "10005606",
    "movie_id": "101236",
    "author": "bbq2****",
    "review": "흐리멍텅하지만 목표를 정확히 겨눈 초점",
    "rating": "6",
    "date": "15.06.17"
  },
  {
    "review_id": "10004187",
    "movie_id": "101236",
    "author": "suo9****",
    "review": "너무 낚고 낚아서 낚이다 끝났네",
    "rating": "7",
    "date": "15.06.16"
  },
  {
    "review_id": "10002862",
    "movie_id": "101236",
    "author": "ba35****",
    "review": "재밌는데? 시원시원하고",
    "rating": "10",
    "date": "15.06.15"
  },
  {
    "review_id": "10002717",
    "movie_id": "101236",
    "author": "p75m****",
    "review": "쫄깃하게 쪼는 맛이 있다.",
    "rating": "9",
    "date": "15.06.15"
  },
  {
    "review_id": "10001729",
    "movie_id": "101236",
    "author": "noyt****",
    "review": "영화보고 후기남겨보긴 처음이네요진짜 안보면 후회할뻔 했네요,, 진짜 꼭봣으면 좋겟네요!",
    "rating": "10",
    "date": "15.06.15"
  },
  {
    "review_id": "10001356",
    "movie_id": "101236",
    "author": "tall****",
    "review": "생각보다볼만아버지 모냐",
    "rating": "7",
    "date": "15.06.15"
  },
  {
    "review_id": "10000806",
    "movie_id": "101236",
    "author": "sasc****",
    "review": "생각없이 볼만한 정도의 영화.",
    "rating": "7",
    "date": "15.06.14"
  },
  {
    "review_id": "10000628",
    "movie_id": "101236",
    "author": "ssys****",
    "review": "임팩트는 좀 떨어지지만 괜찮은 작품이다. 궁극의 사기는 목숨을 건 사기! 믿고보는 배우 윌스미스,",
    "rating": "7",
    "date": "15.06.14"
  },
  {
    "review_id": "9998696",
    "movie_id": "101236",
    "author": "jwjw****",
    "review": "1점주는 애들은 알바냐?이정도면 재미지구만 멀더 바라는거냐?영화가 나올때 더 신선하고 더 재미지길 바라는건알겠는데 너무 바라지마라 ㅎㅎ 그럴거면ㄴㅓ네가 영화만들어",
    "rating": "10",
    "date": "15.06.14"
  },
  {
    "review_id": "9998611",
    "movie_id": "101236",
    "author": "nam0****",
    "review": "요즘 들어 별하나 날리면서 영화 꾀나 본것처럼 말하는사람들이 늘어났다 그것도 불법 다운로드해가면서 처보고 진심 그런식으로하면 지가 무슨 평론가라도 된것같은 느낌을 받는지 진짜 역겹다 진심 자기 뇌가 똥통이라고 소리지르는것 같음. 노답 개한민국 미개국민",
    "rating": "10",
    "date": "15.06.14"
  },
  {
    "review_id": "9997915",
    "movie_id": "101236",
    "author": "tori****",
    "review": "매버릭이나 다시 봐야겠다.",
    "rating": "5",
    "date": "15.06.14"
  },
  {
    "review_id": "9996689",
    "movie_id": "101236",
    "author": "papa****",
    "review": "웃기지도 않고 액션도 없고중간중간 불끈불끈 해지는 부분 없었으면 안봤다.여자가 그나마 살린 영화",
    "rating": "6",
    "date": "15.06.13"
  },
  {
    "review_id": "9994968",
    "movie_id": "101236",
    "author": "jm1r****",
    "review": "반전에 반전잼나게 봤음",
    "rating": "9",
    "date": "15.06.13"
  },
  {
    "review_id": "9994450",
    "movie_id": "101236",
    "author": "wind****",
    "review": "케이퍼무비로 보여주는 몇몇의 장면들은 좋았는데 로맨스쪽은 너무 의아할정도로 별로였다. 전체적으로는 평범한 수준이였지만 범죄와 로맨스를 섞는데서 실패해 흡입력이 너무 떨어진다",
    "rating": "6",
    "date": "15.06.12"
  },
  {
    "review_id": "9994226",
    "movie_id": "101236",
    "author": "bles****",
    "review": "우왕좌왕 포커스가 안 맞잖아",
    "rating": "5",
    "date": "15.06.12"
  },
  {
    "review_id": "9992863",
    "movie_id": "101236",
    "author": "yaho****",
    "review": "윌 스미스가 주연을 맡아서인지 그냥 7점 깔고 가는데스토리도 재밌고 여자도 이쁘다",
    "rating": "9",
    "date": "15.06.12"
  },
  {
    "review_id": "9992447",
    "movie_id": "101236",
    "author": "jhnj****",
    "review": "개연성은 좀 떨어지지만 나름 괜찮았는데..",
    "rating": "8",
    "date": "15.06.12"
  },
  {
    "review_id": "9992390",
    "movie_id": "101236",
    "author": "wlwk****",
    "review": "6~7점 정도가 딱 맞을듯.이런 영화볼땐 여러반전을 생각하게되는데,스포같지만.. 난 여자가 외려 윌스미스를 노린  반전을 예상했는데, 중간쯤에 빗나가더라 ㅋ 반전은 한단계 더 나간듯 ㅋ",
    "rating": "7",
    "date": "15.06.12"
  },
  {
    "review_id": "9991906",
    "movie_id": "101236",
    "author": "sort****",
    "review": "평점조작 방지위원회..",
    "rating": "1",
    "date": "15.06.12"
  },
  {
    "review_id": "9991713",
    "movie_id": "101236",
    "author": "wlfa****",
    "review": "유쾌한 맛이 있는 사기극 코미디. 마고 로비를 보는 맛 또한 유쾌하다.",
    "rating": "7",
    "date": "15.06.12"
  },
  {
    "review_id": "9991138",
    "movie_id": "101236",
    "author": "erer****",
    "review": "마약 김밥 먹고 보는 영화",
    "rating": "2",
    "date": "15.06.11"
  },
  {
    "review_id": "9988955",
    "movie_id": "101236",
    "author": "joke****",
    "review": "이 영화 내 취향  저격함~ 베리굿!!!!",
    "rating": "10",
    "date": "15.06.11"
  },
  {
    "review_id": "9988651",
    "movie_id": "101236",
    "author": "wjsf****",
    "review": "그냥 영화 흘러가는 대로 보면 됨",
    "rating": "9",
    "date": "15.06.10"
  },
  {
    "review_id": "9988068",
    "movie_id": "101236",
    "author": "haru****",
    "review": "지루하다.. 뭔가있길바랬고...뭔가를 보고 더 실망했다...",
    "rating": "1",
    "date": "15.06.10"
  },
  {
    "review_id": "9987550",
    "movie_id": "101236",
    "author": "dhs1****",
    "review": "범죄 영화를 가족들이랑 보러가지말라니... 억지개그가 베플이구나..",
    "rating": "7",
    "date": "15.06.10"
  },
  {
    "review_id": "9986054",
    "movie_id": "101236",
    "author": "hers****",
    "review": "사기당했던 생각나서 ㅂㄷㅂㄷ하면서 봤지만.. 나름 장면장면의 퀄리티는 볼만했다. 킬링타임으로 추천!! 다소 유치함.",
    "rating": "6",
    "date": "15.06.09"
  },
  {
    "review_id": "9985030",
    "movie_id": "101236",
    "author": "unlo****",
    "review": "기대했는데 극장에서 안보길 다행인것 같다. 데체 뭔 이야기인지... 볼만했음.그냥  윌스미스(니키)가  멋있다.",
    "rating": "3",
    "date": "15.06.08"
  },
  {
    "review_id": "9979265",
    "movie_id": "101236",
    "author": "choe****",
    "review": "이거 재밋어요또보고싶네요",
    "rating": "10",
    "date": "15.06.06"
  },
  {
    "review_id": "9967963",
    "movie_id": "101236",
    "author": "clea****",
    "review": "예고편보고 재밌을거 같았지만 너무 재미없게 만든 영화다. 소재며 여배우도 괜찮은데 연출력과 대본 문제인 듯.",
    "rating": "1",
    "date": "15.06.01"
  },
  {
    "review_id": "9966842",
    "movie_id": "101236",
    "author": "tjda****",
    "review": "정말 국산 영화랑 스케일이 다르네~^^",
    "rating": "10",
    "date": "15.05.31"
  },
  {
    "review_id": "9964674",
    "movie_id": "101236",
    "author": "qhfl****",
    "review": "뭔가 거대하게 허전함.",
    "rating": "5",
    "date": "15.05.31"
  },
  {
    "review_id": "9947162",
    "movie_id": "101236",
    "author": "star****",
    "review": "줄거리가 스포일러네 ㄷㄷ...",
    "rating": "8",
    "date": "15.05.25"
  },
  {
    "review_id": "9941181",
    "movie_id": "101236",
    "author": "nb27****",
    "review": "ㅎㅎ조아요오!캬카카",
    "rating": "10",
    "date": "15.05.23"
  },
  {
    "review_id": "9915932",
    "movie_id": "101236",
    "author": "fait****",
    "review": "범죄 도박 사기가 미화되어 좀 거북하지만 기발함과 반전도 있는",
    "rating": "7",
    "date": "15.05.14"
  },
  {
    "review_id": "9894452",
    "movie_id": "101236",
    "author": "shin****",
    "review": "할리퀸과 데드샷의 러브스토리",
    "rating": "10",
    "date": "15.05.04"
  },
  {
    "review_id": "9893352",
    "movie_id": "101236",
    "author": "jeth****",
    "review": "재미있는 영화네요 흥행대박나세요",
    "rating": "8",
    "date": "15.05.04"
  },
  {
    "review_id": "9876529",
    "movie_id": "101236",
    "author": "qazp****",
    "review": "윌스미스 제발 휘청이지마요...",
    "rating": "6",
    "date": "15.04.28"
  }
]