[
  {
    "review_id": "7721630",
    "movie_id": "101435",
    "author": "tita****",
    "review": "화제작에는 이유가 있다",
    "rating": "9",
    "date": "13.07.10"
  },
  {
    "review_id": "7666248",
    "movie_id": "101435",
    "author": "iiii****",
    "review": "이해가 많이 필요하지만 강추만 할 작품 (999번째 리뷰)",
    "rating": "9",
    "date": "13.06.22"
  },
  {
    "review_id": "7517955",
    "movie_id": "101435",
    "author": "tscm****",
    "review": "꽤 잘 만들었다. 하지만 페이트계열 내용을 모르고 봤다면 어땠을지는 잘 모르겠다. 이해의 문제 이전에 재미 자체가 느껴질 지..",
    "rating": "10",
    "date": "13.05.09"
  },
  {
    "review_id": "7056189",
    "movie_id": "101435",
    "author": "chan****",
    "review": "강추",
    "rating": "10",
    "date": "12.12.28"
  }
]