[
  {
    "review_id": "9211672",
    "movie_id": "101436",
    "author": "dizz****",
    "review": "검은 코트를 입은 '에미야 키리츠구'가 오히려 메인 캐릭터",
    "rating": "9",
    "date": "14.09.13"
  },
  {
    "review_id": "8569711",
    "movie_id": "101436",
    "author": "scve****",
    "review": "세이버 겁나이쁨; 확실히 퀄리티는 ㄷㄷ;",
    "rating": "10",
    "date": "14.03.12"
  },
  {
    "review_id": "7721624",
    "movie_id": "101436",
    "author": "tita****",
    "review": "1시즌에 비해 힘이 빠지긴 했지만 여전히 뛰어난 퀄리티",
    "rating": "8",
    "date": "13.07.10"
  },
  {
    "review_id": "7517960",
    "movie_id": "101436",
    "author": "tscm****",
    "review": "꽤 잘 만들었다. 하지만 페이트계열 내용을 모르고 봤다면 어땠을지는 잘 모르겠다. 이해의 문제 이전에 재미 자체가 느껴질 지..",
    "rating": "10",
    "date": "13.05.09"
  },
  {
    "review_id": "7240163",
    "movie_id": "101436",
    "author": "bibi****",
    "review": "2등이네 딱봐도 애니 우려먹기 느낌 들긴 하지만 페이트 제로 좋아하므로 10점",
    "rating": "10",
    "date": "13.02.08"
  },
  {
    "review_id": "7056187",
    "movie_id": "101436",
    "author": "chan****",
    "review": "1등이네 명작이랍니다...",
    "rating": "10",
    "date": "12.12.28"
  }
]