[
  {
    "review_id": "9783378",
    "movie_id": "101451",
    "author": "adiv****",
    "review": "김현주의 악녀 연기는 정말 대박이었다.",
    "rating": "10",
    "date": "15.03.15"
  },
  {
    "review_id": "8836308",
    "movie_id": "101451",
    "author": "iamf****",
    "review": "현주언니 유리구두때부터 좋아합니다 개꿀입니다 공중파 7세관람 젊은애들나오는 판타지사극 보다훨씬재밌어요 공중파는반성해야되요진짜 10년전에 여인천하에서느꼈던 꿀잼과 희열과 대리만족을여기서느낌 미술, 연출,배우 세가지다 박수! 이게 공중파에서했었다면!하..",
    "rating": "10",
    "date": "14.06.17"
  },
  {
    "review_id": "8118443",
    "movie_id": "101451",
    "author": "jmj_****",
    "review": "너무재밌었고 장귀인마마예뻐요",
    "rating": "10",
    "date": "13.11.06"
  },
  {
    "review_id": "8055437",
    "movie_id": "101451",
    "author": "ssuk****",
    "review": "정말 악랄하고 지독한 악역인데도 그리 미워할 수 없었던 이유는 뭘까요.약간 끄는 맛이 없지는 않았습니다만, 그럼에도 불구하고 주말이 계속 기다려지게 만드는 드라마였습니다. 처음부터 마지막까지 단 한순간도 기억에 남지 않은 장면은 없네요.감사합니다.",
    "rating": "9",
    "date": "13.10.12"
  },
  {
    "review_id": "7966731",
    "movie_id": "101451",
    "author": "qkfk****",
    "review": "진짜 이게 방송3사에서 했으면 시청률대박이였을텐데... 다들 너무 연기 잘해주셨다ㅜㅜ!! 아제 주말에 뭘보냐 흑흑",
    "rating": "10",
    "date": "13.09.11"
  },
  {
    "review_id": "7966604",
    "movie_id": "101451",
    "author": "tjsg****",
    "review": "악인을 징벌할건 하면서도 슬프게 느껴졌던 결말은 연출,극본,연기가 다 좋아서겠죠김현주씨 연기 짱ㅜㅜ",
    "rating": "10",
    "date": "13.09.11"
  },
  {
    "review_id": "7966450",
    "movie_id": "101451",
    "author": "tomb****",
    "review": "김현주  가 진짜 연기자이다  정말 완벽몰입 연기 짱!",
    "rating": "9",
    "date": "13.09.11"
  },
  {
    "review_id": "7966357",
    "movie_id": "101451",
    "author": "msun****",
    "review": "이제 주말엔 멀보나~ 연기자들 진심 연기잘하더라~몰입력 짱!! 얌전이 짱드셈~~ 보는내내 OO,OO 거렸다",
    "rating": "10",
    "date": "13.09.11"
  },
  {
    "review_id": "7966348",
    "movie_id": "101451",
    "author": "hurr****",
    "review": "요즘 지상파 방송 3사에서 하는 사극들은 스토리나 연출면에서 퀄리티가 너무 떨어짐. 역사적 사실을 재조명한다면서 완전 역사왜곡을 하질않나.종편 사극이 더 나음. 꽃들의 전쟁이 방송 3사 중에 한군데서 방송했으면 시청률 40% 넘고 김현주 대상이었을듯",
    "rating": "10",
    "date": "13.09.11"
  },
  {
    "review_id": "7966283",
    "movie_id": "101451",
    "author": "gshc****",
    "review": "진짜 공중파에서 방영됐다면 엄청난 시청률이 나왔을것이다. 김현주 및 모든 연기자들의 연기에 소름이 돋을 정도....",
    "rating": "10",
    "date": "13.09.11"
  },
  {
    "review_id": "7965985",
    "movie_id": "101451",
    "author": "mell****",
    "review": "귀인조씨 장렬왕후 봉림대군 연기 대박이에요!",
    "rating": "10",
    "date": "13.09.11"
  },
  {
    "review_id": "7965886",
    "movie_id": "101451",
    "author": "sins****",
    "review": "정말 김현주 연기대박 너무너무 재밌게보고 김현주연기에 감동받음 어떻게 악녀역을 잘하나 싶음ㅋㅋ",
    "rating": "10",
    "date": "13.09.11"
  },
  {
    "review_id": "7963323",
    "movie_id": "101451",
    "author": "mank****",
    "review": "김현주의 싸이코패스 조귀인 연기는 히스레저의 조커연기에 버금갈 만하다.",
    "rating": "10",
    "date": "13.09.10"
  },
  {
    "review_id": "7961269",
    "movie_id": "101451",
    "author": "gg20****",
    "review": "김현주씨 ~ 여배우의 연기에 이렇게 빠져서 보기는 정말 오랜만. 진짜 공중파였으면 대상감이었어요. 악녀 연기로 자신이 가졌던 역량의 한계치를 깨면서 넘어선거 같아요. 정말 수고 하셨어요.. 다음엔 영화판에서 더 다양한 입체적인 캐릭으로 봤으면 합니다.",
    "rating": "10",
    "date": "13.09.09"
  },
  {
    "review_id": "7960552",
    "movie_id": "101451",
    "author": "tlsd****",
    "review": "GOOD",
    "rating": "10",
    "date": "13.09.08"
  },
  {
    "review_id": "7960330",
    "movie_id": "101451",
    "author": "3112****",
    "review": "명드가떠나가네요...ㅠㅠ 43화부턴가 50화까지 매화울엇네요ㅠㅠ 첫방부터봤는데 현주언니 사랑하게됫다는..ㅠㅠ디비디나오면살테야!!!!!!",
    "rating": "10",
    "date": "13.09.08"
  },
  {
    "review_id": "7960317",
    "movie_id": "101451",
    "author": "rlae****",
    "review": "정작가님 제가 한마디 충고해드리지요.첫째는 효명옹주의 부친을 바꾼것이요.. 숭선군의 부모를 거짓작성으로 쓴것이 두번째죄요.. 낙선군을 회임도중에 유산했으니 낙선군을 죽인셈이되니 이것이 세번째죄요 마지막으로 귀인조씨를 역사에 적히지도않은것을 그렇게 모",
    "rating": "1",
    "date": "13.09.08"
  },
  {
    "review_id": "7960305",
    "movie_id": "101451",
    "author": "blue****",
    "review": "감히 최고 2013년. 최고의 드라마",
    "rating": "10",
    "date": "13.09.08"
  },
  {
    "review_id": "7960303",
    "movie_id": "101451",
    "author": "wnfk****",
    "review": "이때까지본조선사극중제일역사와비슷하게만들었더군요그래서더재밌었어요연기자들한분한분연기력이얼마나뛰어나던지김현주씨연기력이정말말이안나올정도로굿!처음부터얌전의편이여서그런지마지막에얼마나안타깝던지ㅠ태어날때부터무시받고살다궁궐에입궐해서도무시받으니저같았어도독기품었을꺼에요",
    "rating": "10",
    "date": "13.09.08"
  },
  {
    "review_id": "7960289",
    "movie_id": "101451",
    "author": "ebsd****",
    "review": "진짜 재미있게 잘 봤어요ㅎ진짜 보고 눈물도 진짜 많이 흘리고 김현주님과 이덕화님의 연기는 진짜 최고였습니다!!ㅎ다른 배우분들의 연기도 진짜 어느사극 보다 정말 몰입이 잘되었습니다.정말 멋진 작품이었습니다.♪(´ε｀*)",
    "rating": "10",
    "date": "13.09.08"
  },
  {
    "review_id": "7960281",
    "movie_id": "101451",
    "author": "kim6****",
    "review": "임용공부하며 유일하게 봤던 드라마♥",
    "rating": "10",
    "date": "13.09.08"
  },
  {
    "review_id": "7960272",
    "movie_id": "101451",
    "author": "soon****",
    "review": "오늘 막방 너무 슬펐어요.  꽃들의 전쟁 모든 연기자분들 수고 많았어요. 다음 작품 맏이도 기대되네요~~  무자식에서 꽃들의 전쟁까지 정말 재미있었어요.",
    "rating": "10",
    "date": "13.09.08"
  },
  {
    "review_id": "7960271",
    "movie_id": "101451",
    "author": "sumi****",
    "review": "사극중에서 디게 재미나게 본게 몇개있는데 옛날의 공주의 남자랑 해품달이랑 이거에요. 꽃들의 전쟁 짱 재밌었어요. 김현주 악역도 진짜 흥미진진 하구...사실 개인적으로 맨 마지막에 조귀인 돌팔매질 당하는 부분...좀...그랬어요...",
    "rating": "10",
    "date": "13.09.08"
  },
  {
    "review_id": "7960262",
    "movie_id": "101451",
    "author": "hwks****",
    "review": "재밌네 마지막 장면 글래디에이터 뺨침ㅋㅋ",
    "rating": "10",
    "date": "13.09.08"
  },
  {
    "review_id": "7960241",
    "movie_id": "101451",
    "author": "tjda****",
    "review": "정말 재밌게 잘 봤어요! 다른 배우분들도 잘 했지만 특히,김현주씨 연기 최고였어요!!",
    "rating": "10",
    "date": "13.09.08"
  },
  {
    "review_id": "7960238",
    "movie_id": "101451",
    "author": "ping****",
    "review": "처음엔 얌전이가 밉기만했습니다. 실생활에서도 정도의 차이가 있지만 이런  몬된사람 허다하기때문에요. 나중엔  얌전의 합리화이긴 하지만  현대사회의 갑을관계네요..을의 반란쯤으로 생각되네요. 김현주씨 연기 대단히 잘 보았습니다.기립박수를 보내드립니다..",
    "rating": "9",
    "date": "13.09.08"
  },
  {
    "review_id": "7960237",
    "movie_id": "101451",
    "author": "tpdl****",
    "review": "드라마를 보면서 배우 하나하나가 연기 다 잘한다고 느낀건 처음이다 송선미부터 해서 이덕화등등 단일 최고는 현주누나 지만 ㅎㅎ 잘보고갑니다 ㅎ 현주누나의 명대사 누가 태어날때부터 궁에 주인으로 태어나느냐 !",
    "rating": "10",
    "date": "13.09.08"
  },
  {
    "review_id": "7960228",
    "movie_id": "101451",
    "author": "cozy****",
    "review": "정말 잘봤습니다. 현주언니 정말 고생 많이했어요. 사랑합니다!",
    "rating": "10",
    "date": "13.09.08"
  },
  {
    "review_id": "7960223",
    "movie_id": "101451",
    "author": "qpff****",
    "review": "이건 10점 줘야 해여 ㅋㅋㅋㅋㅋㅋㅋㅋㅋㅋㅋㅋㅋㅋㅋㅋㅋㅋㅋ 언니가 가끔 미울 때도 있었지만 얌전이가 미웠던 거지 언니가 미웠던게 아니에여ㅋㅋ정말 언니 멋있었어요 ㅋㅋㅋㅋㅋㅋㅋㅋㅋㅋ차기작 기대하고 있을께요 사랑합니다 언니 >_<",
    "rating": "10",
    "date": "13.09.08"
  },
  {
    "review_id": "7960213",
    "movie_id": "101451",
    "author": "blue****",
    "review": "짱 재밌었음 ㅠㅠㅠ",
    "rating": "10",
    "date": "13.09.08"
  },
  {
    "review_id": "7960206",
    "movie_id": "101451",
    "author": "tkdg****",
    "review": "김현주 연기 甲 진짜 명작인듯",
    "rating": "10",
    "date": "13.09.08"
  },
  {
    "review_id": "7960203",
    "movie_id": "101451",
    "author": "baiy****",
    "review": "결과가 어이 상실~개인적으로 조귀인 잘못없다~차라리 중전이 죽지~왜 조귀인이 죽는지~",
    "rating": "1",
    "date": "13.09.08"
  },
  {
    "review_id": "7960202",
    "movie_id": "101451",
    "author": "jini****",
    "review": "유일하게챙겨보던드라마ㅠ 아쉽네요다들연기력짱!현주언니 악녀연기 진짜잘해요봉림대군잘생겼어용ㅋㅋ",
    "rating": "10",
    "date": "13.09.08"
  },
  {
    "review_id": "7960199",
    "movie_id": "101451",
    "author": "zofh****",
    "review": "짱 재밋음",
    "rating": "10",
    "date": "13.09.08"
  },
  {
    "review_id": "7960143",
    "movie_id": "101451",
    "author": "jjir****",
    "review": "온갖 못된일과 사람을 막 죽여도 몸에 상처없이 사약만 먹으면되는 내용!! 옛 왕들이 이따위였으니 이러니 이나라가 이모양이였나봅니다~ 이 드라마로 잘배웠습니다.",
    "rating": "4",
    "date": "13.09.08"
  },
  {
    "review_id": "7949009",
    "movie_id": "101451",
    "author": "wjda****",
    "review": "뉴스와 역사드라마만 보는 주부인데요???  궁중잔혹사 몰라서 중간부터 보고있는데~~정말??  인조, 김내관,얌전,빈궁~~~특히 빈궁!정말 눈물흘리며 봤어요!!! 남은2회가 기대되고 아쉬워요!!!",
    "rating": "10",
    "date": "13.09.05"
  },
  {
    "review_id": "7943712",
    "movie_id": "101451",
    "author": "deux****",
    "review": "조귀인=김현주 악녀연기 쩐다 증말~악녀 연기에 폭풍공감중~ 대단해요!",
    "rating": "10",
    "date": "13.09.02"
  },
  {
    "review_id": "7941767",
    "movie_id": "101451",
    "author": "pika****",
    "review": "스토리 배우들의연기 모두완벽했던 제대로된드라마",
    "rating": "10",
    "date": "13.09.01"
  },
  {
    "review_id": "7941098",
    "movie_id": "101451",
    "author": "fldj****",
    "review": "잘 다루지 않던 병자호란에 대해서도 관심을 가지게되었고 각본, 배우, 미술 등 나무랄 것이 없는 드라마입니다. 일각의 역사왜곡과 자극성에 대한 비판은 드라마의큰틀에서 볼 때 문제가 되지 않을 만큼 훌륭한 드라마입니다!",
    "rating": "10",
    "date": "13.09.01"
  },
  {
    "review_id": "7935029",
    "movie_id": "101451",
    "author": "luv_****",
    "review": "김현주 송선미 명품연기!송선미씨 다시못보게되서 안타깝네요..",
    "rating": "10",
    "date": "13.08.30"
  },
  {
    "review_id": "7923504",
    "movie_id": "101451",
    "author": "dbst****",
    "review": "공중파 역사드라마가 보고배워야한다!내가 본드라마중에서 역사왜곡이 덜해서 좋음!(인수대비를했던팀이라서) 그인지도땜에 제발 발연기하는 아이돌들쓰지말고! 중전역봐라 신인인데도 김현주랑 송선미한테 밀리지 않고 pd와 연출들은 이드라마 보면서 제발느낀길!!",
    "rating": "10",
    "date": "13.08.26"
  },
  {
    "review_id": "7922812",
    "movie_id": "101451",
    "author": "nice****",
    "review": "김현주 짱",
    "rating": "10",
    "date": "13.08.25"
  },
  {
    "review_id": "7922503",
    "movie_id": "101451",
    "author": "yj40****",
    "review": "정말 재밋구 연기자 모두 연기 진짜 잘하는 것 같아요~제가 본 사극 중에 최고인듯!!이제 마지막회가 얼마 안 남아서 아쉽지만 마지막까지 좋은 연기 보여주셨으면 좋겟어요~",
    "rating": "10",
    "date": "13.08.25"
  },
  {
    "review_id": "7922344",
    "movie_id": "101451",
    "author": "kyu0****",
    "review": "종편jtbc갈수록채널고정하거되너요궁중잔혹사너무재미있게잘보네요",
    "rating": "10",
    "date": "13.08.25"
  },
  {
    "review_id": "7922337",
    "movie_id": "101451",
    "author": "wkdt****",
    "review": "주연조연모두최고입니다",
    "rating": "10",
    "date": "13.08.25"
  },
  {
    "review_id": "7922329",
    "movie_id": "101451",
    "author": "prin****",
    "review": "배우들 연기 최고 중에 최고!",
    "rating": "10",
    "date": "13.08.25"
  },
  {
    "review_id": "7921878",
    "movie_id": "101451",
    "author": "qkra****",
    "review": "진짜 연기 잘하고 진짜 연기를 잘해서 김현주씨 안티될번 했습니다. 어제 세자빈 강씨 죽는거 보고 오열했습니다.ㅜ원손 이석철 죽을때도 너무많이 울엇구요 ㅜㅜ  . . . 궁중잔혹사 나오시는분들 연기 진짜 잘하십니다 이덕화씨도 그렇고 역대본사극중최고입니다",
    "rating": "10",
    "date": "13.08.25"
  },
  {
    "review_id": "7921797",
    "movie_id": "101451",
    "author": "evol****",
    "review": "아무리 드라마라지만 고증자체가 너무 개판이다어떻게 일개 내시가 왕위계승서열 1위 세자에게 큰 소리를 칠 수 있으며 나갈때 뒷걸을질이 아니라 등을 보이고 나갈 수있단말인가. 이러한 옥의티가 한두가지가 아니다. 아니 한두가지라야 옥의티라고 하지 이건뭐.",
    "rating": "5",
    "date": "13.08.25"
  },
  {
    "review_id": "7919042",
    "movie_id": "101451",
    "author": "he01****",
    "review": "얌전인지 조씨인지 죽을때 세자빈보다 더 고통스럽게 죽여주세요!아 세자빈 그 고통이 그대로 전해지는거 같앗어요.배우분들 연기 넘 잘하십니다 얼마나 울엇나 몰라요 너무해요!!",
    "rating": "10",
    "date": "13.08.24"
  },
  {
    "review_id": "7918998",
    "movie_id": "101451",
    "author": "nova****",
    "review": "저런 한심한 놈이 임금이라고ㅉㅉ  소현세자한테 자리만 잘 물려줬어도 우리나라가 지금쯤 완전 선진국이 되어 있을텐데~~",
    "rating": "5",
    "date": "13.08.24"
  },
  {
    "review_id": "7918915",
    "movie_id": "101451",
    "author": "suk5****",
    "review": "다들연기도잘하고ㅠㅠ부모님이이거안봐서다시보기하고있어요ㅠㅠ너무재밌고후궁조씨에대한사극원했는데마침....진짜짱!",
    "rating": "10",
    "date": "13.08.24"
  },
  {
    "review_id": "7918904",
    "movie_id": "101451",
    "author": "joom****",
    "review": "김현주 송선미는 현대극 해야할듯 특히 송선미 발음  고전한복도 글코 연기는 잘하는데 사극대사는 ;:;",
    "rating": "8",
    "date": "13.08.24"
  },
  {
    "review_id": "7918225",
    "movie_id": "101451",
    "author": "love****",
    "review": "언제쯤..얌전 의 악이 끝날까..ㅠㅠ 세자빈이 너무불쌍해..ㅠㅠ으앙~~",
    "rating": "9",
    "date": "13.08.24"
  },
  {
    "review_id": "7914213",
    "movie_id": "101451",
    "author": "gamm****",
    "review": "배우분들 연기력정말 멋지십니다!",
    "rating": "10",
    "date": "13.08.23"
  },
  {
    "review_id": "7909829",
    "movie_id": "101451",
    "author": "sara****",
    "review": "송선미 김현주 이덕화 연기 개 쩔음",
    "rating": "10",
    "date": "13.08.21"
  },
  {
    "review_id": "7908988",
    "movie_id": "101451",
    "author": "dkot****",
    "review": "김현주 연기력 쩔엌ㅋ",
    "rating": "10",
    "date": "13.08.21"
  },
  {
    "review_id": "7908676",
    "movie_id": "101451",
    "author": "kje9****",
    "review": "강빈이 대역죄를 인정하고 사사 된다는게 넘 억지 설정임. 대역죄인의 자식들이 살아나기 만무하고 차라리 아이들을 데리고 청으로 도망을 가지..갑자기 자기가 쓰지도 않은 서찰을 자기가 썼다고 인정하는게 급작스러운 설정.앞뒤가 안맞음",
    "rating": "10",
    "date": "13.08.21"
  },
  {
    "review_id": "7901141",
    "movie_id": "101451",
    "author": "smcj****",
    "review": "얌전의 연기가 맛깔나네! 강빈도 정말 답답하게 만드는게 연기력이짱이네 나 이 드라마없음 못살아",
    "rating": "10",
    "date": "13.08.18"
  },
  {
    "review_id": "7900411",
    "movie_id": "101451",
    "author": "ll2c****",
    "review": "빈궁과원손볼때마다 어찌이리눈물이나오는지 김현주씨부터 내관들까지 연기가최고입니다 다들",
    "rating": "10",
    "date": "13.08.18"
  },
  {
    "review_id": "7899272",
    "movie_id": "101451",
    "author": "tmxk****",
    "review": "조귀인이 다 이겼으면 좋겠어요 ㅋㅋㅋㅋㅋ",
    "rating": "10",
    "date": "13.08.18"
  },
  {
    "review_id": "7897038",
    "movie_id": "101451",
    "author": "dlrl****",
    "review": "재밌당ㅋㅋ조귀인좀 언능죽었으며ㅡㅡ세손이랑넘불쌍해 ㅂㅅ같은인조",
    "rating": "9",
    "date": "13.08.18"
  },
  {
    "review_id": "7894820",
    "movie_id": "101451",
    "author": "phoo****",
    "review": "넘잼있어ㅋㅋ조귀인이  이겨서 꼭 세상을다가지면좋겠네ㅋ ㅋ 제발 조귀인을중전되게해주셔요ㅋㅋ",
    "rating": "10",
    "date": "13.08.17"
  },
  {
    "review_id": "7866459",
    "movie_id": "101451",
    "author": "dhfk****",
    "review": "넘 짜증나요. 빨리빨리. 봉림 대군도 어쩔수 엄나봐요.  임금 은언제죽나요.  스토리좀. 빨리전게좀 해줘으면하네요ㅣ질질 끄는게 눈에보여요",
    "rating": "7",
    "date": "13.08.10"
  },
  {
    "review_id": "7866458",
    "movie_id": "101451",
    "author": "ham2****",
    "review": "욕하면서 본다~김현주~~진짜리얼 연기~~감정몰입 하며 보네~",
    "rating": "10",
    "date": "13.08.10"
  },
  {
    "review_id": "7844753",
    "movie_id": "101451",
    "author": "dus0****",
    "review": "스토리가 좋고 연기자들이 연기를 잘해서 매번 챙겨버게되네요ㅎㅎ",
    "rating": "10",
    "date": "13.08.05"
  },
  {
    "review_id": "7842067",
    "movie_id": "101451",
    "author": "tndu****",
    "review": "김현주 믿고본만큼 연기잘한다",
    "rating": "10",
    "date": "13.08.05"
  },
  {
    "review_id": "7841076",
    "movie_id": "101451",
    "author": "vker****",
    "review": "점점내용이 산으로가는듯 아무리 못되고 막장이어도 씨도둑하며, 후궁이다른남자와관계라니... 그리고갑자기 왠유산?  이러다 50부작안에못끝날듯이거 쓴사람 인수대비때도 내용이 산으로가다가 10부작연장했는데..",
    "rating": "2",
    "date": "13.08.05"
  },
  {
    "review_id": "7803525",
    "movie_id": "101451",
    "author": "cs10****",
    "review": "현존하는 사극 중 거의 유일한 정통사극. 단지 조귀인의 행동이 너무 대놓고 막나가는게 좀...  저런 광인 같은 모습보다 좀 음흉하고 소름끼치는 모습으로 그려냈으면 더 재미있지 않았을까 싶다.",
    "rating": "9",
    "date": "13.07.31"
  },
  {
    "review_id": "7773740",
    "movie_id": "101451",
    "author": "wjet****",
    "review": "김현주짱",
    "rating": "10",
    "date": "13.07.22"
  },
  {
    "review_id": "7772590",
    "movie_id": "101451",
    "author": "choo****",
    "review": "드라마보고 궁금하여 책으로도 다시 공부해보는 기회가 되었어요 연기자들도 명품이고 갠적으로 송선미 김현주씨 갈수록 최최고네요 멋져^^",
    "rating": "10",
    "date": "13.07.21"
  },
  {
    "review_id": "7772365",
    "movie_id": "101451",
    "author": "hwah****",
    "review": "김현주이덕화송선미연기너무잘해요",
    "rating": "10",
    "date": "13.07.21"
  },
  {
    "review_id": "7771544",
    "movie_id": "101451",
    "author": "styr****",
    "review": "상선어른 연기 진짜 잘하시네요 김현주씨 이 드라마보고 팬됐어요",
    "rating": "10",
    "date": "13.07.21"
  },
  {
    "review_id": "7770570",
    "movie_id": "101451",
    "author": "qkek****",
    "review": "또다른 역사를 배우들을 통해 많이알수있네요",
    "rating": "10",
    "date": "13.07.21"
  },
  {
    "review_id": "7751480",
    "movie_id": "101451",
    "author": "jey1****",
    "review": "재미는 있으나~~너무 질질 끌어서 좀 지루할때가마나여~얌전이가 궁에 들어오기까지는 빛에속도로진행되던데 그후 얌전이의 똑같은 행패는 이제 그만보구싶네여",
    "rating": "6",
    "date": "13.07.17"
  },
  {
    "review_id": "7729795",
    "movie_id": "101451",
    "author": "lmoc****",
    "review": "주말에 놀러갔다 오면 일주일내내 재방송언제할까 제이티비씨 만틀어놓는 1인",
    "rating": "10",
    "date": "13.07.12"
  },
  {
    "review_id": "7691256",
    "movie_id": "101451",
    "author": "godh****",
    "review": "김현주씨 연기 넘 잘하는듯 ^^  주말이 기다려져요",
    "rating": "10",
    "date": "13.06.30"
  },
  {
    "review_id": "7683615",
    "movie_id": "101451",
    "author": "sinj****",
    "review": "별로다루지않았던 참신한소재 연기도 괜찮음 하지만 소현세자 죽이기 까지너무 질질끌음.",
    "rating": "9",
    "date": "13.06.27"
  },
  {
    "review_id": "7676076",
    "movie_id": "101451",
    "author": "clea****",
    "review": "정말 잘 보고 있습니다.   소현세자와 민회빈 의 연기에 감탄.",
    "rating": "10",
    "date": "13.06.24"
  },
  {
    "review_id": "7670487",
    "movie_id": "101451",
    "author": "pjs1****",
    "review": "주말을 기다리는이유 ㅎㅎ",
    "rating": "10",
    "date": "13.06.23"
  },
  {
    "review_id": "7623332",
    "movie_id": "101451",
    "author": "jkh8****",
    "review": "이거 보는 낙으로 사네",
    "rating": "10",
    "date": "13.06.10"
  },
  {
    "review_id": "7618771",
    "movie_id": "101451",
    "author": "clse****",
    "review": "재미쪙...♥♥",
    "rating": "10",
    "date": "13.06.09"
  },
  {
    "review_id": "7616961",
    "movie_id": "101451",
    "author": "ccor****",
    "review": "잼있음",
    "rating": "10",
    "date": "13.06.09"
  },
  {
    "review_id": "7614498",
    "movie_id": "101451",
    "author": "minu****",
    "review": "잔인하다고 평점낮추는 인간들아 결국 엄청 악랄한 연기를 잘했다는거 아냐 니네말은? 나도 그 악랄한 연기에 소름이 돋았다 이런 연기를 아이돌써가며 형편없이 발대본하는 공중파드라마가 할수있는줄아냐? 이게진짜 명드다.",
    "rating": "10",
    "date": "13.06.08"
  },
  {
    "review_id": "7573262",
    "movie_id": "101451",
    "author": "trg8****",
    "review": "유치한 요즘 연애물 판타지물 사극보단 이사극 진짜 최고임연애물밖에 안보는 오글인간들은 내 말 이해못하겠지ㅋ",
    "rating": "10",
    "date": "13.06.02"
  },
  {
    "review_id": "7571726",
    "movie_id": "101451",
    "author": "sevd****",
    "review": "사실성도 없고 짜임새도 없고 흥미위주인 요즘 지상파사극에 반기를 드는 작품성있는 드라마입니다. 특히 퀄리티를 부각시켜서 굉장히 몰입이 됩니다.  솔직히 그때가 요즘과 달리 사망률도 높고 더 잔인한 일도 빈번했을텐데 선정성 높다고 비난하는건ㅡㅡ아니죠",
    "rating": "10",
    "date": "13.06.02"
  },
  {
    "review_id": "7566254",
    "movie_id": "101451",
    "author": "chun****",
    "review": "아무리 공중파가 아니지만 어쩜 그렇게잔인하게 표현하는지요? 고문장면을 보고 기절하겠더라구요 제발요",
    "rating": "3",
    "date": "13.05.31"
  },
  {
    "review_id": "7558820",
    "movie_id": "101451",
    "author": "ggej****",
    "review": "아 진짜 꿀잼ㅠㅠㅠㅠㅠㅠㅠㅠ 배우들 하나하나 연기력 쩐다진짜 ㅠㅠㅠㅠㅠ 짱♥♥♥♥♥",
    "rating": "10",
    "date": "13.05.27"
  },
  {
    "review_id": "7525505",
    "movie_id": "101451",
    "author": "gmld****",
    "review": "와 진짜 쩐다 내가 이거때문에 공부도못하고 미치겠다 진짜 대박 연속으로 계속봐도 재밌고 인물묘사연기가 아주몰입됩니다 아주 연기가 수준급입니다 진짜 두서없이쓰지만 저의 속마음이예요본방사수해야는데 사실 어디서 방송하는지 모르겠더러고요 하지만너무잘보고있어요",
    "rating": "10",
    "date": "13.05.13"
  },
  {
    "review_id": "7519898",
    "movie_id": "101451",
    "author": "gksm****",
    "review": "진짜 소름돋는다 ㅜ 왜 공영방송이 아닌거야 ㅜ 김현주 연기대상감 ,,나머지 감초들이랑 이덕화 고원희 송선미 김자점 소현세자 얌전이엄마 도 다 잘함 ,간만에 진짜 재밋는 드라마 봄",
    "rating": "10",
    "date": "13.05.10"
  },
  {
    "review_id": "7516549",
    "movie_id": "101451",
    "author": "scen****",
    "review": "연기 짱... 완전 긴장감 의 연속... 새로운 정통 사극 같아요... 예전 여인천하 보던때처럼 재미있네요. 영화 같은 화면도 멋지구 색갈두 이쁘고  의상두  미술도  지금  사극중  최고 인거  같아요. 하여간 짱입니다. 공중파 분발 하셔요...",
    "rating": "10",
    "date": "13.05.09"
  },
  {
    "review_id": "7514661",
    "movie_id": "101451",
    "author": "wjdt****",
    "review": "재밌닥ㅋㅋㅋ다들 연기굿짱봉림대군이 왕(효종)되고 소용조씨는 죽게된다는...",
    "rating": "10",
    "date": "13.05.07"
  },
  {
    "review_id": "7513765",
    "movie_id": "101451",
    "author": "ggan****",
    "review": "재방으로 한번씩봤는데 너무잼나요~~김현주씨 연기가 너무굿!!!",
    "rating": "10",
    "date": "13.05.07"
  },
  {
    "review_id": "7511839",
    "movie_id": "101451",
    "author": "moni****",
    "review": "배우들 연기도 너무 오버해서 어색해요. 재방송은 많이 해서 보려고해봐도 한 편을 끝까지 볼 수가 없는 드라마..",
    "rating": "1",
    "date": "13.05.06"
  },
  {
    "review_id": "7508404",
    "movie_id": "101451",
    "author": "kng7****",
    "review": "이거때문에주말지내요ㅎㅎㅎ",
    "rating": "10",
    "date": "13.05.05"
  },
  {
    "review_id": "7507143",
    "movie_id": "101451",
    "author": "poan****",
    "review": "너무잼있어요 ~~~~><",
    "rating": "10",
    "date": "13.05.04"
  },
  {
    "review_id": "7503489",
    "movie_id": "101451",
    "author": "keyu****",
    "review": "ㅋㅋ잼따 하도 판타지사극만봐서 그런가 궁중잔혹사 보는맛이 아주 흥미진진함",
    "rating": "10",
    "date": "13.05.03"
  },
  {
    "review_id": "7496681",
    "movie_id": "101451",
    "author": "biie****",
    "review": "정말 너무 잼있어요 장옥정보더 훨씬 잼있음",
    "rating": "10",
    "date": "13.04.30"
  },
  {
    "review_id": "7495955",
    "movie_id": "101451",
    "author": "t203****",
    "review": "김현주 정말 소용조씨 그대로인듯..  장옥정보다 훨낫네",
    "rating": "10",
    "date": "13.04.30"
  },
  {
    "review_id": "7491750",
    "movie_id": "101451",
    "author": "ppop****",
    "review": "완전 재밌어요ㄱ금방 끝났는데 다음회가 넘넘궁금하고 넘 아쉬워 . .맬보고 싶어 주말까지 언제 기다리나ㅠㅠ",
    "rating": "10",
    "date": "13.04.28"
  },
  {
    "review_id": "7491699",
    "movie_id": "101451",
    "author": "mira****",
    "review": "이거본이후로 에스비에스주말극 끊었다ㅋㅋㅋ넘잼나^^ㅋㅋㅋ김현주의 넘웃겨ㅋㅋ",
    "rating": "10",
    "date": "13.04.28"
  }
]