[
  {
    "review": "지금 다시 보면 어떨지는 모르겠지만 어렸을적 토요명화에서 봤던 최가박당은 정말 최고였다!!",
    "date": "15.05.07",
    "rating": "10",
    "author": "sinb****",
    "review_id": "9901839",
    "movie_id": "10148"
  },
  {
    "review": "평점에 낚이지 말고 그냥 좋은 옛날영화려니 하고 그냥 지나가라.",
    "date": "15.01.25",
    "rating": "1",
    "author": "gane****",
    "review_id": "9633775",
    "movie_id": "10148"
  },
  {
    "review": "제목처럼 그들은 최고의 파트너.",
    "date": "15.01.10",
    "rating": "10",
    "author": "oldw****",
    "review_id": "9580690",
    "movie_id": "10148"
  },
  {
    "review": "웃기려고 애쓰는게 안쓰러운 똘끼형 코미디",
    "date": "14.09.22",
    "rating": "2",
    "author": "goms****",
    "review_id": "9234054",
    "movie_id": "10148"
  },
  {
    "review": "예전에 TV로만 대충 봤었고, 지금 제대로 보니 그래도 꽤 볼만하다.",
    "date": "14.08.01",
    "rating": "7",
    "author": "band****",
    "review_id": "9002922",
    "movie_id": "10148"
  },
  {
    "review": "맥가아저씨 홍석천닮앗네.",
    "date": "14.07.28",
    "rating": "10",
    "author": "hill****",
    "review_id": "8973582",
    "movie_id": "10148"
  },
  {
    "review": "가장 유명한 홍콩영화 중 하나, 이영화 개봉이전에 태어난 사람들중 모르는 이들은 많지 않을듯...워낙 티비에서도 많이 해줬고, 사실 재밌기도 했고..",
    "date": "13.07.23",
    "rating": "10",
    "author": "bajj****",
    "review_id": "7777219",
    "movie_id": "10148"
  },
  {
    "review": "홍콩영화 촤전성기때 만들어진 영화죠",
    "date": "13.06.21",
    "rating": "9",
    "author": "hann****",
    "review_id": "7663936",
    "movie_id": "10148"
  },
  {
    "review": "내평점세월이 엄청 흘렀지만 요즘 봐도 왠만한 지금 만든 재미없는 영화보다 나은 영화..........우리나라에서도 인기 많았었는데..특히 주제가 노래 좋음...",
    "date": "13.06.18",
    "rating": "8",
    "author": "adiv****",
    "review_id": "7654948",
    "movie_id": "10148"
  },
  {
    "review": "30년전 영화를 이렇게 웃으면서 보다니..;;;우리나라 90년대 초반에도 이런영화 없었을듯..;;",
    "date": "13.06.16",
    "rating": "8",
    "author": "do11****",
    "review_id": "7645770",
    "movie_id": "10148"
  },
  {
    "review": "어렸을때 진짜 재밌게 봤었다 ...30년전 작품치고 대단한 완성도있는   매력넘치는 캐릭터들ㅋㅋㅋㅋㅋ",
    "date": "13.05.09",
    "rating": "10",
    "author": "poiu****",
    "review_id": "7516632",
    "movie_id": "10148"
  },
  {
    "review": "ㅋ 재밌네 ㅋ",
    "date": "12.10.18",
    "rating": "6",
    "author": "kara****",
    "review_id": "6811352",
    "movie_id": "10148"
  },
  {
    "review": "아직까지도 웃을 수 있는 영화. 좀 뜬금없는 전개가 아쉬웠다.",
    "date": "12.09.24",
    "rating": "7",
    "author": "dulc****",
    "review_id": "6729011",
    "movie_id": "10148"
  },
  {
    "review": "30년전 영화라고는 솔직히 믿기지 않음.. 그냥 불과 몇년 전 영화같은데, 뭐 영화가 내 스탈이 아녔음.. 웃기긴 했지만 빵터진 적은 없었고.. 그냥 시간 때울 때 볼 수 있는... 그런 영화",
    "date": "12.08.02",
    "rating": "7",
    "author": "yn03****",
    "review_id": "6565755",
    "movie_id": "10148"
  },
  {
    "review": "30년전 영화를 감안해서...ㅋ 어릴때 봤던.. 노래랑 웃겼던 기억만 있었는데..",
    "date": "12.05.16",
    "rating": "9",
    "author": "urkn****",
    "review_id": "6302090",
    "movie_id": "10148"
  },
  {
    "review": "증지위는 정말 훌륭한 감독.믿어지지않겠지만,정측사도 정말 훌륭한 감독이라는 사실.",
    "date": "12.04.29",
    "rating": "10",
    "author": "baks****",
    "review_id": "6254849",
    "movie_id": "10148"
  },
  {
    "review": "증지위가 최가박당1편 감독 연출이엇다니 오늘 알아서 충격적이다",
    "date": "12.03.27",
    "rating": "9",
    "author": "pin0****",
    "review_id": "6172305",
    "movie_id": "10148"
  },
  {
    "review": "와우~ 지금 봐도 재밌군~",
    "date": "12.02.20",
    "rating": "10",
    "author": "thsd****",
    "review_id": "6089536",
    "movie_id": "10148"
  },
  {
    "review": "20년 전에.. TV에서 보고.. 다시 보니.. 반갑구만... ㅋ",
    "date": "12.01.07",
    "rating": "8",
    "author": "lcky****",
    "review_id": "5969243",
    "movie_id": "10148"
  },
  {
    "review": "개봉때 그렇게 재미있었던 경험이 지금은 왜 그렇지 않을까?",
    "date": "11.10.18",
    "rating": "5",
    "author": "pria****",
    "review_id": "5796692",
    "movie_id": "10148"
  },
  {
    "review": "그저 놀라울 따름이다. 지금 만들어도 이렇게 뛰어난 오락영화 못 만들것 같다.",
    "date": "11.09.16",
    "rating": "10",
    "author": "beni****",
    "review_id": "5735356",
    "movie_id": "10148"
  },
  {
    "review": "최고다",
    "date": "11.08.15",
    "rating": "10",
    "author": "joyc****",
    "review_id": "5655377",
    "movie_id": "10148"
  },
  {
    "review": "30년 전 작품이라기엔 놀라울 뿐인 영화. 그 시대 최고의 오락 영화시리즈",
    "date": "11.05.10",
    "rating": "10",
    "author": "kism****",
    "review_id": "5420772",
    "movie_id": "10148"
  },
  {
    "review": "허관걸...그가 그리워지는 영화..가장 그다운 영화...그의 노래, 웃음이 그리워지는..",
    "date": "10.09.07",
    "rating": "10",
    "author": "love****",
    "review_id": "4822878",
    "movie_id": "10148"
  },
  {
    "review": "정말 옛날에 봤던건데... 진정한 엑션 블록버스터의 교과서가 아닐까요?",
    "date": "10.04.28",
    "rating": "10",
    "author": "paly****",
    "review_id": "4462961",
    "movie_id": "10148"
  },
  {
    "review": "어렷을때 정말 재밋게 봤는데 지금보니 좀 유치하네",
    "date": "10.04.22",
    "rating": "9",
    "author": "kimh****",
    "review_id": "4449007",
    "movie_id": "10148"
  },
  {
    "review": "이런 웃음이 그립네요",
    "date": "10.02.26",
    "rating": "10",
    "author": "cgc3****",
    "review_id": "4318675",
    "movie_id": "10148"
  },
  {
    "review": "89년도에 이영화를 봤죠.. 나중에알고보니 82년작이더군요~ 제가 국딩땝니다.",
    "date": "10.02.18",
    "rating": "10",
    "author": "rock****",
    "review_id": "4296947",
    "movie_id": "10148"
  },
  {
    "review": "영화는 분명 재미있다 버뜨! 줄거리에 스포를 다 적어놓은건 뭐하자는거냐;;",
    "date": "10.01.21",
    "rating": "10",
    "author": "12oo****",
    "review_id": "4196403",
    "movie_id": "10148"
  },
  {
    "review": "초ㅣ고입니다!",
    "date": "09.12.18",
    "rating": "10",
    "author": "anze****",
    "review_id": "4053707",
    "movie_id": "10148"
  },
  {
    "review": "어렸을때 토요명화에서 봤고 최근에 다시보니 역시 재미있음",
    "date": "09.10.19",
    "rating": "7",
    "author": "thra****",
    "review_id": "3902377",
    "movie_id": "10148"
  },
  {
    "review": "이런영활이제서야보다니!허관걸이란걸출스타를첨알게됐고감독이증지위란것에또놀랐다!",
    "date": "09.07.25",
    "rating": "9",
    "author": "deka****",
    "review_id": "3664832",
    "movie_id": "10148"
  },
  {
    "review": "007과 톰과제리,루니툰,두루피시리즈를 섞어놓은 듯한 코메디영화.",
    "date": "09.06.21",
    "rating": "10",
    "author": "jdjf****",
    "review_id": "3579459",
    "movie_id": "10148"
  },
  {
    "review": "비디오구입해서본영화다역시초판은재미있다.....",
    "date": "09.05.03",
    "rating": "8",
    "author": "ldg0****",
    "review_id": "3462224",
    "movie_id": "10148"
  },
  {
    "review": "너무 재미있다 ㅋㅋ",
    "date": "09.03.07",
    "rating": "10",
    "author": "pop5****",
    "review_id": "3352996",
    "movie_id": "10148"
  },
  {
    "review": "어렸을때 정말 재미있게 봤던 코미디물...주제가도 정말 좋다!!",
    "date": "08.09.23",
    "rating": "10",
    "author": "777s****",
    "review_id": "2965331",
    "movie_id": "10148"
  },
  {
    "review": "재기가 넘쳤던 영화... 유명하OO..",
    "date": "08.08.10",
    "rating": "8",
    "author": "gall****",
    "review_id": "2859485",
    "movie_id": "10148"
  },
  {
    "review": "이 무렵 홍콩코미디는 아이디어의 보물창고였다. 재치와 유치가 공존한다.",
    "date": "08.08.02",
    "rating": "7",
    "author": "bepl****",
    "review_id": "2827376",
    "movie_id": "10148"
  },
  {
    "review": "\"내다리 이뻐?\"",
    "date": "08.06.19",
    "rating": "10",
    "author": "jasm****",
    "review_id": "2707734",
    "movie_id": "10148"
  },
  {
    "review": "허관걸 정말 재미있게 웃겨준다 어리숙함이 더 빛나는 작품",
    "date": "08.06.01",
    "rating": "7",
    "author": "deff****",
    "review_id": "2674884",
    "movie_id": "10148"
  },
  {
    "review": "우울한 시대 상큼한 웃음",
    "date": "08.03.30",
    "rating": "7",
    "author": "meth****",
    "review_id": "2548872",
    "movie_id": "10148"
  },
  {
    "review": "기발한 발상 , 재미도 뛰어나다 .",
    "date": "08.01.06",
    "rating": "9",
    "author": "yoon****",
    "review_id": "2301357",
    "movie_id": "10148"
  },
  {
    "review": "과거의 편한한 유쾌함 ㅋ 년도를 생각하고 어수선한 코미디라고 하지 ↓",
    "date": "07.08.19",
    "rating": "10",
    "author": "park****",
    "review_id": "1960402",
    "movie_id": "10148"
  },
  {
    "review": "어수선한 코미디...",
    "date": "07.08.10",
    "rating": "7",
    "author": "evil****",
    "review_id": "1913645",
    "movie_id": "10148"
  },
  {
    "review": "기발한 발상. 뛰어난 코미디",
    "date": "07.08.08",
    "rating": "7",
    "author": "lsh1****",
    "review_id": "1905628",
    "movie_id": "10148"
  },
  {
    "review": "재치와 센스를 모두 겸비한 홍콩영화..예전에는 홍콩영화가 제일 인기있었지..",
    "date": "07.06.28",
    "rating": "8",
    "author": "skat****",
    "review_id": "1725804",
    "movie_id": "10148"
  },
  {
    "review": "말도 안되는 코미디 당시 기억이 난다",
    "date": "07.04.25",
    "rating": "6",
    "author": "nala****",
    "review_id": "1605084",
    "movie_id": "10148"
  },
  {
    "review": "작곡실력도 출중한 허관걸이 음악도 작사/곡에 주연 까지 !!!",
    "date": "07.02.10",
    "rating": "10",
    "author": "salm****",
    "review_id": "1459270",
    "movie_id": "10148"
  },
  {
    "review": "이정도면 수작이지",
    "date": "07.01.09",
    "rating": "5",
    "author": "ppp0****",
    "review_id": "1369517",
    "movie_id": "10148"
  },
  {
    "review": "특유의 어수선함에 정신없지만 재미있다.",
    "date": "06.12.11",
    "rating": "8",
    "author": "seun****",
    "review_id": "1284798",
    "movie_id": "10148"
  },
  {
    "review": "생각만해도 기발한",
    "date": "06.11.02",
    "rating": "10",
    "author": "zeed****",
    "review_id": "1211623",
    "movie_id": "10148"
  },
  {
    "review": "잊혀지지않는 주제곡과 기발한 장비들.",
    "date": "06.08.23",
    "rating": "8",
    "author": "dhwj****",
    "review_id": "1069486",
    "movie_id": "10148"
  },
  {
    "review": "홍콩판 이인조 어리버리들..ㅋㅋ",
    "date": "06.06.25",
    "rating": "10",
    "author": "shh7****",
    "review_id": "857517",
    "movie_id": "10148"
  },
  {
    "review": "토요명화의 전설",
    "date": "06.06.19",
    "rating": "10",
    "author": "wake****",
    "review_id": "849692",
    "movie_id": "10148"
  },
  {
    "review": "1만 수작!!  나머지 2 3 4 5편은  쓰레기..",
    "date": "06.06.04",
    "rating": "10",
    "author": "ko11****",
    "review_id": "830918",
    "movie_id": "10148"
  },
  {
    "review": "최고의 웃음이었지",
    "date": "05.12.25",
    "rating": "9",
    "author": "kws7****",
    "review_id": "527148",
    "movie_id": "10148"
  },
  {
    "review": "명콤비는 이 두남자에게 딱 어울리는 말이지요 ^^",
    "date": "05.12.09",
    "rating": "9",
    "author": "cat1****",
    "review_id": "498991",
    "movie_id": "10148"
  },
  {
    "review": "가벼운 마음으로 보면 정말 최고의 영화!",
    "date": "05.09.05",
    "rating": "10",
    "author": "nnnn****",
    "review_id": "394133",
    "movie_id": "10148"
  },
  {
    "review": "황당한 내용과 유치함의 극치..노래만좋다..ㅠㅠ",
    "date": "05.08.21",
    "rating": "3",
    "author": "alft****",
    "review_id": "378231",
    "movie_id": "10148"
  },
  {
    "review": "주제가가 아직도 귀에 선하네요.",
    "date": "05.08.08",
    "rating": "8",
    "author": "douk****",
    "review_id": "357383",
    "movie_id": "10148"
  },
  {
    "review": "어릴때 비디오가 집에 있어서 본건데 몇번을 봐도 재밌어요 ㅋ",
    "date": "05.02.28",
    "rating": "10",
    "author": "sh10****",
    "review_id": "232307",
    "movie_id": "10148"
  },
  {
    "review": "80년대 홍콩 최고의 코메디 시리즈~! 대폭소!!!",
    "date": "05.02.06",
    "rating": "10",
    "author": "cuck****",
    "review_id": "209905",
    "movie_id": "10148"
  },
  {
    "review": "대단해요~",
    "date": "04.10.17",
    "rating": "10",
    "author": "imsz****",
    "review_id": "127783",
    "movie_id": "10148"
  },
  {
    "review": "최가박당 씨리즈는 정말 초강추입니다. 숨겨진 명작이죠..",
    "date": "04.09.30",
    "rating": "10",
    "author": "rumi****",
    "review_id": "117833",
    "movie_id": "10148"
  },
  {
    "review": "요즘 이런영화들 티비에서 안해줘서 섭섭...최가박당~~~!!!",
    "date": "04.08.25",
    "rating": "10",
    "author": "pjo7****",
    "review_id": "96452",
    "movie_id": "10148"
  },
  {
    "review": "이게 아마 예전 kbs2에서 해준건데 정말 재밌게 봤음",
    "date": "04.07.03",
    "rating": "9",
    "author": "popo****",
    "review_id": "64689",
    "movie_id": "10148"
  },
  {
    "review": "정말 재미있다.",
    "date": "04.05.21",
    "rating": "10",
    "author": "lty3****",
    "review_id": "44519",
    "movie_id": "10148"
  }
]