[
  {
    "review": "똥망작 열자열자열자열자",
    "date": "15.08.24",
    "rating": "1",
    "author": "gonn****",
    "review_id": "10271449",
    "movie_id": "10142"
  },
  {
    "review": "그 시대 영화 치곤 굉장히 재미있는데 평점이 낮네",
    "date": "15.08.10",
    "rating": "10",
    "author": "indo****",
    "review_id": "10213015",
    "movie_id": "10142"
  },
  {
    "review": "티나 터너가 나오는 부분까진 재밌었다..하지만 마을에서 추방된 뒤로는 내용이 조잡하고 산으로 간다..왜 3가 제일 망작인지 알겠다.",
    "date": "15.07.15",
    "rating": "4",
    "author": "lhj5****",
    "review_id": "10107383",
    "movie_id": "10142"
  },
  {
    "review": "명작은 시대를 가리지 않는다.",
    "date": "15.07.12",
    "rating": "5",
    "author": "tori****",
    "review_id": "10094620",
    "movie_id": "10142"
  },
  {
    "review": "트롤로지 중에 가장 흥미가 떨어지지만 왠만한 영화보다 재미있다",
    "date": "15.06.29",
    "rating": "7",
    "author": "leem****",
    "review_id": "10051939",
    "movie_id": "10142"
  },
  {
    "review": "전편들에 비해 내용이 좀 조잡하고 액션이 멋지진 않지만 나름대로의 색채를 잘살려서 볼만했던것 같다. 스토리의 개연성은 떨어지지만 맥스시리즈를 잘 마무리 지었다",
    "date": "15.06.29",
    "rating": "8",
    "author": "jwbj****",
    "review_id": "10050330",
    "movie_id": "10142"
  },
  {
    "review": "85년이면 내가 초딩때인데 그즘음에 한국영화가 고래사냥이나 깜보 정도가 화제작이었는데 그때 나온영화다 이영화가 평점7.25? 이정도면 10점만점줘도 안아깝다.",
    "date": "15.06.28",
    "rating": "10",
    "author": "fdie****",
    "review_id": "10045234",
    "movie_id": "10142"
  },
  {
    "review": "조지밀러가 매드맥스3 망칠수밖에 없던 이유http://mlbpark.donga.com/mbs/articleV.php?mbsC=bullpen2&mbsIdx=2442807",
    "date": "15.06.25",
    "rating": "7",
    "author": "swsi****",
    "review_id": "10035159",
    "movie_id": "10142"
  },
  {
    "review": "매드맥스의 본질의 잊어버린 작품이라 하지만 나는 사당히 재미있게 봤고 스케일이 커진점에서 좋았다. 특히 1980년대 영화라고는 믿기 힘들게 포스트 아포칼립스 배경을 잘 구현 했다.",
    "date": "15.06.24",
    "rating": "9",
    "author": "skfr****",
    "review_id": "10029299",
    "movie_id": "10142"
  },
  {
    "review": "전작들에 비해 떨어지는 영화..그래도 썩어도 준치",
    "date": "15.06.23",
    "rating": "8",
    "author": "ankd****",
    "review_id": "10024042",
    "movie_id": "10142"
  },
  {
    "review": "종합 평점은 5점 드립니다.",
    "date": "15.06.19",
    "rating": "5",
    "author": "terr****",
    "review_id": "10010601",
    "movie_id": "10142"
  },
  {
    "review": "매드 맥스 시리즈 특유의 사막 차량씬 등 색깔을 보여주면서 영웅 서사시에 탐닉하는 감독의 취향을 엿볼 수 있음. 매드맥스 트릴로지를  관통하는 불행한 운명의 영웅의 모습을 살펴볼 수 있음.  하지만 2편의 울림을 뛰어넘기 힘들어 보임.",
    "date": "15.06.14",
    "rating": "8",
    "author": "elfa****",
    "review_id": "10000862",
    "movie_id": "10142"
  },
  {
    "review": "전작들보다 많이 떨어짐. 티나 터너의 등장 말고는.. 볼거리도 많이 줄어들었고. 보다가 잠이 옴..;; 멜깁슨 젊은시절 모습과 목소리 듣고 싶다면 추천",
    "date": "15.06.13",
    "rating": "6",
    "author": "khj8****",
    "review_id": "9996533",
    "movie_id": "10142"
  },
  {
    "review": "티나터너의 강렬함과 함께한 액션의 진수",
    "date": "15.06.11",
    "rating": "10",
    "author": "duke****",
    "review_id": "9989487",
    "movie_id": "10142"
  },
  {
    "review": "마지막 뒤 액션 장면은 훌륭한데 그 전까지는 스토리도 노 이해고 재미도 없음",
    "date": "15.06.07",
    "rating": "3",
    "author": "ygsh****",
    "review_id": "9980920",
    "movie_id": "10142"
  },
  {
    "review": "끝내 줍니다. 애들이 나와서 판타지적인 면이 없지 않아 있는데 ㅋㅋ",
    "date": "15.06.05",
    "rating": "10",
    "author": "pass****",
    "review_id": "9976398",
    "movie_id": "10142"
  },
  {
    "review": "동시대 나온 레이더스 인디아나존스는 솔직히 스티븐 스필버그라는 당시 최고의 스타감독이 만든 메이저 블럭버스터 영화이고 매드맥스는 메이저 제작사가 제작은 했지만 비급무비로서 제작된거라 완전 다른 경우임 매드맥스 세계관은 하나뿐",
    "date": "15.05.30",
    "rating": "8",
    "author": "wino****",
    "review_id": "9961134",
    "movie_id": "10142"
  },
  {
    "review": "시리즈3편답게 허술해졌지만 B급무비의 정서는 살아있군",
    "date": "15.05.25",
    "rating": "5",
    "author": "guev****",
    "review_id": "9948519",
    "movie_id": "10142"
  },
  {
    "review": "3부작중 가장 아쉬운 작품. 그래도 볼 만하다",
    "date": "15.05.25",
    "rating": "7",
    "author": "nine****",
    "review_id": "9947570",
    "movie_id": "10142"
  },
  {
    "review": "지금봐도 재밌는 매드맥스의 세계관",
    "date": "15.05.23",
    "rating": "8",
    "author": "byul****",
    "review_id": "9940854",
    "movie_id": "10142"
  },
  {
    "review": "매드맥스3 : 피터팬과 이워크들의 모험",
    "date": "15.05.23",
    "rating": "3",
    "author": "soub****",
    "review_id": "9940072",
    "movie_id": "10142"
  },
  {
    "review": "썩 나쁘진 않지만, 동시대에 나온 레이더스, 인디아나존스와 비교하기엔 한참 부족한듯,..",
    "date": "15.05.22",
    "rating": "7",
    "author": "stin****",
    "review_id": "9939595",
    "movie_id": "10142"
  },
  {
    "review": "2때문에 당시에 저평가 받았지만 절대 7점대 영화는 아님 못해도 8점은 받아야할 수작 정말 재미있습니다 티나 터너의 카리스마도 재미를 더해주죠",
    "date": "15.05.21",
    "rating": "10",
    "author": "zzae****",
    "review_id": "9936699",
    "movie_id": "10142"
  },
  {
    "review": "매드맥스2편에 이은 디스토피아 영화로서 손색이없다.. 신화화되는 엔딩은 매드맥스만의 멋진 엔딩!",
    "date": "15.05.20",
    "rating": "8",
    "author": "dhfb****",
    "review_id": "9933307",
    "movie_id": "10142"
  },
  {
    "review": "30년 가까이된 영화라고믿어지질않네요..자꾸빠져들어 끝까지보게되는영화입니다",
    "date": "15.05.20",
    "rating": "9",
    "author": "euns****",
    "review_id": "9932907",
    "movie_id": "10142"
  },
  {
    "review": "3편은 매드맥스 시리즈 특유의 배경과 색이 제일 약하고 카 체이싱 장면이 너무 짧다. 몰입도도 떨어지고 졸림.. 개인적으로 [매드맥스:분노의 도로] 9 . 1편 9 . 2편 8.",
    "date": "15.05.18",
    "rating": "5",
    "author": "yumi****",
    "review_id": "9930309",
    "movie_id": "10142"
  },
  {
    "review": "매드 맥스 1,2와는 느낌이 틀렸다... 스케일이 커지면서 뭔가 좀...",
    "date": "15.05.17",
    "rating": "6",
    "author": "pth3****",
    "review_id": "9927830",
    "movie_id": "10142"
  },
  {
    "review": "네이버 평점보고 크게 기대는 안했지만 생각보다 훌륭했다 80년대 영화치고 이렇게 만든거면 최소 8점이상은 되어야한다 생각한다  그리고 보는 내내 폴아웃 뉴베가스가 생각났다 과연 아포칼립스 원조라 불릴만하다",
    "date": "15.05.15",
    "rating": "10",
    "author": "endl****",
    "review_id": "9918793",
    "movie_id": "10142"
  },
  {
    "review": "만든 둥 마는 둥. 절반으로 떨어진 포스트 아포칼립스.",
    "date": "15.05.15",
    "rating": "5",
    "author": "ogr5****",
    "review_id": "9917987",
    "movie_id": "10142"
  },
  {
    "review": "2편은 하드보일드 였는데 3편에서 갑자기 우뢰매가 되어버렸다...기본 연출력은 조금 좋아 졌지만 스토리는 개연성이 전혀없다.",
    "date": "15.05.13",
    "rating": "7",
    "author": "yepb****",
    "review_id": "9915006",
    "movie_id": "10142"
  },
  {
    "review": "사뭇 달라진 분위기가 당혹스럽다",
    "date": "15.05.10",
    "rating": "7",
    "author": "yser****",
    "review_id": "9909512",
    "movie_id": "10142"
  },
  {
    "review": "7점은 너무 짜다 8점 이상이 맞다",
    "date": "15.05.06",
    "rating": "10",
    "author": "dlck****",
    "review_id": "9900420",
    "movie_id": "10142"
  },
  {
    "review": "인디아나존스 느낌의 매드맥스. 펑키함과 다크함은 어디로? 어드벤처 영화로선 볼만했다.",
    "date": "15.05.06",
    "rating": "6",
    "author": "mvli****",
    "review_id": "9899342",
    "movie_id": "10142"
  },
  {
    "review": "초반은볼만했는데 갑자기애들나와서 갑자기분위기가벼워짐",
    "date": "15.04.30",
    "rating": "7",
    "author": "xx41****",
    "review_id": "9881051",
    "movie_id": "10142"
  },
  {
    "review": "1,2에 비해 스케일이 떨어지긴 하나 시대를 앞선 최고의 영화!!!",
    "date": "15.04.29",
    "rating": "10",
    "author": "robo****",
    "review_id": "9879091",
    "movie_id": "10142"
  },
  {
    "review": "폭주족을 버리니 아동판타지만 남네.",
    "date": "15.02.14",
    "rating": "3",
    "author": "rd72****",
    "review_id": "9697109",
    "movie_id": "10142"
  },
  {
    "review": "전작들에 비해 완성도는 조금떨어지지만 이게 7점대 영화는 절대 아닌데???",
    "date": "15.01.05",
    "rating": "10",
    "author": "ske4****",
    "review_id": "9564164",
    "movie_id": "10142"
  },
  {
    "review": "몰입도가 전편들에 비해 좀 떨어졌었다.",
    "date": "14.12.29",
    "rating": "6",
    "author": "toha****",
    "review_id": "9536030",
    "movie_id": "10142"
  },
  {
    "review": "중학교때 미아리 대지극장에서 단체관람한 맥드맥스3 비욘더 썬더돔 보고 맬깁슨 팬이 되버림",
    "date": "14.12.25",
    "rating": "9",
    "author": "alwc****",
    "review_id": "9512336",
    "movie_id": "10142"
  },
  {
    "review": "황폐해진 미래를 잘 표현한 영화.",
    "date": "14.11.16",
    "rating": "9",
    "author": "kem1****",
    "review_id": "9392712",
    "movie_id": "10142"
  },
  {
    "review": "재미있긴 했으나 1과 2보단 떨어지는 듯.",
    "date": "14.09.09",
    "rating": "7",
    "author": "rand****",
    "review_id": "9189521",
    "movie_id": "10142"
  },
  {
    "review": "for byron ... 3편은 아이들이 주인공이군요.",
    "date": "14.08.03",
    "rating": "5",
    "author": "hero****",
    "review_id": "9018087",
    "movie_id": "10142"
  },
  {
    "review": "도로 위 무법자의 느낌이 강했던 1,2편과 달리 3편은 구원자의 느낌으로 분위기가 달라졌다. 안타까운 건 영화적 재미가 1,2편에 미치지 못한다는 점.",
    "date": "14.07.02",
    "rating": "5",
    "author": "zxc1****",
    "review_id": "8876908",
    "movie_id": "10142"
  },
  {
    "review": "국가의 탄생인가! 신화로 풀어낸 문명재건의 서사시! 시스템 유지를 위해 몰상식과 반칙을 저지르는 부족장! 자신만의 신념으로 대격돌하며 희망을 만든 원맨-아미 맥스! 맑은 新인류의 새 출발! 짜릿한 격투씬, 격렬한 추격씬, 훈훈한 엔딩! 희대의 걸작~!",
    "date": "14.04.19",
    "rating": "10",
    "author": "wana****",
    "review_id": "8658131",
    "movie_id": "10142"
  },
  {
    "review": "재미있긴 하지만 역시 분위기가 달라져서 어색해.",
    "date": "13.12.29",
    "rating": "8",
    "author": "kjj0****",
    "review_id": "8320057",
    "movie_id": "10142"
  },
  {
    "review": "2보단 떨어지지만 오래된 액션 수작.",
    "date": "13.12.13",
    "rating": "10",
    "author": "1119****",
    "review_id": "8210143",
    "movie_id": "10142"
  },
  {
    "review": "4탄 기대중 입니다 응요",
    "date": "13.10.21",
    "rating": "10",
    "author": "jsga****",
    "review_id": "8077219",
    "movie_id": "10142"
  },
  {
    "review": "볼만합니다.  지금 벌써 28년이나 되었지만 지금 봐도 왠만한 허접한 영화보다는 백배 나은 영화",
    "date": "13.09.09",
    "rating": "7",
    "author": "adiv****",
    "review_id": "7961492",
    "movie_id": "10142"
  },
  {
    "review": "세편 다 색채가 다른 신나는 트릴로지",
    "date": "13.07.22",
    "rating": "10",
    "author": "pobo****",
    "review_id": "7776309",
    "movie_id": "10142"
  },
  {
    "review": "평점조절",
    "date": "13.07.16",
    "rating": "10",
    "author": "gene****",
    "review_id": "7748940",
    "movie_id": "10142"
  },
  {
    "review": "구니스와 피터팬의 짬뽕",
    "date": "13.05.23",
    "rating": "7",
    "author": "sinb****",
    "review_id": "7549071",
    "movie_id": "10142"
  },
  {
    "review": "이건 별로라 하겠다.",
    "date": "13.04.25",
    "rating": "6",
    "author": "dlwo****",
    "review_id": "7479241",
    "movie_id": "10142"
  },
  {
    "review": "4편이 나온다는데 으흠 ㅋㅋㅋ",
    "date": "12.05.02",
    "rating": "8",
    "author": "kngc****",
    "review_id": "6264420",
    "movie_id": "10142"
  },
  {
    "review": "흠... 결국 망가지다.",
    "date": "12.04.04",
    "rating": "1",
    "author": "pria****",
    "review_id": "6193583",
    "movie_id": "10142"
  },
  {
    "review": "화면 속으로 빨아들이는 호주의 광경! 그 뿐",
    "date": "12.04.03",
    "rating": "4",
    "author": "bbq2****",
    "review_id": "6190275",
    "movie_id": "10142"
  },
  {
    "review": "폴아웃 주인공을 떠올리게 하는 매드맥스 주인공.",
    "date": "12.01.12",
    "rating": "10",
    "author": "sukm****",
    "review_id": "5980835",
    "movie_id": "10142"
  },
  {
    "review": "이건 너무 말이 많아졌다. 매드맥스2가 걸작.",
    "date": "11.09.13",
    "rating": "6",
    "author": "omgg****",
    "review_id": "5728811",
    "movie_id": "10142"
  },
  {
    "review": "맥스를 신봉하는 사교집단 장면이 기억에 남는다.",
    "date": "11.08.01",
    "rating": "6",
    "author": "suse****",
    "review_id": "5589132",
    "movie_id": "10142"
  },
  {
    "review": "이딴 영화가 어떻게 7이나 되지   세븐을  디즈니 만화 영화로 만들어버린 수준.",
    "date": "11.07.13",
    "rating": "1",
    "author": "ani0****",
    "review_id": "5540936",
    "movie_id": "10142"
  },
  {
    "review": "말이 필요없다 평점 따위도 필요없고 보면 되 최고의영화를두고 평가하는것도 이상해",
    "date": "11.05.16",
    "rating": "10",
    "author": "pain****",
    "review_id": "5432092",
    "movie_id": "10142"
  },
  {
    "review": "놀고있네. 80년대에 봤지만 그때에도 전작들보다 별로였던건 사실이었단다.",
    "date": "11.03.28",
    "rating": "7",
    "author": "g539****",
    "review_id": "5340339",
    "movie_id": "10142"
  },
  {
    "review": "갠적으론 3편이 가장 기억에남음..",
    "date": "11.03.24",
    "rating": "9",
    "author": "mais****",
    "review_id": "5331641",
    "movie_id": "10142"
  },
  {
    "review": "평점이 7점.. 장난하냐.. 이 영화를 함부로 판단하지마라",
    "date": "11.03.18",
    "rating": "10",
    "author": "akai****",
    "review_id": "5320474",
    "movie_id": "10142"
  },
  {
    "review": "80년대를 안살아본것들이 뭐라고 지껄이냐??",
    "date": "11.03.05",
    "rating": "10",
    "author": "atoz****",
    "review_id": "5294069",
    "movie_id": "10142"
  },
  {
    "review": "진지한 척 하지만 중반 넘어서 애들 나오면서 분위기가 매우 가족적이 된다. 황당.",
    "date": "11.01.04",
    "rating": "5",
    "author": "ned_****",
    "review_id": "5128502",
    "movie_id": "10142"
  },
  {
    "review": "다소진부한내용 노래부르던 티나터너가 왜출연했을까?",
    "date": "10.12.10",
    "rating": "6",
    "author": "thra****",
    "review_id": "5042292",
    "movie_id": "10142"
  },
  {
    "review": "어디까지나 전작들이 너무 강렬했던게다. 이정도로도 웬만큼 재미는 갖추고 있다",
    "date": "10.12.07",
    "rating": "7",
    "author": "gall****",
    "review_id": "5035161",
    "movie_id": "10142"
  },
  {
    "review": "폴아웃같은 느낌 포근하고 익숙",
    "date": "10.09.24",
    "rating": "10",
    "author": "okaa****",
    "review_id": "4864501",
    "movie_id": "10142"
  },
  {
    "review": "멋진 영화이다",
    "date": "10.06.15",
    "rating": "10",
    "author": "jm01****",
    "review_id": "4566969",
    "movie_id": "10142"
  },
  {
    "review": "헐리웃자본이라 화면땟갈은 3편이 최고. 마지막 무너진 도시를 날던 장면이 잊혀지지",
    "date": "10.05.09",
    "rating": "9",
    "author": "redo****",
    "review_id": "4489758",
    "movie_id": "10142"
  },
  {
    "review": "..........맥스 is Dead",
    "date": "10.03.31",
    "rating": "3",
    "author": "expr****",
    "review_id": "4400539",
    "movie_id": "10142"
  },
  {
    "review": "돈에 눈이먼 투자자들때문에 영화가 OO이 됐다",
    "date": "10.03.17",
    "rating": "5",
    "author": "w427****",
    "review_id": "4363261",
    "movie_id": "10142"
  },
  {
    "review": "후반부로 갈수록 동심의 세계로..",
    "date": "08.12.28",
    "rating": "1",
    "author": "cheo****",
    "review_id": "3159832",
    "movie_id": "10142"
  },
  {
    "review": "이야기의 마지막은 추격씬이구나 시리즈는 계속되어야만 한다.",
    "date": "08.12.21",
    "rating": "7",
    "author": "izzo****",
    "review_id": "3136503",
    "movie_id": "10142"
  },
  {
    "review": "'고독'과 '질주'를 상실한 맥스. \"Where are you going?\"",
    "date": "08.11.21",
    "rating": "7",
    "author": "goma****",
    "review_id": "3063569",
    "movie_id": "10142"
  },
  {
    "review": "워터월드 보단 조금 낮지만. 청소년 영화가 되버린 느낌...",
    "date": "08.08.27",
    "rating": "5",
    "author": "evil****",
    "review_id": "2905251",
    "movie_id": "10142"
  },
  {
    "review": "3편이 볼거리도 많고 좋은데... 1.2편은 b급영화같음. 특히1편..",
    "date": "08.08.07",
    "rating": "10",
    "author": "thdw****",
    "review_id": "2846789",
    "movie_id": "10142"
  },
  {
    "review": "재미있었는데",
    "date": "08.07.25",
    "rating": "10",
    "author": "dlxo****",
    "review_id": "2801146",
    "movie_id": "10142"
  },
  {
    "review": "2편이 너무 걸작이었나 보다 3편은 힘이 많이 부치는 모습",
    "date": "08.07.23",
    "rating": "6",
    "author": "deff****",
    "review_id": "2795071",
    "movie_id": "10142"
  },
  {
    "review": "3편은 좀 아니다",
    "date": "08.06.30",
    "rating": "6",
    "author": "yasu****",
    "review_id": "2731431",
    "movie_id": "10142"
  },
  {
    "review": "역시 전편과 더불어 재밌다.  마지막은 여운까지..... 4 제작중이라는데.. 기대된다.",
    "date": "08.06.26",
    "rating": "10",
    "author": "yell****",
    "review_id": "2721946",
    "movie_id": "10142"
  },
  {
    "review": "너무나 줄어든 자동차의 비중과 폭력성과 미래에대한 암울함",
    "date": "08.01.13",
    "rating": "7",
    "author": "csw8****",
    "review_id": "2326405",
    "movie_id": "10142"
  },
  {
    "review": "시리즈 특유의 어두운분위기과 폭력성이 줄었다...여전히 매력은있지만",
    "date": "07.12.05",
    "rating": "7",
    "author": "r922****",
    "review_id": "2208635",
    "movie_id": "10142"
  },
  {
    "review": "세월이 흘렀는지 매드맥스가 정상으로 돌아가는건지 좀 약해진 맥스..",
    "date": "07.11.24",
    "rating": "8",
    "author": "secu****",
    "review_id": "2179490",
    "movie_id": "10142"
  },
  {
    "review": "더욱스펙터클해졌지만... 2편만하진 못하다!멜깁슨은 여전히 멋있었던...",
    "date": "07.11.16",
    "rating": "8",
    "author": "radi****",
    "review_id": "2154976",
    "movie_id": "10142"
  },
  {
    "review": "기차 추적신이 제일 재밌네요!! 후라이팬으로 얼굴 후려쌔리기 압권 ㄱ-",
    "date": "07.10.28",
    "rating": "10",
    "author": "rhkd****",
    "review_id": "2117475",
    "movie_id": "10142"
  },
  {
    "review": "무기는 여기에 맡겨,.,. 무기가 우르르르  코미디가 늘었네",
    "date": "07.10.26",
    "rating": "8",
    "author": "limj****",
    "review_id": "2112308",
    "movie_id": "10142"
  },
  {
    "review": "매드맥스 세계관은 여전히 매력있지만 특유의 어두운 분위기가 줄었다",
    "date": "07.10.20",
    "rating": "7",
    "author": "joj8****",
    "review_id": "2100377",
    "movie_id": "10142"
  },
  {
    "review": "good",
    "date": "07.10.18",
    "rating": "4",
    "author": "cles****",
    "review_id": "2096920",
    "movie_id": "10142"
  },
  {
    "review": "매드 맥스 시리즈 특징인 폭력성도 줄었고, 아동영화가 되었다.",
    "date": "07.10.07",
    "rating": "5",
    "author": "xxss****",
    "review_id": "2075839",
    "movie_id": "10142"
  },
  {
    "review": "전작들의 어두운 분위기는 어디론가 가버리고 아동물이 되어서 돌아온 영웅",
    "date": "07.09.27",
    "rating": "10",
    "author": "baks****",
    "review_id": "2054070",
    "movie_id": "10142"
  },
  {
    "review": "인디애나존스가 되어버린 매드맥스3... 역시 2편이 명작!",
    "date": "07.08.27",
    "rating": "6",
    "author": "sham****",
    "review_id": "1984081",
    "movie_id": "10142"
  },
  {
    "review": "상당히 잼있다.. 상업적이라고 해야하나..",
    "date": "07.07.10",
    "rating": "10",
    "author": "pyk9****",
    "review_id": "1763241",
    "movie_id": "10142"
  },
  {
    "review": "단언컨데 이 시리즈는 3편이 가장 재미있고 구성도 뛰어나다.",
    "date": "07.06.01",
    "rating": "9",
    "author": "west****",
    "review_id": "1675354",
    "movie_id": "10142"
  },
  {
    "review": "갠적으론 3편이 가장 기억에 남는다 결투장면이 특히...",
    "date": "07.05.16",
    "rating": "7",
    "author": "nala****",
    "review_id": "1641221",
    "movie_id": "10142"
  },
  {
    "review": "재밌기만 하구만",
    "date": "07.04.01",
    "rating": "9",
    "author": "bloo****",
    "review_id": "1566054",
    "movie_id": "10142"
  },
  {
    "review": "잘은 모르겠지만 나쁘지 않은 듯..",
    "date": "07.01.27",
    "rating": "8",
    "author": "re_v****",
    "review_id": "1417660",
    "movie_id": "10142"
  },
  {
    "review": "민들레씨앗처럼날아가서뿌리내린문명이대를이어전하는이야기.",
    "date": "07.01.11",
    "rating": "10",
    "author": "mydu****",
    "review_id": "1376037",
    "movie_id": "10142"
  },
  {
    "review": "이건좀 평이 엇갈리나??",
    "date": "06.12.31",
    "rating": "8",
    "author": "mrxx****",
    "review_id": "1344028",
    "movie_id": "10142"
  },
  {
    "review": "1,2편보다 돈만 더 들였다. 시리즈 끝",
    "date": "06.12.01",
    "rating": "5",
    "author": "ysuh****",
    "review_id": "1260758",
    "movie_id": "10142"
  }
]