[
  {
    "review": "티나와 글렌의 죽음 당시에 너무나 큰 충격과 공포였다",
    "date": "15.07.28",
    "rating": "9",
    "author": "cool****",
    "review_id": "10153434",
    "movie_id": "10149"
  },
  {
    "review": "예전엔 몰랐는데 다시 보니 낸시 남친이 조니뎁이었네...완전 꽃미남..",
    "date": "15.04.06",
    "rating": "10",
    "author": "sall****",
    "review_id": "9831654",
    "movie_id": "10149"
  },
  {
    "review": "시대를 앞서가는 공포감과 긴장감 그리고 캐릭터",
    "date": "15.03.01",
    "rating": "7",
    "author": "rcan****",
    "review_id": "9751375",
    "movie_id": "10149"
  },
  {
    "review": "기존과는 색다른 공포.. 그 당시에 봤으면 진짜 충격이였을듯",
    "date": "15.02.13",
    "rating": "6",
    "author": "binn****",
    "review_id": "9692814",
    "movie_id": "10149"
  },
  {
    "review": "뛰어난 상상이 상상으로 그친다",
    "date": "15.02.12",
    "rating": "5",
    "author": "rd72****",
    "review_id": "9691184",
    "movie_id": "10149"
  },
  {
    "review": "첫사랑 그녀와 본 첫번째 영화.",
    "date": "14.12.02",
    "rating": "9",
    "author": "stev****",
    "review_id": "9440742",
    "movie_id": "10149"
  },
  {
    "review": "제이슨과 함께 가장 유명한 호러캐릭터인 프레디 시리즈의 첫 편. 악몽이 죽음으로 이어진다는 소재가 상당히 흥미롭다. 명장면이 많이 있지만, 특히 피가 천장으로 쏟구쳐 오르는 장면은 정말 쇼킹하다.",
    "date": "14.11.02",
    "rating": "10",
    "author": "kjk9****",
    "review_id": "9335264",
    "movie_id": "10149"
  },
  {
    "review": "기존 슬래셔의 살인마들을 압도하는 강력한 포스 프레디의 등장",
    "date": "14.10.23",
    "rating": "6",
    "author": "goms****",
    "review_id": "9309292",
    "movie_id": "10149"
  },
  {
    "review": "꿈이라는 소재를 이용한 특색있는 공포영화... 앞으로가 기대되네.",
    "date": "14.09.07",
    "rating": "8",
    "author": "seri****",
    "review_id": "9181457",
    "movie_id": "10149"
  },
  {
    "review": "상당히 재미 있었다. ㅎ ㅎ",
    "date": "14.09.04",
    "rating": "10",
    "author": "pc59****",
    "review_id": "9166302",
    "movie_id": "10149"
  },
  {
    "review": "엄청난 센세이션을 일으켰다고는 하지만 지금 보니 약간 부족한 기승전결이 아쉽다.",
    "date": "14.08.07",
    "rating": "10",
    "author": "ajtw****",
    "review_id": "9047054",
    "movie_id": "10149"
  },
  {
    "review": "초딩때봤었는데 너무 어린나이에 봐서 복도에서 시체 끌려간 핏자국이 어찌나 무섭던지.  밤잠 못자던 기억이.  심각하게 공포스러웠다는.  꿈이라는 소재를 이용한 요즘에도 나오기 힘든 수작.",
    "date": "14.08.03",
    "rating": "10",
    "author": "sdss****",
    "review_id": "9014122",
    "movie_id": "10149"
  },
  {
    "review": "나홀로 집에의 케빈이  이 영화에서 보고 배운듯",
    "date": "14.07.30",
    "rating": "8",
    "author": "1pim****",
    "review_id": "8985019",
    "movie_id": "10149"
  },
  {
    "review": "조니뎁이 배꼽티입고 나왔음 ㅋㅋㅋㅋ",
    "date": "14.07.13",
    "rating": "10",
    "author": "egoi****",
    "review_id": "8914001",
    "movie_id": "10149"
  },
  {
    "review": "귀여운 프레디 쿠르거.. 어릴때 성경학교 선생이 이 영화 이야기 해줘서 며칠 잠을 못잤었지.. 조니댑이 침대로 빨려들어가고 하늘로 피기둥이 솟는 장면 멋졌다.. 맨 마지막 배웅하던 엄마가 문속으로 빨려들어가는 장면두 굿..",
    "date": "14.05.15",
    "rating": "7",
    "author": "danz****",
    "review_id": "8734539",
    "movie_id": "10149"
  },
  {
    "review": "말이 필요없는 최고의 공포영화",
    "date": "14.02.16",
    "rating": "10",
    "author": "deco****",
    "review_id": "8513460",
    "movie_id": "10149"
  },
  {
    "review": "엘름가의 악몽. 지루한 면이 있지만 독특한 소재의 시작. 초반에 금발 단발 머리 여자가 예뻐서 여주인공인 줄 알았는디 초반에 바로 죽네유. 덜 예쁘지만 몸매 빵빵한 갈색 머리 여자가 주인공이네유. 프레디 크루거 캐릭터의 시작이네유.",
    "date": "14.02.09",
    "rating": "5",
    "author": "real****",
    "review_id": "8493994",
    "movie_id": "10149"
  },
  {
    "review": "마지막엔 나홀로 집에 보는 줄 ㅋ 몇일간 잠 못잔 낸시가 20살처럼 보인다며 속상해 했을때 좀 화났다 글렌이 조니뎁이였다니...",
    "date": "14.02.06",
    "rating": "8",
    "author": "taeg****",
    "review_id": "8479781",
    "movie_id": "10149"
  },
  {
    "review": "무섭지도 않고 감흥도 없다",
    "date": "14.01.31",
    "rating": "1",
    "author": "mara****",
    "review_id": "8454359",
    "movie_id": "10149"
  },
  {
    "review": "나이트메어시리즈 중 가장 최초이며 베스트 작품. 처음에 봤을때는 참 재밌었는데 지금 다시 보니 좀 유치한 감이 있다.",
    "date": "13.12.28",
    "rating": "7",
    "author": "wjrh****",
    "review_id": "8317477",
    "movie_id": "10149"
  },
  {
    "review": "@내 인생 최고의 공포영화@",
    "date": "13.09.26",
    "rating": "10",
    "author": "baks****",
    "review_id": "8016015",
    "movie_id": "10149"
  },
  {
    "review": "소재가 참신해서 좋고 무서운 것 보다는 재미있어요!!ㅋㅋㅋㅋ귀신 악령 이딴거 아니라서 재밌게 봤음 ㅋㅋ",
    "date": "13.09.22",
    "rating": "9",
    "author": "stel****",
    "review_id": "8008984",
    "movie_id": "10149"
  },
  {
    "review": "80년대 치곤 잘만든 영화지만 그뒤에 속편이 별로였다",
    "date": "13.06.01",
    "rating": "7",
    "author": "neja****",
    "review_id": "7569072",
    "movie_id": "10149"
  },
  {
    "review": "일본에서는 히트 쳤던 영화...  하지만 한국은...",
    "date": "13.05.01",
    "rating": "6",
    "author": "adiv****",
    "review_id": "7497870",
    "movie_id": "10149"
  },
  {
    "review": "초등학교때 정말 무섭게 봐서~ 잠도 못잤던거  기억나서 다운 받아 봤는데~ 요새 너무 무섭고 잔인한 공포영화를 마니 봐서 그런가 별루 무섭지가 않네 ;;;",
    "date": "13.04.20",
    "rating": "7",
    "author": "efb0****",
    "review_id": "7471433",
    "movie_id": "10149"
  },
  {
    "review": "기나긴 나이트메어 시리즈의 시작",
    "date": "13.01.27",
    "rating": "7",
    "author": "awak****",
    "review_id": "7181586",
    "movie_id": "10149"
  },
  {
    "review": "때론 귀엽고 때론 놀라우나 무섭다고는 할 수 없다",
    "date": "13.01.20",
    "rating": "4",
    "author": "kos4****",
    "review_id": "7137255",
    "movie_id": "10149"
  },
  {
    "review": "액션은 프레데터, SF는 터미네이터, 공포는 나이트메어, 멜로는 천녀유혼이 내 고딩시절을 장악했다. 해서 난 웨스 크레이븐과 제임스 카메런 , 서극 감독을 죽도록 잊지 못할 것이다...^^ 쵝오!!",
    "date": "12.09.01",
    "rating": "10",
    "author": "spar****",
    "review_id": "6660528",
    "movie_id": "10149"
  },
  {
    "review": "현실감은 없지만 진짜 무섭긴 무섭지.",
    "date": "12.07.29",
    "rating": "9",
    "author": "true****",
    "review_id": "6552204",
    "movie_id": "10149"
  },
  {
    "review": "최고.. !!",
    "date": "12.07.13",
    "rating": "10",
    "author": "badl****",
    "review_id": "6475005",
    "movie_id": "10149"
  },
  {
    "review": "개봉 당시 두번 봤음...당시 개봉관이 국도극장이였나?이제는 기억도 희미해지고있네...여하튼 프레디는 공포였다...",
    "date": "12.07.13",
    "rating": "10",
    "author": "ppop****",
    "review_id": "6473913",
    "movie_id": "10149"
  },
  {
    "review": "프레디는이때가 개무서웠지",
    "date": "12.07.07",
    "rating": "9",
    "author": "zeus****",
    "review_id": "6452849",
    "movie_id": "10149"
  },
  {
    "review": "굿~",
    "date": "12.06.11",
    "rating": "8",
    "author": "firs****",
    "review_id": "6384068",
    "movie_id": "10149"
  },
  {
    "review": "세월에 흐름에도 건장한 공포물",
    "date": "12.04.29",
    "rating": "9",
    "author": "cndx****",
    "review_id": "6257224",
    "movie_id": "10149"
  },
  {
    "review": "80년대스러운 전자음악이 긴장감을 살리는 듯",
    "date": "12.01.25",
    "rating": "9",
    "author": "sg2s****",
    "review_id": "6018617",
    "movie_id": "10149"
  },
  {
    "review": "Robert Englund신고",
    "date": "11.12.21",
    "rating": "10",
    "author": "yoyo****",
    "review_id": "5918868",
    "movie_id": "10149"
  },
  {
    "review": "80년대 특수분장을 보는 또다른재미",
    "date": "11.09.21",
    "rating": "9",
    "author": "virt****",
    "review_id": "5744807",
    "movie_id": "10149"
  },
  {
    "review": "공포영화계의 전설 중 하나.. 그 때는 정말 기발한 발상..",
    "date": "11.08.17",
    "rating": "9",
    "author": "tscm****",
    "review_id": "5664131",
    "movie_id": "10149"
  },
  {
    "review": "ㅠㅠ.....공포영화를 보면서 웃긴 적도 오랜만이네요. 구성과 소재만 놓고 보면 굿",
    "date": "11.07.24",
    "rating": "7",
    "author": "kjau****",
    "review_id": "5566352",
    "movie_id": "10149"
  },
  {
    "review": "공포영화의 진수! 프레디크루거라는 캐릭터의 매력을 느끼게 해준 영화!",
    "date": "11.07.18",
    "rating": "10",
    "author": "offg****",
    "review_id": "5552290",
    "movie_id": "10149"
  },
  {
    "review": "완전 볼만한영화 !",
    "date": "11.07.04",
    "rating": "10",
    "author": "rudg****",
    "review_id": "5522154",
    "movie_id": "10149"
  },
  {
    "review": "어렸을 때는 상당히 무서웠던 걸로 기억하는데, 지금 보니 코메디",
    "date": "11.04.14",
    "rating": "6",
    "author": "cont****",
    "review_id": "5373964",
    "movie_id": "10149"
  },
  {
    "review": "어렸을 때라 더 충격이었던 영화",
    "date": "11.03.18",
    "rating": "8",
    "author": "rlad****",
    "review_id": "5320821",
    "movie_id": "10149"
  },
  {
    "review": "조니뎁 보려고 본 영화... 재밌다아 ㅋㅋㅋㅋ",
    "date": "11.03.06",
    "rating": "10",
    "author": "imag****",
    "review_id": "5296693",
    "movie_id": "10149"
  },
  {
    "review": "이 영화 짱(엄마꺼 빌림)     ^^참고^^     (이제초1)",
    "date": "11.03.02",
    "rating": "10",
    "author": "ejle****",
    "review_id": "5289888",
    "movie_id": "10149"
  },
  {
    "review": "전 이 영화 관람 이후 26년 동안 단 한번의 공포영화도 못 보고 있습니다. .",
    "date": "11.01.15",
    "rating": "10",
    "author": "hyun****",
    "review_id": "5158912",
    "movie_id": "10149"
  },
  {
    "review": "똑똑한 공포 영화.",
    "date": "11.01.14",
    "rating": "9",
    "author": "lemo****",
    "review_id": "5157016",
    "movie_id": "10149"
  },
  {
    "review": "공포의 시적 승화",
    "date": "10.12.11",
    "rating": "8",
    "author": "korn****",
    "review_id": "5043893",
    "movie_id": "10149"
  },
  {
    "review": "중학교때 비디오로 봤었는데 다시 보고 싶네...꽤 괜찮았던 작품 역시 크레이븐",
    "date": "10.11.02",
    "rating": "6",
    "author": "thra****",
    "review_id": "4934720",
    "movie_id": "10149"
  },
  {
    "review": "classic",
    "date": "10.10.22",
    "rating": "10",
    "author": "hydr****",
    "review_id": "4914820",
    "movie_id": "10149"
  },
  {
    "review": "공포영화계의 다크나이트",
    "date": "10.10.02",
    "rating": "10",
    "author": "hari****",
    "review_id": "4879433",
    "movie_id": "10149"
  },
  {
    "review": "중학교때 울면서 봤던영화. 이전도 이후도 이영화만한 공포물은 없었다.",
    "date": "10.08.14",
    "rating": "10",
    "author": "mang****",
    "review_id": "4748077",
    "movie_id": "10149"
  },
  {
    "review": "아래님 조니뎁은 침대에서 죽은애입니다.",
    "date": "10.08.09",
    "rating": "10",
    "author": "alsl****",
    "review_id": "4725855",
    "movie_id": "10149"
  },
  {
    "review": "조니뎁이 누구로나왓더라? 아 살인누명쓰고목매달리는남자!ㅋㅋ",
    "date": "10.07.28",
    "rating": "10",
    "author": "flyk****",
    "review_id": "4680044",
    "movie_id": "10149"
  },
  {
    "review": "요즘 나오는 공포물보다 훨씬 볼만함",
    "date": "10.07.27",
    "rating": "10",
    "author": "lsyu****",
    "review_id": "4677806",
    "movie_id": "10149"
  },
  {
    "review": "예전에 보고 잠도 못잤는데...다시 봐도 무섭다...",
    "date": "10.06.05",
    "rating": "9",
    "author": "cudd****",
    "review_id": "4545550",
    "movie_id": "10149"
  },
  {
    "review": "이 영화 걸작이지~!!ㅎㅎ 이렇게 만들면 돈주고 보고싶다진짜~",
    "date": "10.05.28",
    "rating": "10",
    "author": "hsh6****",
    "review_id": "4528020",
    "movie_id": "10149"
  },
  {
    "review": "초반부터 압도하는 공포의 분위기,음악,시각적 공포,매력 등 모든 것을 갖춘 명작.",
    "date": "10.05.14",
    "rating": "10",
    "author": "oasi****",
    "review_id": "4497349",
    "movie_id": "10149"
  },
  {
    "review": "중딩때봤는데 잠을못잤다..더럽게무서웠던기억이..무서웠던걸루는당연1위다",
    "date": "10.05.11",
    "rating": "10",
    "author": "pama****",
    "review_id": "4492734",
    "movie_id": "10149"
  },
  {
    "review": "고등학교때 이영화 보고 얼마동안 낮잠을 못잤다.. 완전 빠져서 본 영화중에 하나",
    "date": "10.04.26",
    "rating": "10",
    "author": "pdru****",
    "review_id": "4458334",
    "movie_id": "10149"
  },
  {
    "review": "헤더 랭건캠프를 보는 재미 정도. 슬래셔의 공식을 살리지 못함. 속편들이 더 나음.",
    "date": "10.03.29",
    "rating": "4",
    "author": "stit****",
    "review_id": "4395632",
    "movie_id": "10149"
  },
  {
    "review": "흔하디 흔한 공포물을 넘어선 시나리오의 승리!",
    "date": "10.03.03",
    "rating": "9",
    "author": "mygr****",
    "review_id": "4331110",
    "movie_id": "10149"
  },
  {
    "review": "꽤나 옛날영화지만 상당히 무서움과 동시에 재미있네요",
    "date": "10.01.21",
    "rating": "8",
    "author": "dmsr****",
    "review_id": "4196251",
    "movie_id": "10149"
  },
  {
    "review": "아무리 명작이라도 20년 전꺼라서 그런지 요즘 영화에 비해 약하다.",
    "date": "09.11.25",
    "rating": "6",
    "author": "yosh****",
    "review_id": "3989506",
    "movie_id": "10149"
  },
  {
    "review": "난 이 영화를 본 뒤, 프레디의 그 흉칙한 얼굴만 기억 남는다...",
    "date": "09.10.31",
    "rating": "10",
    "author": "gema****",
    "review_id": "3926512",
    "movie_id": "10149"
  },
  {
    "review": "이렇게 공포에 떨어보긴 처음이다, 이제 어떻게 잠을 자지 하는 생각밖에 안든다 휴",
    "date": "09.10.29",
    "rating": "10",
    "author": "like****",
    "review_id": "3922462",
    "movie_id": "10149"
  },
  {
    "review": "현존하는 공포영화중 최고다..  13금도 이영화를따라갈순 없다.",
    "date": "09.09.04",
    "rating": "10",
    "author": "voor****",
    "review_id": "3811304",
    "movie_id": "10149"
  },
  {
    "review": "조니뎁 대뷔작 꿈속이 현실이 되는 공포 잠을 못이루는 공포",
    "date": "09.08.22",
    "rating": "6",
    "author": "hjj5****",
    "review_id": "3776122",
    "movie_id": "10149"
  },
  {
    "review": "역사에 길이 남을 새로운 장르로서의 호러무비의 완성",
    "date": "09.08.16",
    "rating": "10",
    "author": "powp****",
    "review_id": "3753371",
    "movie_id": "10149"
  },
  {
    "review": "ㅋㅋ 완전 재미있는 것 프레디vs제이슨도 재밌다, ㅋㅋ",
    "date": "09.08.13",
    "rating": "10",
    "author": "wwwl****",
    "review_id": "3744842",
    "movie_id": "10149"
  },
  {
    "review": "말도안되 최고다",
    "date": "09.08.08",
    "rating": "10",
    "author": "elle****",
    "review_id": "3721803",
    "movie_id": "10149"
  },
  {
    "review": "전형적 형식의 호러영화를 완전히 새롭게 바꾸는 웨스 크레이븐의 마법",
    "date": "09.08.04",
    "rating": "9",
    "author": "enfl****",
    "review_id": "3706269",
    "movie_id": "10149"
  },
  {
    "review": "실제같은꿈을가끔씩꾼다공포적인음악시리즈로나올만한스토리다",
    "date": "09.08.04",
    "rating": "9",
    "author": "zzzo****",
    "review_id": "3706210",
    "movie_id": "10149"
  },
  {
    "review": "개봉당시 개봉관에서 두번봣음...당시엔 엄청충격이었음......",
    "date": "09.07.15",
    "rating": "10",
    "author": "fnsk****",
    "review_id": "3632900",
    "movie_id": "10149"
  },
  {
    "review": "아핳. 서른살 먹고 보려니 좀 유치하더이다. 그래도 세월을 감안하면, 추천",
    "date": "09.06.14",
    "rating": "7",
    "author": "pass****",
    "review_id": "3565414",
    "movie_id": "10149"
  },
  {
    "review": "마지막 장면은 인형티가 팍팍나서 우스웠지만 역시 명성대로 고전호러의 걸작인듯",
    "date": "09.06.01",
    "rating": "9",
    "author": "west****",
    "review_id": "3537133",
    "movie_id": "10149"
  },
  {
    "review": "내가태어나기도 전에나온영화지만, 세련된 연출과 특수효과, 재미있다.",
    "date": "09.05.06",
    "rating": "9",
    "author": "naru****",
    "review_id": "3475427",
    "movie_id": "10149"
  },
  {
    "review": "이야.. 80년대영화치곤 세련된걸?이런게 호러명작! 내용도 주인공도 정말 참신하다.",
    "date": "09.04.24",
    "rating": "10",
    "author": "yeei****",
    "review_id": "3437992",
    "movie_id": "10149"
  },
  {
    "review": "어렸을땐 무서워서 잠도 못잤는데 지금은 그냥 코미디ㅋ프레디짱귀여움",
    "date": "09.02.24",
    "rating": "10",
    "author": "jaeh****",
    "review_id": "3329299",
    "movie_id": "10149"
  },
  {
    "review": "초딩때 이거보고 잠을 못잤다는........",
    "date": "09.01.28",
    "rating": "8",
    "author": "rhkd****",
    "review_id": "3258158",
    "movie_id": "10149"
  },
  {
    "review": "80년대 당시 개봉관에서 본영화입니다. 역시 공포영화걸작입니다.",
    "date": "08.12.29",
    "rating": "10",
    "author": "gian****",
    "review_id": "3163721",
    "movie_id": "10149"
  },
  {
    "review": "지금봐도 놀랍고 세련됐다. 웨스 크레이븐은 진짜 공포영화계의 보물",
    "date": "08.10.16",
    "rating": "9",
    "author": "linu****",
    "review_id": "3002184",
    "movie_id": "10149"
  },
  {
    "review": "프레디 그의 시작... 제이슨보다 개인적으로 무서운 ㅡㅡ",
    "date": "08.08.27",
    "rating": "10",
    "author": "shee****",
    "review_id": "2906294",
    "movie_id": "10149"
  },
  {
    "review": "중학교때 물상선생님이 들려주던 공포이야기",
    "date": "08.08.09",
    "rating": "10",
    "author": "femm****",
    "review_id": "2856646",
    "movie_id": "10149"
  },
  {
    "review": "졸라 무섭다. 잠자기 무서워진다.",
    "date": "08.08.09",
    "rating": "8",
    "author": "jere****",
    "review_id": "2853426",
    "movie_id": "10149"
  },
  {
    "review": "80년대에 저런 특수효과가 가능햇엇다니..",
    "date": "08.07.23",
    "rating": "10",
    "author": "kick****",
    "review_id": "2796615",
    "movie_id": "10149"
  },
  {
    "review": "잠자는 것이 두렵게 만드는 영화. 독특하고 섬뜻하다.",
    "date": "08.07.23",
    "rating": "8",
    "author": "vhzm****",
    "review_id": "2795277",
    "movie_id": "10149"
  },
  {
    "review": "깜짝 등장한 또 하나의 공포물 캐릭터, 이젠 전설로....",
    "date": "08.07.11",
    "rating": "6",
    "author": "si2p****",
    "review_id": "2753801",
    "movie_id": "10149"
  },
  {
    "review": "역시 웨스 크레이븐",
    "date": "08.07.04",
    "rating": "9",
    "author": "blue****",
    "review_id": "2739893",
    "movie_id": "10149"
  },
  {
    "review": "20년이 넘은 작품치고는 괜찮은..",
    "date": "08.07.01",
    "rating": "9",
    "author": "mins****",
    "review_id": "2733996",
    "movie_id": "10149"
  },
  {
    "review": "공포영화 대표작이지! 진짜 무섭고 재미있음. 13일의 금요일과 양대산맥이 아닐까?",
    "date": "08.06.28",
    "rating": "10",
    "author": "jush****",
    "review_id": "2725728",
    "movie_id": "10149"
  },
  {
    "review": "나진짜 무서움모르는데;;이거진짜밤에혼자보고자질러짐",
    "date": "08.05.14",
    "rating": "10",
    "author": "seac****",
    "review_id": "2640439",
    "movie_id": "10149"
  },
  {
    "review": "내가 이영화 본후 매일밤 꿈속에서 나이트메어와 사투를 벌였다.",
    "date": "08.03.12",
    "rating": "10",
    "author": "k952****",
    "review_id": "2517053",
    "movie_id": "10149"
  },
  {
    "review": "침대에서 피 솟구치는 장면은 지금 봐도 섬뜩하다",
    "date": "08.03.02",
    "rating": "10",
    "author": "leed****",
    "review_id": "2497842",
    "movie_id": "10149"
  },
  {
    "review": "후반부로 갈수록 코믹해져요.ㅎㅎ 조니뎁이 지금과 상당히 다르내요. 꽃미남",
    "date": "08.02.27",
    "rating": "9",
    "author": "semi****",
    "review_id": "2486362",
    "movie_id": "10149"
  },
  {
    "review": "잘만든 공포물.. 분위기가 정말 무섭다..",
    "date": "08.02.10",
    "rating": "7",
    "author": "pola****",
    "review_id": "2433072",
    "movie_id": "10149"
  },
  {
    "review": "후반부에 완전 나홀로집에가 되어버린;; 프레디 주인공이 설치한 함정에 허우적ㅋ;",
    "date": "08.02.07",
    "rating": "6",
    "author": "wnra****",
    "review_id": "2418636",
    "movie_id": "10149"
  },
  {
    "review": "1편은 최고, 나머지는 빵점. 웨스크레이븐은 이 영화와 스크림만으로도 위대하다.",
    "date": "08.01.28",
    "rating": "9",
    "author": "acin****",
    "review_id": "2381334",
    "movie_id": "10149"
  },
  {
    "review": "초딩때보고 충격먹은 영화 잠도못자고 혼자서도 못다니꼬.ㅠㅠ",
    "date": "08.01.26",
    "rating": "10",
    "author": "snow****",
    "review_id": "2372066",
    "movie_id": "10149"
  },
  {
    "review": "공포영화의수작! 정말이걸보면 내가 밤에 나이트메어에 시달리게된다..ㅡ_ㅡ",
    "date": "08.01.15",
    "rating": "10",
    "author": "7let****",
    "review_id": "2333465",
    "movie_id": "10149"
  }
]