[
  {
    "review": "옛날 영화다 보니 아쉬운 부분은 분명있지만 007의 시초를 놓칠순 없다!",
    "date": "15.08.11",
    "rating": "6",
    "author": "ehwj****",
    "review_id": "10218004",
    "movie_id": "10155"
  },
  {
    "review": "007의 후속편들을 안 본상태에서 이 영화를 봤는데 진짜 꿀잼이었다. 007의 속편을 본 상태에서 이 영화를 접한 사람들은 이런 재미를 느낄 수 있을까....",
    "date": "15.07.25",
    "rating": "10",
    "author": "xyz2****",
    "review_id": "10140867",
    "movie_id": "10155"
  },
  {
    "review": "good zzasdfeqe",
    "date": "15.07.08",
    "rating": "10",
    "author": "ilov****",
    "review_id": "10080038",
    "movie_id": "10155"
  },
  {
    "review": "제임스본드의 시작 숀코네리는 잘생겼다",
    "date": "15.06.27",
    "rating": "8",
    "author": "luck****",
    "review_id": "10041575",
    "movie_id": "10155"
  },
  {
    "review": "끝에 전개가 좀 아쉽긴 하지만 1962년 영화치고는 엄청난듯... 명작이라고 부를만 하네요",
    "date": "15.06.18",
    "rating": "10",
    "author": "kick****",
    "review_id": "10009789",
    "movie_id": "10155"
  },
  {
    "review": "지금 보기엔 살짝  지루한듯 하지만 1962년 당시를 나오던 영화들을 보면서 생각하면 참 놀라운 영화같군요  독특한 설정부터 해서 전설의 시작입니다",
    "date": "15.05.05",
    "rating": "8",
    "author": "leej****",
    "review_id": "9897356",
    "movie_id": "10155"
  },
  {
    "review": "ㅋ ㅑ ~~~ 띵디리딩딩 ♪ 딩딩딩 ♬ 소름 돋는디",
    "date": "15.03.29",
    "rating": "10",
    "author": "kies****",
    "review_id": "9813918",
    "movie_id": "10155"
  },
  {
    "review": "역사적인 제임스 본드의 전설의 시작",
    "date": "15.03.25",
    "rating": "10",
    "author": "bsm9****",
    "review_id": "9806385",
    "movie_id": "10155"
  },
  {
    "review": "사상 최고의 히어로가 등장하다!",
    "date": "15.03.13",
    "rating": "7",
    "author": "pont****",
    "review_id": "9775974",
    "movie_id": "10155"
  },
  {
    "review": "시리즈가 수OO 간 이어져 올 수 있는 이유",
    "date": "14.12.22",
    "rating": "10",
    "author": "jcr3****",
    "review_id": "9500826",
    "movie_id": "10155"
  },
  {
    "review": "전설의 시작... 어릴적 삼촌과 TV로 보던게 새록새록하네 ㅋㅋ",
    "date": "14.12.18",
    "rating": "10",
    "author": "bis0****",
    "review_id": "9485638",
    "movie_id": "10155"
  },
  {
    "review": "이게 이게 60대영화라고? 와 대박이다 스타워즈랑비까치네 후덜덜",
    "date": "14.12.15",
    "rating": "10",
    "author": "dnjs****",
    "review_id": "9475948",
    "movie_id": "10155"
  },
  {
    "review": "007영화의 시초이자 숀코네리 젊었을때 모습보니 좋네요",
    "date": "14.09.13",
    "rating": "7",
    "author": "adiv****",
    "review_id": "9209097",
    "movie_id": "10155"
  },
  {
    "review": "전설의시작 숀코네리 ㅅㅅ",
    "date": "14.08.05",
    "rating": "10",
    "author": "saki****",
    "review_id": "9030667",
    "movie_id": "10155"
  },
  {
    "review": "와 진짜 오래됐네 이거 ㄷㄷㄷ",
    "date": "14.07.16",
    "rating": "1",
    "author": "hang****",
    "review_id": "8919978",
    "movie_id": "10155"
  },
  {
    "review": "비록 영화는 본적 없지만 전설의 시작이라는거에 대해 후한 점수를 줘본다",
    "date": "14.04.21",
    "rating": "9",
    "author": "guse****",
    "review_id": "8663786",
    "movie_id": "10155"
  },
  {
    "review": "전설의 시작, 시리즈에 반복되는 본드의 특징이 잘 드러난다. 막판 전개가 허술하긴 하지만 당시엔 방사능에 대한 심각성을 잘 몰랐을테니까...",
    "date": "14.03.24",
    "rating": "7",
    "author": "pigo****",
    "review_id": "8603577",
    "movie_id": "10155"
  },
  {
    "review": "이언 플레밍의 제임스본드 시리즈 6번째 소설이자 첫번째 영화, 자그마치 23번째 시리즈물의 기념비적인 서막, 하지만 지금 보면 1962년을 감안해도 유치하고 어설픈, 진지함 없는 시시껄렁 액션 첩보물, 제목과 달리 Dr. No의 존재감이 너무 약해",
    "date": "14.03.23",
    "rating": "6",
    "author": "sioh****",
    "review_id": "8601436",
    "movie_id": "10155"
  },
  {
    "review": "방사능을 너무 쉽게 처리하니 현실감이 떨어진다.",
    "date": "14.03.17",
    "rating": "7",
    "author": "ykdi****",
    "review_id": "8585335",
    "movie_id": "10155"
  },
  {
    "review": "씹명작인데 22탄때문에 깎는다",
    "date": "14.02.19",
    "rating": "3",
    "author": "spq_****",
    "review_id": "8521170",
    "movie_id": "10155"
  },
  {
    "review": "품격있는 첩보영화란 이런것이다",
    "date": "14.02.04",
    "rating": "7",
    "author": "u2ki****",
    "review_id": "8473410",
    "movie_id": "10155"
  },
  {
    "review": "정말 소름끼친다!!!",
    "date": "14.01.13",
    "rating": "10",
    "author": "ske4****",
    "review_id": "8378447",
    "movie_id": "10155"
  },
  {
    "review": "어렸을때 진짜 지루하게 봤는데 커서 보니 명작",
    "date": "13.10.13",
    "rating": "10",
    "author": "buti****",
    "review_id": "8058719",
    "movie_id": "10155"
  },
  {
    "review": "전설의 첩보 영화 시리즈의 시작",
    "date": "13.08.01",
    "rating": "10",
    "author": "come****",
    "review_id": "7814240",
    "movie_id": "10155"
  },
  {
    "review": "007 감회가 새롭네 훌륭해~",
    "date": "13.05.22",
    "rating": "10",
    "author": "zzan****",
    "review_id": "7547459",
    "movie_id": "10155"
  },
  {
    "review": "명불허전",
    "date": "13.05.01",
    "rating": "9",
    "author": "ghka****",
    "review_id": "7499074",
    "movie_id": "10155"
  },
  {
    "review": "ㅋㅋ옛날에는 우와 이러면서 봤을 터인데 지금보니... 그래도 그때는 최고의 영화였을듯ㅋ",
    "date": "13.03.02",
    "rating": "7",
    "author": "mast****",
    "review_id": "7317770",
    "movie_id": "10155"
  },
  {
    "review": "용 드립치는게 제일 어이없긴했는데 그거빼곤 괜찮았지ㅋㅋ 반세기전 영화다 이놈들아  요즘영화랑 비교하면안되지",
    "date": "13.01.30",
    "rating": "8",
    "author": "owne****",
    "review_id": "7198111",
    "movie_id": "10155"
  },
  {
    "review": "007 시리즈 1탄 자체로 의미가 있음..60년대를 칼라로 보니까,충격과 감동이네요",
    "date": "13.01.23",
    "rating": "10",
    "author": "fuck****",
    "review_id": "7157822",
    "movie_id": "10155"
  },
  {
    "review": "영화사에 길이 남고,",
    "date": "13.01.13",
    "rating": "8",
    "author": "clie****",
    "review_id": "7112231",
    "movie_id": "10155"
  },
  {
    "review": "중반이후 아쉽지만 엄마가 고무줄할때 나온 영화",
    "date": "12.12.24",
    "rating": "7",
    "author": "kdk6****",
    "review_id": "7040115",
    "movie_id": "10155"
  },
  {
    "review": "평점이 지나치게 낮은데?옛날것임을 감안해야지...",
    "date": "12.11.17",
    "rating": "10",
    "author": "jju9****",
    "review_id": "6897652",
    "movie_id": "10155"
  },
  {
    "review": "이당시 숀코네리 나이보다 늙어 보입니다.하지만 초대 007의 그 매력은 충분해 보이네요.영화는 세월이 세월인 만큼 유치한 면도 있지만 나름 재미도 있어요.",
    "date": "12.10.23",
    "rating": "7",
    "author": "hanp****",
    "review_id": "6822161",
    "movie_id": "10155"
  },
  {
    "review": "신기한거 역대 제임스 본드역한 사람 한명도 안죽은거",
    "date": "12.05.17",
    "rating": "10",
    "author": "ghkd****",
    "review_id": "6306433",
    "movie_id": "10155"
  },
  {
    "review": "역시 07 제 1대의 제임스 본드답습니다!",
    "date": "12.05.07",
    "rating": "9",
    "author": "suye****",
    "review_id": "6281014",
    "movie_id": "10155"
  },
  {
    "review": "전설의 시작..",
    "date": "12.05.05",
    "rating": "9",
    "author": "tn99****",
    "review_id": "6274530",
    "movie_id": "10155"
  },
  {
    "review": "진정한 제임스 본드 숀 코네리",
    "date": "12.03.08",
    "rating": "6",
    "author": "bbq2****",
    "review_id": "6130902",
    "movie_id": "10155"
  },
  {
    "review": "피도 눈물도 없이 잔인하기만하고 활약한게 거의 없는 007",
    "date": "12.03.08",
    "rating": "3",
    "author": "tran****",
    "review_id": "6129921",
    "movie_id": "10155"
  },
  {
    "review": "007의 원조.",
    "date": "12.02.04",
    "rating": "10",
    "author": "tkk4****",
    "review_id": "6050710",
    "movie_id": "10155"
  },
  {
    "review": "007위대한 서막의 시작...볼만했던 시리즈..카리브해의 멋진 풍경",
    "date": "12.01.25",
    "rating": "7",
    "author": "thra****",
    "review_id": "6018711",
    "movie_id": "10155"
  },
  {
    "review": "옛다!6.5  대부분에 배우는 죽거나 70대가 되었을듯한 고전영화",
    "date": "12.01.14",
    "rating": "6",
    "author": "wein****",
    "review_id": "5984197",
    "movie_id": "10155"
  },
  {
    "review": "여자가 이쁘네.",
    "date": "11.12.19",
    "rating": "6",
    "author": "qkeh****",
    "review_id": "5916214",
    "movie_id": "10155"
  },
  {
    "review": "007시리즈에 숀 코너리의 파워가 시작된다 하지만 지금 보면...",
    "date": "11.09.20",
    "rating": "6",
    "author": "reno****",
    "review_id": "5743011",
    "movie_id": "10155"
  },
  {
    "review": "시리즈는 진보하나 제임스본드는 숀 코네리에서 멈추다",
    "date": "11.08.06",
    "rating": "4",
    "author": "rd72****",
    "review_id": "5611718",
    "movie_id": "10155"
  },
  {
    "review": "옛날영화라는 거 감안해도 솔직히 지루했다... 다만 당시 방화보다는 확실히 앞선다.",
    "date": "11.05.08",
    "rating": "5",
    "author": "palo****",
    "review_id": "5415160",
    "movie_id": "10155"
  },
  {
    "review": "007의 첫걸음",
    "date": "11.04.16",
    "rating": "7",
    "author": "mais****",
    "review_id": "5376275",
    "movie_id": "10155"
  },
  {
    "review": "잘만들었지만 몇몇 유치한부분은 확실히 단점",
    "date": "11.04.02",
    "rating": "7",
    "author": "rr92****",
    "review_id": "5348372",
    "movie_id": "10155"
  },
  {
    "review": "꽤나 재미있다",
    "date": "11.02.21",
    "rating": "10",
    "author": "rkde****",
    "review_id": "5265407",
    "movie_id": "10155"
  },
  {
    "review": "지금 보면 꽤나 유치하고 어설픈...",
    "date": "11.02.04",
    "rating": "5",
    "author": "pria****",
    "review_id": "5213877",
    "movie_id": "10155"
  },
  {
    "review": "꽤나 덜컹거리며 불완전하지만 매력적인 캐릭터와 스토리 라인은 상당히 선명하다.",
    "date": "11.01.29",
    "rating": "7",
    "author": "cksn****",
    "review_id": "5193038",
    "movie_id": "10155"
  },
  {
    "review": "역시 옛날영화다ㅠㅠ 청청패션 잊지 않으마.",
    "date": "11.01.26",
    "rating": "7",
    "author": "road****",
    "review_id": "5186123",
    "movie_id": "10155"
  },
  {
    "review": "최장수 흥행시리즈의 선봉.",
    "date": "10.07.29",
    "rating": "5",
    "author": "tori****",
    "review_id": "4681725",
    "movie_id": "10155"
  },
  {
    "review": "전무후무한 영화 시리즈물인 007.. 그 독특한 스타일의 시작!",
    "date": "10.05.01",
    "rating": "8",
    "author": "mygr****",
    "review_id": "4468417",
    "movie_id": "10155"
  },
  {
    "review": "두 말이 필요 없는 전설의 시작.누구나 인정하는 바로 그 자타공인 매력의 발산이다.",
    "date": "10.03.05",
    "rating": "10",
    "author": "baks****",
    "review_id": "4336875",
    "movie_id": "10155"
  },
  {
    "review": "사실 007의 기본을 확립시킨 건 2편인 위기일발",
    "date": "10.01.19",
    "rating": "7",
    "author": "sega****",
    "review_id": "4188876",
    "movie_id": "10155"
  },
  {
    "review": "007시리즈를 시작하는 첫 발걸음 , 나쁘진않네.",
    "date": "09.12.16",
    "rating": "6",
    "author": "shan****",
    "review_id": "4048693",
    "movie_id": "10155"
  },
  {
    "review": "옛날영화라는 것이 팍팍티나는 연출이 지금 보면 꽤 유머스럽다.",
    "date": "09.11.26",
    "rating": "5",
    "author": "ard2****",
    "review_id": "3992038",
    "movie_id": "10155"
  },
  {
    "review": "제법 탄탄한 시나리오를 가졌지만, 현재의 007의 볼거리는 기대할 수 없다",
    "date": "09.09.26",
    "rating": "7",
    "author": "cont****",
    "review_id": "3851346",
    "movie_id": "10155"
  },
  {
    "review": "시대를 뛰어넘은 영화.",
    "date": "09.08.30",
    "rating": "10",
    "author": "alsl****",
    "review_id": "3798882",
    "movie_id": "10155"
  },
  {
    "review": "40년의 시간을 뛰어넘긴 무리다...",
    "date": "09.05.09",
    "rating": "6",
    "author": "coll****",
    "review_id": "3482061",
    "movie_id": "10155"
  },
  {
    "review": "옛날 영화라 그런가 좀 그렇다",
    "date": "09.02.03",
    "rating": "2",
    "author": "ion0****",
    "review_id": "3275429",
    "movie_id": "10155"
  },
  {
    "review": "숀코네리의 패션은 수OO을 앞서 나갈만큼 센스있다",
    "date": "09.01.08",
    "rating": "10",
    "author": "pori****",
    "review_id": "3203218",
    "movie_id": "10155"
  },
  {
    "review": "별로 안야해",
    "date": "08.12.26",
    "rating": "1",
    "author": "qa2t****",
    "review_id": "3154213",
    "movie_id": "10155"
  },
  {
    "review": "엄허 야해",
    "date": "08.12.26",
    "rating": "10",
    "author": "qa1t****",
    "review_id": "3153067",
    "movie_id": "10155"
  },
  {
    "review": "찡댄아~~",
    "date": "08.12.25",
    "rating": "7",
    "author": "qa1t****",
    "review_id": "3147814",
    "movie_id": "10155"
  },
  {
    "review": "세트는 볼만 했으나 인내심의 한계를 느끼게 하는 지루한 전개에 지친다",
    "date": "08.11.28",
    "rating": "4",
    "author": "hepy****",
    "review_id": "3076716",
    "movie_id": "10155"
  },
  {
    "review": "시리즈중 가장 아기자기한 재미.. 다시 보니 신선하기까지 하다..",
    "date": "08.11.25",
    "rating": "10",
    "author": "moon****",
    "review_id": "3071675",
    "movie_id": "10155"
  },
  {
    "review": "언제 끝나나 시계만 보고 있었음",
    "date": "08.11.21",
    "rating": "4",
    "author": "rose****",
    "review_id": "3062997",
    "movie_id": "10155"
  },
  {
    "review": "재미없었다...",
    "date": "08.10.20",
    "rating": "5",
    "author": "seun****",
    "review_id": "3009895",
    "movie_id": "10155"
  },
  {
    "review": "이걸보고 2편을 보면 007에 빠져든다.끝까지..",
    "date": "08.09.25",
    "rating": "10",
    "author": "sr82****",
    "review_id": "2967850",
    "movie_id": "10155"
  },
  {
    "review": "용이나온다는 크랩키* 몇가지어색한것들이 있었지만 모든게훌륭했다 특히 여자",
    "date": "08.09.17",
    "rating": "9",
    "author": "dma9****",
    "review_id": "2953538",
    "movie_id": "10155"
  },
  {
    "review": "원작소설로 시작된 첩보액션의 대명사의 시작!",
    "date": "08.06.08",
    "rating": "7",
    "author": "si2p****",
    "review_id": "2688232",
    "movie_id": "10155"
  },
  {
    "review": "옛날이라서 약간 허섭하긴하네..ㅋㅋ",
    "date": "08.01.09",
    "rating": "6",
    "author": "issu****",
    "review_id": "2311299",
    "movie_id": "10155"
  },
  {
    "review": "다 보고났는데... 스토리전개를 잘 모르겠음;",
    "date": "07.11.18",
    "rating": "8",
    "author": "suji****",
    "review_id": "2162508",
    "movie_id": "10155"
  },
  {
    "review": "영화는 그럭저럭..",
    "date": "07.11.08",
    "rating": "8",
    "author": "clou****",
    "review_id": "2139006",
    "movie_id": "10155"
  },
  {
    "review": "좋아요!",
    "date": "07.09.17",
    "rating": "10",
    "author": "math****",
    "review_id": "2027367",
    "movie_id": "10155"
  },
  {
    "review": "시대상에봐도 숀코너리가 전혀 아니 보이듯, \"주\"는 들러리의 잔재미뿐",
    "date": "07.07.29",
    "rating": "6",
    "author": "izzo****",
    "review_id": "1824338",
    "movie_id": "10155"
  },
  {
    "review": "007을 알리는 신호탄 기념비적인 작품임 만든지 45년 지남",
    "date": "07.05.15",
    "rating": "8",
    "author": "deff****",
    "review_id": "1639973",
    "movie_id": "10155"
  },
  {
    "review": "수많은속편들을탄생시킨대작",
    "date": "06.12.19",
    "rating": "10",
    "author": "i971****",
    "review_id": "1305819",
    "movie_id": "10155"
  },
  {
    "review": "007 첫번째 작품이라는데 큰의미가 있는..영화자체는 그럭저럭..",
    "date": "06.12.07",
    "rating": "8",
    "author": "hide****",
    "review_id": "1273111",
    "movie_id": "10155"
  },
  {
    "review": "숀코네리 슴가털이 징그럽지만... 007의 첫총알.",
    "date": "06.08.23",
    "rating": "10",
    "author": "asdf****",
    "review_id": "1070900",
    "movie_id": "10155"
  },
  {
    "review": "첫번째 007이라는 것만으로도 대작!",
    "date": "06.08.23",
    "rating": "10",
    "author": "8901****",
    "review_id": "1070262",
    "movie_id": "10155"
  },
  {
    "review": "시리즈의 서막이라서 ㅋ",
    "date": "06.07.24",
    "rating": "10",
    "author": "reki****",
    "review_id": "918338",
    "movie_id": "10155"
  },
  {
    "review": "첫번째 007,,지금은 촌스럽지만 스파이로망의 시작",
    "date": "06.07.21",
    "rating": "7",
    "author": "hell****",
    "review_id": "911748",
    "movie_id": "10155"
  },
  {
    "review": "역시 숀 코네리야 말로 진정한 007 제임스 본드다",
    "date": "06.07.19",
    "rating": "6",
    "author": "okjo****",
    "review_id": "906896",
    "movie_id": "10155"
  },
  {
    "review": "007 시리즈의 기념비적인 서막을 알리다.",
    "date": "06.06.27",
    "rating": "8",
    "author": "movi****",
    "review_id": "859295",
    "movie_id": "10155"
  },
  {
    "review": "60년대 우리엄마아버지꼐서 이영화보고 얼마나밤잠설치셨을까ㅋ",
    "date": "06.03.22",
    "rating": "9",
    "author": "iron****",
    "review_id": "727586",
    "movie_id": "10155"
  },
  {
    "review": "비디오 끊어져",
    "date": "05.12.24",
    "rating": "6",
    "author": "kws7****",
    "review_id": "524585",
    "movie_id": "10155"
  },
  {
    "review": "무수한 후속편을 남긴 영화",
    "date": "05.12.07",
    "rating": "9",
    "author": "hero****",
    "review_id": "496996",
    "movie_id": "10155"
  },
  {
    "review": "007시리즈의 OO점. 아래말대로 시초란것만으로도..",
    "date": "05.07.24",
    "rating": "10",
    "author": "ansd****",
    "review_id": "332393",
    "movie_id": "10155"
  },
  {
    "review": "007시리즈의  시초란 것만으로도 의의가 크다.",
    "date": "05.05.29",
    "rating": "9",
    "author": "dbsw****",
    "review_id": "289239",
    "movie_id": "10155"
  },
  {
    "review": "독거미가 나오는듯 좀 유치한듯 하지만 옛날게 더 낫다..",
    "date": "05.01.15",
    "rating": "7",
    "author": "penn****",
    "review_id": "186139",
    "movie_id": "10155"
  },
  {
    "review": "첫번째란 의미말고는 별로",
    "date": "04.12.30",
    "rating": "6",
    "author": "nams****",
    "review_id": "172785",
    "movie_id": "10155"
  },
  {
    "review": "최고다!!!",
    "date": "04.11.28",
    "rating": "10",
    "author": "worl****",
    "review_id": "153715",
    "movie_id": "10155"
  },
  {
    "review": "내 어릴때 가족들과 이불속에 들어가서 이영화 해주던 시간이 제일 좋았다.",
    "date": "04.08.30",
    "rating": "10",
    "author": "adon****",
    "review_id": "99999",
    "movie_id": "10155"
  },
  {
    "review": "007 본드시리즈의 무제한 액션.",
    "date": "04.08.21",
    "rating": "10",
    "author": "ches****",
    "review_id": "94112",
    "movie_id": "10155"
  },
  {
    "review": "007의 시초... 필연성이 아쉽다.",
    "date": "04.02.24",
    "rating": "8",
    "author": "akb0****",
    "review_id": "23475",
    "movie_id": "10155"
  },
  {
    "review": "그때당시에는 최싱영화였다.",
    "date": "04.01.31",
    "rating": "10",
    "author": "qkrt****",
    "review_id": "14758",
    "movie_id": "10155"
  },
  {
    "review": "초딩때 중국집에서나 볼수있었던 최신 영화 였습니다",
    "date": "03.12.19",
    "rating": "10",
    "author": "anyo****",
    "review_id": "3910",
    "movie_id": "10155"
  },
  {
    "review": "007의 신호탄.유치하게 보일수 있지만 王추천",
    "date": "03.11.21",
    "rating": "8",
    "author": "dk11****",
    "review_id": "35",
    "movie_id": "10155"
  }
]