[
  {
    "review_id": "10261489",
    "movie_id": "101662",
    "author": "kt45****",
    "review": "애들과함께보심좋아요",
    "rating": "8",
    "date": "15.08.22"
  },
  {
    "review_id": "10221957",
    "movie_id": "101662",
    "author": "ssjm****",
    "review": "마음 따뜻한 영화~ 아이들과 함께 추천요~",
    "rating": "10",
    "date": "15.08.13"
  },
  {
    "review_id": "10209235",
    "movie_id": "101662",
    "author": "7709****",
    "review": "그림이 이쁜 흥미로운 애니메이션",
    "rating": "8",
    "date": "15.08.09"
  },
  {
    "review_id": "10205657",
    "movie_id": "101662",
    "author": "dari****",
    "review": "볼만해여 캐릭이 기여워여",
    "rating": "8",
    "date": "15.08.09"
  },
  {
    "review_id": "10199483",
    "movie_id": "101662",
    "author": "khlh****",
    "review": "아이들이 좋아라해요^^",
    "rating": "9",
    "date": "15.08.07"
  },
  {
    "review_id": "10187065",
    "movie_id": "101662",
    "author": "zino****",
    "review": "영화 내용이 그저 그랬어요...",
    "rating": "5",
    "date": "15.08.05"
  },
  {
    "review_id": "10176375",
    "movie_id": "101662",
    "author": "hhh0****",
    "review": "아이들과 함께 정말    재미나게 봤네요",
    "rating": "10",
    "date": "15.08.02"
  },
  {
    "review_id": "10169322",
    "movie_id": "101662",
    "author": "pink****",
    "review": "캐릭터도 예쁘고 영화도 재미있었다",
    "rating": "6",
    "date": "15.08.01"
  },
  {
    "review_id": "10153612",
    "movie_id": "101662",
    "author": "momi****",
    "review": "재미있네요 볼만했어요",
    "rating": "8",
    "date": "15.07.28"
  },
  {
    "review_id": "9969633",
    "movie_id": "101662",
    "author": "eunj****",
    "review": "최고임아이들조아해.강추",
    "rating": "10",
    "date": "15.06.02"
  },
  {
    "review_id": "9966744",
    "movie_id": "101662",
    "author": "mimi****",
    "review": "^^^^%%%★★★÷÷÷===",
    "rating": "10",
    "date": "15.05.31"
  },
  {
    "review_id": "9960486",
    "movie_id": "101662",
    "author": "zzbz****",
    "review": "다소 산만한 성향의 조카까지 집중해서 잘봤어요 후회없는 선택이었어요",
    "rating": "10",
    "date": "15.05.29"
  },
  {
    "review_id": "9959820",
    "movie_id": "101662",
    "author": "whdl****",
    "review": "아이들이 좋아 하는 영상이에요^^",
    "rating": "8",
    "date": "15.05.29"
  },
  {
    "review_id": "9941271",
    "movie_id": "101662",
    "author": "ggb4****",
    "review": "아이가 너무 좋아했어요~~ 남아인데도 너무 이쁘다며~~ ^^",
    "rating": "10",
    "date": "15.05.23"
  },
  {
    "review_id": "9940785",
    "movie_id": "101662",
    "author": "vmam****",
    "review": "그전편과 이어지진않았지만  좋아라하네요",
    "rating": "8",
    "date": "15.05.23"
  },
  {
    "review_id": "9940562",
    "movie_id": "101662",
    "author": "youn****",
    "review": "아이가좋아했어요~^^",
    "rating": "8",
    "date": "15.05.23"
  },
  {
    "review_id": "9914210",
    "movie_id": "101662",
    "author": "zzon****",
    "review": "재미있어요. 애기랑즐겁게봤네요",
    "rating": "8",
    "date": "15.05.13"
  },
  {
    "review_id": "9895051",
    "movie_id": "101662",
    "author": "skw7****",
    "review": "유고와라라 하늘고래와구름넘 대모험 순천신대점에서볼수있어서 참 으로 다행이다",
    "rating": "8",
    "date": "15.05.05"
  },
  {
    "review_id": "9892419",
    "movie_id": "101662",
    "author": "yyyu****",
    "review": "아이들이 보기메 마냥 밝은내용의 영화가 아닌것 같아요",
    "rating": "5",
    "date": "15.05.04"
  },
  {
    "review_id": "9889206",
    "movie_id": "101662",
    "author": "choe****",
    "review": "재미있어했어요 딸랭이요",
    "rating": "10",
    "date": "15.05.03"
  },
  {
    "review_id": "9889171",
    "movie_id": "101662",
    "author": "qpsk****",
    "review": "어른도 즐겁게 봤어요 신나요",
    "rating": "8",
    "date": "15.05.03"
  },
  {
    "review_id": "9881337",
    "movie_id": "101662",
    "author": "jylv****",
    "review": "7살 딸이랑 5살 아들이랑 보고왔어요.딸은 좀 무서웠지만 재밌었다는데 아들은 반응이ㅎㅎ캐릭터들이랑 영상미도 괜찮았고 대체루 만족해요~",
    "rating": "4",
    "date": "15.04.30"
  },
  {
    "review_id": "9880425",
    "movie_id": "101662",
    "author": "nyum****",
    "review": "아이들에게 자연을 소중함을 일깨워주는 유익한 어린이 영화",
    "rating": "7",
    "date": "15.04.30"
  },
  {
    "review_id": "9867808",
    "movie_id": "101662",
    "author": "song****",
    "review": "아이들 둘이 너무 재밉다네요. . . 초등 3학년 1학년 두놈인데 . .",
    "rating": "10",
    "date": "15.04.25"
  },
  {
    "review_id": "9866858",
    "movie_id": "101662",
    "author": "hyun****",
    "review": "재미있었습니다 애들이 좋아하네요",
    "rating": "9",
    "date": "15.04.25"
  },
  {
    "review_id": "9866654",
    "movie_id": "101662",
    "author": "kym4****",
    "review": "아빠와 아들이 함께 본 영화구요 .아빠는 잘 뻔했구요..아들은 다 봤다하네요.끝",
    "rating": "8",
    "date": "15.04.25"
  },
  {
    "review_id": "9864382",
    "movie_id": "101662",
    "author": "dkss****",
    "review": "내용에 비해 그래픽이 촌티... 재미있긴해써요",
    "rating": "6",
    "date": "15.04.24"
  },
  {
    "review_id": "9863686",
    "movie_id": "101662",
    "author": "kimy****",
    "review": "별 기대 않하고 봤는데 잼있네요",
    "rating": "10",
    "date": "15.04.24"
  },
  {
    "review_id": "9861916",
    "movie_id": "101662",
    "author": "minj****",
    "review": "제가 아이가있어서 애니메이션 영화 개봉하면 자주가는편인데요~ 빅히어로랑 그전에 개봉했던거... 뭐였지ㅜㅜ? 무튼 그건 진짜재밌었다면, 이번 유고와라라는 뭥미ㅡㅡ? 이느낌요~ 딱.. 그 정도 느낌요~ 별로재미없었어요~ 아 아이들은 재밌을수도있겠네요~",
    "rating": "1",
    "date": "15.04.24"
  },
  {
    "review_id": "9859351",
    "movie_id": "101662",
    "author": "bhmj****",
    "review": "너무재미있었어요 애기들도 너무재밋게봤습니다",
    "rating": "9",
    "date": "15.04.23"
  },
  {
    "review_id": "9855483",
    "movie_id": "101662",
    "author": "aris****",
    "review": "아이랑 잘보았어요 ㅎㅎ",
    "rating": "7",
    "date": "15.04.21"
  },
  {
    "review_id": "9854612",
    "movie_id": "101662",
    "author": "joon****",
    "review": "이게 재밌다고?... 금요일 평점 9점대더니... 이건 조작이다... 마누라는 물론 딸아이도 졸더라...",
    "rating": "1",
    "date": "15.04.20"
  },
  {
    "review_id": "9854496",
    "movie_id": "101662",
    "author": "dear****",
    "review": "시작은좋은데 중간에 너무지루ㅠ",
    "rating": "7",
    "date": "15.04.20"
  },
  {
    "review_id": "9854443",
    "movie_id": "101662",
    "author": "hyun****",
    "review": "그림도 예쁘고 잼있어요^^",
    "rating": "9",
    "date": "15.04.20"
  },
  {
    "review_id": "9854081",
    "movie_id": "101662",
    "author": "ahnm****",
    "review": "아이가  별 관심이 없네요..시간이 좀  아까버",
    "rating": "6",
    "date": "15.04.20"
  },
  {
    "review_id": "9853057",
    "movie_id": "101662",
    "author": "njy0****",
    "review": "쿵푸펜다와 캐릭터가 너무 겹치네요. ㅠㅠ",
    "rating": "5",
    "date": "15.04.19"
  },
  {
    "review_id": "9852992",
    "movie_id": "101662",
    "author": "mini****",
    "review": "5살아이랑 첨보는건데 볼만했어요~~ㅋ 중간중간 무섭다고  그러네여~~",
    "rating": "9",
    "date": "15.04.19"
  },
  {
    "review_id": "9852963",
    "movie_id": "101662",
    "author": "lv10****",
    "review": "재미있었는데 좀 긴느낌이있었음9",
    "rating": "10",
    "date": "15.04.19"
  },
  {
    "review_id": "9852904",
    "movie_id": "101662",
    "author": "kilo****",
    "review": "상영내내 애들 웃지도 않고 적막함 그자체..",
    "rating": "1",
    "date": "15.04.19"
  },
  {
    "review_id": "9852870",
    "movie_id": "101662",
    "author": "ywoo****",
    "review": "6살딸아이에게 예쁜영상 보여주고 싶어서 같이 봤는데 너무 기대를 해서인지...아이는 언제끝나냐며...ㅠㅠ그래도 끝까지 보긴 했어요. 더 어린 아이는 그냥 나가더라고요. 어른인 전 마지막 부분에 좀 찡한거 빼면 약간 지루했답니다..",
    "rating": "5",
    "date": "15.04.19"
  },
  {
    "review_id": "9852811",
    "movie_id": "101662",
    "author": "youn****",
    "review": "지루해하네요~집중해서볼정도로잼있지는않아요끝부분은걍안보고집에왔네요~~돈아깝당..ㅜㅜ",
    "rating": "5",
    "date": "15.04.19"
  },
  {
    "review_id": "9852808",
    "movie_id": "101662",
    "author": "oem0****",
    "review": "애들생일이라 친구들 5명과함께봤는데 감동적이었다고 전부들 잼있었다네요^^눈물도났다는데요~",
    "rating": "9",
    "date": "15.04.19"
  },
  {
    "review_id": "9852807",
    "movie_id": "101662",
    "author": "yuri****",
    "review": "초반에 다소 지루하고 정신없었지만 마무리는 감동적이네요",
    "rating": "7",
    "date": "15.04.19"
  },
  {
    "review_id": "9852765",
    "movie_id": "101662",
    "author": "sm33****",
    "review": "애들과 넘 재밌게봤어요~",
    "rating": "8",
    "date": "15.04.19"
  },
  {
    "review_id": "9852670",
    "movie_id": "101662",
    "author": "juse****",
    "review": "아이들은 재미 있어해요",
    "rating": "8",
    "date": "15.04.19"
  },
  {
    "review_id": "9852614",
    "movie_id": "101662",
    "author": "suya****",
    "review": "아이뿐만 아니라 어른들의 마음까지 움직일수있는 내용이었어요",
    "rating": "10",
    "date": "15.04.19"
  },
  {
    "review_id": "9852413",
    "movie_id": "101662",
    "author": "kseo****",
    "review": "졸리다.스토리나 에피소드가 몰입도가 떨어진다.~졸음을 참으며 봤다.",
    "rating": "1",
    "date": "15.04.19"
  },
  {
    "review_id": "9851580",
    "movie_id": "101662",
    "author": "star****",
    "review": "재미와 감동이 동시에~^^ 아이들과 함께 좋은 영화 한편 보고 나왔네요~^^",
    "rating": "10",
    "date": "15.04.18"
  },
  {
    "review_id": "9851154",
    "movie_id": "101662",
    "author": "hkc5****",
    "review": "초등학교 3학년 여자아이랑 7살 남자아이랑 같이 봤는데요. 엄마인 제가 더 재미있게 봤는 것 같아요. 화면도 아름답고 이쁘고 보는 내내 지루하지 않았어요. 3학년 딸아이 역시 잘 봤는데요. 7살 아들은 내내 이야기 하면서 보든데요. 하옇튼 재미",
    "rating": "8",
    "date": "15.04.18"
  },
  {
    "review_id": "9851117",
    "movie_id": "101662",
    "author": "eni3****",
    "review": "기대 않고 본 영화라 그런가 넘 잼나게 봄, 라라 넘귀엽다ㅋ",
    "rating": "10",
    "date": "15.04.18"
  },
  {
    "review_id": "9851052",
    "movie_id": "101662",
    "author": "pran****",
    "review": "아이들의 상상력을 키워줄 영화네요",
    "rating": "8",
    "date": "15.04.18"
  },
  {
    "review_id": "9850944",
    "movie_id": "101662",
    "author": "yumi****",
    "review": "5살 딸아이와 같이 재미있게 보았어요  다만... 아직 어리기에 싸우는 장면은 무서워하더라구요 그래도 오랜만에 극장구경 정말 재미있게 했습니다.",
    "rating": "7",
    "date": "15.04.18"
  },
  {
    "review_id": "9849766",
    "movie_id": "101662",
    "author": "dshh****",
    "review": "어른 아이 모두 재미있게 봣어요",
    "rating": "10",
    "date": "15.04.17"
  },
  {
    "review_id": "9849765",
    "movie_id": "101662",
    "author": "minh****",
    "review": "재미와감동ㅜㅜ진짜좋았어요",
    "rating": "10",
    "date": "15.04.17"
  },
  {
    "review_id": "9849710",
    "movie_id": "101662",
    "author": "tjsd****",
    "review": "누구나 즐기면서볼수있는 유익한영횐입니다",
    "rating": "10",
    "date": "15.04.17"
  },
  {
    "review_id": "9849708",
    "movie_id": "101662",
    "author": "butt****",
    "review": "너무 귀엽고 사랑스러워요^~^",
    "rating": "10",
    "date": "15.04.17"
  },
  {
    "review_id": "9849701",
    "movie_id": "101662",
    "author": "inay****",
    "review": "재밌고 즐겁게 봤어요~",
    "rating": "10",
    "date": "15.04.17"
  },
  {
    "review_id": "9849700",
    "movie_id": "101662",
    "author": "tjsa****",
    "review": "유고랑 라라 너무귀여워용....시리즈로 또 안나오나여ㅋㅋㅋㅋ재미있었어요",
    "rating": "9",
    "date": "15.04.17"
  },
  {
    "review_id": "9849697",
    "movie_id": "101662",
    "author": "un4s****",
    "review": "좋타좋타개좋다우와.",
    "rating": "10",
    "date": "15.04.17"
  },
  {
    "review_id": "9849684",
    "movie_id": "101662",
    "author": "kawa****",
    "review": "너무 귀엽네요 조카들이 너무좋아해서 뿌듯합니다",
    "rating": "10",
    "date": "15.04.17"
  },
  {
    "review_id": "9849677",
    "movie_id": "101662",
    "author": "dras****",
    "review": "재마있게 잘 봤습니다^^*",
    "rating": "10",
    "date": "15.04.17"
  },
  {
    "review_id": "9849676",
    "movie_id": "101662",
    "author": "jain****",
    "review": "너무너무 재밌고 캐릭터들이 귀엽고 사랑스러운거같아요~^0^",
    "rating": "10",
    "date": "15.04.17"
  },
  {
    "review_id": "9849668",
    "movie_id": "101662",
    "author": "caca****",
    "review": "유고와 라라 넘 구요워요ㅜ",
    "rating": "10",
    "date": "15.04.17"
  },
  {
    "review_id": "9849665",
    "movie_id": "101662",
    "author": "ihta****",
    "review": "영화봤는데 정말아이들이부모님들과함께보면 유익한영회네요!!",
    "rating": "10",
    "date": "15.04.17"
  },
  {
    "review_id": "9849662",
    "movie_id": "101662",
    "author": "rude****",
    "review": "진짜 이런영화 처음입니다... 소장욕구 가치가 솟구쳐요",
    "rating": "10",
    "date": "15.04.17"
  },
  {
    "review_id": "9849661",
    "movie_id": "101662",
    "author": "anna****",
    "review": "울 아들과 봤는데 너무 재미있어하고 또 보고싶다고 하네요. 제가보는데도 영상도 예쁘고 스토리도 흥미진진하고 무엇보다 교육적으로도 좋은것 같네요",
    "rating": "10",
    "date": "15.04.17"
  },
  {
    "review_id": "9849660",
    "movie_id": "101662",
    "author": "arkw****",
    "review": "애들 데리고 보고왔는데 재밌다고 또 보자고 난리네요 ㅋㅋ 또 보러가야겠네요",
    "rating": "10",
    "date": "15.04.17"
  },
  {
    "review_id": "9849658",
    "movie_id": "101662",
    "author": "zh42****",
    "review": "아이들에게 자연의 소중함에 대해 알려줄수있는 영화인것같아요!애니메이션 별로 안좋아하는데 액션이랑 캐릭터가 귀엽고 재미있었어요! !",
    "rating": "10",
    "date": "15.04.17"
  },
  {
    "review_id": "9849646",
    "movie_id": "101662",
    "author": "gjh6****",
    "review": "너무너무 캐릭터들이 귀엽고 사랑스러워요 증말 어떻게 이렇게 귀여울수가이쬬?^_^*",
    "rating": "10",
    "date": "15.04.17"
  },
  {
    "review_id": "9849637",
    "movie_id": "101662",
    "author": "youd****",
    "review": "재미도있고 교훈이있는영화라서 더 좋았어요!!",
    "rating": "10",
    "date": "15.04.17"
  },
  {
    "review_id": "9849631",
    "movie_id": "101662",
    "author": "love****",
    "review": "유고와 라라 캐릭터가 너무 귀여워서 재밋게 봤네요! 아이들과 보면 참 좋을 것 같아요",
    "rating": "10",
    "date": "15.04.17"
  },
  {
    "review_id": "9849626",
    "movie_id": "101662",
    "author": "ghkd****",
    "review": "만화 캐릭터 들이 귀여워서 조카들이랑 보기 좋았구요 내용도 교훈적인 내용들이 많아 좋았습니다^^",
    "rating": "10",
    "date": "15.04.17"
  },
  {
    "review_id": "9849625",
    "movie_id": "101662",
    "author": "ljyl****",
    "review": "사촌동생이랑 봤는데 볼만하네요ㅋㅋ",
    "rating": "10",
    "date": "15.04.17"
  },
  {
    "review_id": "9849618",
    "movie_id": "101662",
    "author": "hiho****",
    "review": "it was very good I had ever seen!",
    "rating": "10",
    "date": "15.04.17"
  },
  {
    "review_id": "9849614",
    "movie_id": "101662",
    "author": "leej****",
    "review": "조카가 정말 좋아하네요",
    "rating": "10",
    "date": "15.04.17"
  },
  {
    "review_id": "9849516",
    "movie_id": "101662",
    "author": "her4****",
    "review": "아이들이 좋아해요~~  아빠는   옆에서 잠 ㅋㅋㅋ",
    "rating": "5",
    "date": "15.04.17"
  },
  {
    "review_id": "9849466",
    "movie_id": "101662",
    "author": "korj****",
    "review": "중국애니는 역시 중국애니다",
    "rating": "1",
    "date": "15.04.17"
  },
  {
    "review_id": "9849238",
    "movie_id": "101662",
    "author": "oine****",
    "review": "초등학생조카랑보러갔는데재밌게봤어요^^",
    "rating": "9",
    "date": "15.04.17"
  },
  {
    "review_id": "9847034",
    "movie_id": "101662",
    "author": "daiz****",
    "review": "아이들이 재밌었다고 하네요",
    "rating": "8",
    "date": "15.04.15"
  },
  {
    "review_id": "9846785",
    "movie_id": "101662",
    "author": "sghl****",
    "review": "아이들 호기심 자극에 좋아요.동물들이 무술을 하네요.^^",
    "rating": "8",
    "date": "15.04.15"
  },
  {
    "review_id": "9846070",
    "movie_id": "101662",
    "author": "jmar****",
    "review": "아들이 눈을 떼지 못하고 계속 열중해서 봤어요. 재미났어요.",
    "rating": "9",
    "date": "15.04.14"
  },
  {
    "review_id": "9844907",
    "movie_id": "101662",
    "author": "534k****",
    "review": "재미에비해 평점이 약간 높은듯",
    "rating": "8",
    "date": "15.04.14"
  },
  {
    "review_id": "9844311",
    "movie_id": "101662",
    "author": "jlhe****",
    "review": "매우매우 만족합니다 ^^",
    "rating": "10",
    "date": "15.04.13"
  },
  {
    "review_id": "9843951",
    "movie_id": "101662",
    "author": "bibi****",
    "review": "아이들과 함께  보기에 너무나 좋은 영화인것같습니다상상력을 자극시키고 사랑을 배울수 있는 감수성영화인것같습니다?강추강추 합니다",
    "rating": "10",
    "date": "15.04.13"
  },
  {
    "review_id": "9843048",
    "movie_id": "101662",
    "author": "inya****",
    "review": "감동적이었습니다. 아들과 봤는데 지루해하지 않고 잘 본것 같아요.",
    "rating": "8",
    "date": "15.04.12"
  },
  {
    "review_id": "9842581",
    "movie_id": "101662",
    "author": "ljs7****",
    "review": "5살딸램과 10살아들과 함께관람했는데 둘다 잼있어 하네요~유고가 라라구하는 장면이 제일 인상깊었던것 같아요^^친구의 소중함과 진실한마음을 배울수 있는 영화였던것 같아요!!",
    "rating": "10",
    "date": "15.04.12"
  },
  {
    "review_id": "9842480",
    "movie_id": "101662",
    "author": "rbgh****",
    "review": "재밋었어요~애들도 좋아하더라구요~^^",
    "rating": "8",
    "date": "15.04.12"
  },
  {
    "review_id": "9842262",
    "movie_id": "101662",
    "author": "0119****",
    "review": "아이가 재밌게 잘 봤다고 하네요 저역시 만족해요",
    "rating": "9",
    "date": "15.04.12"
  },
  {
    "review_id": "9841956",
    "movie_id": "101662",
    "author": "gonj****",
    "review": "그림좋아요. 애들이 슬퍼서 울엇어요",
    "rating": "9",
    "date": "15.04.12"
  },
  {
    "review_id": "9841695",
    "movie_id": "101662",
    "author": "davi****",
    "review": "애기가넘잼있었데요~~~물론저두넘잼있었네용^^",
    "rating": "10",
    "date": "15.04.12"
  },
  {
    "review_id": "9840454",
    "movie_id": "101662",
    "author": "viol****",
    "review": "역시 애니메이션은 디즈니가 갑~스토리도 그렇고 영상도 뭔가 엉성해보이더라구요7세아들때문에 같이봤는데저는 졸면서봤네요.. 아들도 잼없대요..",
    "rating": "4",
    "date": "15.04.11"
  },
  {
    "review_id": "9840274",
    "movie_id": "101662",
    "author": "sina****",
    "review": "영상미도 좋았고 아이들이 참 재밌어하네요 어른의 눈으로써는 유고는 참...ㅡㅡ;;;",
    "rating": "9",
    "date": "15.04.11"
  },
  {
    "review_id": "9840079",
    "movie_id": "101662",
    "author": "suki****",
    "review": "미취학아이들과보기에괜찮아요~",
    "rating": "9",
    "date": "15.04.11"
  },
  {
    "review_id": "9839905",
    "movie_id": "101662",
    "author": "qkrt****",
    "review": "늦어서못봤다는ㅠ 그래도 본샘칠께요",
    "rating": "10",
    "date": "15.04.11"
  },
  {
    "review_id": "9839897",
    "movie_id": "101662",
    "author": "ri50****",
    "review": "아이들이 좋았다네요.^^",
    "rating": "9",
    "date": "15.04.11"
  },
  {
    "review_id": "9839889",
    "movie_id": "101662",
    "author": "xmdn****",
    "review": "아이들 뿐 아니라 어른들도 감동받는  교훈있는 이야기입니다.",
    "rating": "10",
    "date": "15.04.11"
  },
  {
    "review_id": "9839856",
    "movie_id": "101662",
    "author": "kor2****",
    "review": "초등학교 1학년 애들은 재미있어 해요",
    "rating": "7",
    "date": "15.04.11"
  },
  {
    "review_id": "9838504",
    "movie_id": "101662",
    "author": "hlhl****",
    "review": "유고와 라라: 하늘고래와 구름섬 대모험..초등학생 아들이랑 봤는데 재미있었어요친구를 진정으로 사랑하는 마음까지...아들도 재미있어하고 했어요",
    "rating": "9",
    "date": "15.04.10"
  },
  {
    "review_id": "9837874",
    "movie_id": "101662",
    "author": "rusa****",
    "review": "울딸 친구들과 같이 봤어요~~넘 재밌다고 좋아하네요~~!!!",
    "rating": "10",
    "date": "15.04.10"
  },
  {
    "review_id": "9837864",
    "movie_id": "101662",
    "author": "mov_****",
    "review": "조카가 보고싶대서 데려갔는데 보는 내내 좋아해서 덩달아 저두 신남~",
    "rating": "10",
    "date": "15.04.10"
  }
]