[
  {
    "review_id": "10148229",
    "movie_id": "101669",
    "author": "lteo****",
    "review": "후회안하고 완전 볼만함.",
    "rating": "10",
    "date": "15.07.26"
  },
  {
    "review_id": "9736682",
    "movie_id": "101669",
    "author": "spdl****",
    "review": "다시봐도 재밌는 만화. 최고",
    "rating": "10",
    "date": "15.02.25"
  },
  {
    "review_id": "9608312",
    "movie_id": "101669",
    "author": "jong****",
    "review": "조금만 봐도 재미 넘친다~",
    "rating": "10",
    "date": "15.01.18"
  },
  {
    "review_id": "9577180",
    "movie_id": "101669",
    "author": "dong****",
    "review": "굉장히 재미 있습니다.",
    "rating": "10",
    "date": "15.01.09"
  },
  {
    "review_id": "9375032",
    "movie_id": "101669",
    "author": "zx58****",
    "review": "내가~~ 이거무지많이봤는데 언제봐도재미있어요근데도둑이뜩박임",
    "rating": "10",
    "date": "14.11.12"
  },
  {
    "review_id": "9285209",
    "movie_id": "101669",
    "author": "jge2****",
    "review": "스토리도 좋고 재밌어요",
    "rating": "10",
    "date": "14.10.11"
  },
  {
    "review_id": "9060189",
    "movie_id": "101669",
    "author": "deff****",
    "review": "해마다 나오면서도 항상 기본 수준을 유지하는 놀라운 작품이다 이번에도 실망시키지 않는 재미를 준다",
    "rating": "8",
    "date": "14.08.10"
  },
  {
    "review_id": "9046199",
    "movie_id": "101669",
    "author": "ssmi****",
    "review": "귀여운도라에몽아 나 너 좋아해",
    "rating": "10",
    "date": "14.08.07"
  },
  {
    "review_id": "9007215",
    "movie_id": "101669",
    "author": "dydg****",
    "review": "도라에몽 너무재밌어~ 짱구보다 도라에몽!",
    "rating": "10",
    "date": "14.08.02"
  },
  {
    "review_id": "8998089",
    "movie_id": "101669",
    "author": "kimo****",
    "review": "너무재밋음 또보고싶다",
    "rating": "10",
    "date": "14.08.01"
  },
  {
    "review_id": "8969345",
    "movie_id": "101669",
    "author": "mang****",
    "review": "우리 아이들이 아주 재밌게 봤어요^^ 다음 극장판도 기대할게요^^",
    "rating": "10",
    "date": "14.07.27"
  },
  {
    "review_id": "8851504",
    "movie_id": "101669",
    "author": "mann****",
    "review": "5번봤는데 안질린다.허니잼^-^",
    "rating": "10",
    "date": "14.06.24"
  },
  {
    "review_id": "8847754",
    "movie_id": "101669",
    "author": "koko****",
    "review": "기적의 섬이 더 재미있었다. 이건 걍 대충 만든 느낌이랄까 졸작 스멜이 풍긴다",
    "rating": "1",
    "date": "14.06.22"
  },
  {
    "review_id": "8809909",
    "movie_id": "101669",
    "author": "ij35****",
    "review": "6월 7일  날씨 맑음오늘 애니원에서 하는 도라에몽 극장판을 봤다.도라미가 동글동글한게 귀여웠다.",
    "rating": "10",
    "date": "14.06.07"
  },
  {
    "review_id": "8781285",
    "movie_id": "101669",
    "author": "min0****",
    "review": "동영상 예고편 말고 없어요???",
    "rating": "10",
    "date": "14.05.31"
  },
  {
    "review_id": "8723758",
    "movie_id": "101669",
    "author": "rice****",
    "review": "도라에몽은 잘안보는데 재밌네요",
    "rating": "9",
    "date": "14.05.11"
  },
  {
    "review_id": "8716234",
    "movie_id": "101669",
    "author": "raph****",
    "review": "괴도 디럭스의 정체에 깜짝놀랐습니다",
    "rating": "10",
    "date": "14.05.08"
  },
  {
    "review_id": "8714194",
    "movie_id": "101669",
    "author": "tast****",
    "review": "엔딩이 짱이죠!미래의 박물관 - Perfume",
    "rating": "10",
    "date": "14.05.07"
  },
  {
    "review_id": "8704889",
    "movie_id": "101669",
    "author": "dhwk****",
    "review": "생각해보니 이젠 뭐 대놓고 미래와 현재를 왔다갔다 거리는 상황이 연출된다.역사같은건 생각치도 않나보다 ㅋㅋㅋㅋ애초에 현실이라면 도라에몽같은게 돌아다니기만해도 사람들이 신기해서다쳐다볼듯 아 극장판은 재밌었으므로 10점",
    "rating": "10",
    "date": "14.05.05"
  },
  {
    "review_id": "8704291",
    "movie_id": "101669",
    "author": "teom****",
    "review": "도라에몽.역시 기대이상으로 재밌다.",
    "rating": "10",
    "date": "14.05.05"
  },
  {
    "review_id": "8694050",
    "movie_id": "101669",
    "author": "yooj****",
    "review": "재밌다!!감동적이야 역시도라에몽♥",
    "rating": "10",
    "date": "14.05.02"
  },
  {
    "review_id": "8645084",
    "movie_id": "101669",
    "author": "hybr****",
    "review": "감독님, 작가님, 그리고 수많은 제작진분들께, 이런 작품을 볼수 있게된것에 대해 감사의 말씀을 드리고싶네요",
    "rating": "10",
    "date": "14.04.12"
  },
  {
    "review_id": "8632910",
    "movie_id": "101669",
    "author": "dndl****",
    "review": "우올짱재미팍팍엄청난영화다!!",
    "rating": "10",
    "date": "14.04.06"
  },
  {
    "review_id": "8622686",
    "movie_id": "101669",
    "author": "dbwo****",
    "review": "전에 기적의섬은 형편없었는데 이번껏 재밌었다 살감났다",
    "rating": "10",
    "date": "14.04.01"
  },
  {
    "review_id": "8594839",
    "movie_id": "101669",
    "author": "feli****",
    "review": "어린아이들이 아닌 어른을 위한 애니메이션. 스토리 개연성이나 짜맞춤, 순서 모두 훌륭. 정도를 넘어가지 않고 딱 적당한 선에서 끊어주는 연출까지.. 이맛에 도라에몽을 본다.",
    "rating": "10",
    "date": "14.03.22"
  },
  {
    "review_id": "8581579",
    "movie_id": "101669",
    "author": "den1****",
    "review": "이것보다 2012년에 개봉한 애니멀 어드벤쳐가 헐낳아",
    "rating": "5",
    "date": "14.03.16"
  },
  {
    "review_id": "8555929",
    "movie_id": "101669",
    "author": "rrh1****",
    "review": "정말재밌게봤어요ㅎㅎ",
    "rating": "10",
    "date": "14.03.04"
  },
  {
    "review_id": "8523103",
    "movie_id": "101669",
    "author": "ekal****",
    "review": "내 전재산을 받히더라도 보고싶은 애니메이션",
    "rating": "10",
    "date": "14.02.20"
  },
  {
    "review_id": "8523099",
    "movie_id": "101669",
    "author": "beck****",
    "review": "도라에몽은 나의 분신 너무 재밌다.",
    "rating": "10",
    "date": "14.02.20"
  },
  {
    "review_id": "8472570",
    "movie_id": "101669",
    "author": "jdy3****",
    "review": "감동적이다 이맛으로 보는거지",
    "rating": "10",
    "date": "14.02.03"
  },
  {
    "review_id": "8460108",
    "movie_id": "101669",
    "author": "lsh0****",
    "review": "하나도재미없다갑자기 도라에몽이 디럭스옷입고있지않나박물관에 도구는 1개뿐이냐 똥쓰레기다또  재목은 뭐냐 박물관이 진구꺼도 아니면서 진구의 비밀도구 박물관은 뭐임도라에몽친구들은 걍 비중도 없고",
    "rating": "1",
    "date": "14.02.01"
  },
  {
    "review_id": "8444901",
    "movie_id": "101669",
    "author": "skwh****",
    "review": "도구에 의지하는 미래인의 삶을 보여주는 극장판",
    "rating": "10",
    "date": "14.01.29"
  },
  {
    "review_id": "8421130",
    "movie_id": "101669",
    "author": "7756****",
    "review": "너무기대를하고봐서그런지 조금지루했어요아이들은 무지 좋아했겠지만^^",
    "rating": "7",
    "date": "14.01.24"
  },
  {
    "review_id": "8405556",
    "movie_id": "101669",
    "author": "dlwn****",
    "review": "도라에몽은 현시점 반세기도넘은 만화이다",
    "rating": "10",
    "date": "14.01.21"
  },
  {
    "review_id": "8354821",
    "movie_id": "101669",
    "author": "wowg****",
    "review": "진짜 재미있었어요~~돈주고봐도 아깝지 않을 영화에요백번봐도 안질릴듯하네요 ㅎㅎ",
    "rating": "10",
    "date": "14.01.06"
  },
  {
    "review_id": "8324932",
    "movie_id": "101669",
    "author": "bian****",
    "review": "진구와 도라에몽! 방울을 찾기위해 힘내세요!",
    "rating": "10",
    "date": "13.12.30"
  },
  {
    "review_id": "8318380",
    "movie_id": "101669",
    "author": "tjeh****",
    "review": "오왕터ㅏㄹ샆첳토퓨ㅓ",
    "rating": "10",
    "date": "13.12.29"
  },
  {
    "review_id": "8298017",
    "movie_id": "101669",
    "author": "seon****",
    "review": "저완전도라에몽광팬이에요..요앞영화보단조금덜하지만이것역시짱이에요..무한한상상력이 머리를상쾌하게만들어요.매일잠들때마다 도라에몽켜놓고 취침알람맞춰놓고잔답니다.",
    "rating": "10",
    "date": "13.12.25"
  },
  {
    "review_id": "8296660",
    "movie_id": "101669",
    "author": "gen9****",
    "review": "도라에몽 극장판 중에서 제일 진지했다네, 10점 주도록 하지",
    "rating": "10",
    "date": "13.12.25"
  },
  {
    "review_id": "8296534",
    "movie_id": "101669",
    "author": "rldn****",
    "review": "솔직히 도라에몽 극장판 다 재밌음",
    "rating": "10",
    "date": "13.12.25"
  },
  {
    "review_id": "8218900",
    "movie_id": "101669",
    "author": "ty31****",
    "review": "영화관에서 봤는데 넘 재밌어",
    "rating": "10",
    "date": "13.12.16"
  },
  {
    "review_id": "8214658",
    "movie_id": "101669",
    "author": "osca****",
    "review": "왼전완전짱조와짱짱짱!",
    "rating": "10",
    "date": "13.12.14"
  },
  {
    "review_id": "8204320",
    "movie_id": "101669",
    "author": "babo****",
    "review": "언제나 가슴 두근 거리는 상상력의 세계",
    "rating": "10",
    "date": "13.12.10"
  },
  {
    "review_id": "8189835",
    "movie_id": "101669",
    "author": "find****",
    "review": "옛날부터 도라에몽 팬인데..이편은 .. 음 좀 애매..",
    "rating": "4",
    "date": "13.12.04"
  },
  {
    "review_id": "8180291",
    "movie_id": "101669",
    "author": "k950****",
    "review": "그냥 너무 조아.. 완전 조아 대박조아..",
    "rating": "10",
    "date": "13.11.30"
  },
  {
    "review_id": "8112417",
    "movie_id": "101669",
    "author": "neos****",
    "review": "2014개봉작은 원조 1982년에 개봉한작품의 리메이크",
    "rating": "10",
    "date": "13.11.03"
  },
  {
    "review_id": "8057430",
    "movie_id": "101669",
    "author": "dora****",
    "review": "나도도라에몽 만나고싶은데...",
    "rating": "10",
    "date": "13.10.13"
  },
  {
    "review_id": "8050828",
    "movie_id": "101669",
    "author": "star****",
    "review": "마지막에 진구가 방울찾아줄때 자기신발속에있다고할때 울었습니다 도라에몽 극장판은 하나같이 감동적인것같아요",
    "rating": "10",
    "date": "13.10.10"
  },
  {
    "review_id": "7994733",
    "movie_id": "101669",
    "author": "lyg1****",
    "review": "보고 울엇닼ㅋㅠㅠ",
    "rating": "10",
    "date": "13.09.19"
  },
  {
    "review_id": "7987684",
    "movie_id": "101669",
    "author": "swin****",
    "review": "아이들 손을 잡고 함께 즐기는 도라에몽~악당이 없고 누구든 좋아하는 일을 열심히 하는게 중요하다고 이야기해주는 애니메이션~특히나 곳곳에 등장하는 비밀도구를 구경하는 재미도 쏠쏠했다.어린아이들에겐 조금 버거운 러닝타임이지만 끝까지 재밌다~~~!!!",
    "rating": "9",
    "date": "13.09.16"
  },
  {
    "review_id": "7982599",
    "movie_id": "101669",
    "author": "yewo****",
    "review": "좋아여!짱 좋아여!일본거라도 재밌다!",
    "rating": "10",
    "date": "13.09.15"
  },
  {
    "review_id": "7969653",
    "movie_id": "101669",
    "author": "thsu****",
    "review": "보고 울었어요ㅠㅠ 진구와 도라에몽의 우정영원하길..ㅎㅎ",
    "rating": "10",
    "date": "13.09.12"
  },
  {
    "review_id": "7936145",
    "movie_id": "101669",
    "author": "m386****",
    "review": "너무재미있다",
    "rating": "10",
    "date": "13.08.30"
  },
  {
    "review_id": "7933362",
    "movie_id": "101669",
    "author": "jwmo****",
    "review": "영상올려주세요",
    "rating": "10",
    "date": "13.08.29"
  },
  {
    "review_id": "7930273",
    "movie_id": "101669",
    "author": "tmdg****",
    "review": "재밌겠다능",
    "rating": "10",
    "date": "13.08.28"
  },
  {
    "review_id": "7921095",
    "movie_id": "101669",
    "author": "feli****",
    "review": "최고임",
    "rating": "10",
    "date": "13.08.25"
  },
  {
    "review_id": "7913964",
    "movie_id": "101669",
    "author": "eumt****",
    "review": "?",
    "rating": "10",
    "date": "13.08.23"
  },
  {
    "review_id": "7912415",
    "movie_id": "101669",
    "author": "uuuu****",
    "review": "재미왕",
    "rating": "10",
    "date": "13.08.22"
  },
  {
    "review_id": "7911865",
    "movie_id": "101669",
    "author": "jc16****",
    "review": "너무 재밋어여 ㅠㅠㅠ",
    "rating": "10",
    "date": "13.08.22"
  },
  {
    "review_id": "7909281",
    "movie_id": "101669",
    "author": "csm1****",
    "review": "저 이거 봤늡데 완전 대박재밌어요^^",
    "rating": "10",
    "date": "13.08.21"
  },
  {
    "review_id": "7907139",
    "movie_id": "101669",
    "author": "3321****",
    "review": "진짜진짜재미있어도라에몽최고최고^^♥♥♥도라에몽사랑해♥♥♥♥♥",
    "rating": "10",
    "date": "13.08.20"
  },
  {
    "review_id": "7906322",
    "movie_id": "101669",
    "author": "tdjt****",
    "review": "좋아",
    "rating": "10",
    "date": "13.08.20"
  },
  {
    "review_id": "7906320",
    "movie_id": "101669",
    "author": "alst****",
    "review": "ㅋ재미없어",
    "rating": "1",
    "date": "13.08.20"
  },
  {
    "review_id": "7905914",
    "movie_id": "101669",
    "author": "jwh1****",
    "review": "재미있었요.^^  ㅋ~ㅋ 아주두근두근!!",
    "rating": "10",
    "date": "13.08.20"
  },
  {
    "review_id": "7899922",
    "movie_id": "101669",
    "author": "daee****",
    "review": "빨리보고싶다",
    "rating": "10",
    "date": "13.08.18"
  },
  {
    "review_id": "7891600",
    "movie_id": "101669",
    "author": "file****",
    "review": "재밌옹~~!!",
    "rating": "10",
    "date": "13.08.16"
  },
  {
    "review_id": "7884461",
    "movie_id": "101669",
    "author": "db14****",
    "review": "완전 짱 재밋음",
    "rating": "10",
    "date": "13.08.15"
  },
  {
    "review_id": "7876247",
    "movie_id": "101669",
    "author": "kimj****",
    "review": "참나;; 애들한테 이런 극우물 보여주고 무슨;; 감동이니 최고니 에니메이션은;; 8.15가 다가오는 이시점에 이런;; 애니는 진짜 최악이다;; 원작자가 이렇게 변질된걸 보고 뭐라고 할까;; 투자자가 다 극우인가;;",
    "rating": "1",
    "date": "13.08.13"
  },
  {
    "review_id": "7874686",
    "movie_id": "101669",
    "author": "cjfg****",
    "review": "도라애모옹~",
    "rating": "10",
    "date": "13.08.13"
  },
  {
    "review_id": "7872818",
    "movie_id": "101669",
    "author": "park****",
    "review": "도라애몽 짱  재밌어요",
    "rating": "10",
    "date": "13.08.12"
  },
  {
    "review_id": "7869469",
    "movie_id": "101669",
    "author": "stor****",
    "review": "도라에몽 > 설국열차",
    "rating": "8",
    "date": "13.08.11"
  },
  {
    "review_id": "7869029",
    "movie_id": "101669",
    "author": "ysks****",
    "review": "진구의   비밀도구  박물관",
    "rating": "10",
    "date": "13.08.11"
  },
  {
    "review_id": "7868359",
    "movie_id": "101669",
    "author": "gkzl****",
    "review": "도라에몽진구의비밀도구퐛튕!!",
    "rating": "10",
    "date": "13.08.11"
  },
  {
    "review_id": "7866961",
    "movie_id": "101669",
    "author": "smg0****",
    "review": "재미ㅋㅋ",
    "rating": "10",
    "date": "13.08.11"
  },
  {
    "review_id": "7865797",
    "movie_id": "101669",
    "author": "tkek****",
    "review": "어린이영화를 어른이 보니까  재미없지 뇌 없음",
    "rating": "9",
    "date": "13.08.10"
  },
  {
    "review_id": "7864711",
    "movie_id": "101669",
    "author": "pink****",
    "review": "도라에몽짱!!!!!!!!!!!♥♥♥♥♥",
    "rating": "10",
    "date": "13.08.10"
  },
  {
    "review_id": "7863337",
    "movie_id": "101669",
    "author": "hisu****",
    "review": "도라메몽 극장판은 사실 티브이만 보다가 이번에 처음으로 영화로 보았는데 얼마나 재미있던지.. 아이랑 같이 흐뭇하게 보고 왔답니다. 어른이 봐도 너무 재미있는 도라에몽.. 진짜 지금도 노래가 흥얼흥얼 나오네요. 이런 작품이 우리 나라에도 있다면.. 하는",
    "rating": "10",
    "date": "13.08.09"
  },
  {
    "review_id": "7863105",
    "movie_id": "101669",
    "author": "mj01****",
    "review": "도라에몽이 우리집에 있다면!!도라에몽 짱!!",
    "rating": "10",
    "date": "13.08.09"
  },
  {
    "review_id": "7861679",
    "movie_id": "101669",
    "author": "thdc****",
    "review": "좋아요",
    "rating": "6",
    "date": "13.08.09"
  },
  {
    "review_id": "7861665",
    "movie_id": "101669",
    "author": "sodl****",
    "review": "도라에몽 영원하라",
    "rating": "10",
    "date": "13.08.09"
  },
  {
    "review_id": "7861371",
    "movie_id": "101669",
    "author": "sejo****",
    "review": "도라에몽? no. 또라이몽.",
    "rating": "1",
    "date": "13.08.09"
  },
  {
    "review_id": "7860415",
    "movie_id": "101669",
    "author": "sina****",
    "review": "완전 좋았어요 처음부터 끝까지 도라에몽의 방울 대신이라던가 이런게 자주 바뀌어서 찾아보는 재미도 있었어요. 다양한 연령대의 사람들이 즐길수있는 영화였어요",
    "rating": "10",
    "date": "13.08.08"
  },
  {
    "review_id": "7860374",
    "movie_id": "101669",
    "author": "9521****",
    "review": "재미가 없다 별로..",
    "rating": "3",
    "date": "13.08.08"
  },
  {
    "review_id": "7855086",
    "movie_id": "101669",
    "author": "skli****",
    "review": "영화  좋아요",
    "rating": "5",
    "date": "13.08.07"
  },
  {
    "review_id": "7851240",
    "movie_id": "101669",
    "author": "yui1****",
    "review": "도라에몽이 보여주는 상상력의 스케일은 할리우드 이상이다. 아이들뿐만 아니라 어른들에게도 보여주고 싶은 영화!",
    "rating": "10",
    "date": "13.08.06"
  },
  {
    "review_id": "7850235",
    "movie_id": "101669",
    "author": "toy_****",
    "review": "괴도 키드!!! ㅋㅋㅋㅋㅋㅋㅋㅋㅋㅋㅋ",
    "rating": "10",
    "date": "13.08.06"
  },
  {
    "review_id": "7849475",
    "movie_id": "101669",
    "author": "wogn****",
    "review": "!!!!",
    "rating": "10",
    "date": "13.08.06"
  },
  {
    "review_id": "7848626",
    "movie_id": "101669",
    "author": "rkeh****",
    "review": "귀엽고 좋은데 .. ?",
    "rating": "9",
    "date": "13.08.06"
  },
  {
    "review_id": "7842456",
    "movie_id": "101669",
    "author": "drag****",
    "review": "솔직히 말하면 극장판이 tv로 보는 것보다 훨씬 재밌다. 물론 돈이 좀 들지만/.....ㅋㅋ",
    "rating": "9",
    "date": "13.08.05"
  },
  {
    "review_id": "7841548",
    "movie_id": "101669",
    "author": "khsk****",
    "review": "저는 이 영화를 극장에서 두번봤는데요, 두번 모두 돈이 아깝지 않고 정말 유익한 것 같습니다. 그리고 두번째 때도 감동이 그대로 이고요. 역시 도라에몽은 세기의 명작인 것 같습니다.",
    "rating": "10",
    "date": "13.08.05"
  },
  {
    "review_id": "7839317",
    "movie_id": "101669",
    "author": "unos****",
    "review": "으아 이거 너무 보고싶다",
    "rating": "8",
    "date": "13.08.04"
  },
  {
    "review_id": "7838231",
    "movie_id": "101669",
    "author": "yuks****",
    "review": "정말 재밌었습니다..... 또 보고싶어용",
    "rating": "10",
    "date": "13.08.04"
  },
  {
    "review_id": "7837356",
    "movie_id": "101669",
    "author": "jsu0****",
    "review": "재밌다.",
    "rating": "10",
    "date": "13.08.04"
  },
  {
    "review_id": "7837222",
    "movie_id": "101669",
    "author": "peb1****",
    "review": "진짜좋아요ㅠㅠ",
    "rating": "10",
    "date": "13.08.04"
  },
  {
    "review_id": "7836605",
    "movie_id": "101669",
    "author": "maxl****",
    "review": "아이와 함께 봐도 지루하지않은 에니메이션이에요^^아이도 너무 좋아했구요~ 방학때 아이들에게 보여주면 딱~좋은..선물같은 존재네요^^",
    "rating": "10",
    "date": "13.08.04"
  },
  {
    "review_id": "7836507",
    "movie_id": "101669",
    "author": "koae****",
    "review": "도라에몽 진구의 비밀도구 박몰관 보러하고있는데",
    "rating": "10",
    "date": "13.08.04"
  },
  {
    "review_id": "7835897",
    "movie_id": "101669",
    "author": "ekgu****",
    "review": "보고십어요ㅠㅁㅠ",
    "rating": "10",
    "date": "13.08.04"
  },
  {
    "review_id": "7832397",
    "movie_id": "101669",
    "author": "song****",
    "review": "나도 재미있는 박물관이 전시됫네",
    "rating": "10",
    "date": "13.08.03"
  },
  {
    "review_id": "7831715",
    "movie_id": "101669",
    "author": "gkwn****",
    "review": "정말 재밌어요!",
    "rating": "10",
    "date": "13.08.03"
  },
  {
    "review_id": "7830913",
    "movie_id": "101669",
    "author": "zans****",
    "review": "유치한 것 싫어하지만 도라에몽은 좋아한다.",
    "rating": "10",
    "date": "13.08.03"
  }
]