[
  {
    "review_id": "10187346",
    "movie_id": "101645",
    "author": "eun0****",
    "review": "너무재미없다. 솔직히별한개도주기싫다. 별0개가없어서그러지별0개가있다면그렇게주고싶다",
    "rating": "1",
    "date": "15.08.05"
  },
  {
    "review_id": "10155517",
    "movie_id": "101645",
    "author": "ayor****",
    "review": "여배우가 분장을 안해도 귀신들린 사람같습니다",
    "rating": "2",
    "date": "15.07.29"
  },
  {
    "review_id": "10110029",
    "movie_id": "101645",
    "author": "abcd****",
    "review": "농담아니고 진짜 영화가 하나도 무섭지않다. 악령은 나오지도 않는다.  기존의 악령영화 플롯만  흉내낸 수준이며 너무 재미가없어서 다음장면이 기대되지도않는다. 마지막 불 CG는 너무 허접해서 실소가 나올정도.",
    "rating": "2",
    "date": "15.07.16"
  },
  {
    "review_id": "10062396",
    "movie_id": "101645",
    "author": "sima****",
    "review": "미친 개막장 씹노잼ㅇㅇㅇ",
    "rating": "1",
    "date": "15.07.02"
  },
  {
    "review_id": "9906553",
    "movie_id": "101645",
    "author": "b_do****",
    "review": "너무 병123신123들만 나오는듯 신고좀 하라고 다른 영화에선 신고를 하고 허접한 보완관이 한명이라도 오는대 이건 뭐 신고도 안하고 병원에서 제대로 처방도 안해주고 개판영화",
    "rating": "1",
    "date": "15.05.09"
  },
  {
    "review_id": "9838187",
    "movie_id": "101645",
    "author": "stor****",
    "review": "재미없다 졸았음 완전 재미없다",
    "rating": "1",
    "date": "15.04.10"
  },
  {
    "review_id": "9816204",
    "movie_id": "101645",
    "author": "dbeo****",
    "review": "마지막에 고스트 라이더가됩니다 느작없어요",
    "rating": "1",
    "date": "15.03.30"
  },
  {
    "review_id": "9815415",
    "movie_id": "101645",
    "author": "mrg2****",
    "review": "1편이 그나마 나앗던건가 아니면 2편이 심한 망작인건가..",
    "rating": "3",
    "date": "15.03.29"
  },
  {
    "review_id": "9768585",
    "movie_id": "101645",
    "author": "jms5****",
    "review": "차라리 페이크 다큐였던 전작이 나았다. 전작부분에서의 장면을 이 작품에 또 써먹으면서 갑툭튀로 퉁 친다. 스토리도 엉성. 연기도 엉성. 엑소시스트의 발톱 때만도 못한 작품.",
    "rating": "3",
    "date": "15.03.09"
  },
  {
    "review_id": "9602167",
    "movie_id": "101645",
    "author": "ttot****",
    "review": "이건 진짜 하다하다 감독도포기했나보다 막판에 존나웃김ㅋㅋㅋ 악마가 gta",
    "rating": "1",
    "date": "15.01.16"
  },
  {
    "review_id": "9599710",
    "movie_id": "101645",
    "author": "yaga****",
    "review": "전 세계가 경악할만도 하지..  이건 영화도 아니다",
    "rating": "1",
    "date": "15.01.16"
  },
  {
    "review_id": "9588376",
    "movie_id": "101645",
    "author": "gall****",
    "review": "공포없는 공포물. 1편부터가 진부한 소재를 어줍잖은 페이크다큐로 망쳐놓더니 2편에선 극영화 형식으로 태세전환을 했으나 지나치게 식상하고 스릴도 없다. 1편보고 좋다고 설쳐대는것들은 , 엑소시스트나 기타 엑소시즘 소재 영화들 안본거 티내는 영알못들 ㅇㅇ",
    "rating": "2",
    "date": "15.01.12"
  },
  {
    "review_id": "9509718",
    "movie_id": "101645",
    "author": "0pou****",
    "review": "무서운거 진짜 못보는데 이건 뭐 걍ㅋ",
    "rating": "1",
    "date": "14.12.24"
  },
  {
    "review_id": "9469083",
    "movie_id": "101645",
    "author": "enaf****",
    "review": "왜 재미없다는걸꺼 알바아니고 난재밌게봤다 첨봣을때 다큐인가했는데 배우들이 연기잘해서 그런거고 연출좋고 주인공여자애악마들린 연기 꿀잼.. 결말이조금아쉽지만 재밌다 스릴러 공포 좋아하는사람 추천",
    "rating": "9",
    "date": "14.12.13"
  },
  {
    "review_id": "9429578",
    "movie_id": "101645",
    "author": "sjm6****",
    "review": "방금 cinef에서 보고왓다.난 무엇보다 결말에관해 얘기하고싶다.진짜 결말 최악이다. 뭐봣나싶다 내가",
    "rating": "1",
    "date": "14.11.28"
  },
  {
    "review_id": "9265735",
    "movie_id": "101645",
    "author": "dbs3****",
    "review": "희대의 망작의 망작중의 망작영화",
    "rating": "1",
    "date": "14.10.05"
  },
  {
    "review_id": "9223931",
    "movie_id": "101645",
    "author": "kwan****",
    "review": "지구 역사상 최고의 쓰레기영화",
    "rating": "1",
    "date": "14.09.18"
  },
  {
    "review_id": "9191448",
    "movie_id": "101645",
    "author": "rhs8****",
    "review": "나름 재밌게 봣다 망작이라는 정도는 아니다",
    "rating": "8",
    "date": "14.09.09"
  },
  {
    "review_id": "9127737",
    "movie_id": "101645",
    "author": "pria****",
    "review": "그저 그런 공포물. 흠흠흠.",
    "rating": "2",
    "date": "14.08.24"
  },
  {
    "review_id": "9117790",
    "movie_id": "101645",
    "author": "sesu****",
    "review": "보다 졸았음 보다가 졸았음  보오다가 조올아았으음",
    "rating": "1",
    "date": "14.08.21"
  },
  {
    "review_id": "9080687",
    "movie_id": "101645",
    "author": "secr****",
    "review": "시간때우기로는 그냥...근데 여주인공 너무 삭았음..아줌마인줄알았는데",
    "rating": "3",
    "date": "14.08.13"
  },
  {
    "review_id": "9053134",
    "movie_id": "101645",
    "author": "h825****",
    "review": "평점 알바 ㅡㅡ ..답이없다",
    "rating": "1",
    "date": "14.08.09"
  },
  {
    "review_id": "8948150",
    "movie_id": "101645",
    "author": "darc****",
    "review": "흥미는 있었지만 결말때문에 한숨만 나왔다 고로 시간낭비한것 같다",
    "rating": "2",
    "date": "14.07.24"
  },
  {
    "review_id": "8940934",
    "movie_id": "101645",
    "author": "jhlo****",
    "review": "이번에 두번째보는데 첨보단 아니지만..나쁘지않았음..귀신나오는건아니지만.. 사탄임신해서 어쩔수없이 낳아야하고.. 아버지만 막으려했었는데 못막고.. 첨부터 신고를하지. 넬만 불쌍함ㅠㅠ",
    "rating": "7",
    "date": "14.07.22"
  },
  {
    "review_id": "8933460",
    "movie_id": "101645",
    "author": "dydg****",
    "review": "지루하고 재미없다...  제발 이딴영화 만들지마 원래 1점 줄려했는데  여주인공   연기때문에  2점더준다..",
    "rating": "3",
    "date": "14.07.20"
  },
  {
    "review_id": "8920069",
    "movie_id": "101645",
    "author": "vdz4****",
    "review": "이게뭐지?? 도무지이해가안감 도와주세요 나 낚인건가요?",
    "rating": "1",
    "date": "14.07.16"
  },
  {
    "review_id": "8917995",
    "movie_id": "101645",
    "author": "host****",
    "review": "마지막 목사는 악마가 존재한다는 사실에 분노해서 불속에 십자가와함께 소녀를 구하기위해 죽으로가고 마을사람들과 동네목사는 악마신봉자들 사이비 놈들이였고 내용짜집기 쓰레기내용",
    "rating": "1",
    "date": "14.07.15"
  },
  {
    "review_id": "8909105",
    "movie_id": "101645",
    "author": "gang****",
    "review": "마지막에 여자허리꺾이는장면말고는... 뭘본건지...이런영화 제발 다큐로만들지말았으면좋겠다...",
    "rating": "4",
    "date": "14.07.12"
  },
  {
    "review_id": "8902026",
    "movie_id": "101645",
    "author": "asqz****",
    "review": "알바믿고 절대보지마세요 진짜재미없음 OOO기영화임 ㅋㅋ공포는무슨 다큐멘터리영화같다. ㅉㅉ  1편도개어이없는쓰레게인데 2편은괜찮을거라고 생각하는사람들 그생각버리삼 시간만너무아깝다",
    "rating": "1",
    "date": "14.07.10"
  },
  {
    "review_id": "8900644",
    "movie_id": "101645",
    "author": "cm11****",
    "review": "공포에서 판타지로 바뀌는 참 어이 없는;;; 순간 초능력판타지를 보는 느낌이 든다;;;",
    "rating": "1",
    "date": "14.07.10"
  },
  {
    "review_id": "8899847",
    "movie_id": "101645",
    "author": "hikk****",
    "review": "마지막에 고스트 라이더가 된다.진정한 엑소시즘영화의 본질을 망각한 작품성,상업성을 모두 포기한 의문의 영화.",
    "rating": "1",
    "date": "14.07.10"
  },
  {
    "review_id": "8899842",
    "movie_id": "101645",
    "author": "jand****",
    "review": "젠장.. 드럽게 재미없네",
    "rating": "2",
    "date": "14.07.10"
  },
  {
    "review_id": "8899831",
    "movie_id": "101645",
    "author": "lily****",
    "review": "뭥미..어처구니없음...;",
    "rating": "1",
    "date": "14.07.10"
  },
  {
    "review_id": "8899815",
    "movie_id": "101645",
    "author": "kbj3****",
    "review": "무시무시한 공포의 평점조작",
    "rating": "5",
    "date": "14.07.10"
  },
  {
    "review_id": "8899557",
    "movie_id": "101645",
    "author": "pear****",
    "review": "평점이 너무 높음. 이상",
    "rating": "1",
    "date": "14.07.09"
  },
  {
    "review_id": "8843733",
    "movie_id": "101645",
    "author": "jsn0****",
    "review": "'네이버평점알바'가 실제로 존재한다는 사실을 인정하는 기념비적인 영화다. 평점알바는 실제 로 존재한다. 이아줌마알바들은 어디서고용하 는거지? 배급사인가 모르겠다 결국네이버도 한 패인가",
    "rating": "3",
    "date": "14.06.21"
  },
  {
    "review_id": "8764066",
    "movie_id": "101645",
    "author": "ichl****",
    "review": "원작을 무시한 건지...  아주 오래된 원작보다도 공포도 연출도 감동도 교훈도 아무것도 없다.",
    "rating": "1",
    "date": "14.05.25"
  },
  {
    "review_id": "8754640",
    "movie_id": "101645",
    "author": "gofk****",
    "review": "1개주기도아까움 아나 시간아까워ㅡ.ㅡ 진심 제발이런영화왜만듬 어이ㅡㅡ",
    "rating": "1",
    "date": "14.05.22"
  },
  {
    "review_id": "8727932",
    "movie_id": "101645",
    "author": "lees****",
    "review": "ㅡㅡ 나 이영화 1보고나서 2봣는데 쓰례기네.. 먼갑자기예언이쳐나옴? 먼 재난영화냐ㅡㅡ? 아욕나와진짜 리뷰처음써본다",
    "rating": "1",
    "date": "14.05.13"
  },
  {
    "review_id": "8721993",
    "movie_id": "101645",
    "author": "ghkd****",
    "review": "ssip  no jam 절때  bo지 마",
    "rating": "3",
    "date": "14.05.11"
  },
  {
    "review_id": "8703133",
    "movie_id": "101645",
    "author": "534k****",
    "review": "엑소시즘 영화 좋아하는데..",
    "rating": "6",
    "date": "14.05.05"
  },
  {
    "review_id": "8620105",
    "movie_id": "101645",
    "author": "ken9****",
    "review": "최고다ㅋㅣ진짜 집에서 재밌게 봣네요",
    "rating": "10",
    "date": "14.03.31"
  },
  {
    "review_id": "8571192",
    "movie_id": "101645",
    "author": "dead****",
    "review": "이정도면 수작이다..",
    "rating": "10",
    "date": "14.03.13"
  },
  {
    "review_id": "8570101",
    "movie_id": "101645",
    "author": "szuu****",
    "review": "시간이 아깝다공포란 글자 떼라 아동만화냐",
    "rating": "1",
    "date": "14.03.12"
  },
  {
    "review_id": "8553519",
    "movie_id": "101645",
    "author": "cw94****",
    "review": "심령물의 나태함이 졸음을 부르네",
    "rating": "10",
    "date": "14.03.03"
  },
  {
    "review_id": "8548499",
    "movie_id": "101645",
    "author": "oojj****",
    "review": "유치. 공포를 기대했건만 개그만 남겼다.",
    "rating": "3",
    "date": "14.03.01"
  },
  {
    "review_id": "8519098",
    "movie_id": "101645",
    "author": "gusd****",
    "review": "와노잼이네요 ㅋ보다가잣어요평정0없어요?ㅋㅋㅋㅋ수면유도영화인줄;",
    "rating": "1",
    "date": "14.02.18"
  },
  {
    "review_id": "8515470",
    "movie_id": "101645",
    "author": "kiss****",
    "review": "영화만 놓고 봤을때는 그럭저럭 볼만한데... 결말이진심... 욕나옴... 하... 예수님을 좃으로 아나",
    "rating": "1",
    "date": "14.02.17"
  },
  {
    "review_id": "8497849",
    "movie_id": "101645",
    "author": "tian****",
    "review": "평점 누가 이렇게 높여놓은거냐 OOO기 영화를",
    "rating": "1",
    "date": "14.02.11"
  },
  {
    "review_id": "8494585",
    "movie_id": "101645",
    "author": "webt****",
    "review": "에휴 엑소시즘오브에밀리로즈보고 이거보니깐...ㅎ에휴..",
    "rating": "1",
    "date": "14.02.10"
  },
  {
    "review_id": "8493265",
    "movie_id": "101645",
    "author": "nmh5****",
    "review": "결말이 막장이였고 1이랑 달리 페이크다큐도 아니엿고.... 평점 7점 이상은 좀 높앗다.",
    "rating": "4",
    "date": "14.02.09"
  },
  {
    "review_id": "8451440",
    "movie_id": "101645",
    "author": "gloo****",
    "review": "별점을 안줄순 없는거야? 만들다만 영화. 종교영화도 이보다는 스릴이 넘칠거임.",
    "rating": "1",
    "date": "14.01.30"
  },
  {
    "review_id": "8422619",
    "movie_id": "101645",
    "author": "mg50****",
    "review": "공포영화로써는 좀 부족하지만 영화로써는 재밌게 봄..",
    "rating": "8",
    "date": "14.01.25"
  },
  {
    "review_id": "8413166",
    "movie_id": "101645",
    "author": "ehfk****",
    "review": "마지막  gta였다.ㅋ  이걸 왜 영화라고 개봉했지 ? gta O.V.A 판인데",
    "rating": "1",
    "date": "14.01.22"
  },
  {
    "review_id": "8407202",
    "movie_id": "101645",
    "author": "kili****",
    "review": "스트레칭 한번 찰지게 하네",
    "rating": "4",
    "date": "14.01.21"
  },
  {
    "review_id": "8392379",
    "movie_id": "101645",
    "author": "dnst****",
    "review": "전개가 너무답답하고 공포영화인데 귀신은커녕 무서운장면이 없어도 너무없다 보면서 너무질질끄는느낌 마지막엔딩은 어이없음 중간까지보면서 이제 후반부니까 무서운게 나오겠지했는데 역시 fail",
    "rating": "1",
    "date": "14.01.17"
  },
  {
    "review_id": "8328980",
    "movie_id": "101645",
    "author": "namo****",
    "review": "201312말일 무비 오브 더 이어 나한텐 좋아 등급. 공포영화 특유의 신경질적 깜짝놀람 없이 나름 분위기가..괜찮았는데..",
    "rating": "10",
    "date": "13.12.31"
  },
  {
    "review_id": "8313638",
    "movie_id": "101645",
    "author": "whdu****",
    "review": "히잉...주께감사해",
    "rating": "1",
    "date": "13.12.28"
  },
  {
    "review_id": "8213705",
    "movie_id": "101645",
    "author": "juju****",
    "review": "와이건심각하게재미없다;;;",
    "rating": "1",
    "date": "13.12.14"
  },
  {
    "review_id": "8210142",
    "movie_id": "101645",
    "author": "tkaa****",
    "review": "오랜만에 공포다운공포를 보네요",
    "rating": "9",
    "date": "13.12.13"
  },
  {
    "review_id": "8166186",
    "movie_id": "101645",
    "author": "wein****",
    "review": "옛다! 7점  다큐느낌이라  재미가 떨어지나 볼만함",
    "rating": "7",
    "date": "13.11.24"
  },
  {
    "review_id": "8163500",
    "movie_id": "101645",
    "author": "cact****",
    "review": "기대한 제가 잘못입니다요.",
    "rating": "2",
    "date": "13.11.23"
  },
  {
    "review_id": "8135988",
    "movie_id": "101645",
    "author": "jjon****",
    "review": "3편은 존 코너랑 아놀드 슈워제네거 나오면 딱이겠네  이대로 터미네이터 5",
    "rating": "1",
    "date": "13.11.13"
  },
  {
    "review_id": "8113831",
    "movie_id": "101645",
    "author": "adiv****",
    "review": "1편도 별로 였지만 2편은 아예재미없음.. 긴장감도 없고 짜증작렬",
    "rating": "3",
    "date": "13.11.04"
  },
  {
    "review_id": "8111114",
    "movie_id": "101645",
    "author": "mash****",
    "review": "아오 돈 아까워! 진짜 재미없어! 평점뭐야.",
    "rating": "1",
    "date": "13.11.02"
  },
  {
    "review_id": "8086285",
    "movie_id": "101645",
    "author": "dior****",
    "review": "이 거, 볼만 함! 애슐리 벨, 대성할 친굴세! ^^ 단지 타인이 매겨놓은 평점만으로 평가하기엔, 예술은...",
    "rating": "8",
    "date": "13.10.25"
  },
  {
    "review_id": "8061166",
    "movie_id": "101645",
    "author": "wkde****",
    "review": "지금 사람가지고 장난치자 이걸 영화라고 만들엇어 ? 아무나 영화만들수잇겟다... 사람들 괜한 시간 낭비 시키지말고 평점 이따구로 누가 한지 모르겟지 만 평점 1주기도 아까운 영화다 진짜ㅡㅡ 이건 마이너스 급이라고해야되 포스터 예고편 보고 속지마세요",
    "rating": "1",
    "date": "13.10.15"
  },
  {
    "review_id": "8043220",
    "movie_id": "101645",
    "author": "shu_****",
    "review": "엑소시즘 영화는 엑소시스트랑 컨저링이 짱임. 나머진 쓰레기",
    "rating": "1",
    "date": "13.10.07"
  },
  {
    "review_id": "8023766",
    "movie_id": "101645",
    "author": "thek****",
    "review": "넬을  보면 어떤 선한 사람이 악하게 되는 데에 악마가 아닌 사람으로 인해서라는 걸 알 수 있네요. 인간이 악마를 만드는 것 같습니다. 전 재밌게 봤어요 :)",
    "rating": "8",
    "date": "13.09.30"
  },
  {
    "review_id": "7970833",
    "movie_id": "101645",
    "author": "sjag****",
    "review": "방금 봤는데 재미없어요...이게 뭐니 대체..ㅡㅡ;",
    "rating": "4",
    "date": "13.09.12"
  },
  {
    "review_id": "7923759",
    "movie_id": "101645",
    "author": "jand****",
    "review": "진정한 수면제...졸다가 비명지르는 소리에 깼다가 다시 자다",
    "rating": "1",
    "date": "13.08.26"
  },
  {
    "review_id": "7919700",
    "movie_id": "101645",
    "author": "dlaw****",
    "review": "올렛티비에서봣는데돈이아깝다 ㅅㅂ",
    "rating": "1",
    "date": "13.08.25"
  },
  {
    "review_id": "7911327",
    "movie_id": "101645",
    "author": "ggmk****",
    "review": "이 영화를 돈을 지불하고 본 사람은 열좀 받겠다 IPTV에서도 무료더군 보면 안됨",
    "rating": "1",
    "date": "13.08.22"
  },
  {
    "review_id": "7906738",
    "movie_id": "101645",
    "author": "kart****",
    "review": "어이없네..",
    "rating": "1",
    "date": "13.08.20"
  },
  {
    "review_id": "7884299",
    "movie_id": "101645",
    "author": "sdh7****",
    "review": "보지마진짜 개재미없어",
    "rating": "1",
    "date": "13.08.15"
  },
  {
    "review_id": "7874746",
    "movie_id": "101645",
    "author": "kkok****",
    "review": "지루하다 정말 많이",
    "rating": "1",
    "date": "13.08.13"
  },
  {
    "review_id": "7852268",
    "movie_id": "101645",
    "author": "roto****",
    "review": "아....내 팔천원,....브이오디 생각하고 긁을걸",
    "rating": "1",
    "date": "13.08.07"
  },
  {
    "review_id": "7848974",
    "movie_id": "101645",
    "author": "beyo****",
    "review": "저주받은 스트레칭스킬",
    "rating": "7",
    "date": "13.08.06"
  },
  {
    "review_id": "7848668",
    "movie_id": "101645",
    "author": "cleo****",
    "review": "배끼는 것도 실력이다.",
    "rating": "3",
    "date": "13.08.06"
  },
  {
    "review_id": "7842158",
    "movie_id": "101645",
    "author": "puma****",
    "review": "솔직히 케이블에서 가끔 미스테리 특집같은거 UFO 이런게 차라리 더 무서울 정도로  이영화에 공포는 없다 시끄럽게 사운드로 놀래킬려는 것밖에없다",
    "rating": "1",
    "date": "13.08.05"
  },
  {
    "review_id": "7839781",
    "movie_id": "101645",
    "author": "smh9****",
    "review": "편집이 너무 루즈하다 콘스탄틴의 프랜시스 로렌스  감독이 만들었다면 좀  달라지지 않았을까",
    "rating": "8",
    "date": "13.08.04"
  },
  {
    "review_id": "7829514",
    "movie_id": "101645",
    "author": "chac****",
    "review": "못된 알바 색 히 들...",
    "rating": "1",
    "date": "13.08.03"
  },
  {
    "review_id": "7811461",
    "movie_id": "101645",
    "author": "tjsz****",
    "review": "ㅗ",
    "rating": "1",
    "date": "13.08.01"
  },
  {
    "review_id": "7805950",
    "movie_id": "101645",
    "author": "ke_s****",
    "review": "1편에 비해 매우 실망적이었던 2편",
    "rating": "1",
    "date": "13.08.01"
  },
  {
    "review_id": "7804382",
    "movie_id": "101645",
    "author": "rlag****",
    "review": "허술한 스토리, 허술한 연출, 약한 공포. 왜 이 영화를 제작했는지 의문을 품는다.",
    "rating": "1",
    "date": "13.08.01"
  },
  {
    "review_id": "7803221",
    "movie_id": "101645",
    "author": "somo****",
    "review": "...",
    "rating": "1",
    "date": "13.07.31"
  },
  {
    "review_id": "7801112",
    "movie_id": "101645",
    "author": "bcmm****",
    "review": "1편과 감독이 다른 줄 알았으면 안봤을 것을... 첨 10분이 다에요 기대하지 마세요",
    "rating": "1",
    "date": "13.07.31"
  },
  {
    "review_id": "7799047",
    "movie_id": "101645",
    "author": "newf****",
    "review": "진행도 내내 지루하고 뜬금없고 연출도 싱겁, 장르도 애매.",
    "rating": "4",
    "date": "13.07.30"
  },
  {
    "review_id": "7797534",
    "movie_id": "101645",
    "author": "byul****",
    "review": "오프닝씬이 잠깐 섬뜩하고 그 후론 밋밋한 드라마",
    "rating": "5",
    "date": "13.07.29"
  },
  {
    "review_id": "7797380",
    "movie_id": "101645",
    "author": "atyd****",
    "review": "왜 개봉했을까 ㅋㅋㅋ 글고 평점이 높은 이유가 뭐지?",
    "rating": "1",
    "date": "13.07.29"
  },
  {
    "review_id": "7795320",
    "movie_id": "101645",
    "author": "whyf****",
    "review": "초반엔 잘나갔다. 근데 결말은 뭥미? 3편은 블록버스터로 만들려고 그러나. 진지하지 못한 결말이 실망스러움.",
    "rating": "5",
    "date": "13.07.28"
  },
  {
    "review_id": "7792490",
    "movie_id": "101645",
    "author": "qjat****",
    "review": "평점 0점은 왜 안 되는거임?",
    "rating": "1",
    "date": "13.07.28"
  },
  {
    "review_id": "7786681",
    "movie_id": "101645",
    "author": "kang****",
    "review": "너무 기대를하고 봐서그런가 뭔가좀 엉성하네;;",
    "rating": "4",
    "date": "13.07.26"
  },
  {
    "review_id": "7783864",
    "movie_id": "101645",
    "author": "zinl****",
    "review": "1편을너무 재밋게봐서 2펀도 재밋겟지하고 닥치고4500원결제해서봣다가 기분만 더러워졋다. 뭐 이딴쓰레기영화가 다있지? 진심 4500원이랑 시간 환불받고 덤으로 정신적피해보상도 받아내고싶은영화",
    "rating": "1",
    "date": "13.07.25"
  },
  {
    "review_id": "7780572",
    "movie_id": "101645",
    "author": "jhlo****",
    "review": "희대 삼류 쓰레기영화 시간이 아까움...ㅋㅋ",
    "rating": "1",
    "date": "13.07.24"
  },
  {
    "review_id": "7780387",
    "movie_id": "101645",
    "author": "vnfn****",
    "review": "내생에 가장엿같고 가장재미없고 가장쓰레기같은 공포영화 공포영화라고하기엔 공포라는단어가아깝고 존나게재미없는영화임진짜 알바생OOO들아 평점조작질하지마라",
    "rating": "1",
    "date": "13.07.24"
  },
  {
    "review_id": "7773976",
    "movie_id": "101645",
    "author": "gris****",
    "review": "진짜 별 반개도 아까운 쓰레기 영화, 내 30 좀 넘은 평생 본 영화중에 제일 쓰레기다. 별점 10 준 인간들은 나 엿먹었으니 너네도 먹어라 이건가.. 평점 안믿긴 했지만 그래도 혹시나해서 평점 괜찮길래 봤다가 개피봄.. 아 승질나네..",
    "rating": "1",
    "date": "13.07.22"
  },
  {
    "review_id": "7773813",
    "movie_id": "101645",
    "author": "high****",
    "review": "참고로 역대 최악의 영화는 \"페허\"였고, 포스터랑 예고편장면이 끝. 정말 어이없는영화였음. 3편나오겠더군. 이거 머~ ㅎㅎㅎ 나참 지금생각해도 웃음이 나오는군. 아놔~~ 여러분들 안봤으면 합니다. 후회합니다. ㅋㅋ",
    "rating": "2",
    "date": "13.07.22"
  },
  {
    "review_id": "7772794",
    "movie_id": "101645",
    "author": "kjk1****",
    "review": "이 영화때문에 실제 엑소시즘 찾아봣음..",
    "rating": "10",
    "date": "13.07.21"
  },
  {
    "review_id": "7772076",
    "movie_id": "101645",
    "author": "kyh9****",
    "review": "네이버알바가있다는거 진짜 실감하네.밑에 평점 다 10점.영화관에서 또 보러간다는 애는 뭐니.낮잠자러?",
    "rating": "1",
    "date": "13.07.21"
  }
]