[
  {
    "review": "힘이 많이 부쳐보이던 숀 코네리의 제임스본드",
    "date": "15.07.23",
    "rating": "5",
    "author": "beat****",
    "review_id": "10135166",
    "movie_id": "10162"
  },
  {
    "review": "흠 걍  지루하지만 볼만했어요",
    "date": "15.03.16",
    "rating": "10",
    "author": "dnjs****",
    "review_id": "9786975",
    "movie_id": "10162"
  },
  {
    "review": "숀 코네리의 마지막 007! 본드걸이 아쉽다..",
    "date": "15.01.06",
    "rating": "6",
    "author": "pont****",
    "review_id": "9566520",
    "movie_id": "10162"
  },
  {
    "review": "내가 태어나기도 전에 만든 영화.. 하지만 재미있다.",
    "date": "14.09.25",
    "rating": "8",
    "author": "adiv****",
    "review_id": "9239293",
    "movie_id": "10162"
  },
  {
    "review": "전부 7점대라 신기한 007시리즈!",
    "date": "14.07.20",
    "rating": "1",
    "author": "hang****",
    "review_id": "8934381",
    "movie_id": "10162"
  },
  {
    "review": "숀 코네리의 007을 그닥 좋아하지는 않지만 그래도 명불허전",
    "date": "14.05.31",
    "rating": "6",
    "author": "thra****",
    "review_id": "8780569",
    "movie_id": "10162"
  },
  {
    "review": "지금까지 시리즈 중 가장 복잡한 스토리. 세계 평화를 위해범죄를 저지른 블로펠드는 악당인가?",
    "date": "14.03.28",
    "rating": "7",
    "author": "ykdi****",
    "review_id": "8613844",
    "movie_id": "10162"
  },
  {
    "review": "믿고 보는 007 시리즈!",
    "date": "14.01.17",
    "rating": "10",
    "author": "ske4****",
    "review_id": "8390512",
    "movie_id": "10162"
  },
  {
    "review": "007 매니아지만,이번 시리즈는 최저의 평점을 줘야겠네요 ㅠ.ㅠ 숀코네리 마지막 007인데 좀 허무하네요..특별히 기억나는 장면도 별로 없구요..007 두번산다..007 위기일발 등등에 비해서는 확실히 떨어지네요.. 라스베가스는 실컷 봤음 ㅋㅋ",
    "date": "13.01.26",
    "rating": "8",
    "author": "fuck****",
    "review_id": "7177292",
    "movie_id": "10162"
  },
  {
    "review": "쇼코네리가 이리 반가울 줄이야.영화는 볼 만 한데, 전편들과 계속 헛갈릴 정도로 비슷합니다.그래도 본드는 본드.",
    "date": "12.10.31",
    "rating": "8",
    "author": "hanp****",
    "review_id": "6838638",
    "movie_id": "10162"
  },
  {
    "review": "007의 힘은 빠졌지만, 재미있었음",
    "date": "12.07.01",
    "rating": "10",
    "author": "tkk4****",
    "review_id": "6435757",
    "movie_id": "10162"
  },
  {
    "review": "굿바이 숀코네리",
    "date": "12.06.06",
    "rating": "10",
    "author": "ghkd****",
    "review_id": "6368540",
    "movie_id": "10162"
  },
  {
    "review": "고군분투하지만 힘빠진 본드와 허접한 악당. 좀 그렇다 ㅋ",
    "date": "12.04.25",
    "rating": "5",
    "author": "hell****",
    "review_id": "6244922",
    "movie_id": "10162"
  },
  {
    "review": "최강의 여전사 두명말고는 영화가 하품나오는 수준...",
    "date": "12.03.16",
    "rating": "3",
    "author": "tran****",
    "review_id": "6146758",
    "movie_id": "10162"
  },
  {
    "review": "무난한 007. 여전한 숀코너리의 매력. 가이해밀톤과 숀 코너리가 만났지만 아쉽다",
    "date": "11.09.20",
    "rating": "6",
    "author": "reno****",
    "review_id": "5743027",
    "movie_id": "10162"
  },
  {
    "review": "옛날영화지만 많이 지루하네요~",
    "date": "11.05.15",
    "rating": "6",
    "author": "palo****",
    "review_id": "5429889",
    "movie_id": "10162"
  },
  {
    "review": "숀코네리 007",
    "date": "11.04.14",
    "rating": "7",
    "author": "mais****",
    "review_id": "5372416",
    "movie_id": "10162"
  },
  {
    "review": "숀코넬리...안녕 ㅠㅠ",
    "date": "11.02.08",
    "rating": "7",
    "author": "road****",
    "review_id": "5227671",
    "movie_id": "10162"
  },
  {
    "review": "Diamonds Are Forever.",
    "date": "10.08.11",
    "rating": "7",
    "author": "tori****",
    "review_id": "4736452",
    "movie_id": "10162"
  },
  {
    "review": "황제의 화려한 귀환! 숀코너리의 마지막007작품.그의팬으로서 은퇴가 무지 아쉬웠다ㅠ",
    "date": "09.04.06",
    "rating": "10",
    "author": "yjpo****",
    "review_id": "3407718",
    "movie_id": "10162"
  },
  {
    "review": "첨엔약간실망스러웠는데숀코너리명불허전! 역시레전드원조는다르다.코너리의멋진연기!",
    "date": "09.04.06",
    "rating": "10",
    "author": "aupe****",
    "review_id": "3407709",
    "movie_id": "10162"
  },
  {
    "review": "탐정 본드와 모발이식 블로펠드의 라스베가스 원정기.. 아듀 숀 코네리 본드..",
    "date": "08.11.30",
    "rating": "7",
    "author": "moon****",
    "review_id": "3082293",
    "movie_id": "10162"
  },
  {
    "review": "고전007숀코네리 VS 7편까지최고의쓰레기악당 블로펠드  이로써 고전007은 사실상 끝*",
    "date": "08.10.16",
    "rating": "9",
    "author": "dma9****",
    "review_id": "3001693",
    "movie_id": "10162"
  },
  {
    "review": "007 노장투혼! 미국경찰추격씬 캐관광.블로펠트와 정신병자킬러2명과 대혼전",
    "date": "08.10.16",
    "rating": "8",
    "author": "sr82****",
    "review_id": "3001624",
    "movie_id": "10162"
  },
  {
    "review": "숀코너리의 복귀작이긴하나 예전의 감을 잃은 듯하다",
    "date": "08.06.10",
    "rating": "5",
    "author": "si2p****",
    "review_id": "2691674",
    "movie_id": "10162"
  },
  {
    "review": "돌아왔는데....크게 저기하진 않네..",
    "date": "08.05.11",
    "rating": "8",
    "author": "issu****",
    "review_id": "2633004",
    "movie_id": "10162"
  },
  {
    "review": "정녕 007에서는 아가씨, 본드걸은 들러리란 말인가? 아예 첨부터 눈요깃거리로 나오네",
    "date": "08.02.04",
    "rating": "4",
    "author": "izzo****",
    "review_id": "2406725",
    "movie_id": "10162"
  },
  {
    "review": "ㅎㅎ 본드걸은 여전히 매력적..",
    "date": "07.12.12",
    "rating": "6",
    "author": "clou****",
    "review_id": "2225265",
    "movie_id": "10162"
  },
  {
    "review": "본드가 나온지 이제 10년이 다 되가네 숀코네리가 이제 물러갈때가..",
    "date": "07.05.15",
    "rating": "7",
    "author": "deff****",
    "review_id": "1639996",
    "movie_id": "10162"
  },
  {
    "review": "본드의 흰머리가 안쓰러웠다",
    "date": "07.04.25",
    "rating": "6",
    "author": "okyk****",
    "review_id": "1605232",
    "movie_id": "10162"
  },
  {
    "review": "숀코네리의 연기에 힘이쭉빠졌다..그만하길 잘한 작품!",
    "date": "07.03.12",
    "rating": "6",
    "author": "hide****",
    "review_id": "1531074",
    "movie_id": "10162"
  },
  {
    "review": "007 시리즈의 문제점만 고스란히 답습하는 졸작.",
    "date": "06.10.16",
    "rating": "5",
    "author": "movi****",
    "review_id": "1183745",
    "movie_id": "10162"
  },
  {
    "review": "그런대로 재밌었따. 역시 숀 코네리",
    "date": "06.09.19",
    "rating": "9",
    "author": "ahnj****",
    "review_id": "1132083",
    "movie_id": "10162"
  },
  {
    "review": "가이해밀턴 ! 골드핑거의 실력은 어디간거냐?!",
    "date": "06.08.23",
    "rating": "10",
    "author": "8901****",
    "review_id": "1070257",
    "movie_id": "10162"
  },
  {
    "review": "007 시리즈는 심심할 때 즐길만한 최소한의 재미는 제공한다",
    "date": "06.08.19",
    "rating": "6",
    "author": "okjo****",
    "review_id": "1055496",
    "movie_id": "10162"
  },
  {
    "review": "심심했던 영화",
    "date": "06.08.18",
    "rating": "8",
    "author": "zeed****",
    "review_id": "1050008",
    "movie_id": "10162"
  },
  {
    "review": "숀코너리 작품치고 조금 별로였다.",
    "date": "06.08.15",
    "rating": "7",
    "author": "imoo****",
    "review_id": "1032515",
    "movie_id": "10162"
  },
  {
    "review": "그다지 않좋았던 작품",
    "date": "06.07.24",
    "rating": "7",
    "author": "reki****",
    "review_id": "918353",
    "movie_id": "10162"
  },
  {
    "review": "블로펠드 넘 허무하게 죽는거 아냐? ㅠㅠㅠㅠ 이럴수가 ㅠㅠㅠ",
    "date": "06.03.23",
    "rating": "7",
    "author": "iron****",
    "review_id": "728913",
    "movie_id": "10162"
  },
  {
    "review": "내가본 007중에 가장잼없었던거 옛날꺼여서 그런가?",
    "date": "06.03.18",
    "rating": "5",
    "author": "wjdt****",
    "review_id": "721539",
    "movie_id": "10162"
  },
  {
    "review": "수영복이 아주인상깊었던 영화",
    "date": "05.12.24",
    "rating": "6",
    "author": "kws7****",
    "review_id": "524577",
    "movie_id": "10162"
  },
  {
    "review": "숀코너리의 마지막모습..",
    "date": "05.12.07",
    "rating": "8",
    "author": "hero****",
    "review_id": "497009",
    "movie_id": "10162"
  },
  {
    "review": "이영화를 마지막으로 007에서 더난 숀코너리. 멋졌다.",
    "date": "05.07.24",
    "rating": "10",
    "author": "ansd****",
    "review_id": "332391",
    "movie_id": "10162"
  },
  {
    "review": "다이아몬드는 영원히~",
    "date": "05.05.04",
    "rating": "7",
    "author": "jcr3****",
    "review_id": "270971",
    "movie_id": "10162"
  },
  {
    "review": "부정적이야.",
    "date": "05.02.17",
    "rating": "3",
    "author": "worl****",
    "review_id": "222649",
    "movie_id": "10162"
  },
  {
    "review": "숀 코너리의 마지막..점점 망하는 징조..",
    "date": "05.01.15",
    "rating": "5",
    "author": "penn****",
    "review_id": "186149",
    "movie_id": "10162"
  },
  {
    "review": "다이아몬드스 포에버~",
    "date": "04.12.30",
    "rating": "7",
    "author": "nams****",
    "review_id": "173316",
    "movie_id": "10162"
  },
  {
    "review": "내 어릴때 가족들과 이불속에 들어가서 이영화 해주던 시간이 제일 좋았다.",
    "date": "04.08.30",
    "rating": "10",
    "author": "adon****",
    "review_id": "100008",
    "movie_id": "10162"
  },
  {
    "review": "숀 코널리의 화려한 007 은퇴작",
    "date": "04.03.26",
    "rating": "10",
    "author": "msj1****",
    "review_id": "31561",
    "movie_id": "10162"
  }
]