[
  {
    "review": "로저 무어의 현역은퇴작치고는 아쉬운..",
    "date": "15.06.16",
    "rating": "5",
    "author": "pont****",
    "review_id": "10003546",
    "movie_id": "10170"
  },
  {
    "review": "엘리베이터 비행선씬이임상적",
    "date": "15.03.27",
    "rating": "10",
    "author": "dnjs****",
    "review_id": "9808878",
    "movie_id": "10170"
  },
  {
    "review": "최고재미 로본 007~~금문교 액션은 정말 명장면중의 명장면-- 요즘 다니엘의 현실적인 본드션과  다른 또 다른묘미  몽환적 배경과 액션 사랑 스파이 러브 로저무어",
    "date": "15.01.11",
    "rating": "9",
    "author": "cad0****",
    "review_id": "9585411",
    "movie_id": "10170"
  },
  {
    "review": "점점 개선되는 액션과 스케일",
    "date": "14.11.28",
    "rating": "7",
    "author": "ykdi****",
    "review_id": "9430345",
    "movie_id": "10170"
  },
  {
    "review": "시대를 앞서가는 액션 첩보물 보면 알겠지만 이게 85년작이다.",
    "date": "14.10.08",
    "rating": "9",
    "author": "adiv****",
    "review_id": "9275218",
    "movie_id": "10170"
  },
  {
    "review": "소방차를 아용한액션이나 금문교 액션은볼거리 하지만 격투씬등 아쉬운부분도",
    "date": "14.04.24",
    "rating": "8",
    "author": "last****",
    "review_id": "8670521",
    "movie_id": "10170"
  },
  {
    "review": "늙어버린 007제임스 본드로 뭔가 아쉬웠지만 볼만했던 작품...듀란듀란의 주제곡이 유명했던 작품..",
    "date": "14.04.15",
    "rating": "6",
    "author": "thra****",
    "review_id": "8652028",
    "movie_id": "10170"
  },
  {
    "review": "다시보고 싶은 007시리즈!!!",
    "date": "14.01.24",
    "rating": "10",
    "author": "ske4****",
    "review_id": "8419882",
    "movie_id": "10170"
  },
  {
    "review": "최고의 007 영화중 하나. 환갑이 다된 로저무어가 매력적으로 보이는 영화. 크리스토퍼 월켄의 미중년시절 또한 인상적이다. 흑인 배우가 너무 못생겨서 짜증났지만 그래도 어울리는 역할이니^^;",
    "date": "13.10.12",
    "rating": "10",
    "author": "sh87****",
    "review_id": "8056048",
    "movie_id": "10170"
  },
  {
    "review": "영화도 재밌고 본드걸 타니아 로버츠도 정말 이쁨~~~~",
    "date": "13.09.09",
    "rating": "8",
    "author": "rich****",
    "review_id": "7962641",
    "movie_id": "10170"
  },
  {
    "review": "무어옹 ㅠㅠ... 너무 멋있어요",
    "date": "13.09.02",
    "rating": "10",
    "author": "kyle****",
    "review_id": "7943624",
    "movie_id": "10170"
  },
  {
    "review": "여기까지 시리즈 중에서는 최고같다. 스토리나 본드걸이나 악당이나 매력적이다.",
    "date": "13.04.22",
    "rating": "6",
    "author": "hell****",
    "review_id": "7475380",
    "movie_id": "10170"
  },
  {
    "review": "28년전 영화라는걸 감안하면. 이때 이미 많이 늙었지만 로저 무어는, 제게 최고의 제임스 본드임. 듀란듀란 주제가도좋고요",
    "date": "13.03.31",
    "rating": "9",
    "author": "jayp****",
    "review_id": "7425904",
    "movie_id": "10170"
  },
  {
    "review": "007 샌프란시스코 특집..007 경마특집..굿바이 로저무어..본드걸 눈빛이 매력적..오프닝 스키탈때 비치보이스 음악 좀 웃김..마굿간 말도 귀엽고 ㅋㅋ 암튼 결론은 로저무어",
    "date": "13.03.08",
    "rating": "10",
    "author": "fuck****",
    "review_id": "7330890",
    "movie_id": "10170"
  },
  {
    "review": "역대 최고의 007 주제곡(듀란듀란), 최고의 본드걸 (타냐 로버츠), 큰 스케일과 함께 정말 미치도록 재미있었다. 오락물로서는 만점 !!",
    "date": "12.11.17",
    "rating": "10",
    "author": "onof****",
    "review_id": "6897759",
    "movie_id": "10170"
  },
  {
    "review": "재밋군 마지막 다리 싸움 압권ㅋㅋ",
    "date": "12.10.21",
    "rating": "10",
    "author": "ozk1****",
    "review_id": "6816944",
    "movie_id": "10170"
  },
  {
    "review": "황당한 스토리지만 오락성 높고 그레이스 존스는 인상적이다",
    "date": "12.03.31",
    "rating": "8",
    "author": "kos4****",
    "review_id": "6183476",
    "movie_id": "10170"
  },
  {
    "review": "참 괜찮았던 로저무어의 007 작품중 하나!!!",
    "date": "12.03.21",
    "rating": "9",
    "author": "tran****",
    "review_id": "6157744",
    "movie_id": "10170"
  },
  {
    "review": "숀 코네리를 이어갈 젠틀맨 로저무어.",
    "date": "11.11.06",
    "rating": "10",
    "author": "ghkd****",
    "review_id": "5832977",
    "movie_id": "10170"
  },
  {
    "review": "무난한 007의 위기였던 걸로 기억한다",
    "date": "11.09.20",
    "rating": "6",
    "author": "reno****",
    "review_id": "5743005",
    "movie_id": "10170"
  },
  {
    "review": "로저 무어 시대의 깔끔한 마무리. 월켄의 악역이 특히 인상적.",
    "date": "11.07.04",
    "rating": "9",
    "author": "wooj****",
    "review_id": "5522536",
    "movie_id": "10170"
  },
  {
    "review": "국딩때 이모랑 영화관 가서 무슨 내용인지도 모르고 봤던 기억이.. ㅋ",
    "date": "11.06.14",
    "rating": "7",
    "author": "tn99****",
    "review_id": "5480884",
    "movie_id": "10170"
  },
  {
    "review": "로저무어가 좋은데..",
    "date": "11.04.09",
    "rating": "9",
    "author": "mais****",
    "review_id": "5362761",
    "movie_id": "10170"
  },
  {
    "review": "로저 무어 안녕~ ㅠㅠ",
    "date": "11.02.19",
    "rating": "7",
    "author": "road****",
    "review_id": "5257726",
    "movie_id": "10170"
  },
  {
    "review": "로저 무어 짱, 특히 마지막 금문교 위에서 결투는 시대를 막론하고 정말 최고다",
    "date": "11.01.30",
    "rating": "10",
    "author": "1992****",
    "review_id": "5196131",
    "movie_id": "10170"
  },
  {
    "review": "첫장면 빙하 잠수함 여자운전사는 무슨 OO냐??",
    "date": "11.01.05",
    "rating": "10",
    "author": "vedd****",
    "review_id": "5132327",
    "movie_id": "10170"
  },
  {
    "review": "25년전 영화인데 진짜 재밌다..왜 007 = 로저무어인지 알았음..본드걸 진짜 청순미인",
    "date": "10.12.31",
    "rating": "9",
    "author": "unif****",
    "review_id": "5107118",
    "movie_id": "10170"
  },
  {
    "review": "이쯤되면 중독이다.",
    "date": "10.08.19",
    "rating": "7",
    "author": "tori****",
    "review_id": "4764250",
    "movie_id": "10170"
  },
  {
    "review": "본드걸이 좀 안습.꽥꽥 소리만 지르고...거치적 거리는 일부 본드걸의 족보를 이어감",
    "date": "10.05.08",
    "rating": "7",
    "author": "bamb****",
    "review_id": "4487844",
    "movie_id": "10170"
  },
  {
    "review": "본인은 이 영화에 대해 만족스럽다는 반응을 나타내었다",
    "date": "10.04.23",
    "rating": "6",
    "author": "spar****",
    "review_id": "4450544",
    "movie_id": "10170"
  },
  {
    "review": "지루한 감이 있지만 타냐의 미모덕에 점수. SF를 배경으로 한 몇 안되는 영화.",
    "date": "10.02.09",
    "rating": "6",
    "author": "sykm****",
    "review_id": "4262571",
    "movie_id": "10170"
  },
  {
    "review": "넘 잼있었음... 특히 본드걸 넘 예쁜데???",
    "date": "09.08.10",
    "rating": "10",
    "author": "ken0****",
    "review_id": "3732757",
    "movie_id": "10170"
  },
  {
    "review": "로저무어가 27년생으로 당시 59세....대단하다, 금문교에서 싸우는 장면 특히 멋있어",
    "date": "09.03.18",
    "rating": "10",
    "author": "bond****",
    "review_id": "3374019",
    "movie_id": "10170"
  },
  {
    "review": "로저무어 당시나이 59세",
    "date": "09.02.09",
    "rating": "10",
    "author": "swer****",
    "review_id": "3291724",
    "movie_id": "10170"
  },
  {
    "review": "재밌음. 다만 로저무어의 액션씬이 무겁고 둔한데다가 코믹하기까지 한것만 빼곤.",
    "date": "09.02.09",
    "rating": "9",
    "author": "hjh_****",
    "review_id": "3290646",
    "movie_id": "10170"
  },
  {
    "review": "007시리즈중 가장마음에 드는 작품!!!!!!  그런데 메이데이는 아니다..--ㅋ",
    "date": "09.01.05",
    "rating": "10",
    "author": "dntj****",
    "review_id": "3191085",
    "movie_id": "10170"
  },
  {
    "review": "로저무어의 능청스런 연기는 여전, 여자라면 흑백,생김새 불문,에펠탑다시 가고싶군",
    "date": "09.01.02",
    "rating": "7",
    "author": "ador****",
    "review_id": "3179562",
    "movie_id": "10170"
  },
  {
    "review": "현대적인 액션 시퀀스들을 담고있지만 로저무어의 노구가 큰 핸디캡..",
    "date": "08.11.18",
    "rating": "7",
    "author": "moon****",
    "review_id": "3058132",
    "movie_id": "10170"
  },
  {
    "review": "로저무어는 막판 2개의 작품이 수작이다* 007시즌2 끝.",
    "date": "08.11.15",
    "rating": "10",
    "author": "dma9****",
    "review_id": "3053038",
    "movie_id": "10170"
  },
  {
    "review": "로저무어의 마지막 투혼.흑인여자 말근육이다.소련이 아니라 자본가들이 적이군*",
    "date": "08.11.15",
    "rating": "9",
    "author": "sr82****",
    "review_id": "3051304",
    "movie_id": "10170"
  },
  {
    "review": "밑에분 말대로 악역배우 포스가 장난 아니었다.. 내용, 오프닝도 맘에 들었음.",
    "date": "08.10.14",
    "rating": "9",
    "author": "wtid****",
    "review_id": "2999383",
    "movie_id": "10170"
  },
  {
    "review": "이제 로저의 시대도 끝났다 여러모로 아쉬운 작품이다",
    "date": "08.06.12",
    "rating": "5",
    "author": "si2p****",
    "review_id": "2694280",
    "movie_id": "10170"
  },
  {
    "review": "로저무어가 주연한 시리즈중 제일 재밌게 봤다. 또한 마지막작이라 더 의미있다.",
    "date": "08.06.11",
    "rating": "10",
    "author": "lkhj****",
    "review_id": "2692963",
    "movie_id": "10170"
  },
  {
    "review": "크리스토퍼 워큰때문에 로저무어는 보이지도 않았다.",
    "date": "08.04.07",
    "rating": "10",
    "author": "sama****",
    "review_id": "2565360",
    "movie_id": "10170"
  },
  {
    "review": "보이조지 영화음악, 에펠탑 액션 ... 잘 나온 007 시리즈 ...",
    "date": "08.01.25",
    "rating": "7",
    "author": "1stl****",
    "review_id": "2368264",
    "movie_id": "10170"
  },
  {
    "review": "good",
    "date": "07.10.26",
    "rating": "6",
    "author": "cles****",
    "review_id": "2113081",
    "movie_id": "10170"
  },
  {
    "review": "최고의 007영화중 한편",
    "date": "07.09.15",
    "rating": "10",
    "author": "baks****",
    "review_id": "2021234",
    "movie_id": "10170"
  },
  {
    "review": "그 전 13편의 어떤 악당보다도 멋졌던 크리스토퍼 월켄",
    "date": "07.05.16",
    "rating": "8",
    "author": "okyk****",
    "review_id": "1641599",
    "movie_id": "10170"
  },
  {
    "review": "로저무어의 매력이 정점에 오른듯 하다 최고의 볼거리",
    "date": "07.05.16",
    "rating": "9",
    "author": "deff****",
    "review_id": "1641087",
    "movie_id": "10170"
  },
  {
    "review": "스토리 좋고 스케일 크고 흑인여자 매력적이고 아주 훌륭한 오락영화.",
    "date": "07.05.12",
    "rating": "10",
    "author": "bepl****",
    "review_id": "1634086",
    "movie_id": "10170"
  },
  {
    "review": "볼만",
    "date": "07.02.20",
    "rating": "7",
    "author": "ysuh****",
    "review_id": "1488385",
    "movie_id": "10170"
  },
  {
    "review": "볼거리 풍부. 돌프룬드그랜 무명시절도 잠깐 보인다.",
    "date": "07.02.11",
    "rating": "9",
    "author": "seun****",
    "review_id": "1462708",
    "movie_id": "10170"
  },
  {
    "review": "넘 멋진거 아냐??",
    "date": "06.10.19",
    "rating": "10",
    "author": "joji****",
    "review_id": "1188809",
    "movie_id": "10170"
  },
  {
    "review": "환상적이다 이거볼려고 새벽 1시20분에 일어났다는...",
    "date": "06.08.23",
    "rating": "10",
    "author": "8901****",
    "review_id": "1070239",
    "movie_id": "10170"
  },
  {
    "review": "좋아",
    "date": "06.08.16",
    "rating": "9",
    "author": "zeed****",
    "review_id": "1038221",
    "movie_id": "10170"
  },
  {
    "review": "베리굿 흥미진진",
    "date": "06.08.12",
    "rating": "6",
    "author": "iiov****",
    "review_id": "1010164",
    "movie_id": "10170"
  },
  {
    "review": "무어로 끝을향하는,,,,",
    "date": "06.07.24",
    "rating": "8",
    "author": "reki****",
    "review_id": "918368",
    "movie_id": "10170"
  },
  {
    "review": "에펠탑과 금문교에서 악당들과 싸우는 장면! 황당하네!",
    "date": "06.06.19",
    "rating": "8",
    "author": "risk****",
    "review_id": "850114",
    "movie_id": "10170"
  },
  {
    "review": "크리스토퍼 워큰은 악역 연기가 좋구먼",
    "date": "06.02.18",
    "rating": "10",
    "author": "shh7****",
    "review_id": "677848",
    "movie_id": "10170"
  },
  {
    "review": "별로 실망시킨적 없는 007영화. 역시 실망시키지 않았음^-^",
    "date": "06.02.06",
    "rating": "9",
    "author": "baby****",
    "review_id": "650708",
    "movie_id": "10170"
  },
  {
    "review": "본드는 늙엇지만.영화는 살아있다^^",
    "date": "06.02.01",
    "rating": "9",
    "author": "yjo4****",
    "review_id": "640859",
    "movie_id": "10170"
  },
  {
    "review": "악역이 연기가 돋보였다.",
    "date": "05.12.25",
    "rating": "8",
    "author": "kws7****",
    "review_id": "527019",
    "movie_id": "10170"
  },
  {
    "review": "지금봐도 화끈함",
    "date": "05.12.07",
    "rating": "8",
    "author": "hero****",
    "review_id": "497029",
    "movie_id": "10170"
  },
  {
    "review": "배트맨 비긴즈의 조나단 크레인 박사는 익사시켜야 한다.",
    "date": "05.10.03",
    "rating": "10",
    "author": "3tri****",
    "review_id": "432231",
    "movie_id": "10170"
  },
  {
    "review": "로저무어의 화려한 007은퇴작. 여운이남은 영화",
    "date": "05.07.24",
    "rating": "10",
    "author": "ansd****",
    "review_id": "332387",
    "movie_id": "10170"
  },
  {
    "review": "그런대로...",
    "date": "05.07.11",
    "rating": "5",
    "author": "penn****",
    "review_id": "318995",
    "movie_id": "10170"
  },
  {
    "review": "흔치않는 강인한 여자 적이 인상에 남는다.",
    "date": "05.05.04",
    "rating": "7",
    "author": "jcr3****",
    "review_id": "270963",
    "movie_id": "10170"
  },
  {
    "review": "여자 흑인배우가 기억난다",
    "date": "04.12.30",
    "rating": "9",
    "author": "nams****",
    "review_id": "173323",
    "movie_id": "10170"
  },
  {
    "review": "기억속에서 잊혀지지 않는 영화",
    "date": "04.11.28",
    "rating": "10",
    "author": "worl****",
    "review_id": "153722",
    "movie_id": "10170"
  },
  {
    "review": "내 어릴때 가족들과 이불속에 들어가서 이영화 해주던 시간이 제일 좋았다.",
    "date": "04.08.30",
    "rating": "10",
    "author": "adon****",
    "review_id": "100016",
    "movie_id": "10170"
  },
  {
    "review": "오프닝의 설원 추격씬! 스노우보드 vs 스키 압권",
    "date": "04.08.21",
    "rating": "8",
    "author": "zoon****",
    "review_id": "94079",
    "movie_id": "10170"
  },
  {
    "review": "영화의 완성도는 떨어지지만, 워큰의 연기를 볼 수 있다.",
    "date": "04.05.05",
    "rating": "6",
    "author": "lala****",
    "review_id": "41105",
    "movie_id": "10170"
  },
  {
    "review": "너무나 늙어버린 로저무어...",
    "date": "04.02.24",
    "rating": "5",
    "author": "akb0****",
    "review_id": "23474",
    "movie_id": "10170"
  }
]