[
  {
    "review": "악당이 너무 잔인하게생겼고 행동도 잔인하고 하지만 악당은 어이없게 죽었다 그리고 재밌다",
    "date": "15.07.05",
    "rating": "8",
    "author": "luck****",
    "review_id": "10071453",
    "movie_id": "10172"
  },
  {
    "review": "탈냉전에 즈음해서 007 시즌1 마무리 작품같은.. 신무기 납품(?)하는 Q할배도 나름 활약하고, 매력적인 악당, 귀요미 본드걸, 인간적인 본드.. 무난했던 시리즈",
    "date": "15.06.20",
    "rating": "6",
    "author": "hell****",
    "review_id": "10015163",
    "movie_id": "10172"
  },
  {
    "review": "제임스 본드가 마약 갱을 상대하다니..",
    "date": "15.05.17",
    "rating": "7",
    "author": "pont****",
    "review_id": "9924281",
    "movie_id": "10172"
  },
  {
    "review": "마지막 자동차 전투씬최고네요",
    "date": "15.03.28",
    "rating": "10",
    "author": "dnjs****",
    "review_id": "9810642",
    "movie_id": "10172"
  },
  {
    "review": "여주인공이 가장 아름다웠던 시리즈가 아닌가 싶다.",
    "date": "15.01.10",
    "rating": "10",
    "author": "kklq****",
    "review_id": "9578640",
    "movie_id": "10172"
  },
  {
    "review": "티모시 달튼은 공중 액션이 특기",
    "date": "14.12.02",
    "rating": "7",
    "author": "ykdi****",
    "review_id": "9441951",
    "movie_id": "10172"
  },
  {
    "review": "액션과 첩보물의 지존급 영화임..  미사일 피하는 차량씬 기억에 남음.",
    "date": "14.09.14",
    "rating": "9",
    "author": "adiv****",
    "review_id": "9213255",
    "movie_id": "10172"
  },
  {
    "review": "역시 잘만든 007시리즈인데 7점대가 뭐니",
    "date": "14.01.27",
    "rating": "10",
    "author": "ske4****",
    "review_id": "8435317",
    "movie_id": "10172"
  },
  {
    "review": "우우우둬탸찰니이미기시",
    "date": "14.01.24",
    "rating": "1",
    "author": "cstp****",
    "review_id": "8421731",
    "movie_id": "10172"
  },
  {
    "review": "007 멕시코특집..델토로가 이 영화에 나왔었구만..마지막 유조차 액션장면이 하일라이트..귀여운 이구아나..약간 잔인한 장면도 포함된 시리즈..",
    "date": "13.07.23",
    "rating": "10",
    "author": "fuck****",
    "review_id": "7777013",
    "movie_id": "10172"
  },
  {
    "review": "전략에는 상관이 필요하며 승리에는 집행자가 필요하다",
    "date": "13.03.07",
    "rating": "5",
    "author": "kos4****",
    "review_id": "7328914",
    "movie_id": "10172"
  },
  {
    "review": "007시리즈중에 뷰투어킬이랑 살인면허가 최고인거같다..",
    "date": "13.02.15",
    "rating": "9",
    "author": "owne****",
    "review_id": "7269094",
    "movie_id": "10172"
  },
  {
    "review": "친구의 복수를 위해 살인면허까지 반납하는 인간적인 본드가 색달랐다.라스트 트럭 액션신은 영화사에 길이 남을 명장면~!!",
    "date": "12.12.14",
    "rating": "10",
    "author": "bara****",
    "review_id": "7003571",
    "movie_id": "10172"
  },
  {
    "review": "007영화에서 가장 악랄한 악당과 가장 악랄한 설정의 007이 나오는 영화인데... 기억나는건 캐릭터뿐",
    "date": "12.09.01",
    "rating": "6",
    "author": "cjc9****",
    "review_id": "6660718",
    "movie_id": "10172"
  },
  {
    "review": "007의 인간미를볼수있어서좋았네요..다만 액션성은 시망....",
    "date": "12.04.23",
    "rating": "7",
    "author": "eart****",
    "review_id": "6240772",
    "movie_id": "10172"
  },
  {
    "review": "정말 몰입하며 재미있게잘보고있었다..홍콩의 닌자가 나타나기까지는..",
    "date": "12.04.21",
    "rating": "6",
    "author": "cast****",
    "review_id": "6236039",
    "movie_id": "10172"
  },
  {
    "review": "가장 이질적인, 또한 개성있는 007시리즈!!!",
    "date": "12.01.02",
    "rating": "8",
    "author": "rosn****",
    "review_id": "5955109",
    "movie_id": "10172"
  },
  {
    "review": "티모시 달튼도 매력이 있다는 증명",
    "date": "11.09.20",
    "rating": "7",
    "author": "reno****",
    "review_id": "5743006",
    "movie_id": "10172"
  },
  {
    "review": "죠스다~",
    "date": "11.09.08",
    "rating": "7",
    "author": "dbzh****",
    "review_id": "5715807",
    "movie_id": "10172"
  },
  {
    "review": "탄탄한 연출. 흥행에는 실패했지만 작품성은 80년대 본드 무비중 베스트.",
    "date": "11.07.30",
    "rating": "9",
    "author": "wooj****",
    "review_id": "5583853",
    "movie_id": "10172"
  },
  {
    "review": "썬더볼작전 처럼 막판 15분 빼고는 지루했고, 전작인 리빙데이라이트 보다도 별루였다",
    "date": "11.06.09",
    "rating": "6",
    "author": "palo****",
    "review_id": "5472049",
    "movie_id": "10172"
  },
  {
    "review": "어색했던 본드",
    "date": "11.04.09",
    "rating": "7",
    "author": "mais****",
    "review_id": "5362756",
    "movie_id": "10172"
  },
  {
    "review": "재밌다~티모시 달튼 정말 잘생김 ㅠㅠ",
    "date": "11.02.24",
    "rating": "8",
    "author": "road****",
    "review_id": "5273006",
    "movie_id": "10172"
  },
  {
    "review": "가장 뜨거운 심장을 가졌던 007..로저 무어 팬이지만 달튼도 재평가 되었으면 함",
    "date": "10.12.26",
    "rating": "10",
    "author": "wtid****",
    "review_id": "5087883",
    "movie_id": "10172"
  },
  {
    "review": "갠적으로 역대 007배역중 가장 안어울리는 티모시 달튼 ~~~~~~~~",
    "date": "10.09.22",
    "rating": "5",
    "author": "fnsk****",
    "review_id": "4856311",
    "movie_id": "10172"
  },
  {
    "review": "복수무정.",
    "date": "10.08.20",
    "rating": "5",
    "author": "tori****",
    "review_id": "4767900",
    "movie_id": "10172"
  },
  {
    "review": "007의 명작.",
    "date": "10.01.04",
    "rating": "10",
    "author": "alsl****",
    "review_id": "4133078",
    "movie_id": "10172"
  },
  {
    "review": "달튼의007이 약간 어색~벗스토리전개나 배역역활이 괜찮다.특히 악당역이 괜찮다.",
    "date": "09.12.17",
    "rating": "8",
    "author": "yjym****",
    "review_id": "4049920",
    "movie_id": "10172"
  },
  {
    "review": "첨에는 좀 지루할려다가 마지막으로 갈수록 재미있게봤다",
    "date": "09.12.15",
    "rating": "7",
    "author": "thra****",
    "review_id": "4045340",
    "movie_id": "10172"
  },
  {
    "review": "흥행에는 실패했지만 가장 휴머니티 넘치는 본드 영화고 아기자기한 재미도 있다.",
    "date": "09.10.19",
    "rating": "8",
    "author": "rush****",
    "review_id": "3902013",
    "movie_id": "10172"
  },
  {
    "review": "007시리즈중-가장 실패한 영화이죠 흥행도 대실패 -최대실패",
    "date": "09.09.07",
    "rating": "1",
    "author": "cad0****",
    "review_id": "3816675",
    "movie_id": "10172"
  },
  {
    "review": "007중 손꼽히는 명작이라며...난 로저무어께 더재밌는디...",
    "date": "09.02.22",
    "rating": "10",
    "author": "wood****",
    "review_id": "3325433",
    "movie_id": "10172"
  },
  {
    "review": "더이상 007이 보고싶지 않다* 보다 지웠다",
    "date": "08.12.23",
    "rating": "2",
    "author": "dma9****",
    "review_id": "3141463",
    "movie_id": "10172"
  },
  {
    "review": "솔직히 007 16까지 본사람이라면 질릴수도있다.이쯤에서",
    "date": "08.12.14",
    "rating": "5",
    "author": "sr82****",
    "review_id": "3118177",
    "movie_id": "10172"
  },
  {
    "review": "정상 궤도를 이탈한 본드.. 그래서 더더욱 흥미진진..",
    "date": "08.11.23",
    "rating": "9",
    "author": "moon****",
    "review_id": "3066811",
    "movie_id": "10172"
  },
  {
    "review": "시리즈중 몇손가락에 꼽히는 007 수작 액션 영화",
    "date": "08.06.12",
    "rating": "7",
    "author": "si2p****",
    "review_id": "2694295",
    "movie_id": "10172"
  },
  {
    "review": "달튼이 007을 맡아 약간 어색하지만 액션씬은 굿",
    "date": "08.06.11",
    "rating": "10",
    "author": "ajtw****",
    "review_id": "2692112",
    "movie_id": "10172"
  },
  {
    "review": "최고다!!진짜 역대007중 최고인듯 본드걸도 제일 이ㅃ,고",
    "date": "08.03.30",
    "rating": "10",
    "author": "lsn3****",
    "review_id": "2549474",
    "movie_id": "10172"
  },
  {
    "review": "007 께서 납시셨다! 무조건 10점 만점!",
    "date": "08.01.26",
    "rating": "10",
    "author": "luck****",
    "review_id": "2373365",
    "movie_id": "10172"
  },
  {
    "review": "007영화는 그래도 어느정도 기본",
    "date": "08.01.21",
    "rating": "7",
    "author": "powe****",
    "review_id": "2356290",
    "movie_id": "10172"
  },
  {
    "review": "의외로 잘 어울렸던 티모시댈튼. 볼수록 묘한매력이 있다.",
    "date": "07.12.07",
    "rating": "10",
    "author": "silv****",
    "review_id": "2212614",
    "movie_id": "10172"
  },
  {
    "review": "흥행은 실패했지만 영화자체는 무지 재미있다... 액션도 죽인다....",
    "date": "07.10.17",
    "rating": "10",
    "author": "zero****",
    "review_id": "2094379",
    "movie_id": "10172"
  },
  {
    "review": "티모시 달턴 땜에 점수 좀 올려준다",
    "date": "07.09.22",
    "rating": "10",
    "author": "hear****",
    "review_id": "2037384",
    "movie_id": "10172"
  },
  {
    "review": "여전히 사람 뻑 가게 하는 007",
    "date": "07.09.15",
    "rating": "10",
    "author": "baks****",
    "review_id": "2021240",
    "movie_id": "10172"
  },
  {
    "review": "그래도 007 시리즈 중 수작 중 하나",
    "date": "07.08.24",
    "rating": "8",
    "author": "sdfz****",
    "review_id": "1975438",
    "movie_id": "10172"
  },
  {
    "review": "홍성진씬 티모시가 계속할줄알았네.난 오래못갈줄알았다.델토로의 풋풋한시절",
    "date": "07.05.27",
    "rating": "6",
    "author": "okyk****",
    "review_id": "1665610",
    "movie_id": "10172"
  },
  {
    "review": "이제 007 액션은 기본은 보장하는 브랜드가 되었다",
    "date": "07.05.16",
    "rating": "8",
    "author": "deff****",
    "review_id": "1641090",
    "movie_id": "10172"
  },
  {
    "review": "최고의 007 영화!  티모시달턴은 최고의 제임스 본드!",
    "date": "07.04.05",
    "rating": "10",
    "author": "pfei****",
    "review_id": "1573073",
    "movie_id": "10172"
  },
  {
    "review": "기상천외한 재미가 곳곳에 드러난다. 티모시 달튼의 매력에 풍덩!",
    "date": "07.03.29",
    "rating": "7",
    "author": "dbsw****",
    "review_id": "1560862",
    "movie_id": "10172"
  },
  {
    "review": "첩보액션의 진수... 하지만 내용면에서 흥행은 대참패...",
    "date": "06.12.23",
    "rating": "6",
    "author": "okt1****",
    "review_id": "1317736",
    "movie_id": "10172"
  },
  {
    "review": "박력넘치는 스턴트 액션 평작이다!",
    "date": "06.08.23",
    "rating": "10",
    "author": "8901****",
    "review_id": "1070235",
    "movie_id": "10172"
  },
  {
    "review": "볼만하다",
    "date": "06.08.16",
    "rating": "10",
    "author": "zeed****",
    "review_id": "1043626",
    "movie_id": "10172"
  },
  {
    "review": "끈질기고 재밌는 첩보액션",
    "date": "06.08.12",
    "rating": "8",
    "author": "iiov****",
    "review_id": "1010121",
    "movie_id": "10172"
  },
  {
    "review": "시리즈 최고의 작품. 팽팽한긴장감과 비장미 굿~~~",
    "date": "06.08.06",
    "rating": "7",
    "author": "rg52****",
    "review_id": "977082",
    "movie_id": "10172"
  },
  {
    "review": "괜찬은 수작...",
    "date": "06.07.24",
    "rating": "9",
    "author": "reki****",
    "review_id": "918370",
    "movie_id": "10172"
  },
  {
    "review": "본드 누구야 ~ ~ ~ ?",
    "date": "06.07.22",
    "rating": "2",
    "author": "ehdd****",
    "review_id": "912987",
    "movie_id": "10172"
  },
  {
    "review": "전혀 본드답지 않은 본드가 나와서 말아먹은 영화..",
    "date": "06.05.11",
    "rating": "6",
    "author": "0323****",
    "review_id": "796124",
    "movie_id": "10172"
  },
  {
    "review": "재미는 있지만 볼거리가 약하다..",
    "date": "06.04.30",
    "rating": "5",
    "author": "leeh****",
    "review_id": "781526",
    "movie_id": "10172"
  },
  {
    "review": "꽉짜인 구성에 차가운 분위기로 이루어진 스타일.",
    "date": "06.04.30",
    "rating": "10",
    "author": "ches****",
    "review_id": "780985",
    "movie_id": "10172"
  },
  {
    "review": "새로운 무기와 볼거리가 난무하던 007과는 다른 느낌",
    "date": "06.03.06",
    "rating": "8",
    "author": "cont****",
    "review_id": "706707",
    "movie_id": "10172"
  },
  {
    "review": "액션감 있게 잼나게 잘 봤습네닷",
    "date": "06.02.18",
    "rating": "10",
    "author": "shh7****",
    "review_id": "677819",
    "movie_id": "10172"
  },
  {
    "review": "볼거리와 진지한 스토리.. 복수를위해총을든 본드",
    "date": "06.02.01",
    "rating": "9",
    "author": "yjo4****",
    "review_id": "640855",
    "movie_id": "10172"
  },
  {
    "review": "007 최고의 작품 액션으로 가득찬 볼거리",
    "date": "05.12.25",
    "rating": "10",
    "author": "kws7****",
    "review_id": "527024",
    "movie_id": "10172"
  },
  {
    "review": "이것도 007의 액션계보를 잘이어갔다고 생각함",
    "date": "05.12.07",
    "rating": "8",
    "author": "hero****",
    "review_id": "497033",
    "movie_id": "10172"
  },
  {
    "review": "007의 오랜친구 펠릭스를 위한 007 목숨을 건 복수극.",
    "date": "05.07.24",
    "rating": "10",
    "author": "ansd****",
    "review_id": "332424",
    "movie_id": "10172"
  },
  {
    "review": "시리즈중 최고삘",
    "date": "05.07.03",
    "rating": "10",
    "author": "new2****",
    "review_id": "311576",
    "movie_id": "10172"
  },
  {
    "review": "첩보원의 대명사 '007'의 복수 이야기라...",
    "date": "05.05.04",
    "rating": "6",
    "author": "jcr3****",
    "review_id": "270957",
    "movie_id": "10172"
  },
  {
    "review": "먼가 부족한 007..아쉽군..",
    "date": "05.03.25",
    "rating": "6",
    "author": "penn****",
    "review_id": "246627",
    "movie_id": "10172"
  },
  {
    "review": "복수하는 이야기가 흥미를 덜 끌리게 함.",
    "date": "05.02.17",
    "rating": "8",
    "author": "worl****",
    "review_id": "222658",
    "movie_id": "10172"
  },
  {
    "review": "미국판 영웅 본색",
    "date": "04.12.30",
    "rating": "7",
    "author": "nams****",
    "review_id": "173324",
    "movie_id": "10172"
  },
  {
    "review": "내 어릴때 가족들과 이불속에 들어가서 이영화 해주던 시간이 제일 좋았다.",
    "date": "04.08.30",
    "rating": "10",
    "author": "adon****",
    "review_id": "100018",
    "movie_id": "10172"
  }
]