[
  {
    "review": "25년이 흘러도 명작은 명작",
    "date": "15.08.15",
    "rating": "10",
    "author": "seun****",
    "review_id": "10236982",
    "movie_id": "10173"
  },
  {
    "review": "정말어릴때본영화마지막장면과 도자기 장면이지금도 기억난다",
    "date": "15.08.13",
    "rating": "8",
    "author": "tall****",
    "review_id": "10224740",
    "movie_id": "10173"
  },
  {
    "review": "데미무어 리즈시절 작품",
    "date": "15.07.15",
    "rating": "8",
    "author": "fire****",
    "review_id": "10106764",
    "movie_id": "10173"
  },
  {
    "review": "정형화된 사필귀정의 순리에 떠밀리는 아름다움.",
    "date": "15.07.13",
    "rating": "6",
    "author": "tjsd****",
    "review_id": "10099872",
    "movie_id": "10173"
  },
  {
    "review": "무슨 줄거리에 영화내용이 거의다들어있어 ㅋㅋㅋㅋ짱영화!!",
    "date": "15.06.27",
    "rating": "8",
    "author": "sdh4****",
    "review_id": "10043690",
    "movie_id": "10173"
  },
  {
    "review": "세상에 ..이 영화를 지금에서야 보다니 ㅜ",
    "date": "15.06.25",
    "rating": "10",
    "author": "leet****",
    "review_id": "10031718",
    "movie_id": "10173"
  },
  {
    "review": "다시 봐도 좋을 영화입니다~~",
    "date": "15.06.05",
    "rating": "10",
    "author": "shan****",
    "review_id": "9977255",
    "movie_id": "10173"
  },
  {
    "review": "너무 재밌쪄용염ㅠ_ㅠ",
    "date": "15.04.30",
    "rating": "10",
    "author": "nick****",
    "review_id": "9881398",
    "movie_id": "10173"
  },
  {
    "review": "영화 제목 보고 단순한 로맨슨줄 알앗는데 ㅋ역시 명작 !",
    "date": "15.04.29",
    "rating": "10",
    "author": "hans****",
    "review_id": "9878783",
    "movie_id": "10173"
  },
  {
    "review": "정말 오랜만에 감상한 명작이다 !",
    "date": "15.04.25",
    "rating": "10",
    "author": "dlxk****",
    "review_id": "9867818",
    "movie_id": "10173"
  },
  {
    "review": "그저 도예를 전공하고잇다는  이유 하나로 도자기를 빚는장면 하나보려했지만.그 이상을 넘어 감동을 이루말할수없는 영화였다..",
    "date": "15.02.06",
    "rating": "10",
    "author": "tjsa****",
    "review_id": "9671638",
    "movie_id": "10173"
  },
  {
    "review": "진한감동의 여운그리고 착한일만하고 살아라 라는 교훈이 담김...정말 사랑의 힘은 대단하다.",
    "date": "15.02.03",
    "rating": "10",
    "author": "rnld****",
    "review_id": "9662302",
    "movie_id": "10173"
  },
  {
    "review": "항상 말로만 듣던 고전이라 진부하다고 여겨 보질 않았으나 우연히 EBS에서 방영하는 걸 보고 흥미가 생겨 찾아봤다.역시 찾아보길 잘 했다는 생각.스토리는 단순하지만, 리즈 때의 데미무어와 남주간의 애틋함이 느껴져 너무 아련하기도.특히문앞씬은 단연최고!",
    "date": "15.01.31",
    "rating": "10",
    "author": "0411****",
    "review_id": "9655374",
    "movie_id": "10173"
  },
  {
    "review": "이때의 데미무어는 정말 사랑스러움 그자체.",
    "date": "15.01.31",
    "rating": "8",
    "author": "ygha****",
    "review_id": "9653474",
    "movie_id": "10173"
  },
  {
    "review": "이거야말로 진짜 홍반장.",
    "date": "15.01.21",
    "rating": "6",
    "author": "rd72****",
    "review_id": "9620461",
    "movie_id": "10173"
  },
  {
    "review": "점 줄거리에서 스포하는 건 처음봤다...근데 먼저 영화를 봤으니 ㄱㅊ별로슬프진 않치만 여운이오래 남는 영화",
    "date": "15.01.20",
    "rating": "9",
    "author": "rlaw****",
    "review_id": "9616340",
    "movie_id": "10173"
  },
  {
    "review": "사랑과 영혼을 안봤다면 사랑을 논하지 말라... 최고의 영화 OST 언체인드 멜로디...",
    "date": "15.01.20",
    "rating": "10",
    "author": "song****",
    "review_id": "9616329",
    "movie_id": "10173"
  },
  {
    "review": "말이필요없네요^^~",
    "date": "15.01.05",
    "rating": "10",
    "author": "rokm****",
    "review_id": "9563378",
    "movie_id": "10173"
  },
  {
    "review": "Best of the best! 열번을 넘게봐도 질리지 않네요!중딩때보고 어제ebs에서 봤는데   또 감동!오다메땜에 정말 웃겨 죽는 줄 알았다! 반면 카페에서 몰리에게 ''동감''이라고 전할때 눈물이 핑ㅠㅠ..요즘은 왜 이런 영화 못 만들",
    "date": "15.01.04",
    "rating": "10",
    "author": "ange****",
    "review_id": "9560204",
    "movie_id": "10173"
  },
  {
    "review": "여운이 많이 남는 명작이다.",
    "date": "15.01.04",
    "rating": "10",
    "author": "cher****",
    "review_id": "9559133",
    "movie_id": "10173"
  },
  {
    "review": "별100개도 아깝지않은 영화 고2때보고 OO잔쯤 보고 오늘 자기전 티비돌리다 우연히 또보게되어 내영혼이 힐링했다 안자고있던 큰아들에게 정말 좋은 영화를 보여주게되어 기뻤다",
    "date": "15.01.04",
    "rating": "10",
    "author": "ttal****",
    "review_id": "9559107",
    "movie_id": "10173"
  },
  {
    "review": "EBS 고맙습니다. 이런 명작을 성인이 되서 다시 보게 되니, 정말 감회가 새롭네요. 저도 모르게 눈물이.. 데미무어 눈물이 마치, 다이아몬드 처럼 밝고, 빛이 나네요",
    "date": "15.01.04",
    "rating": "10",
    "author": "kore****",
    "review_id": "9559022",
    "movie_id": "10173"
  },
  {
    "review": "23년전 고등학교졸업식날 극장에서 보며 펑펑 울었었는데...다시 봐도 눈물 나네... 여전히 아름답고 슬픈영화ㅠㅠ",
    "date": "15.01.04",
    "rating": "10",
    "author": "ccay****",
    "review_id": "9559020",
    "movie_id": "10173"
  },
  {
    "review": "내가 본중 최고의 로맨스다",
    "date": "15.01.04",
    "rating": "10",
    "author": "gmgj****",
    "review_id": "9559016",
    "movie_id": "10173"
  },
  {
    "review": "20년도 더 지난 작품이지만 정말 재밌다. 마지막에 눈물이ㅠ",
    "date": "15.01.04",
    "rating": "10",
    "author": "hetg****",
    "review_id": "9559014",
    "movie_id": "10173"
  },
  {
    "review": "리즈시절 데미무어~~너무 예뻐^^",
    "date": "15.01.04",
    "rating": "10",
    "author": "fant****",
    "review_id": "9558998",
    "movie_id": "10173"
  },
  {
    "review": "EBS에서 다시 보니 감회가 새롭내요 이런 영화 요즘에 왜 못 만들까요 역시 클래식입니다...",
    "date": "15.01.04",
    "rating": "8",
    "author": "jhl5****",
    "review_id": "9558981",
    "movie_id": "10173"
  },
  {
    "review": "아름답고 스릴있고 웃기고 애틋하고 ..주제곡 또한근사한 내 인생 최고의 영화. 패트릭 스웨이지 정말 좋아했는데요..ㅠㅠ",
    "date": "15.01.04",
    "rating": "10",
    "author": "rein****",
    "review_id": "9558936",
    "movie_id": "10173"
  },
  {
    "review": "모든 배우들이 열연을 펼쳤지만 특히 우피 골드버그의 퇴마술사 연기는 가히 오스카상 감...이라고 써놓고 생각해보니 정말 이 영화로 오스카상을 탔잖아?! ㅋㅋㅋ",
    "date": "15.01.03",
    "rating": "10",
    "author": "vlta****",
    "review_id": "9558174",
    "movie_id": "10173"
  },
  {
    "review": "단순 사랑이야긴줄알았는데 그것만은아니였다",
    "date": "14.12.20",
    "rating": "9",
    "author": "supe****",
    "review_id": "9491526",
    "movie_id": "10173"
  },
  {
    "review": "오호도자기장면이영화로구나",
    "date": "14.12.20",
    "rating": "9",
    "author": "xx41****",
    "review_id": "9491143",
    "movie_id": "10173"
  },
  {
    "review": "마지막에 샘이 떠나갈 때 영상미와 사랑과 영혼의 대표적인 ost가 좋은 여운이 남는다",
    "date": "14.12.10",
    "rating": "10",
    "author": "h96y****",
    "review_id": "9464147",
    "movie_id": "10173"
  },
  {
    "review": "너무나도 유명한 장면과 OST. 그러나 소재며 장르가 나와는 맞지 않음. 데미 무어와 패트릭 스웨이지에게 명성을 가져다 준 작품. 이후의 데미 무어 주연의 영화는 굳이 찾아보지 마시길. 어 퓨 굿맨 제외",
    "date": "14.12.02",
    "rating": "1",
    "author": "jjaj****",
    "review_id": "9440334",
    "movie_id": "10173"
  },
  {
    "review": "시간이 흐른뒤에 다시 봐야겠어요 감동이 정말 진하네요..",
    "date": "14.10.22",
    "rating": "10",
    "author": "codu****",
    "review_id": "9308446",
    "movie_id": "10173"
  },
  {
    "review": "오~~~ 마아아아 러브 마이 다알링~~ 듣기만해도 눈물이 날것같다",
    "date": "14.10.08",
    "rating": "10",
    "author": "raul****",
    "review_id": "9274738",
    "movie_id": "10173"
  },
  {
    "review": "스토리는 나쁘지 않다만 연출이 참... 우피 골드버그 없었으면 어쩔뻔 했을까.",
    "date": "14.10.05",
    "rating": "5",
    "author": "jiyu****",
    "review_id": "9264618",
    "movie_id": "10173"
  },
  {
    "review": "중학교 1학년 이 영화를 통해 처음으로 영화의 재미와 매력을 알았다. 이후 몇번을 다시 봐도 볼때마다 깊은 울림을 주는 힐링 영화",
    "date": "14.09.28",
    "rating": "10",
    "author": "jaej****",
    "review_id": "9247796",
    "movie_id": "10173"
  },
  {
    "review": "우피골드가 살린 영화!!",
    "date": "14.09.27",
    "rating": "10",
    "author": "mien****",
    "review_id": "9244355",
    "movie_id": "10173"
  },
  {
    "review": "명작이라고 하지만  난 이런 환타지성 사랑 영화는 취미가 안맞아 보다가 꺼 버렸다.",
    "date": "14.09.18",
    "rating": "10",
    "author": "katy****",
    "review_id": "9224282",
    "movie_id": "10173"
  },
  {
    "review": "단순한 로맨스물을 넘어선 『힐링』영화!",
    "date": "14.09.13",
    "rating": "10",
    "author": "nasu****",
    "review_id": "9209084",
    "movie_id": "10173"
  },
  {
    "review": "하나님 믿고 주님뜻대로 살아서 천국가자",
    "date": "14.09.01",
    "rating": "10",
    "author": "hsp9****",
    "review_id": "9152545",
    "movie_id": "10173"
  },
  {
    "review": "로맨틱 영화 싫어하는 나도 이거는 재밌음",
    "date": "14.08.31",
    "rating": "8",
    "author": "fghy****",
    "review_id": "9148351",
    "movie_id": "10173"
  },
  {
    "review": "진짜감동적인영화..순수하고깨끗한",
    "date": "14.08.29",
    "rating": "10",
    "author": "tkda****",
    "review_id": "9143128",
    "movie_id": "10173"
  },
  {
    "review": "지금봐도 충분히 멋진영화다! 깨끗하고 아름답다...",
    "date": "14.08.26",
    "rating": "9",
    "author": "rode****",
    "review_id": "9136203",
    "movie_id": "10173"
  },
  {
    "review": "무려 24년 전의 영화를 보면서 이렇게 몰입할 수 있다니. 가히 수작이라 불리울만 하다. 20년 전에 봤다면 100점도 줄 수 있겠지만 2014년이라 9점 ㅋ",
    "date": "14.08.24",
    "rating": "9",
    "author": "dksg****",
    "review_id": "9130087",
    "movie_id": "10173"
  },
  {
    "review": "1990년에는 이 영화가 대세였다…데미무어의 단발머리가 너무나도 사랑스러웠던",
    "date": "14.08.12",
    "rating": "9",
    "author": "lees****",
    "review_id": "9071886",
    "movie_id": "10173"
  },
  {
    "review": "오오 마아아아이 러어브~  어마무시한 영화다.",
    "date": "14.08.06",
    "rating": "10",
    "author": "jere****",
    "review_id": "9040833",
    "movie_id": "10173"
  },
  {
    "review": "조연인 우피 골드버그가 너무 웃겨서",
    "date": "14.08.03",
    "rating": "10",
    "author": "catd****",
    "review_id": "9018112",
    "movie_id": "10173"
  },
  {
    "review": "정말로 감동적인 영화!",
    "date": "14.07.30",
    "rating": "10",
    "author": "kgsa****",
    "review_id": "8984637",
    "movie_id": "10173"
  },
  {
    "review": "쓰레기 개노답이다 1990년이라해도 이건 좀 심했다.",
    "date": "14.07.30",
    "rating": "1",
    "author": "hang****",
    "review_id": "8979694",
    "movie_id": "10173"
  },
  {
    "review": "음.. 오늘 채널 씨지비에서 하길래 봣는데.. 다시봐도 재밋다.. 특히 마지막 부분에 눈물 터졋다..",
    "date": "14.07.29",
    "rating": "10",
    "author": "imjw****",
    "review_id": "8978624",
    "movie_id": "10173"
  },
  {
    "review": "우피골드버그의 연기가 가장 웃겼음",
    "date": "14.07.29",
    "rating": "10",
    "author": "sams****",
    "review_id": "8978621",
    "movie_id": "10173"
  },
  {
    "review": "방금 채널씨지비에서 보고옴 오래된영화인데 잼게봄 무엇보다 데미무어 존예....ㅎㄷㄷ",
    "date": "14.07.29",
    "rating": "10",
    "author": "2pro****",
    "review_id": "8978618",
    "movie_id": "10173"
  },
  {
    "review": "영화를 다시한번보니 사랑이란 물질적인것이 아니었다사랑은 서로를 위하는 마음인것같고 요즘 사람들이 보고 반성을 했으면 한다",
    "date": "14.07.29",
    "rating": "10",
    "author": "sky8****",
    "review_id": "8976474",
    "movie_id": "10173"
  },
  {
    "review": "OST 끝내준다... 도자기 장면 보다 오다 메에게 빙의되어 샘과 몰리가 교감할 때가 더 좋았음. 적당히 스릴 넘쳐서 훌륭했다.",
    "date": "14.07.17",
    "rating": "10",
    "author": "dkdl****",
    "review_id": "8922935",
    "movie_id": "10173"
  },
  {
    "review": "영혼도 빚어내는 아름다운 사랑.",
    "date": "14.07.15",
    "rating": "7",
    "author": "ogr5****",
    "review_id": "8918997",
    "movie_id": "10173"
  },
  {
    "review": "내인생 손가락안에 꼽히는 영화 명작중명작",
    "date": "14.07.15",
    "rating": "10",
    "author": "naga****",
    "review_id": "8918806",
    "movie_id": "10173"
  },
  {
    "review": "도자기 빚는 장면 그리고 ost는 워낙 유명했지만 영화 자체를 보지는 않았었습니다 방금 ocn에서 방송해줘서 봤는데.. 정말 후회없는 명장영화네요 영화내내 몰입하면서 봤네요",
    "date": "14.07.15",
    "rating": "10",
    "author": "vlfh****",
    "review_id": "8918799",
    "movie_id": "10173"
  },
  {
    "review": "Ocn에서 다시해줘서 봣는데 언제봐도 가슴뭉클한영화..",
    "date": "14.07.15",
    "rating": "10",
    "author": "kwon****",
    "review_id": "8918793",
    "movie_id": "10173"
  },
  {
    "review": "아무리 복수라지만 사람을 둘이나 죽인 유령이 천국에 갈 수 있는 건지 이해할 수 없는 영화",
    "date": "14.07.15",
    "rating": "1",
    "author": "jim9****",
    "review_id": "8918784",
    "movie_id": "10173"
  },
  {
    "review": "잊을뻔한 영화 지금 ocn에서 해주는데..  빠져들었다..어릴적봤었던..  나이먹고 다시봐도 감동적인영화..",
    "date": "14.07.15",
    "rating": "9",
    "author": "hd86****",
    "review_id": "8918680",
    "movie_id": "10173"
  },
  {
    "review": "죽어서도 지켜주고픈 사랑",
    "date": "14.06.24",
    "rating": "7",
    "author": "mi86****",
    "review_id": "8850799",
    "movie_id": "10173"
  },
  {
    "review": "유치함을 잊게하는 배우들의 연기와 ost, 허나 세월의 벽을 뚤어내는 영화는 아니다",
    "date": "14.05.21",
    "rating": "6",
    "author": "trac****",
    "review_id": "8751159",
    "movie_id": "10173"
  },
  {
    "review": "익숙한 전개와 내용이라고 해도 몰입도는 상당하고, 중심이 되는 사랑 이야기는 충분히 감동적이며, 우피 골드버그 캐릭터는 유쾌하고 인상적이다.",
    "date": "14.05.08",
    "rating": "7",
    "author": "zxc1****",
    "review_id": "8717012",
    "movie_id": "10173"
  },
  {
    "review": "태어나 평점 처음 줘봐요",
    "date": "14.04.25",
    "rating": "10",
    "author": "meme****",
    "review_id": "8672425",
    "movie_id": "10173"
  },
  {
    "review": "초딩때 재방 때마다 많이 봤었는데..어렸을때도 너무 재미있게 봤었다. 데미무어도 정말 예뻤었다.",
    "date": "14.04.25",
    "rating": "8",
    "author": "ehwj****",
    "review_id": "8670651",
    "movie_id": "10173"
  },
  {
    "review": "영화와 음악이 만나는 아름다운 순간",
    "date": "14.03.30",
    "rating": "8",
    "author": "gks8****",
    "review_id": "8617394",
    "movie_id": "10173"
  },
  {
    "review": "죽어서도 사랑하는 연인을 지켜내려는 사랑이 대단한것같다",
    "date": "14.03.12",
    "rating": "10",
    "author": "fmaq****",
    "review_id": "8569440",
    "movie_id": "10173"
  },
  {
    "review": "만질수 있다가 만질수 없다가 하는게 허점",
    "date": "14.03.10",
    "rating": "1",
    "author": "mara****",
    "review_id": "8566727",
    "movie_id": "10173"
  },
  {
    "review": "너무 감동적이네요 사랑합니다",
    "date": "14.03.08",
    "rating": "9",
    "author": "hyou****",
    "review_id": "8563350",
    "movie_id": "10173"
  },
  {
    "review": "판타지로멘스영화,도자기 씬은 정말 아름다웠어요.",
    "date": "14.02.19",
    "rating": "7",
    "author": "sage****",
    "review_id": "8520780",
    "movie_id": "10173"
  },
  {
    "review": "멜로 영화의 최고 명작이라는 소리를 듣고 보게 된 작품인데 정말 그 값을 하는 영화다. 게다가 두 남녀의 애틋한 사랑 이야기 속에서도 우피 골드버그의 연기는 절대 뒤쳐지지 않았다. 오히려 빛났다. 도자기 씬은 멜로 영화 최고의 명장면 이다.",
    "date": "14.02.13",
    "rating": "8",
    "author": "shmi****",
    "review_id": "8505445",
    "movie_id": "10173"
  },
  {
    "review": "20년 전 영화인데도 촌스럽지가  않아. 진짜 명작은 위대하다",
    "date": "14.01.18",
    "rating": "10",
    "author": "3535****",
    "review_id": "8394065",
    "movie_id": "10173"
  },
  {
    "review": "어머니가 기억하시는 유일한 외화영화인 만큼 꼭 보고 싶었다. 아직 사랑이란 단어가 와 닿지는 않지만 뇌리에강렬하게 새겨졌다 특히 그 도자기씬은 잊혀지지 않을 명장면!",
    "date": "13.12.28",
    "rating": "9",
    "author": "memu****",
    "review_id": "8315657",
    "movie_id": "10173"
  },
  {
    "review": "너무정말좋다....",
    "date": "13.12.24",
    "rating": "10",
    "author": "gusc****",
    "review_id": "8287958",
    "movie_id": "10173"
  },
  {
    "review": "봐야댐 이건 명작 중에 명작",
    "date": "13.12.08",
    "rating": "10",
    "author": "rhal****",
    "review_id": "8200266",
    "movie_id": "10173"
  },
  {
    "review": "엄청난 세월이 지나도 최고다 진짜. 절절한 스토리며 사람을 울리는 배우들의 연기...",
    "date": "13.12.02",
    "rating": "10",
    "author": "skyg****",
    "review_id": "8185595",
    "movie_id": "10173"
  },
  {
    "review": "사랑하는 영화국민학생때 티비서 더빙으로보는데 충격이었음어린애가보면서도 진짜감동했던영화가위손과 함께 최고의 영화",
    "date": "13.11.26",
    "rating": "10",
    "author": "bell****",
    "review_id": "8169851",
    "movie_id": "10173"
  },
  {
    "review": "정말 소름끼친다!!!",
    "date": "13.11.26",
    "rating": "10",
    "author": "ske4****",
    "review_id": "8169525",
    "movie_id": "10173"
  },
  {
    "review": "멜로 영화의 레전드아이가내4살때 핸기네 ㅎㅎ 남자가 보도 쥐기네 ㅎㅎ 노래가 양끗하네",
    "date": "13.11.26",
    "rating": "10",
    "author": "yyho****",
    "review_id": "8169199",
    "movie_id": "10173"
  },
  {
    "review": "감동적인 영화 영혼이 돼서까지 만나는 애틋한 영화!",
    "date": "13.11.17",
    "rating": "10",
    "author": "jmj_****",
    "review_id": "8147460",
    "movie_id": "10173"
  },
  {
    "review": "뻔하고 비현실적인 영화긴 했지만 감동을 잊을수가 없다. 도자기 빚는 장면이 유명하긴 하지만 우피골드버그에 몸을 빌려서 다시 만질 수 있게되는 장면은 정말 명장면. 착하게 살아야한다는 교훈도 주는 좋은 영화",
    "date": "13.11.15",
    "rating": "10",
    "author": "wbdj****",
    "review_id": "8139848",
    "movie_id": "10173"
  },
  {
    "review": "너무 슬픈 사랑 영화...이런 영화가 현실에도 있게된다면...요즘 리마스터링 재개봉 영화가 많이들 상영되고 있는데 \"사랑과 영혼\"도 재개봉이 되었으면 좋겠네요..주인공이였던 페트릭스웨이지...다시한번 고인의 명복을 빕니다...",
    "date": "13.11.11",
    "rating": "10",
    "author": "mich****",
    "review_id": "8132455",
    "movie_id": "10173"
  },
  {
    "review": "\"마음 속의 사랑을 가져 갈 수 있다니..\" 끝내 사랑한다 고백을 하며 둘은 헤어지는 군요.. 개봉 후 10년도 더 지나 처음 본 영화인데.. 너무 너무 감동적이고 긴장감 넘치는 영화였어요! 뮤지컬도 꼭 봐야겠어요",
    "date": "13.11.02",
    "rating": "10",
    "author": "gkdl****",
    "review_id": "8109718",
    "movie_id": "10173"
  },
  {
    "review": "영화 한 편이 이렇게 경이롭게 다가올 수 있다니",
    "date": "13.10.27",
    "rating": "10",
    "author": "dlwj****",
    "review_id": "8093511",
    "movie_id": "10173"
  },
  {
    "review": "기발한 각본과 노련한 연출로 남녀노소 시대막론 매혹시켜.",
    "date": "13.09.16",
    "rating": "9",
    "author": "tear****",
    "review_id": "7987107",
    "movie_id": "10173"
  },
  {
    "review": "재밌다.",
    "date": "13.09.16",
    "rating": "10",
    "author": "kuky****",
    "review_id": "7986424",
    "movie_id": "10173"
  },
  {
    "review": "1990년에 나온영화인데도 불구하고 꽉찬스토리와 중간중간에 치고들어오는 코믹에 중간중간에 애틋하게 마음을적시는 로멘스까지! 옛날 영화인데도 cg처리가 괜찮다무엇보다도 배우들이 장난아닌지라 코믹일땐 엄청웃기고 애틋한 로멘스일때는 눈물까지나오게한다",
    "date": "13.08.31",
    "rating": "10",
    "author": "rlac****",
    "review_id": "7937239",
    "movie_id": "10173"
  },
  {
    "review": "너무 감동적이고 가슴이 먹먹해지네요 ㅠ 패트릭 스웨이지가 데미무어를 바라보는 눈빛이 너무 애절해서 눈물이 저절로 나네요 ㅠㅠ ㅠㅠ",
    "date": "13.08.30",
    "rating": "10",
    "author": "byk1****",
    "review_id": "7935887",
    "movie_id": "10173"
  },
  {
    "review": "ㅋ",
    "date": "13.08.23",
    "rating": "10",
    "author": "gud2****",
    "review_id": "7913701",
    "movie_id": "10173"
  },
  {
    "review": "열번을봐도 질리지 않아요.. 너무좋아요ㅠㅠ",
    "date": "13.08.18",
    "rating": "10",
    "author": "yulh****",
    "review_id": "7897888",
    "movie_id": "10173"
  },
  {
    "review": "짱",
    "date": "13.08.17",
    "rating": "10",
    "author": "kimk****",
    "review_id": "7894323",
    "movie_id": "10173"
  },
  {
    "review": "오 요즘봐도 재밌네",
    "date": "13.08.11",
    "rating": "10",
    "author": "9847****",
    "review_id": "7869831",
    "movie_id": "10173"
  },
  {
    "review": "이영화 나왔을 당시 빅히트 쳤죠.. 데미무어 국내 인기 1위 되면서 각종 프로에 붐을 일으켰던 영화 코미디프로는 이것을 흉내 내기도 하고...내용또한 정말 명작이죠",
    "date": "13.08.07",
    "rating": "10",
    "author": "adiv****",
    "review_id": "7855286",
    "movie_id": "10173"
  },
  {
    "review": "도자기 빚는 장면이 유명한 영화",
    "date": "13.08.04",
    "rating": "10",
    "author": "sfun****",
    "review_id": "7834617",
    "movie_id": "10173"
  },
  {
    "review": "애틋한순애보속에 우피골드버그의 미친 존재감이란ㅋㅋㅋ웃겨죽을뻔했엌ㅋㅋ",
    "date": "13.08.04",
    "rating": "7",
    "author": "jjcv****",
    "review_id": "7832606",
    "movie_id": "10173"
  },
  {
    "review": "내가 태어나기도전에 나온 영화인데 최고인것 같다~ 가슴이 먹먹해지고 찬찬히 살펴보면 시사하는게 많은 영화!",
    "date": "13.07.28",
    "rating": "10",
    "author": "shas****",
    "review_id": "7794996",
    "movie_id": "10173"
  },
  {
    "review": "영화 제목에 모든것이 나와있다.순수한 사랑과 영혼이란 단어를 정의하는 로맨스릴러",
    "date": "13.07.24",
    "rating": "7",
    "author": "ssys****",
    "review_id": "7781319",
    "movie_id": "10173"
  },
  {
    "review": "몰리는 일생의 마지막 순간까지 샘을 그리워할까.. 지나치게 순수하고 아름다웠던 이 영화의 로맨스는 많은 의문을 남긴다.",
    "date": "13.07.24",
    "rating": "7",
    "author": "alst****",
    "review_id": "7779584",
    "movie_id": "10173"
  },
  {
    "review": "각 장르의 요소 하나하나가 뛰어나고 잘 어울린다",
    "date": "13.07.02",
    "rating": "8",
    "author": "blue****",
    "review_id": "7698707",
    "movie_id": "10173"
  }
]