[
  {
    "review": "최고, 감동의 미드 미니시리즈! 레슬리 앤 다운과 모건 페어차일드.",
    "date": "14.12.25",
    "rating": "10",
    "author": "stev****",
    "review_id": "9516165",
    "movie_id": "10176"
  },
  {
    "review": "동족간의 모든 전쟁은 비극을 낳는다.. 전쟁없는 세상을 위하여... 어리 메인, 패트릭 스웨이지여 영원히 살아 숨쉬소서~!!",
    "date": "12.09.06",
    "rating": "10",
    "author": "spar****",
    "review_id": "6672964",
    "movie_id": "10176"
  },
  {
    "review": "최고의 시리즈다 나 초딩4학년때 이거보고 완전감동했는데 레슬리앤다운 진짜 예뻤다!",
    "date": "10.03.28",
    "rating": "10",
    "author": "thra****",
    "review_id": "4393851",
    "movie_id": "10176"
  },
  {
    "review": "나의 어리.. 어리메인 사랑했습니다. 편히 쉬세요.. ㅠㅠ 아.. 다시 보고싶다.",
    "date": "09.09.16",
    "rating": "10",
    "author": "jeon****",
    "review_id": "3834051",
    "movie_id": "10176"
  },
  {
    "review": "최고입니다.",
    "date": "09.06.21",
    "rating": "10",
    "author": "best****",
    "review_id": "3580743",
    "movie_id": "10176"
  },
  {
    "review": "또 볼수 있게 해주세요",
    "date": "09.04.10",
    "rating": "10",
    "author": "jkhw****",
    "review_id": "3414090",
    "movie_id": "10176"
  },
  {
    "review": "감동이 폭풍처럼 밀려온다.무척 재미있었던 드라마.",
    "date": "08.08.20",
    "rating": "10",
    "author": "baks****",
    "review_id": "2889590",
    "movie_id": "10176"
  },
  {
    "review": "초딩시절 가슴설레게 했던 추억의 드라마",
    "date": "07.08.01",
    "rating": "9",
    "author": "seun****",
    "review_id": "1834329",
    "movie_id": "10176"
  },
  {
    "review": "전쟁장면 때문에 봤지만 최고수준의 드라마는 아니었다",
    "date": "07.01.15",
    "rating": "8",
    "author": "nala****",
    "review_id": "1386714",
    "movie_id": "10176"
  },
  {
    "review": "10년전에 tv에서 보고 다시 보고싶어 여기까지 왔는데.",
    "date": "06.07.16",
    "rating": "10",
    "author": "glro****",
    "review_id": "896927",
    "movie_id": "10176"
  },
  {
    "review": "초등학교 2학년때 봤지만, 아직도 기억에 생생한 영화...",
    "date": "06.03.08",
    "rating": "10",
    "author": "dodo****",
    "review_id": "709202",
    "movie_id": "10176"
  },
  {
    "review": "볼만합니다...",
    "date": "05.06.18",
    "rating": "10",
    "author": "0104****",
    "review_id": "301875",
    "movie_id": "10176"
  }
]