[
  {
    "review_id": "10235044",
    "movie_id": "101783",
    "author": "beat****",
    "review": "예진아씨가 가장 못생겨서 감정이입이 안되는거 빼곤 꿀잼.... 후반부 궁중배경은 오리지날보다 오히려 내용이 더 풍부해졌네요",
    "rating": "10",
    "date": "15.08.15"
  },
  {
    "review_id": "10140113",
    "movie_id": "101783",
    "author": "ske4****",
    "review": "이 드라마는 평점이 모든걸 말해준다! 하지만 소현역을 맡은 손여은의 캐스팅은 신의 한수였다!!",
    "rating": "1",
    "date": "15.07.25"
  },
  {
    "review_id": "9226738",
    "movie_id": "101783",
    "author": "moir****",
    "review": "전광렬의 ‘허준’ 복사... 출연료와 제작비를 들여가며 방송하는 이유를 모르겠다!?.. 차라리 전광렬의 ‘허준’을 화질만 HD급으로  재방송하는 편이 훨씬 나을 것 같다.",
    "rating": "1",
    "date": "14.09.19"
  },
  {
    "review_id": "8954131",
    "movie_id": "101783",
    "author": "heff****",
    "review": "김주혁을 싫어하진않지만...원판의 허준을 따라갈수는 없었음..특히 김주혁의 대사중에 '이~'라는 추임새를 왜이리많이 쓰시는지..몰입하는데 좀 거슬렸음..여러모로 아쉬움이 컸던 드라마",
    "rating": "5",
    "date": "14.07.25"
  },
  {
    "review_id": "8928575",
    "movie_id": "101783",
    "author": "maro****",
    "review": "각본,캐스팅 전부 완벽했던 99년작 허준을 김재철전사장이 설레발치면서 리메이크해서 이 꼴이 되었지..ㅋㅋ 망해서 이제 아무도 기억안하는 드라마",
    "rating": "1",
    "date": "14.07.18"
  },
  {
    "review_id": "8022893",
    "movie_id": "101783",
    "author": "yhd8****",
    "review": "너무 고생 하셨어요  왕팬으로  눈물 한번 끝까지  흘리네요  출연자분들  너무 잘봤습니다",
    "rating": "10",
    "date": "13.09.29"
  },
  {
    "review_id": "8021126",
    "movie_id": "101783",
    "author": "suni****",
    "review": "구암허준 재밌게 봤어요~~♥",
    "rating": "10",
    "date": "13.09.28"
  },
  {
    "review_id": "8014210",
    "movie_id": "101783",
    "author": "grks****",
    "review": "이제몇회안남아서 아쉽습니다ㅜㅠ 첨에는 김주혁님이 허준이미지랑 안어울린다고생각했는데  점점 어울리시는것같더라고요ㅠ곧종방인데ㅜ아쉽네요~그동안수고하셨습니다",
    "rating": "10",
    "date": "13.09.24"
  },
  {
    "review_id": "7998342",
    "movie_id": "101783",
    "author": "comm****",
    "review": "완전히  재미있습니다   귿귿",
    "rating": "10",
    "date": "13.09.20"
  },
  {
    "review_id": "7966297",
    "movie_id": "101783",
    "author": "oh2s****",
    "review": "초딩때 전광렬님 허준도 재미있게 봤다만 기억도 가물가물하기도 하고 오랫만에 새로운 배우로 보니까 잼나고 좋네요ㅋㅋ내용은 전편이랑 똑같긴해도 볼만합니다. 매일 하니까 더 좋아요ㅋㅋ",
    "rating": "10",
    "date": "13.09.11"
  },
  {
    "review_id": "7964274",
    "movie_id": "101783",
    "author": "game****",
    "review": "어른들은 허준을 보고난 후 구암 허준을 보겠지만10대들은 허준이 만들어진지도 모를껄요?그래서 냉정히 평가할수 있고 고로 난 10점",
    "rating": "10",
    "date": "13.09.10"
  },
  {
    "review_id": "7949074",
    "movie_id": "101783",
    "author": "wa13****",
    "review": "쓰레기 드라마, 평점 10점들  너무 한거 아니야",
    "rating": "1",
    "date": "13.09.05"
  },
  {
    "review_id": "7945919",
    "movie_id": "101783",
    "author": "dvxr****",
    "review": "재미없삼!!",
    "rating": "1",
    "date": "13.09.03"
  },
  {
    "review_id": "7942746",
    "movie_id": "101783",
    "author": "post****",
    "review": "볼수록 빠져듭니다",
    "rating": "10",
    "date": "13.09.02"
  },
  {
    "review_id": "7935952",
    "movie_id": "101783",
    "author": "koja****",
    "review": "허준 수준 기대 했는데 ,완전 대 실망 ! 뭐 이렇게 만들었음",
    "rating": "1",
    "date": "13.08.30"
  },
  {
    "review_id": "7935950",
    "movie_id": "101783",
    "author": "myjo****",
    "review": "최악의 시나리오, 배우, 연출",
    "rating": "1",
    "date": "13.08.30"
  },
  {
    "review_id": "7935923",
    "movie_id": "101783",
    "author": "ka12****",
    "review": "스토리가 뻔하고 말도 안되네요. 연기 참 못하네요. 허준 이라는 이름을 붙이기 민망하네요.",
    "rating": "1",
    "date": "13.08.30"
  },
  {
    "review_id": "7933168",
    "movie_id": "101783",
    "author": "myjo****",
    "review": "배역선정을 어떻게 하는건지..",
    "rating": "1",
    "date": "13.08.29"
  },
  {
    "review_id": "7931069",
    "movie_id": "101783",
    "author": "bull****",
    "review": "99년작과 비교해서 부족했던 스토리도 보강되어 좋습니다.그런데 9월 25일이 막방인데 허준의 말년이 이후에 정세의 소용돌이와 동의보감 편찬으로만 꾸며질거같아 걱정이긴합니다.",
    "rating": "10",
    "date": "13.08.29"
  },
  {
    "review_id": "7930803",
    "movie_id": "101783",
    "author": "mkme****",
    "review": "다희(박은빈 분)는 허준(김주혁 분) 아내가 아니라 딸처럼 보여요. 배역 정할 때 나이 고려 좀 하세요.",
    "rating": "5",
    "date": "13.08.29"
  },
  {
    "review_id": "7924120",
    "movie_id": "101783",
    "author": "ldhl****",
    "review": "다른 말 필요없이 정말 재미있을 뿐이다. 김주혁의 연기 조연출들의 연기 또한 매우 만족스럽다.",
    "rating": "10",
    "date": "13.08.26"
  },
  {
    "review_id": "7903924",
    "movie_id": "101783",
    "author": "skfk****",
    "review": "넘잼있어요ㅋ빠져들었어요",
    "rating": "10",
    "date": "13.08.19"
  },
  {
    "review_id": "7873935",
    "movie_id": "101783",
    "author": "blue****",
    "review": "더이상볼수없어 아쉽네요그동안 수고많으셨어요공빈의 죽음이 아쉽네요",
    "rating": "10",
    "date": "13.08.12"
  },
  {
    "review_id": "7870758",
    "movie_id": "101783",
    "author": "rlaw****",
    "review": "VOD로 처음부터 다시본 드라마는 이게 처음...",
    "rating": "10",
    "date": "13.08.11"
  },
  {
    "review_id": "7864398",
    "movie_id": "101783",
    "author": "gj77****",
    "review": "예진보다소현이가더예뻐...",
    "rating": "10",
    "date": "13.08.10"
  },
  {
    "review_id": "7823146",
    "movie_id": "101783",
    "author": "wani****",
    "review": "김근홍김은한회에샷이필요없는부분을자꾸앵글만바꿔방송하는게별로좋아보이지 않네요.예를들어허준이공빈의침을놓는장면에서카메라를여기한컷머리위로한컷침컷다시클로즈업김근홍PD께한말씀드려요이병훈국장과 예전에 같이작업한걸로아는데 제발좀신경써 주세요.예전전굉렬의허준을 보고싶네",
    "rating": "1",
    "date": "13.08.02"
  },
  {
    "review_id": "7803752",
    "movie_id": "101783",
    "author": "ay65****",
    "review": "액션사극 부러울거 하나 없는 탄탄한 스토리입니다. 또 원작 못지 않은 배우들의 연기력에 감탄! 구암허준 배우분들 화이팅!!",
    "rating": "10",
    "date": "13.07.31"
  },
  {
    "review_id": "7803677",
    "movie_id": "101783",
    "author": "kmj7****",
    "review": "너무 재밌습니다. 첨에는 스토리가 익히 알던 것이라 식상하지 않을까 했는데 ...왠걸 어느새 빠져 버렸네요. 연기력도 좋구요. 드라마 스토리는 봐도 교훈적인 것 같아 요즘 막장 드라마 보다 훨 낫습니다. 양방 메디컬드라마보다 훨 나아요...",
    "rating": "10",
    "date": "13.07.31"
  },
  {
    "review_id": "7801646",
    "movie_id": "101783",
    "author": "deff****",
    "review": "허준이라는 캐릭터는 분명 매력적이지만 전체적으로 지루하기만 하구나",
    "rating": "3",
    "date": "13.07.31"
  },
  {
    "review_id": "7789419",
    "movie_id": "101783",
    "author": "game****",
    "review": "시대극이긴 하나 연기력 정말 최고다. 스토리 긴것, 삼십분 보는데 한시간 반 보는 것 같아서 그런 알뜰함도 즣다",
    "rating": "10",
    "date": "13.07.27"
  },
  {
    "review_id": "7784309",
    "movie_id": "101783",
    "author": "rokn****",
    "review": "너무 질질끄는 스토리가 눈에 거슬릴 정도이다.주연외에 나머지 연기자들의 과장스런 연기도 어느정도는 필요하다고 생각되나 이계인 연기자의 연기는 너무 답답하고 거부감이 느껴질 정도였다.",
    "rating": "5",
    "date": "13.07.25"
  },
  {
    "review_id": "7778806",
    "movie_id": "101783",
    "author": "alsk****",
    "review": "시간에 맞게 진도좀 빼지 왜이렇게 질질 끄는지 모르겄네",
    "rating": "1",
    "date": "13.07.23"
  },
  {
    "review_id": "7777306",
    "movie_id": "101783",
    "author": "chjo****",
    "review": "너무잼있어서... 아홉시만기다리는 허준매니아...^^특히예진아씨의깊은표정이넘좋아요",
    "rating": "10",
    "date": "13.07.23"
  },
  {
    "review_id": "7749049",
    "movie_id": "101783",
    "author": "lego****",
    "review": "허준(김주혁 분)이 목소리를 너무 많이 까는것같네요... 말할때 ㅋㅋ 목소리를 좀 높여주시기 바래요 ㅋㅋ",
    "rating": "8",
    "date": "13.07.16"
  },
  {
    "review_id": "7746903",
    "movie_id": "101783",
    "author": "dlsd****",
    "review": "항상 재밌게 보구있어요~ 구암허준 화이팅!",
    "rating": "10",
    "date": "13.07.15"
  },
  {
    "review_id": "7724870",
    "movie_id": "101783",
    "author": "gabr****",
    "review": "기획부터가 시대착오적인 판단이다. 현 2013은 99년도의 허준같은 캐릭터를 원하지 않는다. 더군다나 원작보다 지루하다.",
    "rating": "5",
    "date": "13.07.11"
  },
  {
    "review_id": "7721796",
    "movie_id": "101783",
    "author": "seok****",
    "review": "볼때마다 감명받으며 잘 보고있습니다. 앞으로도 더 좋은 방송하여 주십시오.",
    "rating": "10",
    "date": "13.07.10"
  },
  {
    "review_id": "7718857",
    "movie_id": "101783",
    "author": "whs4****",
    "review": "요즘 나오는 엉터리 사극들보단 진짜 훨 났다.아아돌도 안나오고말야",
    "rating": "10",
    "date": "13.07.09"
  },
  {
    "review_id": "7718543",
    "movie_id": "101783",
    "author": "wwte****",
    "review": "재미있다",
    "rating": "9",
    "date": "13.07.08"
  },
  {
    "review_id": "7718389",
    "movie_id": "101783",
    "author": "bak7****",
    "review": "허준 완전 재미있어요~요즘 의원들이 나오는 사극드라마 정말재미있습니다 의원들의 대한 궁금증이 더해지고 있습니다.마의에 이어 구암허준 정말재미있습니다.추천해드리고 싶을정도로요 안타까운점이있다면 방영시간이 짧은게 안타까워요 여튼허준 마지막회까지열심히볼게요",
    "rating": "10",
    "date": "13.07.08"
  },
  {
    "review_id": "7696512",
    "movie_id": "101783",
    "author": "peac****",
    "review": "막장에지쳐 드라마 안보는데 허준은 잼있네요. 교훈점도있고.. 시청률에 보탬이 되고싶지만 시간이 안맞아 본방사수 못하는점이 아쉽습니다. 그래도 모든회를다보고있습니다. 허준 화이팅! 다희아씨 화이팅!!!글구 양태좀 멋있게 그려주세요~ 주몽때처럼요^^",
    "rating": "10",
    "date": "13.07.02"
  },
  {
    "review_id": "7696026",
    "movie_id": "101783",
    "author": "kkk6****",
    "review": "제발~~*  1시간으로~~  시청해주세욤!!   왜?  시간이  짧나요~~  시간좀  여유있게 시청할수 있도록 넉넉하게 주세요~~~",
    "rating": "10",
    "date": "13.07.01"
  },
  {
    "review_id": "7657249",
    "movie_id": "101783",
    "author": "kmh0****",
    "review": "아 진짜 재밌게 보면됬지  멀그리 드라마에 의미를 부여하노  여하튼 재탕해도 재밌구만",
    "rating": "10",
    "date": "13.06.19"
  },
  {
    "review_id": "7640334",
    "movie_id": "101783",
    "author": "nanc****",
    "review": "너무 재미있게 보는데...너무 질질... 14일 방송한 편은 왔다갔다 발받고 끝난~~이런건 너무 허지 않나요???기다리며 보는 사람 하무하게",
    "rating": "5",
    "date": "13.06.15"
  },
  {
    "review_id": "7627529",
    "movie_id": "101783",
    "author": "bibl****",
    "review": "예진역이 굳이 필요한지 모르겠다.가족이 같이 보는 시간대와 일일드라마 라는 점에서 아이들이 허준과 예진의 관계를 물의면 뭐라 말 해줘야 할지 난감하다.허준 본처가 허준에게 그리 잘하는데.그리고 궁에 개나소나 뜬금없이 들어가 일하는게 말이안된다.",
    "rating": "1",
    "date": "13.06.11"
  },
  {
    "review_id": "7625107",
    "movie_id": "101783",
    "author": "cjmn****",
    "review": "김주혁 연기 진짜 좋은데~!!",
    "rating": "10",
    "date": "13.06.10"
  },
  {
    "review_id": "7601350",
    "movie_id": "101783",
    "author": "high****",
    "review": "재밌긴한데 예상보다 훨씬 빨리 끝날것 같은데. 극전개가 빠른듯.",
    "rating": "9",
    "date": "13.06.07"
  },
  {
    "review_id": "7579371",
    "movie_id": "101783",
    "author": "gree****",
    "review": "정말  또봐도  재밌네요",
    "rating": "10",
    "date": "13.06.04"
  },
  {
    "review_id": "7570522",
    "movie_id": "101783",
    "author": "13wm****",
    "review": "시대 분위기가 99~00년도랑 많이 달라서 그전만큼은 되지 못함 ㅠㅠ",
    "rating": "6",
    "date": "13.06.01"
  },
  {
    "review_id": "7567371",
    "movie_id": "101783",
    "author": "jyw1****",
    "review": "진짜 재미있네요 ^^   허준 업그레이드 버전~",
    "rating": "10",
    "date": "13.05.31"
  },
  {
    "review_id": "7564093",
    "movie_id": "101783",
    "author": "nu7c****",
    "review": "재밌는데 왜난리고 보기싫으면 보지말고 깍아내리지마라",
    "rating": "10",
    "date": "13.05.30"
  },
  {
    "review_id": "7562633",
    "movie_id": "101783",
    "author": "pand****",
    "review": "한국의 전통 환타지..그만 좀 우려먹자",
    "rating": "1",
    "date": "13.05.30"
  },
  {
    "review_id": "7561712",
    "movie_id": "101783",
    "author": "azmi****",
    "review": "정말 재미있게 보고있습니다 ㅋㅋ 저는 전작만큼 재미있고 배우들의 연기도 좋다고 생각합니다 ㅎㅎ",
    "rating": "10",
    "date": "13.05.29"
  },
  {
    "review_id": "7561701",
    "movie_id": "101783",
    "author": "ilky****",
    "review": "보기싫음보지마셈예전허준도봤던사람이지만지금허준도나름재미있음",
    "rating": "9",
    "date": "13.05.29"
  },
  {
    "review_id": "7527039",
    "movie_id": "101783",
    "author": "them****",
    "review": "보기싫음 보지마 재미지구만 뭔 불만이여",
    "rating": "9",
    "date": "13.05.13"
  },
  {
    "review_id": "7526878",
    "movie_id": "101783",
    "author": "enyp****",
    "review": "리메이크란 말이 부끄러움. 최완규 극본을 재활용한, 배우만 바꿔치기한 재탕임.  건질 건 유도지와 유의태 뿐 나머진 전편 배우에 크게 미치지 못함. 새로운 해석 새로운 문제제기를 보여 주질 못하는 고퀄 HD급 태작.",
    "rating": "1",
    "date": "13.05.13"
  },
  {
    "review_id": "7526840",
    "movie_id": "101783",
    "author": "jiny****",
    "review": "김주혁씨의 연기가 회를 거듭 할 수록 자연스럽고 보기좋습니다.^^   근데........허준 너무 무심하고 이기적이네요 마눌님이랑,엄마걱정하는거 생각도 안해주는 나쁜사람!외적으로는 대인 이지만.....가장으로서는 영~~~~~~~아니네요",
    "rating": "9",
    "date": "13.05.13"
  },
  {
    "review_id": "7519665",
    "movie_id": "101783",
    "author": "qwop****",
    "review": "재밋긴한데  전편 본사람 입장에선 전편이랑 너무같다 사건사고도 같고 다음회로 넘어가는거 까지 같다니 ㅡㅡ 전편이랑다르게 햇으면 좋앗을텐데",
    "rating": "5",
    "date": "13.05.10"
  },
  {
    "review_id": "7516754",
    "movie_id": "101783",
    "author": "seam****",
    "review": "잘보고있어요 하루라도안보면입안에 가시가 돋을듯 허 준님이 뽑아줘요",
    "rating": "10",
    "date": "13.05.09"
  },
  {
    "review_id": "7515004",
    "movie_id": "101783",
    "author": "cent****",
    "review": "뭐라 말해야할까요.. 김주혁씨의 연기에 대한 열정이 허준으로 표출이 되는걸까요? 대단합니다. 3자가 표현하는 옛인물의 모습을 tv를 통해보며, 또다른 내일의 아침을 더욱 힘차게 준비해봅니다.",
    "rating": "10",
    "date": "13.05.08"
  },
  {
    "review_id": "7513265",
    "movie_id": "101783",
    "author": "lds3****",
    "review": "재미있게 보고있음~~^^",
    "rating": "10",
    "date": "13.05.07"
  },
  {
    "review_id": "7501905",
    "movie_id": "101783",
    "author": "hips****",
    "review": "너무 재미게 보고 있습니다",
    "rating": "10",
    "date": "13.05.02"
  },
  {
    "review_id": "7496983",
    "movie_id": "101783",
    "author": "anyc****",
    "review": "재미있네요",
    "rating": "10",
    "date": "13.05.01"
  },
  {
    "review_id": "7484614",
    "movie_id": "101783",
    "author": "leeh****",
    "review": "30분이 짧아요..정말 재미있게 보고 있어요..^^",
    "rating": "10",
    "date": "13.04.26"
  },
  {
    "review_id": "7480937",
    "movie_id": "101783",
    "author": "geto****",
    "review": "잘보고있어요~",
    "rating": "10",
    "date": "13.04.25"
  },
  {
    "review_id": "7480538",
    "movie_id": "101783",
    "author": "cook****",
    "review": "30분이 너무 짧아요ㅠㅠ",
    "rating": "10",
    "date": "13.04.25"
  },
  {
    "review_id": "7479750",
    "movie_id": "101783",
    "author": "whwn****",
    "review": "99년도 허준이랑 내용이며 대사가 너무 똑같애 ㅡㅡ 이런 허준은 전광렬이 짱이다!!",
    "rating": "2",
    "date": "13.04.25"
  },
  {
    "review_id": "7470044",
    "movie_id": "101783",
    "author": "mind****",
    "review": "개인적으론 이전 작품보다 더 재미있습니다",
    "rating": "10",
    "date": "13.04.20"
  },
  {
    "review_id": "7467072",
    "movie_id": "101783",
    "author": "qqww****",
    "review": "막장드라마때문에 한동안 드라마 시청을 하지 않았는데 허준을 보면서 . . . . . 단 9시 뉴스를 못 본다는 아쉬움이",
    "rating": "10",
    "date": "13.04.18"
  },
  {
    "review_id": "7466675",
    "movie_id": "101783",
    "author": "a200****",
    "review": "22화 자결한여자 살리는데 엑스트라할아버지인가 그사람너무빡침",
    "rating": "10",
    "date": "13.04.18"
  },
  {
    "review_id": "7455527",
    "movie_id": "101783",
    "author": "dltk****",
    "review": "정말 재미있습니다. 하루만에 다봤네요",
    "rating": "10",
    "date": "13.04.13"
  },
  {
    "review_id": "7454333",
    "movie_id": "101783",
    "author": "jjh8****",
    "review": "재미 있어요 너무나도",
    "rating": "10",
    "date": "13.04.12"
  },
  {
    "review_id": "7451722",
    "movie_id": "101783",
    "author": "cco1****",
    "review": "드라마를 거의 안보는 시청자로써~ 허준은  꼭 봐야만 하는 드라마이다.",
    "rating": "10",
    "date": "13.04.11"
  },
  {
    "review_id": "7448546",
    "movie_id": "101783",
    "author": "xent****",
    "review": "2013년 허준 : 옷이 너무 깨끗한게 단점. 99년 허준은 다 떨어진 옷에 초근목피의 갖은 고생... 특히 오근, 일서, 일서 마눌, 양태 조연이 최고였는데... 특히 묻지도 따지지도 않고 병자를 위해 시침을 하시는 일오팔팔 흥애~ 흥애~ 이순재할아",
    "rating": "7",
    "date": "13.04.10"
  },
  {
    "review_id": "7447317",
    "movie_id": "101783",
    "author": "bsi7****",
    "review": "명작입니다  구암을보시지 못한분들 이제부터 자 한번 빠져 봅시다",
    "rating": "10",
    "date": "13.04.10"
  },
  {
    "review_id": "7443540",
    "movie_id": "101783",
    "author": "mazi****",
    "review": "재미있다. 그러나 허준은 역시 전광열!",
    "rating": "10",
    "date": "13.04.08"
  },
  {
    "review_id": "7439460",
    "movie_id": "101783",
    "author": "dlsd****",
    "review": "이렇게 재밋게본 드라마 추노말거 없엇음 ㅜ짱",
    "rating": "10",
    "date": "13.04.06"
  },
  {
    "review_id": "7434605",
    "movie_id": "101783",
    "author": "zero****",
    "review": "사실 기대를 안했는데 보면 볼수록 점점 더 재미 있는 거 같아요. 열심히 본방사수 할라구요!!!대박아기를 열심히 기도하겠습니다!!",
    "rating": "8",
    "date": "13.04.04"
  },
  {
    "review_id": "7433479",
    "movie_id": "101783",
    "author": "witc****",
    "review": "배우분들 모두 연기 몰입도 장난아니네용 스토리도 긴장감있어요~! 계속 챙겨볼게요ㅎㅎ",
    "rating": "10",
    "date": "13.04.04"
  },
  {
    "review_id": "7433153",
    "movie_id": "101783",
    "author": "yo_g****",
    "review": "부모님이랑 같이보려고 하니까 유의원 나오는거 등등 스토리 다외우고있어서 안보신다는거 붙잡고 봤어요~ 어린아이들이 나와서 참신했다고 하셔요",
    "rating": "9",
    "date": "13.04.03"
  },
  {
    "review_id": "7432072",
    "movie_id": "101783",
    "author": "iski****",
    "review": "기대안하고봤는데 재미있어서 본방사수 ㅎ",
    "rating": "10",
    "date": "13.04.03"
  },
  {
    "review_id": "7421803",
    "movie_id": "101783",
    "author": "dong****",
    "review": "넘 재밌게 보구 있어요~ 다시보기로 봤는데 생각보다 재밌어서 이제 본방사수~!!^^ 김주혁 퐈이팅~!!",
    "rating": "10",
    "date": "13.03.30"
  },
  {
    "review_id": "7417766",
    "movie_id": "101783",
    "author": "fpdl****",
    "review": "첫 화부터 꾸준히 보고 있습니다. 배우들의 연기가 뛰어나고 전개가 빨라 재밌어요. 한동안 평일 밤이 즐겁겠어요.",
    "rating": "10",
    "date": "13.03.28"
  },
  {
    "review_id": "7417594",
    "movie_id": "101783",
    "author": "vasu****",
    "review": "허준 흥미진진해지네요! 근데 방송시간이 애매해요홍보도 부족!!",
    "rating": "9",
    "date": "13.03.28"
  },
  {
    "review_id": "7415141",
    "movie_id": "101783",
    "author": "spk2****",
    "review": "미스캐스팅!김주혁이최선이였나? 신선한연기자도많은데..",
    "rating": "2",
    "date": "13.03.27"
  },
  {
    "review_id": "7412478",
    "movie_id": "101783",
    "author": "gogo****",
    "review": "캐스팅부터가 실패의 요인인듯...",
    "rating": "1",
    "date": "13.03.26"
  },
  {
    "review_id": "7411483",
    "movie_id": "101783",
    "author": "k623****",
    "review": "아무리 리메이크라지만 배껴두 너무 배낀거 아님??허준 어린시절 말고 다른게 머있나???? 작가 완전 날로 먹네 ㅋㅋㅋ",
    "rating": "1",
    "date": "13.03.25"
  },
  {
    "review_id": "7410343",
    "movie_id": "101783",
    "author": "njsz****",
    "review": "구암허준? 그거한번보니 그게그거군 그래서 차라리 전광렬이 주연한 허준 보는게 백번천번 낫겠다",
    "rating": "1",
    "date": "13.03.25"
  },
  {
    "review_id": "7407480",
    "movie_id": "101783",
    "author": "chol****",
    "review": "성인연기자들어서재밌느듯",
    "rating": "10",
    "date": "13.03.24"
  },
  {
    "review_id": "7400701",
    "movie_id": "101783",
    "author": "edur****",
    "review": "1ㅡ3회까지 조연 연기자들 연기 너무못해요 발연기ㅜㅜ",
    "rating": "4",
    "date": "13.03.23"
  },
  {
    "review_id": "7400200",
    "movie_id": "101783",
    "author": "prk_****",
    "review": "늙은허준역으로 전광렬씨한번나와줬으면ㅋㅋㅋㅋ",
    "rating": "5",
    "date": "13.03.23"
  },
  {
    "review_id": "7389594",
    "movie_id": "101783",
    "author": "no12****",
    "review": "아역들이 외 나온건지 첨부터 성인 연기자들로 구성하시지 원 뭔가 찝찝한 느낌이네요~",
    "rating": "2",
    "date": "13.03.21"
  },
  {
    "review_id": "7389014",
    "movie_id": "101783",
    "author": "nood****",
    "review": "짧은 시간에 긴 스토리 담다보니 스토리만 있고, 세심한 감정의 흐름은 느끼기 어려웠어요.  다음 주부터는 ost. 가 흐르면서 본격적인 연기에 돌입하리라 기대해봅니다.",
    "rating": "8",
    "date": "13.03.21"
  },
  {
    "review_id": "7388750",
    "movie_id": "101783",
    "author": "entl****",
    "review": "드라마는 재밌어요 근데 일일드라마라도 그렇치 너무 짧아요~ㅠ 그냥 한두장면보고 끝나는것 같아요. 일일드라마라도 몇분동안은 충분히 웃고 울고 할수있는 시간되는데~이건마치 볼일보고 뒤안닦는 찝찝한기분이 들어 많이 많이 아쉽네요~~ 구암허준 화이팅하세요~",
    "rating": "8",
    "date": "13.03.21"
  },
  {
    "review_id": "7387026",
    "movie_id": "101783",
    "author": "mini****",
    "review": "에휴 김주혁이 허준역은아니지? 무신잘봣는데 김주혁은 배역이 완전 안어울림니다.전광렬씨때는 정말 재미있게 봣음 다시보기 정말 3번은본거같은데 요번 허준은 망한거같아요!!!!!!!",
    "rating": "1",
    "date": "13.03.21"
  },
  {
    "review_id": "7380400",
    "movie_id": "101783",
    "author": "egg3****",
    "review": "준이 아역이 드라마 살렸네요 잘봤어요",
    "rating": "10",
    "date": "13.03.20"
  },
  {
    "review_id": "7379822",
    "movie_id": "101783",
    "author": "ptfk****",
    "review": "아역 쏴라있네~",
    "rating": "10",
    "date": "13.03.20"
  },
  {
    "review_id": "7379819",
    "movie_id": "101783",
    "author": "ksh1****",
    "review": "대봑대바과~~",
    "rating": "10",
    "date": "13.03.20"
  },
  {
    "review_id": "7379810",
    "movie_id": "101783",
    "author": "ksh1****",
    "review": "아직까지는 재미있어요 아역 연기 대박!",
    "rating": "10",
    "date": "13.03.20"
  },
  {
    "review_id": "7379154",
    "movie_id": "101783",
    "author": "kkc1****",
    "review": "아역 연기 대박 잘해여~~ 계속 기대하면서 쭉 볼께요",
    "rating": "10",
    "date": "13.03.20"
  }
]