[
  {
    "review": "어휴...재밌네. 근데 셰익스피어 작품들 보면 현대사람으로서(?)인지 개인적으로인지 아무튼 이해 안가는 감정들이 좀 있더라.",
    "date": "15.07.01",
    "rating": "10",
    "author": "cnvn****",
    "review_id": "10058404",
    "movie_id": "10185"
  },
  {
    "review": "리메이크보다 이게 더 가슴에 남아요^^다시 보고싶은영화!!레오나르도랑 올리비아 어쩜그리 잘어울렸던지 실제도 연인이 됬었다네요.ㅎㅎ",
    "date": "15.05.29",
    "rating": "10",
    "author": "wldk****",
    "review_id": "9958918",
    "movie_id": "10185"
  },
  {
    "review": "최고네요 열자열자열자",
    "date": "15.05.05",
    "rating": "10",
    "author": "past****",
    "review_id": "9895481",
    "movie_id": "10185"
  },
  {
    "review": "올리비아 핫세의 불멸의 대표작",
    "date": "15.04.25",
    "rating": "7",
    "author": "pass****",
    "review_id": "9867647",
    "movie_id": "10185"
  },
  {
    "review": "얼굴이 사기인데 , 가슴까지... 몸매마저 사기다",
    "date": "15.03.28",
    "rating": "10",
    "author": "firs****",
    "review_id": "9813081",
    "movie_id": "10185"
  },
  {
    "review": "앞으로도 줄리엣역할 맡을 배우는 손해볼수밖에없다. 핫세만큼 줄리엣에 어울리는 배우는 나오기 어려울듯",
    "date": "15.03.21",
    "rating": "10",
    "author": "band****",
    "review_id": "9796738",
    "movie_id": "10185"
  },
  {
    "review": "신(God)이 성형수술한 영원한 줄리엣 올리비아 핫세♡ 성형외과 의사가 수술한 인간하고는 비교불가~ 영화 소장은 필수!!",
    "date": "15.03.20",
    "rating": "10",
    "author": "wits****",
    "review_id": "9795413",
    "movie_id": "10185"
  },
  {
    "review": "필수 소장용 영화네 굿굿",
    "date": "15.03.18",
    "rating": "10",
    "author": "dytp****",
    "review_id": "9791694",
    "movie_id": "10185"
  },
  {
    "review": "올리비아 핫세 존예! :)",
    "date": "15.03.02",
    "rating": "10",
    "author": "0112****",
    "review_id": "9752550",
    "movie_id": "10185"
  },
  {
    "review": "올리비아 핫세만으로 충분히 10점ㅋㅋ최고의 고전 영화",
    "date": "15.02.24",
    "rating": "10",
    "author": "wm06****",
    "review_id": "9735331",
    "movie_id": "10185"
  },
  {
    "review": "단 하루라도 올리비아 핫세의 얼굴로 살아보고 싶다. 티끌만큼의 결점도 없는... 감탄을 금할수없는 미모다",
    "date": "15.02.14",
    "rating": "10",
    "author": "icec****",
    "review_id": "9694471",
    "movie_id": "10185"
  },
  {
    "review": "영화는 비너스와 같은 핫세만을 위한 영화. 두 주연의 연기는 최악이였으며 고전의 묘미로 재미는 있었으나, 진실하고 운명적인 사랑이 아닌, 어린 아이들의 불장난 같았다",
    "date": "15.01.12",
    "rating": "8",
    "author": "woxn****",
    "review_id": "9586399",
    "movie_id": "10185"
  },
  {
    "review": "원작은 너무 못살렸다 참",
    "date": "14.12.26",
    "rating": "1",
    "author": "ddan****",
    "review_id": "9518194",
    "movie_id": "10185"
  },
  {
    "review": "올리비아 핫세의 명작이므로",
    "date": "14.12.08",
    "rating": "10",
    "author": "beat****",
    "review_id": "9457543",
    "movie_id": "10185"
  },
  {
    "review": "이보단 덜하지만 이와 비슷한 사랑을 하고있어 공감이 많이됩니다.",
    "date": "14.12.07",
    "rating": "10",
    "author": "dan1****",
    "review_id": "9456562",
    "movie_id": "10185"
  },
  {
    "review": "첫눈에 반하다. 청춘은 아름답다.",
    "date": "14.12.07",
    "rating": "10",
    "author": "eyec****",
    "review_id": "9456183",
    "movie_id": "10185"
  },
  {
    "review": "아 핫세진짜 너무이쁘다... 저얼굴에 가슴마저 우와...",
    "date": "14.12.07",
    "rating": "10",
    "author": "kyun****",
    "review_id": "9455489",
    "movie_id": "10185"
  },
  {
    "review": "나는 희망한다. 나의 꿈을... 영화는 나에게 알게해줬다! 나의 마음속에 담겨져 있는 나의 마음을...",
    "date": "14.12.06",
    "rating": "10",
    "author": "1004****",
    "review_id": "9452384",
    "movie_id": "10185"
  },
  {
    "review": "명대사만 한가득.. 손발이 오글거려도  좋다 ~~~~",
    "date": "14.11.21",
    "rating": "10",
    "author": "dlrk****",
    "review_id": "9407072",
    "movie_id": "10185"
  },
  {
    "review": "아름다운 Olivia Hussey..",
    "date": "14.11.14",
    "rating": "6",
    "author": "alem****",
    "review_id": "9383819",
    "movie_id": "10185"
  },
  {
    "review": "이 비극의 슬픔을 어떻게 표현할 수 있을까...",
    "date": "14.10.20",
    "rating": "10",
    "author": "dhvm****",
    "review_id": "9303782",
    "movie_id": "10185"
  },
  {
    "review": "올리비아 핫세.. 보고 반했네요. 전 여잔데ㅋㅋ",
    "date": "14.10.12",
    "rating": "10",
    "author": "kje6****",
    "review_id": "9286292",
    "movie_id": "10185"
  },
  {
    "review": "고전중의 고전. 그것보다 머큐시오가 너무 좋았어..",
    "date": "14.10.11",
    "rating": "8",
    "author": "zyeo****",
    "review_id": "9284959",
    "movie_id": "10185"
  },
  {
    "review": "올리비아 핫세를 봤으니 10점이 아깝지 않다.",
    "date": "14.10.11",
    "rating": "10",
    "author": "628e****",
    "review_id": "9283836",
    "movie_id": "10185"
  },
  {
    "review": "올리비아 핫세는 정말 예쁘다... 신이 빚어 놓은 것 같은 얼굴이다.",
    "date": "14.10.11",
    "rating": "10",
    "author": "lroi****",
    "review_id": "9283563",
    "movie_id": "10185"
  },
  {
    "review": "스토리가 신파네 진부하네 하면서 평점 테러질하는 무식한 것들은 영화보고  따지지말고 세익스피어한테 가서 따져. 춘향전보고 스토리가 진부하다고 따지는 격이지.",
    "date": "14.10.11",
    "rating": "10",
    "author": "qudt****",
    "review_id": "9283091",
    "movie_id": "10185"
  },
  {
    "review": "지금 보면 좀 억지 신파극 같은 스토리 주인공들이 너무 바보 멍청이 같음; 상황판단만 잘했어도 둘다 죽진않을건데 요즘으로 치면 죽을병걸려 눈물을 억지로 짜내는 3류소설같음 좀 많이 비현실적임ㅋ물론 영화자체는 잘만듬 핫세도 지적,부드러운 매력이 넘침~",
    "date": "14.10.11",
    "rating": "1",
    "author": "yjpo****",
    "review_id": "9283030",
    "movie_id": "10185"
  },
  {
    "review": "남자들은 스토리 관심도 없음.  오로지 올리비아 핫세 출연만으로 10점만점. 그것도 몇편찍지도 않은 핫세의 가장 아름다웠을때 모습을 보는것만으로도 보물작품.",
    "date": "14.10.10",
    "rating": "10",
    "author": "blue****",
    "review_id": "9282127",
    "movie_id": "10185"
  },
  {
    "review": "올리비아 핫세의 미모 와우",
    "date": "14.09.25",
    "rating": "7",
    "author": "almo****",
    "review_id": "9240898",
    "movie_id": "10185"
  },
  {
    "review": "둘이 처음 반했을 때 핫세 넘 예쁘네요.  노래도 너무 좋고요^^",
    "date": "14.09.13",
    "rating": "10",
    "author": "hamp****",
    "review_id": "9209260",
    "movie_id": "10185"
  },
  {
    "review": "아름답다 말도 안된다 어쩜",
    "date": "14.09.10",
    "rating": "10",
    "author": "aaaa****",
    "review_id": "9198018",
    "movie_id": "10185"
  },
  {
    "review": "핫세도 쩔고 음악도 좋다",
    "date": "14.08.30",
    "rating": "10",
    "author": "balt****",
    "review_id": "9147329",
    "movie_id": "10185"
  },
  {
    "review": "올리비아 핫세는 10점 받을만 하다.",
    "date": "14.08.28",
    "rating": "10",
    "author": "sieu****",
    "review_id": "9140566",
    "movie_id": "10185"
  },
  {
    "review": "아니 지금 로미오와 줄리엣 이야기보고 스토리가 진부하다고 하는사람들은 뭔데? ㅋㅋㅋ16세기에 쓰여진 작품이잖아 그걸 그냥 영화화 한거라고",
    "date": "14.08.20",
    "rating": "10",
    "author": "dkqq****",
    "review_id": "9113498",
    "movie_id": "10185"
  },
  {
    "review": "무슨 말이 더 必要韓紙~",
    "date": "14.08.10",
    "rating": "10",
    "author": "nasu****",
    "review_id": "9059217",
    "movie_id": "10185"
  },
  {
    "review": "이 영화 진짜 여주인공 빨로 제대로 먹고 시작하는 영화.. ^o^b",
    "date": "14.08.10",
    "rating": "8",
    "author": "fink****",
    "review_id": "9059002",
    "movie_id": "10185"
  },
  {
    "review": "인물의 심리가 전혀 이해가 안 되지만 그와중에 올리비아 핫세. 끝.",
    "date": "14.08.04",
    "rating": "10",
    "author": "sdh1****",
    "review_id": "9021500",
    "movie_id": "10185"
  },
  {
    "review": "핫세 정말 진짜 너무너무 이쁘다",
    "date": "14.05.31",
    "rating": "10",
    "author": "sj91****",
    "review_id": "8780492",
    "movie_id": "10185"
  },
  {
    "review": "이래서 사람들이 올리비아 핫세 이러구나 ㅋㅋ",
    "date": "14.05.15",
    "rating": "9",
    "author": "xx41****",
    "review_id": "8733420",
    "movie_id": "10185"
  },
  {
    "review": "이건 영화를 떠나서 올리비아 핫세님 만으로 10정 만점이지 진짜 가만히 보고있으면 그 아름다운 모습에 술에 취하 듯 취한다 정말...",
    "date": "14.05.13",
    "rating": "10",
    "author": "dmsw****",
    "review_id": "8727335",
    "movie_id": "10185"
  },
  {
    "review": "질질짜는 멜로는 딱 질색인데 올리비아 핫세님 떄문에 다른거 다 집어치고 10점",
    "date": "14.05.12",
    "rating": "10",
    "author": "teen****",
    "review_id": "8726308",
    "movie_id": "10185"
  },
  {
    "review": "정말 예쁘고 아름답고 사람스럽고 감동적고 말이 필요없음",
    "date": "14.05.11",
    "rating": "10",
    "author": "gkdl****",
    "review_id": "8722124",
    "movie_id": "10185"
  },
  {
    "review": "올리비아 핫세때문에 다른 줄리엣 역할들이 못하는것처럼 느껴짐....뇌리에 칵 박힘",
    "date": "14.05.11",
    "rating": "10",
    "author": "ogre****",
    "review_id": "8721766",
    "movie_id": "10185"
  },
  {
    "review": "그냥 올리비아 핫세 영상만 나와도 10점이잖아",
    "date": "14.05.07",
    "rating": "10",
    "author": "gbwl****",
    "review_id": "8713511",
    "movie_id": "10185"
  },
  {
    "review": "명작을 평가할 말이 필요한가?",
    "date": "14.05.04",
    "rating": "10",
    "author": "wang****",
    "review_id": "8699862",
    "movie_id": "10185"
  },
  {
    "review": "보면서 펑펑 울었던 영화.  최근작품보다 고전 로미오와 줄리엣이 최고인것 같네요.",
    "date": "14.04.27",
    "rating": "10",
    "author": "hyes****",
    "review_id": "8678284",
    "movie_id": "10185"
  },
  {
    "review": "핫세님 하나로 충분하다",
    "date": "14.04.26",
    "rating": "10",
    "author": "duck****",
    "review_id": "8675214",
    "movie_id": "10185"
  },
  {
    "review": "시험기간에 갑자기 찾아봤는데 마음에 아련함이 남네요.",
    "date": "14.04.19",
    "rating": "10",
    "author": "dooc****",
    "review_id": "8658159",
    "movie_id": "10185"
  },
  {
    "review": "핫세가 최고. 더 말이 필요한가?",
    "date": "14.04.17",
    "rating": "10",
    "author": "good****",
    "review_id": "8656061",
    "movie_id": "10185"
  },
  {
    "review": "핫세미모만 따지면  그당시는 물론이고 지금봐도 동,서양, 인종 다합쳐도 핫세보다 이쁜사람 못본듯...",
    "date": "14.04.17",
    "rating": "10",
    "author": "zeti****",
    "review_id": "8655406",
    "movie_id": "10185"
  },
  {
    "review": "올리비아 핫세님은 지구가 낳은 미녀이셧습니다",
    "date": "14.03.27",
    "rating": "10",
    "author": "shaw****",
    "review_id": "8611008",
    "movie_id": "10185"
  },
  {
    "review": "안타깝지만 정말 아름답다",
    "date": "14.02.28",
    "rating": "10",
    "author": "rege****",
    "review_id": "8545465",
    "movie_id": "10185"
  },
  {
    "review": "로미오와 줄리엣 아름답다. 그래도 고전은 고전인갑다...",
    "date": "14.02.23",
    "rating": "7",
    "author": "cstp****",
    "review_id": "8531894",
    "movie_id": "10185"
  },
  {
    "review": "명작이다!! 이제 보다니 ㅠㅠ",
    "date": "14.01.26",
    "rating": "10",
    "author": "miso****",
    "review_id": "8430139",
    "movie_id": "10185"
  },
  {
    "review": "한가인은 자신이 올리비아 핫세와 닮았다고 생각하겠지.",
    "date": "14.01.09",
    "rating": "10",
    "author": "mach****",
    "review_id": "8362541",
    "movie_id": "10185"
  },
  {
    "review": "이걸 본 다른 감독들은 도저히 리메이크 할 엄두가 안나겠다 아니 리메이크가 필요없다 이들이야 말로 로미오와 줄리엣이다",
    "date": "14.01.01",
    "rating": "10",
    "author": "memu****",
    "review_id": "8331380",
    "movie_id": "10185"
  },
  {
    "review": "영상. 음악, 출연진 모두 최고",
    "date": "13.12.05",
    "rating": "10",
    "author": "pn11****",
    "review_id": "8190929",
    "movie_id": "10185"
  },
  {
    "review": "올리비아 핫세... 얼굴만 예쁜가ㅎ",
    "date": "13.12.05",
    "rating": "10",
    "author": "shaq****",
    "review_id": "8190516",
    "movie_id": "10185"
  },
  {
    "review": "고전 작품이라고 무시 ㄴㄴ",
    "date": "13.12.03",
    "rating": "10",
    "author": "iwin****",
    "review_id": "8187998",
    "movie_id": "10185"
  },
  {
    "review": "올리비아핫세가 너무이쁘네요ㅎ 96년작에서는 디카프리오가 너무멋있던데",
    "date": "13.11.18",
    "rating": "9",
    "author": "zzzx****",
    "review_id": "8151526",
    "movie_id": "10185"
  },
  {
    "review": "보면서 그냥 감탄만 연발했음.",
    "date": "13.11.10",
    "rating": "10",
    "author": "skyu****",
    "review_id": "8130902",
    "movie_id": "10185"
  },
  {
    "review": "김보성이 말한다.. 로미오와 줄리엣은 의리를 지켰다!",
    "date": "13.11.05",
    "rating": "9",
    "author": "pont****",
    "review_id": "8115760",
    "movie_id": "10185"
  },
  {
    "review": "핫세의 전성기 때의 미모란 ...",
    "date": "13.10.23",
    "rating": "10",
    "author": "jesi****",
    "review_id": "8083049",
    "movie_id": "10185"
  },
  {
    "review": "올리비아 핫세 하나로도 10점은 줄만하다...캐스팅 싱크로율 500%.",
    "date": "13.09.21",
    "rating": "10",
    "author": "prot****",
    "review_id": "8004734",
    "movie_id": "10185"
  },
  {
    "review": "엘리자베스 비비안리 마릴린먼로 오드리햅번.1대4대여신과올리비아핫세 브룩쉴즈 소피마르소 피비케이츠.2대4대여신의 아름다움을 뭐라표현해야하나.요즘성괴년들과 비교가치가안되는.쓰레기와 에메랄드보석과 비교하는것과 같지.",
    "date": "13.09.07",
    "rating": "10",
    "author": "2017****",
    "review_id": "7954964",
    "movie_id": "10185"
  },
  {
    "review": "무려 1968년에 만들어진 영화고 무엇보다 로미오와 줄리엣이라는 작품 원작이 쓰여진게 1597년이다. 그런데도 스토리가 진부하다는 말이 나오냐. 무려 우리나라는 임진왜란 겪고 있을 때 만들어진 작품이 로미오와 줄리엣이라고.",
    "date": "13.08.31",
    "rating": "10",
    "author": "rnot****",
    "review_id": "7938385",
    "movie_id": "10185"
  },
  {
    "review": "존예",
    "date": "13.08.18",
    "rating": "10",
    "author": "alsd****",
    "review_id": "7898849",
    "movie_id": "10185"
  },
  {
    "review": "넘 감동적인 러브스토리에요~^^ 근데 슬픈엔딩으로ㅠㅠ",
    "date": "13.08.06",
    "rating": "10",
    "author": "kty2****",
    "review_id": "7851444",
    "movie_id": "10185"
  },
  {
    "review": "김보성과 줄리엣.. 으리없는 년",
    "date": "13.07.28",
    "rating": "1",
    "author": "ku94****",
    "review_id": "7794677",
    "movie_id": "10185"
  },
  {
    "review": "올리비아 핫세 너무 이뻐",
    "date": "13.07.28",
    "rating": "10",
    "author": "mara****",
    "review_id": "7793307",
    "movie_id": "10185"
  },
  {
    "review": "말이 필요한가 핫세가 16세엿음에도 연기력이매우 훌륭했다",
    "date": "13.07.20",
    "rating": "10",
    "author": "gktj****",
    "review_id": "7766748",
    "movie_id": "10185"
  },
  {
    "review": "재밌다",
    "date": "13.07.20",
    "rating": "10",
    "author": "qort****",
    "review_id": "7766256",
    "movie_id": "10185"
  },
  {
    "review": "올리비아 핫세를 본 것만으로 만점",
    "date": "13.06.22",
    "rating": "10",
    "author": "1lit****",
    "review_id": "7668722",
    "movie_id": "10185"
  },
  {
    "review": "올리비아 핫세가 없엇다면 지루햇을것이다명작은 틀림없구나  68년영화라는게 믿기지않다",
    "date": "13.05.26",
    "rating": "9",
    "author": "qlxj****",
    "review_id": "7555400",
    "movie_id": "10185"
  },
  {
    "review": "영화의 전반적인 스토리가 불완전하고 진부한 감이 있지만 여러모로 가치있는 명작임은 확실.",
    "date": "13.05.18",
    "rating": "8",
    "author": "tjwj****",
    "review_id": "7538655",
    "movie_id": "10185"
  },
  {
    "review": "그냥 핫세만으로도 10점인데 멀 영화가 진부하고 스토리가 나불나불대지말자 좀..",
    "date": "13.05.16",
    "rating": "10",
    "author": "61ch****",
    "review_id": "7530912",
    "movie_id": "10185"
  },
  {
    "review": "핫세.... 무성형 ㅎㄷㄷ 진짜 이쁘다..진짜로....",
    "date": "13.04.21",
    "rating": "9",
    "author": "tnsw****",
    "review_id": "7471729",
    "movie_id": "10185"
  },
  {
    "review": "와...지금봐도 재미지네 ㅋㅋㅋ",
    "date": "13.04.13",
    "rating": "10",
    "author": "gbh1****",
    "review_id": "7454893",
    "movie_id": "10185"
  },
  {
    "review": "올리비아 최고의 영화",
    "date": "13.04.06",
    "rating": "10",
    "author": "sad_****",
    "review_id": "7439354",
    "movie_id": "10185"
  },
  {
    "review": "핫세...",
    "date": "13.03.24",
    "rating": "10",
    "author": "pote****",
    "review_id": "7403404",
    "movie_id": "10185"
  },
  {
    "review": "책 못지않게 명작인영화.",
    "date": "13.03.16",
    "rating": "10",
    "author": "wjda****",
    "review_id": "7352202",
    "movie_id": "10185"
  },
  {
    "review": "영화의 연출도  훌륭하고요.. 로미오와 줄리엣의 정말 짧고도 불같은 사랑을 잘 표현한 영화라고 봐요! 실제로 로미오와 줄리엣은 이런사랑을 했을것 같은...",
    "date": "13.03.15",
    "rating": "10",
    "author": "rudl****",
    "review_id": "7348018",
    "movie_id": "10185"
  },
  {
    "review": "A time for us 가 흐르고 핫세의 슬픈 눈 이 보이이는 순간,이미 당신은 로미오가 되어 있을 것이다.",
    "date": "13.03.12",
    "rating": "10",
    "author": "ujum****",
    "review_id": "7342251",
    "movie_id": "10185"
  },
  {
    "review": "어쩜 저렇게 캐스팅을 잘했는지 , 올리비아 핫세 연기력이 상당히 뛰어나네요. 로미오역의 레너드도 핫세에 가려진 상당한 미남이던데 ㅋㅋ 한가인이랑 핫세랑 닮음ㅇ.. 로미오와줄리엣 영화중에 최고의 퀄리티라는 말이 납득이감",
    "date": "13.02.19",
    "rating": "10",
    "author": "gjw0****",
    "review_id": "7282429",
    "movie_id": "10185"
  },
  {
    "review": "아 ㅈㄴ 이뻐...ㅜㅜ",
    "date": "13.02.16",
    "rating": "10",
    "author": "mova****",
    "review_id": "7271914",
    "movie_id": "10185"
  },
  {
    "review": "최고의 명작인 듯 하군요!!",
    "date": "13.02.14",
    "rating": "10",
    "author": "xodn****",
    "review_id": "7264025",
    "movie_id": "10185"
  },
  {
    "review": "말이 필요없는 명작",
    "date": "13.02.07",
    "rating": "10",
    "author": "pdw4****",
    "review_id": "7233959",
    "movie_id": "10185"
  },
  {
    "review": "인류역사상 최강의 비쥬얼인 그녀를 볼 수 있다는 것만으로도 행복하다.",
    "date": "13.02.02",
    "rating": "10",
    "author": "shki****",
    "review_id": "7215158",
    "movie_id": "10185"
  },
  {
    "review": "올리비아 핫세는 인간이 아닌 듯..",
    "date": "13.01.30",
    "rating": "10",
    "author": "blac****",
    "review_id": "7198104",
    "movie_id": "10185"
  },
  {
    "review": "여운이 깊게 남는 감동적인 영화 최고다...",
    "date": "13.01.27",
    "rating": "10",
    "author": "kibu****",
    "review_id": "7183851",
    "movie_id": "10185"
  },
  {
    "review": "올리비아핫세 왜이리 이쁘냐????",
    "date": "13.01.26",
    "rating": "10",
    "author": "shin****",
    "review_id": "7174417",
    "movie_id": "10185"
  },
  {
    "review": "올리비아 핫세 진짜 예쁘네 .. 영화도 이정도면 좋네요",
    "date": "13.01.25",
    "rating": "10",
    "author": "cha1****",
    "review_id": "7173763",
    "movie_id": "10185"
  },
  {
    "review": "올리비아 핫세는 진리.",
    "date": "13.01.21",
    "rating": "10",
    "author": "ssik****",
    "review_id": "7140850",
    "movie_id": "10185"
  },
  {
    "review": "걍 진리",
    "date": "13.01.09",
    "rating": "10",
    "author": "kosm****",
    "review_id": "7095991",
    "movie_id": "10185"
  },
  {
    "review": "핫세 ㅇㅇ",
    "date": "13.01.02",
    "rating": "10",
    "author": "kaga****",
    "review_id": "7074379",
    "movie_id": "10185"
  },
  {
    "review": "최고에 최고에 최고",
    "date": "12.12.31",
    "rating": "10",
    "author": "gm76****",
    "review_id": "7068205",
    "movie_id": "10185"
  },
  {
    "review": "올리비아 핫세는 말이 따로 필요없고레오나드 위팅도 잘생겻는데 묻혀서아쉽다ㅠㅠ 레오나드 위팅 진심존잘♥♥♥",
    "date": "12.12.07",
    "rating": "10",
    "author": "yysy****",
    "review_id": "6979822",
    "movie_id": "10185"
  },
  {
    "review": "이 당시에 봤더라면 좀 더 아름다운 이야기였을텐데 감정이 메말렀나 어쨋든 올리비아 핫세 미모는 이 당시 최고인듯!!",
    "date": "12.12.05",
    "rating": "8",
    "author": "youn****",
    "review_id": "6974686",
    "movie_id": "10185"
  },
  {
    "review": "올리비아너무예쁘고 진짜 최고다.로미와줄리엣중최고최고!!!!!시간이지나도 명작은명작이구나...",
    "date": "12.11.30",
    "rating": "10",
    "author": "nice****",
    "review_id": "6946750",
    "movie_id": "10185"
  },
  {
    "review": "올리비아 핫세..!",
    "date": "12.11.21",
    "rating": "10",
    "author": "mira****",
    "review_id": "6910541",
    "movie_id": "10185"
  }
]