[
  {
    "review": "본격적으로 동양의 무술을 서양에 알린걸작",
    "date": "15.07.29",
    "rating": "7",
    "author": "thra****",
    "review_id": "10158494",
    "movie_id": "10182"
  },
  {
    "review": "침사추이.... 이소룡 동상... 캬... 용쟁호투... 대작이죠...",
    "date": "15.07.26",
    "rating": "10",
    "author": "ttlo****",
    "review_id": "10144181",
    "movie_id": "10182"
  },
  {
    "review": "정무문과 함께 자장 재밌게 본 영화..",
    "date": "15.07.25",
    "rating": "10",
    "author": "wits****",
    "review_id": "10142730",
    "movie_id": "10182"
  },
  {
    "review": "거품이 너무 꼈다...",
    "date": "15.06.19",
    "rating": "1",
    "author": "fing****",
    "review_id": "10011287",
    "movie_id": "10182"
  },
  {
    "review": "평점 인색하네요 10점 만점이죠",
    "date": "15.06.06",
    "rating": "10",
    "author": "wjdd****",
    "review_id": "9978108",
    "movie_id": "10182"
  },
  {
    "review": "10점 밑에 점수 없애자 이소룡이다",
    "date": "15.04.04",
    "rating": "10",
    "author": "hide****",
    "review_id": "9826623",
    "movie_id": "10182"
  },
  {
    "review": "명작이라고쩍하고나온다",
    "date": "15.03.11",
    "rating": "10",
    "author": "xx41****",
    "review_id": "9772954",
    "movie_id": "10182"
  },
  {
    "review": "이소룡은 중국영화계의 전설이지.",
    "date": "15.02.18",
    "rating": "10",
    "author": "powi****",
    "review_id": "9708078",
    "movie_id": "10182"
  },
  {
    "review": "여기서 영화의 작품성을 논하면 안 되겠지..",
    "date": "15.01.01",
    "rating": "7",
    "author": "gmdq****",
    "review_id": "9548207",
    "movie_id": "10182"
  },
  {
    "review": "73년도 영화이지만 지금봐도 볼만한 액션",
    "date": "14.12.29",
    "rating": "7",
    "author": "adiv****",
    "review_id": "9532345",
    "movie_id": "10182"
  },
  {
    "review": "개인적으로 나도 이소룡을 너무 좋아햇고, 정말 훌륭한 영화였다.",
    "date": "14.10.13",
    "rating": "10",
    "author": "groo****",
    "review_id": "9290440",
    "movie_id": "10182"
  },
  {
    "review": "아무말도 필요없는 이소룡 대표영화",
    "date": "14.10.08",
    "rating": "10",
    "author": "fghy****",
    "review_id": "9272956",
    "movie_id": "10182"
  },
  {
    "review": "브루스 리는..용이다!",
    "date": "14.08.15",
    "rating": "9",
    "author": "pont****",
    "review_id": "9086572",
    "movie_id": "10182"
  },
  {
    "review": "73년작.. 저땐 확실히 홍콩이 잘 살았네..",
    "date": "14.07.12",
    "rating": "8",
    "author": "tn99****",
    "review_id": "8909686",
    "movie_id": "10182"
  },
  {
    "review": "완벽한스토리구성'''",
    "date": "14.07.01",
    "rating": "10",
    "author": "kss_****",
    "review_id": "8872852",
    "movie_id": "10182"
  },
  {
    "review": "와닷~! 알고 보니, 걸작 \"더 록(96)\"의 숨겨놓은 아버지!! 복수와 대의, 비장미와 위트, 격투기와 대테러전의 절묘한 결합! 당시로선 굉장한 맨손-액션의 묘미! 근데, 이소룡은 왜 장풍을 안 쐈을까? 보쿠텐 신봉자로서, 그건 너무 심하다 싶었나!",
    "date": "14.05.15",
    "rating": "9",
    "author": "wana****",
    "review_id": "8731813",
    "movie_id": "10182"
  },
  {
    "review": "너무 위대한  사람들은  일찍 대려가는가.. 위대한 영혼 위대한 무술가이자,배우 이소룡",
    "date": "14.05.04",
    "rating": "10",
    "author": "sira****",
    "review_id": "8702458",
    "movie_id": "10182"
  },
  {
    "review": "대작인정.. 포토 26번째 보면서  형은 막 울었다 .... 그냥 존내 울었다 ...",
    "date": "14.04.28",
    "rating": "10",
    "author": "ayaz****",
    "review_id": "8679446",
    "movie_id": "10182"
  },
  {
    "review": "이소룡 영화에 평점을 10점밖에 못준다는 사실이 아쉽다",
    "date": "14.04.05",
    "rating": "10",
    "author": "ytse****",
    "review_id": "8628877",
    "movie_id": "10182"
  },
  {
    "review": "개인적으로는 뭔가 알 수 없는 이런저런 아쉬움이 있는건 사실이지만 정말 좋은 영화임은 틀림이 없겠죠! 용쟁호투에서만 느낄수 있는 이소룡 모습이 있다는 생각이 드네요. 날렵하면서도 정말로 강인해 보이는 그 모습.. 이소룡이기에 말이 필요없을것입니다.",
    "date": "14.02.07",
    "rating": "9",
    "author": "hpob****",
    "review_id": "8482966",
    "movie_id": "10182"
  },
  {
    "review": "지금보면 약간 어색할지몰라도 40년전 다른 헐리우드나 홍콩영화보면 액션 엄청 허접하다. 정말 이영화는 액션의 혁명이었다. 때문에 브루스리 하면 모든 미국인이 누군지 알지...",
    "date": "14.02.07",
    "rating": "10",
    "author": "1119****",
    "review_id": "8482915",
    "movie_id": "10182"
  },
  {
    "review": "이 명작을 본다는 것 그 자체가 영광이다. 뭘 더 말하겠습니까...",
    "date": "14.01.30",
    "rating": "10",
    "author": "asbi****",
    "review_id": "8450065",
    "movie_id": "10182"
  },
  {
    "review": "이소룡의 걸작입니다.",
    "date": "14.01.07",
    "rating": "10",
    "author": "spee****",
    "review_id": "8357165",
    "movie_id": "10182"
  },
  {
    "review": "단순한 액션영화를 넘어선 이소룡 영화",
    "date": "13.12.30",
    "rating": "9",
    "author": "k641****",
    "review_id": "8327053",
    "movie_id": "10182"
  },
  {
    "review": "싱하형 이 떠오르는 얼굴",
    "date": "13.12.28",
    "rating": "10",
    "author": "zebr****",
    "review_id": "8314985",
    "movie_id": "10182"
  },
  {
    "review": "걸작of걸작..!!!",
    "date": "13.12.20",
    "rating": "10",
    "author": "dark****",
    "review_id": "8251244",
    "movie_id": "10182"
  },
  {
    "review": "이소룡의 첫대작이자 이소룡을 전설로 만든 작품",
    "date": "13.12.16",
    "rating": "10",
    "author": "smk6****",
    "review_id": "8217655",
    "movie_id": "10182"
  },
  {
    "review": "40년전 영화인데 지금 봐도 개 쩌네 특히나 후반부 액션씬 쩐다  야외에서 소룡이 성님 사자후 시전하면서 영화 배경사운드도 절정이고 굿굿",
    "date": "13.10.26",
    "rating": "10",
    "author": "galb****",
    "review_id": "8090983",
    "movie_id": "10182"
  },
  {
    "review": "가히 전설로 남을만 하군",
    "date": "13.09.13",
    "rating": "7",
    "author": "guev****",
    "review_id": "7973669",
    "movie_id": "10182"
  },
  {
    "review": "파이터 영화의 바이블이지 싶다...이 영화 너무 많이 봐서 꿈에 싱하횽이랑 같이 싸움....ㅇㅇ.와아양~~",
    "date": "13.09.07",
    "rating": "10",
    "author": "bigt****",
    "review_id": "7955296",
    "movie_id": "10182"
  },
  {
    "review": "영원히 최고라고 얘기하고 싶다",
    "date": "13.09.01",
    "rating": "10",
    "author": "anik****",
    "review_id": "7941430",
    "movie_id": "10182"
  },
  {
    "review": "이소룡의 대작이죠. 정무문과 함께 최고의 영화로 개봉된지 40년이 되었지만 여전히 최고의 영화로 남아 있죠.",
    "date": "13.08.27",
    "rating": "10",
    "author": "junw****",
    "review_id": "7926559",
    "movie_id": "10182"
  },
  {
    "review": "고인의 모든 것을 볼수 있는,고인이 모든 것을 보여주는...",
    "date": "13.08.02",
    "rating": "9",
    "author": "seba****",
    "review_id": "7818538",
    "movie_id": "10182"
  },
  {
    "review": "봐도봐도 질리지않아",
    "date": "13.07.18",
    "rating": "10",
    "author": "dlqh****",
    "review_id": "7755852",
    "movie_id": "10182"
  },
  {
    "review": "우와~~ 싱하형이다",
    "date": "13.06.02",
    "rating": "10",
    "author": "seun****",
    "review_id": "7572772",
    "movie_id": "10182"
  },
  {
    "review": "브루스 리 간지...",
    "date": "13.05.11",
    "rating": "10",
    "author": "jtot****",
    "review_id": "7520258",
    "movie_id": "10182"
  },
  {
    "review": "조와~ 아주 조와~",
    "date": "13.03.14",
    "rating": "10",
    "author": "vnfa****",
    "review_id": "7347920",
    "movie_id": "10182"
  },
  {
    "review": "포에버~~  브루스 리~~~",
    "date": "13.03.10",
    "rating": "10",
    "author": "terr****",
    "review_id": "7338508",
    "movie_id": "10182"
  },
  {
    "review": "40연전 액션이라는게 믿어지지않을정도로 경이롭다..이소룡의 카리스마를 능가할 홍콩액션스타가 지금까지도 없다는게 아쉽지만 이소룡은 역시 전설이다!!",
    "date": "13.03.05",
    "rating": "10",
    "author": "zmfp****",
    "review_id": "7326202",
    "movie_id": "10182"
  },
  {
    "review": "40년 전 영화 맞나..",
    "date": "13.02.13",
    "rating": "10",
    "author": "kjhs****",
    "review_id": "7259098",
    "movie_id": "10182"
  },
  {
    "review": "노련함이 없는 투박한 스턴트가 지금 영화들과 비교한다면 아쉽긴 하지만 이야기와 영화의 몰입도는 40년전 영화라고 보기엔 역시 재밌다",
    "date": "13.01.15",
    "rating": "7",
    "author": "inos****",
    "review_id": "7119345",
    "movie_id": "10182"
  },
  {
    "review": "ㅋㅋ이소룡 죨 귀엽네 .40년도 지난 영화지만나름 볼만함 ㅋㅋ 홍금보도 나오네..이영화였나? 맹룡과강에는 성룡도 엑스트라로 나온다던데..이소룡이 실수로   성룡 팔 부러트려서  다음 작품 뭐 배우시켜줬다던가? 암튼...",
    "date": "12.12.15",
    "rating": "8",
    "author": "7606****",
    "review_id": "7007811",
    "movie_id": "10182"
  },
  {
    "review": "역시 오래된 영화라 스토리가 허점이 많고 단순하지만 액션은 OOO 않네요, 만약 이소룡님이 살아있다면 지금의 훌륭한 촬영기법과 기술들이 이소룡의 무술과 합쳐져 본시리즈를 넘어서는 액션을 보여줬을겁니다. 아쉽네요 ㅜㅜ",
    "date": "12.12.10",
    "rating": "8",
    "author": "leeg****",
    "review_id": "6990292",
    "movie_id": "10182"
  },
  {
    "review": "이제서야 정주행을 하다니...",
    "date": "12.12.07",
    "rating": "8",
    "author": "pass****",
    "review_id": "6982280",
    "movie_id": "10182"
  },
  {
    "review": "무술은 말할 것도 없지만 이소룡이 힘을 좀 더 뺐으면 더 멋진 영화가 되지 않을까 싶다.",
    "date": "12.11.13",
    "rating": "8",
    "author": "swhn****",
    "review_id": "6884159",
    "movie_id": "10182"
  },
  {
    "review": "와돻!오돋! 와라라ㅏ라라!!",
    "date": "12.10.28",
    "rating": "10",
    "author": "sjss****",
    "review_id": "6832503",
    "movie_id": "10182"
  },
  {
    "review": "미러 격투신은 후에도 최고라고 불리울 만한 물건... 수많은 패러디도 있음.",
    "date": "12.09.24",
    "rating": "10",
    "author": "dead****",
    "review_id": "6729843",
    "movie_id": "10182"
  },
  {
    "review": "나의 맨토 나의 롤모댈 나의 꿈",
    "date": "12.04.19",
    "rating": "10",
    "author": "sphe****",
    "review_id": "6233255",
    "movie_id": "10182"
  },
  {
    "review": "예전에 무술장면만 수십번을 반복해 볼 정도로 중독성이 강했던 멋진 영화.",
    "date": "12.03.31",
    "rating": "10",
    "author": "chik****",
    "review_id": "6182727",
    "movie_id": "10182"
  },
  {
    "review": "엽문의 제자, 4번째이자 마지막 작품, 어렸을 적 손에 땀을 쥐고 보았던 기억이...",
    "date": "12.03.21",
    "rating": "7",
    "author": "sioh****",
    "review_id": "6157655",
    "movie_id": "10182"
  },
  {
    "review": "독특한 시도가 돋보이는 이소룡식 액션.",
    "date": "12.03.18",
    "rating": "8",
    "author": "psyc****",
    "review_id": "6152255",
    "movie_id": "10182"
  },
  {
    "review": "이게 재밌냐?",
    "date": "12.03.16",
    "rating": "1",
    "author": "reee****",
    "review_id": "6147826",
    "movie_id": "10182"
  },
  {
    "review": "아시아인위상을높인 브루스리 20세기 20대영웅선정 유일한 아시아인이자 남자배우",
    "date": "12.03.16",
    "rating": "10",
    "author": "this****",
    "review_id": "6147603",
    "movie_id": "10182"
  },
  {
    "review": "이소룡.. 그를 전설로 만들어준 영화..",
    "date": "12.02.23",
    "rating": "8",
    "author": "blue****",
    "review_id": "6096974",
    "movie_id": "10182"
  },
  {
    "review": "최고의 작품",
    "date": "12.02.14",
    "rating": "10",
    "author": "benc****",
    "review_id": "6074915",
    "movie_id": "10182"
  },
  {
    "review": "진짜액션죽여준다!!!전설의이소룡!!",
    "date": "12.02.12",
    "rating": "10",
    "author": "popo****",
    "review_id": "6069754",
    "movie_id": "10182"
  },
  {
    "review": "거울배틀은 지금봐도 예술~~ 뭔가 스타일적으로 시대를 앞서나간 영화랄까",
    "date": "11.08.17",
    "rating": "10",
    "author": "chal****",
    "review_id": "5662955",
    "movie_id": "10182"
  },
  {
    "review": "이소룡의 최고작중 한편. 어릴적부터 몇번이나 TV로 봤는지 모른다",
    "date": "11.05.27",
    "rating": "9",
    "author": "gall****",
    "review_id": "5450315",
    "movie_id": "10182"
  },
  {
    "review": "이소룡 영화 중 젤 잼있는 것 같음..",
    "date": "11.03.27",
    "rating": "10",
    "author": "srid****",
    "review_id": "5338250",
    "movie_id": "10182"
  },
  {
    "review": "솔직히 다른 4작품은 지금보면 실소가 중간에 나오나... 이건 지금봐도 미친완성도.",
    "date": "11.02.18",
    "rating": "10",
    "author": "redo****",
    "review_id": "5252309",
    "movie_id": "10182"
  },
  {
    "review": "이소룡 보는 맛에 봤음. 그닥재밌진 않았던거 같음..",
    "date": "11.02.11",
    "rating": "6",
    "author": "dmag****",
    "review_id": "5234581",
    "movie_id": "10182"
  },
  {
    "review": "ㅎㅎㅎ 재밋",
    "date": "10.11.17",
    "rating": "10",
    "author": "tiko****",
    "review_id": "4968056",
    "movie_id": "10182"
  },
  {
    "review": "싱 하 형",
    "date": "10.09.12",
    "rating": "10",
    "author": "hyt5****",
    "review_id": "4831076",
    "movie_id": "10182"
  },
  {
    "review": "전설의 액션 배우 이소룡이 출연한 최고의 작품 그 이상 무슨 말이 필요하랴",
    "date": "10.08.11",
    "rating": "10",
    "author": "qudr****",
    "review_id": "4735748",
    "movie_id": "10182"
  },
  {
    "review": "이런 영화는 다시 보고 싶지 않다.",
    "date": "10.07.30",
    "rating": "1",
    "author": "noxp****",
    "review_id": "4688030",
    "movie_id": "10182"
  },
  {
    "review": "솔직히.. 지금 보기엔 많이 유치하지.. ㅋㅋ 그당시니까 대박소리나오는거지",
    "date": "10.07.28",
    "rating": "1",
    "author": "craz****",
    "review_id": "4678483",
    "movie_id": "10182"
  },
  {
    "review": "대박임",
    "date": "10.06.01",
    "rating": "10",
    "author": "ghfh****",
    "review_id": "4537383",
    "movie_id": "10182"
  },
  {
    "review": "완성된 이소룡의 액션",
    "date": "10.05.24",
    "rating": "9",
    "author": "yser****",
    "review_id": "4521233",
    "movie_id": "10182"
  },
  {
    "review": "무술격투영화의 최고봉은 바로 이 영화다~!!!!와다~!!!!!",
    "date": "10.05.01",
    "rating": "10",
    "author": "hsh6****",
    "review_id": "4468504",
    "movie_id": "10182"
  },
  {
    "review": "아무리 세월이 지나도 그가 있기에 봐야만 하는, 볼 수밖에 없는 영화~!!!!",
    "date": "10.03.14",
    "rating": "9",
    "author": "kuke****",
    "review_id": "4356142",
    "movie_id": "10182"
  },
  {
    "review": "아무리봐도 질리지 않는다..ㅋ  거울 씬 제일 멋있음 ㅋ",
    "date": "10.02.18",
    "rating": "10",
    "author": "orio****",
    "review_id": "4296498",
    "movie_id": "10182"
  },
  {
    "review": "맹룡과강보다는 더 재미있었다 스토리는 b급이지만 무술은 a급!",
    "date": "10.02.15",
    "rating": "8",
    "author": "jwbj****",
    "review_id": "4285408",
    "movie_id": "10182"
  },
  {
    "review": "63분 57초 싱하형 짱!",
    "date": "10.01.17",
    "rating": "10",
    "author": "ezhu****",
    "review_id": "4180058",
    "movie_id": "10182"
  },
  {
    "review": "싱하형의 창조",
    "date": "09.12.17",
    "rating": "10",
    "author": "wodn****",
    "review_id": "4050473",
    "movie_id": "10182"
  },
  {
    "review": "오와도~~~~호호홋~~!",
    "date": "09.11.26",
    "rating": "10",
    "author": "0409****",
    "review_id": "3991532",
    "movie_id": "10182"
  },
  {
    "review": "최고입니다!",
    "date": "09.11.25",
    "rating": "10",
    "author": "pink****",
    "review_id": "3990198",
    "movie_id": "10182"
  },
  {
    "review": "이소룡 영화중 제일 재미있고 많이 본영화 액션 짱",
    "date": "09.11.07",
    "rating": "10",
    "author": "ahnj****",
    "review_id": "3943673",
    "movie_id": "10182"
  },
  {
    "review": "최고의 액션^^",
    "date": "09.11.03",
    "rating": "10",
    "author": "18vi****",
    "review_id": "3935240",
    "movie_id": "10182"
  },
  {
    "review": "이소룡이 선구자라고 불리는 이유를 알게되는 영화....",
    "date": "09.10.26",
    "rating": "8",
    "author": "ard2****",
    "review_id": "3918518",
    "movie_id": "10182"
  },
  {
    "review": "최고죠 ㅋ",
    "date": "09.09.03",
    "rating": "10",
    "author": "ckdt****",
    "review_id": "3808519",
    "movie_id": "10182"
  },
  {
    "review": "이 영화가 많은 격투게임 스토리의 모태가 되었다",
    "date": "09.06.04",
    "rating": "9",
    "author": "chuc****",
    "review_id": "3544422",
    "movie_id": "10182"
  },
  {
    "review": "이소룡 나오는영화 다 재밌어",
    "date": "09.04.28",
    "rating": "10",
    "author": "sein****",
    "review_id": "3446614",
    "movie_id": "10182"
  },
  {
    "review": "초딩 5학년의 눈으로 본 라스트 거울씬은 다리오 아르젠토 영화보다도 섬찟했다",
    "date": "09.04.24",
    "rating": "9",
    "author": "cius****",
    "review_id": "3438450",
    "movie_id": "10182"
  },
  {
    "review": "아뵤!! 영화보고나면 한번씩 따라하게될껄?ㅋㅋㅋ",
    "date": "09.04.07",
    "rating": "7",
    "author": "iss2****",
    "review_id": "3408861",
    "movie_id": "10182"
  },
  {
    "review": "성룡이 있기전...그 시대 유일한 히어로!액션은 견줄대가 없다...",
    "date": "09.02.25",
    "rating": "8",
    "author": "slal****",
    "review_id": "3332827",
    "movie_id": "10182"
  },
  {
    "review": "세월은 흘렀어도 이소룡의 완소표정은 변함없다. 아뵤~~",
    "date": "08.07.17",
    "rating": "8",
    "author": "almo****",
    "review_id": "2769671",
    "movie_id": "10182"
  },
  {
    "review": "굿굿굿굿굿굿굿굿굿굿굿",
    "date": "08.07.05",
    "rating": "10",
    "author": "aaat****",
    "review_id": "2741616",
    "movie_id": "10182"
  },
  {
    "review": "미국제작이라도 이소룡의 액션은 여전하다 더 할리우드적이긴 하다",
    "date": "08.06.19",
    "rating": "6",
    "author": "si2p****",
    "review_id": "2707270",
    "movie_id": "10182"
  },
  {
    "review": "이소룡의영화는하나하나가다흥미진진하다.. 살아계셧으면 많은영화를 볼수있을텐데..",
    "date": "08.06.06",
    "rating": "10",
    "author": "spta****",
    "review_id": "2682775",
    "movie_id": "10182"
  },
  {
    "review": "싱하형의 시대는 이떄부터 시작됐다..",
    "date": "08.05.27",
    "rating": "10",
    "author": "wwdb****",
    "review_id": "2667107",
    "movie_id": "10182"
  },
  {
    "review": "이소룡영화중 본건 이거하나 인데, 액숀이 쥑이드라..",
    "date": "08.05.24",
    "rating": "8",
    "author": "pola****",
    "review_id": "2660186",
    "movie_id": "10182"
  },
  {
    "review": "이소룡 근육은 정말....남자의 로망이다!!",
    "date": "08.04.17",
    "rating": "10",
    "author": "rsmh****",
    "review_id": "2584924",
    "movie_id": "10182"
  },
  {
    "review": "아뵤!아뵤!ㅋ 특히 이소룡 발차기액션이 실감남. 마지막 문을걸쳐 창에꽂혀 꽥한..으",
    "date": "08.04.09",
    "rating": "10",
    "author": "lgju****",
    "review_id": "2570412",
    "movie_id": "10182"
  },
  {
    "review": "왕년에 쌍절곤 한번 안돌려본 사람이 있었을까",
    "date": "08.04.08",
    "rating": "9",
    "author": "meth****",
    "review_id": "2566805",
    "movie_id": "10182"
  },
  {
    "review": "거울방 대결씬 긴장감 철철",
    "date": "08.03.03",
    "rating": "9",
    "author": "pjs3****",
    "review_id": "2502083",
    "movie_id": "10182"
  },
  {
    "review": "이소룡은 역시 전설의 무술 배우이다.",
    "date": "08.03.01",
    "rating": "10",
    "author": "oran****",
    "review_id": "2496542",
    "movie_id": "10182"
  },
  {
    "review": "진짜 기합소리가 그렇구나.",
    "date": "08.02.01",
    "rating": "6",
    "author": "hadl****",
    "review_id": "2395611",
    "movie_id": "10182"
  },
  {
    "review": "액션은 액션, 이소룡은 이소룡, 영화는 영화",
    "date": "08.01.02",
    "rating": "7",
    "author": "qwer****",
    "review_id": "2290108",
    "movie_id": "10182"
  },
  {
    "review": "정말 소문 만큼 명작이네요",
    "date": "07.12.30",
    "rating": "10",
    "author": "baba****",
    "review_id": "2282757",
    "movie_id": "10182"
  },
  {
    "review": "인류역사가 다할때까지 최고의 액션 걸작",
    "date": "07.12.20",
    "rating": "10",
    "author": "baks****",
    "review_id": "2248116",
    "movie_id": "10182"
  }
]