[
  {
    "review": "예고편에 보니 첫주연작이라던데...첫작품이라고 느껴지지 않을만큼 그간알고있던 이소룡이 이영화에서 묻어나네요.",
    "date": "15.06.03",
    "rating": "10",
    "author": "mill****",
    "review_id": "9973404",
    "movie_id": "10184"
  },
  {
    "review": "<당산대형>은 이소룡의 의협심이 빛났던 영화로, 영화를 촬영한 태국의 이국적인 풍경들이 참 멋있었다.",
    "date": "15.04.12",
    "rating": "10",
    "author": "godo****",
    "review_id": "9843013",
    "movie_id": "10184"
  },
  {
    "review": "싱하형 그 전설의 시작.",
    "date": "15.04.08",
    "rating": "10",
    "author": "blur****",
    "review_id": "9833985",
    "movie_id": "10184"
  },
  {
    "review": "꼭 봐라,두번봐라,그리고 다시 한번 더 봐라~~~마베 선생의, 트XX포머따위는,명함도  못 내미는,꿀 재미를 선사한다(웃음)(웃음)(웃음)",
    "date": "15.04.04",
    "rating": "10",
    "author": "baks****",
    "review_id": "9826077",
    "movie_id": "10184"
  },
  {
    "review": "극장에서 처음본 이소룡  너무나 큰무술인 추억을주셔서 고마워요~",
    "date": "15.04.04",
    "rating": "10",
    "author": "namu****",
    "review_id": "9825804",
    "movie_id": "10184"
  },
  {
    "review": "다른말은 필요없다. 그냥 야마의 끝!!",
    "date": "15.04.02",
    "rating": "10",
    "author": "voca****",
    "review_id": "9822167",
    "movie_id": "10184"
  },
  {
    "review": "이소룡!! 당신을 알게해준 귀한 영화입니다.",
    "date": "15.03.29",
    "rating": "10",
    "author": "urar****",
    "review_id": "9815282",
    "movie_id": "10184"
  },
  {
    "review": "진짜 오래된 영화인데도 뭔가 재밌는 이소룡 영화",
    "date": "15.03.24",
    "rating": "10",
    "author": "libe****",
    "review_id": "9802774",
    "movie_id": "10184"
  },
  {
    "review": "통쾌한 액션과 스크린을 압도하는 이소룡의 카리스마!!!",
    "date": "15.03.23",
    "rating": "10",
    "author": "dant****",
    "review_id": "9802486",
    "movie_id": "10184"
  },
  {
    "review": "우리 사촌형이 이소룡 따라하다가... 인생이... 그만..ㅜㅜ 미워 이소룡 ㅜㅜ",
    "date": "15.03.22",
    "rating": "1",
    "author": "blue****",
    "review_id": "9799655",
    "movie_id": "10184"
  },
  {
    "review": "이소룡 이 얼마만인가...",
    "date": "15.03.20",
    "rating": "10",
    "author": "534k****",
    "review_id": "9794194",
    "movie_id": "10184"
  },
  {
    "review": "아뵤~~~~오!!!",
    "date": "15.03.18",
    "rating": "10",
    "author": "skdu****",
    "review_id": "9790619",
    "movie_id": "10184"
  },
  {
    "review": "그냥 한마디로 최고다 ㅋㅋ",
    "date": "15.03.17",
    "rating": "10",
    "author": "thda****",
    "review_id": "9789723",
    "movie_id": "10184"
  },
  {
    "review": "이소룡이다 그냥 10점",
    "date": "15.03.17",
    "rating": "10",
    "author": "bigt****",
    "review_id": "9789172",
    "movie_id": "10184"
  },
  {
    "review": "이소룡 이름만들어도 감동이다~",
    "date": "15.03.11",
    "rating": "10",
    "author": "wenc****",
    "review_id": "9772248",
    "movie_id": "10184"
  },
  {
    "review": "이게 바로 이소룡의 절권도 라는 것이다 ㅎㅎㅎ",
    "date": "15.03.11",
    "rating": "10",
    "author": "minw****",
    "review_id": "9772057",
    "movie_id": "10184"
  },
  {
    "review": "용쟁호투 정무문 맹룡과강 당산대형 이 4작품은 다 10점.",
    "date": "15.03.08",
    "rating": "10",
    "author": "ukal****",
    "review_id": "9767201",
    "movie_id": "10184"
  },
  {
    "review": "기억한다 존재한다 그러므로 기억한다",
    "date": "15.03.05",
    "rating": "10",
    "author": "hong****",
    "review_id": "9756812",
    "movie_id": "10184"
  },
  {
    "review": "다시봐도  통쾌한  이소룡 영화  이참에  큰  상영관에서 관람해야 되겠어요..ㅎㅎ",
    "date": "15.03.02",
    "rating": "9",
    "author": "yong****",
    "review_id": "9752238",
    "movie_id": "10184"
  },
  {
    "review": "전세계에서 거의 최초로 제대로된 맨손격투 영화에다 이전보다 사실적인 나이프격투 영화인데 더이상 말이 필요할까??",
    "date": "15.03.02",
    "rating": "10",
    "author": "yjl1****",
    "review_id": "9752091",
    "movie_id": "10184"
  },
  {
    "review": "개봉하는건 좋은데 상영관이 문제군 지난 맹룡과강때의..",
    "date": "15.02.28",
    "rating": "10",
    "author": "ghdi****",
    "review_id": "9746177",
    "movie_id": "10184"
  },
  {
    "review": "당산대형이라는 영화를 새로운 완전체로 볼수있어서 진짜 좋다.",
    "date": "15.02.28",
    "rating": "10",
    "author": "rzti****",
    "review_id": "9745950",
    "movie_id": "10184"
  },
  {
    "review": "70년대 영화라 그런지 스토리는 개인적으로 그닥 그랬지만 확실히 이소룡의 매력이 있었던 영화였던 것 같음",
    "date": "15.02.19",
    "rating": "8",
    "author": "zxop****",
    "review_id": "9713532",
    "movie_id": "10184"
  },
  {
    "review": "왜 평이 하나밖에 없는고 10점하나 투척하고감",
    "date": "15.02.13",
    "rating": "10",
    "author": "kkkk****",
    "review_id": "9691296",
    "movie_id": "10184"
  },
  {
    "review": "이.소.룡 이세글자만으로 더이상 뭐가 필요하겠는가?",
    "date": "14.12.31",
    "rating": "10",
    "author": "hide****",
    "review_id": "9540086",
    "movie_id": "10184"
  }
]