[
  {
    "review_id": "10275354",
    "movie_id": "101950",
    "author": "tnse****",
    "review": "난 그냥..쏘쏘..평점만큼은 아니라고봄~",
    "rating": "7",
    "date": "15.08.26"
  },
  {
    "review_id": "10270266",
    "movie_id": "101950",
    "author": "mapl****",
    "review": "영화내내 타지에서 1년 반동안 느끼는 공허함과 허무함이 배우에게 느껴졌다. 혼자 반년 살아서 좋은 점도 많지만, 침대에 누워 잠에서 깼을 때 옆에 아무도 없다. 지금 옆에 사랑하는사람과 눈을마주보고 머릿결을 매만질수 있는 순간이 있었으면 좋겠다.",
    "rating": "9",
    "date": "15.08.24"
  },
  {
    "review_id": "10261081",
    "movie_id": "101950",
    "author": "dbdy****",
    "review": "배우들의 연기, 색감, 음악 모두 좋다. 대사 한줄마다 심오하고 살뜰하다. 사랑에 대한 섬세한 성찰. 시대가 변하고 기술이 발전해도 사랑의 기술은 어째서 변할듯 발전하지 않는가...계속 보게되는 영화. 가슴 속 여운이 가득하다.",
    "rating": "10",
    "date": "15.08.22"
  },
  {
    "review_id": "10260731",
    "movie_id": "101950",
    "author": "cool****",
    "review": "부질없는 가정, 대책 없는 전개, 결론 없는 종결, 무미건조한 스토리...",
    "rating": "5",
    "date": "15.08.22"
  },
  {
    "review_id": "10256871",
    "movie_id": "101950",
    "author": "wate****",
    "review": "너무 허무하고 외로움 동시에 존재와 사랑이 아프게 느껴지는 영화였어요  최고의 영화라고 마음 속 깊이 말할 수 있어요",
    "rating": "10",
    "date": "15.08.21"
  },
  {
    "review_id": "10256602",
    "movie_id": "101950",
    "author": "h8s8****",
    "review": ".... 최고의 멜로다 진심",
    "rating": "10",
    "date": "15.08.20"
  },
  {
    "review_id": "10254737",
    "movie_id": "101950",
    "author": "csec****",
    "review": "여운이 짙게 남는 영화네요. 많은 걸 생각할 수 있어서 좋았습니다.",
    "rating": "10",
    "date": "15.08.20"
  },
  {
    "review_id": "10250925",
    "movie_id": "101950",
    "author": "lol0****",
    "review": "다시 보고 싶은 영화..",
    "rating": "10",
    "date": "15.08.19"
  },
  {
    "review_id": "10244166",
    "movie_id": "101950",
    "author": "wnwl****",
    "review": "처음으로 평점 남기네요 새벽의 공기에 이어폰을 더해 사만다의 생생한 존재와 그들의 사랑을 느껴보세요",
    "rating": "10",
    "date": "15.08.17"
  },
  {
    "review_id": "10242331",
    "movie_id": "101950",
    "author": "floo****",
    "review": "이런 영화를 만들 수 있는 스파이크 존즈가 그저 부러웠다.",
    "rating": "10",
    "date": "15.08.16"
  },
  {
    "review_id": "10238353",
    "movie_id": "101950",
    "author": "inno****",
    "review": "I saw this movie 'Her' with her but now I can't see her  anymore",
    "rating": "10",
    "date": "15.08.16"
  },
  {
    "review_id": "10233329",
    "movie_id": "101950",
    "author": "jand****",
    "review": "이 영화 보고 사랑에 빠짐",
    "rating": "10",
    "date": "15.08.15"
  },
  {
    "review_id": "10227340",
    "movie_id": "101950",
    "author": "awer****",
    "review": "아이디어 좋네요 음악들도 너무 아름다워요",
    "rating": "8",
    "date": "15.08.14"
  },
  {
    "review_id": "10221781",
    "movie_id": "101950",
    "author": "junl****",
    "review": "감동적인 영화 혼자 봐도 좋은 영화",
    "rating": "10",
    "date": "15.08.13"
  },
  {
    "review_id": "10219705",
    "movie_id": "101950",
    "author": "ttls****",
    "review": "허무한 마음이 순간순간 찾아오는 영화였다. 추천!",
    "rating": "8",
    "date": "15.08.12"
  },
  {
    "review_id": "10219233",
    "movie_id": "101950",
    "author": "zapt****",
    "review": "이건 봐라 진짜 . 혼자봐라.",
    "rating": "10",
    "date": "15.08.12"
  },
  {
    "review_id": "10202229",
    "movie_id": "101950",
    "author": "kron****",
    "review": "어쩐지 자꾸 생각나는 정말 아름다운 영화 ~",
    "rating": "9",
    "date": "15.08.08"
  },
  {
    "review_id": "10199368",
    "movie_id": "101950",
    "author": "cnvn****",
    "review": "후..내 취향은 아니다..",
    "rating": "8",
    "date": "15.08.07"
  },
  {
    "review_id": "10190162",
    "movie_id": "101950",
    "author": "minj****",
    "review": "올해  본  한국 영화 중  제일 재미있었어요~!!!!",
    "rating": "10",
    "date": "15.08.05"
  },
  {
    "review_id": "10188893",
    "movie_id": "101950",
    "author": "frin****",
    "review": "인간의 보잘것없음을 느낀 영화",
    "rating": "6",
    "date": "15.08.05"
  },
  {
    "review_id": "10185692",
    "movie_id": "101950",
    "author": "dofk****",
    "review": "그냥.... 금요일 밤에 술마시러 나가시지 마시고 집에서 조용히 보세요. 여운이 긴 멋진 영화 중 하나입니다.",
    "rating": "10",
    "date": "15.08.04"
  },
  {
    "review_id": "10183995",
    "movie_id": "101950",
    "author": "oym2****",
    "review": "프로그램을 하는 사람으로 봤을때 대박인 영화... 가까운 미래에 현실 가능한 인공지능... 비슷한 OS 가 나올듯... 스칼렛 요한슨이 루시에서도 비슷한 느낌의 연기를 했는데 Her 에서도 참 매력적인 연기를...",
    "rating": "9",
    "date": "15.08.04"
  },
  {
    "review_id": "10178137",
    "movie_id": "101950",
    "author": "twin****",
    "review": "보면서 계속 어찌할수 없는것 지나간것 후회스러운것이 괴롭히지만 마음만은 가득 찬다",
    "rating": "9",
    "date": "15.08.02"
  },
  {
    "review_id": "10174097",
    "movie_id": "101950",
    "author": "neo_****",
    "review": "최고...진짜...",
    "rating": "10",
    "date": "15.08.02"
  },
  {
    "review_id": "10170396",
    "movie_id": "101950",
    "author": "jjhk****",
    "review": "아름다운 영화, 그리고 멀지않은 우리의 이야기",
    "rating": "8",
    "date": "15.08.01"
  },
  {
    "review_id": "10167532",
    "movie_id": "101950",
    "author": "dawa****",
    "review": "사랑에 한계를 뛰어넘다가  한계에 벽에 부딪치다",
    "rating": "9",
    "date": "15.07.31"
  },
  {
    "review_id": "10165232",
    "movie_id": "101950",
    "author": "bisu****",
    "review": "인간과 비인간의 관계에서 사랑에 대한 인문학적 고뇌를 매우 아름답게 담아냈다.",
    "rating": "9",
    "date": "15.07.31"
  },
  {
    "review_id": "10164494",
    "movie_id": "101950",
    "author": "ppvw****",
    "review": "장면 하나하나가 너무 아름다웠다  멀리서 보이는 도시에  불빛 주인공이 누워있는 침대 사람들이 걸어다니는 거리 내용 아름답고 장면도 아름다운 그런영화 끝이 아쉽긴 하지만 내 머리속에 계속 멤돈다",
    "rating": "10",
    "date": "15.07.31"
  },
  {
    "review_id": "10157012",
    "movie_id": "101950",
    "author": "meta****",
    "review": "정말 멋있는 영화에요 스칼렛 요한슨은 목소리만으로도 이렇게 전달력있는 연기가 가능하네요",
    "rating": "10",
    "date": "15.07.29"
  },
  {
    "review_id": "10148208",
    "movie_id": "101950",
    "author": "ctrl****",
    "review": "존재와 사랑에 대해 생각하게 하는 멋진 영화! 차갑고 공허한 듯 색감에 가슴 따스한 울림이 남아요.",
    "rating": "9",
    "date": "15.07.26"
  },
  {
    "review_id": "10144438",
    "movie_id": "101950",
    "author": "jjk9****",
    "review": "헐..재밋다 헐...",
    "rating": "10",
    "date": "15.07.26"
  },
  {
    "review_id": "10144406",
    "movie_id": "101950",
    "author": "sssy****",
    "review": "신선했다..너무 몰입하면서 봤고 슬픔 그치만 영화는영화일뿐..",
    "rating": "10",
    "date": "15.07.26"
  },
  {
    "review_id": "10139809",
    "movie_id": "101950",
    "author": "bysb****",
    "review": "잘만들었습니다. 10점 만점에 10점!",
    "rating": "10",
    "date": "15.07.25"
  },
  {
    "review_id": "10136770",
    "movie_id": "101950",
    "author": "o2pi****",
    "review": "인간관계에 대한 탁월한 통찰력",
    "rating": "10",
    "date": "15.07.24"
  },
  {
    "review_id": "10134484",
    "movie_id": "101950",
    "author": "moon****",
    "review": "꼭 보세요 두번 보세요!",
    "rating": "9",
    "date": "15.07.23"
  },
  {
    "review_id": "10125777",
    "movie_id": "101950",
    "author": "akil****",
    "review": "아무리 기술이 발전해도 결국 참된 인간관계는 사람과 사람 사이에서 이루어질 수 있음을 다시 한 번 느끼게 된 영화",
    "rating": "8",
    "date": "15.07.21"
  },
  {
    "review_id": "10125564",
    "movie_id": "101950",
    "author": "goto****",
    "review": "2014년 올 해의 영화에  당당히 꼽습니다.",
    "rating": "10",
    "date": "15.07.21"
  },
  {
    "review_id": "10124284",
    "movie_id": "101950",
    "author": "zyeo****",
    "review": "2015.05.03",
    "rating": "7",
    "date": "15.07.20"
  },
  {
    "review_id": "10121286",
    "movie_id": "101950",
    "author": "kshd****",
    "review": "내 생애 TOP3 안에 드는 영화",
    "rating": "10",
    "date": "15.07.19"
  },
  {
    "review_id": "10114149",
    "movie_id": "101950",
    "author": "dmst****",
    "review": "OS는 프로그램일 뿐이다... 0과 1의 조합 그냥 숫자일 뿐이다..",
    "rating": "7",
    "date": "15.07.17"
  },
  {
    "review_id": "10112242",
    "movie_id": "101950",
    "author": "ohye****",
    "review": "내가 딱 좋아하는 느낌의 영화",
    "rating": "10",
    "date": "15.07.17"
  },
  {
    "review_id": "10107038",
    "movie_id": "101950",
    "author": "lhn0****",
    "review": "정말 따뜻하고 예쁜영화..",
    "rating": "10",
    "date": "15.07.15"
  },
  {
    "review_id": "10106980",
    "movie_id": "101950",
    "author": "cool****",
    "review": "귀엽고 유쾌한 영화. 근래 보기 드문 독일 영화~~",
    "rating": "9",
    "date": "15.07.15"
  },
  {
    "review_id": "10103360",
    "movie_id": "101950",
    "author": "im_y****",
    "review": "사람과 사람, 사랑과 사랑! 인생 영화!",
    "rating": "8",
    "date": "15.07.14"
  },
  {
    "review_id": "10102737",
    "movie_id": "101950",
    "author": "kiss****",
    "review": "최고의사랑 이아기였어요.다시보고싶은영화",
    "rating": "9",
    "date": "15.07.14"
  },
  {
    "review_id": "10099973",
    "movie_id": "101950",
    "author": "auss****",
    "review": "영상이며 촬영배경이며 음악, 의상, 캐스팅 모두 좋았음",
    "rating": "10",
    "date": "15.07.13"
  },
  {
    "review_id": "10099961",
    "movie_id": "101950",
    "author": "fktl****",
    "review": "마지막씬에서 펑펑 울었다 몰입도도 좋고 소재도 신선하고 공감가지 않으면서도 절실히 공감되는 아주 훌륭한 작품",
    "rating": "10",
    "date": "15.07.13"
  },
  {
    "review_id": "10099752",
    "movie_id": "101950",
    "author": "dlal****",
    "review": "사만다가 스칼렛 요한슨이 였다니",
    "rating": "10",
    "date": "15.07.13"
  },
  {
    "review_id": "10099414",
    "movie_id": "101950",
    "author": "milk****",
    "review": "피아노 멜로디가 참 아름다운 영화 였는데.. 공감 안가서... 사랑이 이리 복잡 할까...",
    "rating": "6",
    "date": "15.07.13"
  },
  {
    "review_id": "10092951",
    "movie_id": "101950",
    "author": "welt****",
    "review": "멜로영화가 아닌거같은데?",
    "rating": "10",
    "date": "15.07.11"
  },
  {
    "review_id": "10083775",
    "movie_id": "101950",
    "author": "xtml****",
    "review": "2014년 넘버 원 영화! 매 순간 마음을 아리게 하는 쓸쓸함은 아름답기까지하다",
    "rating": "10",
    "date": "15.07.09"
  },
  {
    "review_id": "10082873",
    "movie_id": "101950",
    "author": "khj8****",
    "review": "킬링타임용으로도 좋고 잔잔하게 전개되고 지루하지 않는 영화, 정말로 미래에는 이럴수도 있다는 생각이 든다.. 후반부가 좀 아쉽긴 했지만 그래도 이 정도 영화는 수재!! 한국 영화도 이런 영화 종류 많이 만들었으면..",
    "rating": "9",
    "date": "15.07.09"
  },
  {
    "review_id": "10081452",
    "movie_id": "101950",
    "author": "shsh****",
    "review": "많은걸 생각하게하는 영화...",
    "rating": "10",
    "date": "15.07.08"
  },
  {
    "review_id": "10080584",
    "movie_id": "101950",
    "author": "skyp****",
    "review": "이 영화가 남기는 여운의 크기는 641.",
    "rating": "9",
    "date": "15.07.08"
  },
  {
    "review_id": "10078744",
    "movie_id": "101950",
    "author": "iamw****",
    "review": "쉽지 않은 곧 머지 않은 영화",
    "rating": "8",
    "date": "15.07.07"
  },
  {
    "review_id": "10077685",
    "movie_id": "101950",
    "author": "huns****",
    "review": "너무 고평가된 영화가 아닐까 싶다",
    "rating": "6",
    "date": "15.07.07"
  },
  {
    "review_id": "10077659",
    "movie_id": "101950",
    "author": "chad****",
    "review": "냉소적인 분위기가 쥭여줌",
    "rating": "10",
    "date": "15.07.07"
  },
  {
    "review_id": "10076836",
    "movie_id": "101950",
    "author": "poul****",
    "review": "심도있는 척. 완성도 떨어지는 허세짙은 영화",
    "rating": "1",
    "date": "15.07.06"
  },
  {
    "review_id": "10073417",
    "movie_id": "101950",
    "author": "lyae****",
    "review": "색다른 느낌의 멜로! 스칼렛요한슨목소리 진짜 매력적이네요",
    "rating": "9",
    "date": "15.07.05"
  },
  {
    "review_id": "10069819",
    "movie_id": "101950",
    "author": "myko****",
    "review": "무엇하나 빠지지않는 수작이다... 내인생 최고의 영화라 칭할만하다. 여운이 가시질않는다",
    "rating": "10",
    "date": "15.07.04"
  },
  {
    "review_id": "10068524",
    "movie_id": "101950",
    "author": "merc****",
    "review": "우리는 누군가의 것이기도하고 결국 누군가의 것이 아니기도하다는 사만다의 말..쓸쓸하면서도 따뜻하고 감각적인 장면들이 많았다",
    "rating": "8",
    "date": "15.07.04"
  },
  {
    "review_id": "10063845",
    "movie_id": "101950",
    "author": "hump****",
    "review": "재미 없는 걸 떠나서 좀 역겹다.",
    "rating": "1",
    "date": "15.07.03"
  },
  {
    "review_id": "10061573",
    "movie_id": "101950",
    "author": "yj91****",
    "review": "감성이 결여되고 인생의 깊이가 부족한 사람들에 의해 심하게 저평가된 영화",
    "rating": "10",
    "date": "15.07.02"
  },
  {
    "review_id": "10061086",
    "movie_id": "101950",
    "author": "gous****",
    "review": "기계에게 진짜 사랑의 의미를 깨달았다. 이별의 극복법도.푹빠져보다가 마지막 장면에서 뭉클.. 주인공은 그래도 좋은사람들이 주변에 있어다행이다. 미래에 정말 저런게 있다면 사람들과 같이소개해주고 자랑하고 할 수 있을듯한 기대",
    "rating": "9",
    "date": "15.07.02"
  },
  {
    "review_id": "10059501",
    "movie_id": "101950",
    "author": "dkdl****",
    "review": "많이 지루했음. 그렇게 긴 러닝타임도 아니었는데 빨리 끝나기만을 바라고 있었다. 내가 테오도르였어도 사만다와 사랑에 빠졌을 거 같다. 둘의 사랑은 잔잔하고 좋았는데 호아킨 피닉스만 너무 나와서 참고 보기 힘듬.",
    "rating": "4",
    "date": "15.07.02"
  },
  {
    "review_id": "10058947",
    "movie_id": "101950",
    "author": "hand****",
    "review": "영상미, 설정, 연기 모두 너무 좋다",
    "rating": "10",
    "date": "15.07.01"
  },
  {
    "review_id": "10052163",
    "movie_id": "101950",
    "author": "0305****",
    "review": "사만다를 애니캐릭터랑 비교하는 사람들은 뭐지.... 영화를 보고도 사만다의 목소리와 감정 생각들을 정말 못느낀건가?미쿠짱 같은 애들은 형체(마찬가지로 실물은 아니지만)는 있지만 사만다처럼 생각을 공유하고 감정을 함께 나눌 수 있는가? 그녀는 다르다",
    "rating": "10",
    "date": "15.06.29"
  },
  {
    "review_id": "10047791",
    "movie_id": "101950",
    "author": "poon****",
    "review": "보면 볼수록 더 외로워진다. 본격 현실 연애 시뮬레이션",
    "rating": "7",
    "date": "15.06.28"
  },
  {
    "review_id": "10045880",
    "movie_id": "101950",
    "author": "silo****",
    "review": "그닥 감동도 여운도 없다.",
    "rating": "6",
    "date": "15.06.28"
  },
  {
    "review_id": "10045129",
    "movie_id": "101950",
    "author": "gmja****",
    "review": "외로운 사람이 보면 더 외로운 영화. 내가 하고싶은 말 다 들어주고, 듣고 싶은 말 다해주는 그런 OS가 있다면 나라도 구매하고 싶다. 내가 사랑하는 일에 도움도 주니 얼마나 좋을까. 그래도 진짜 사람이랑 사랑하고 싶어진다. 외롭다.",
    "rating": "8",
    "date": "15.06.28"
  },
  {
    "review_id": "10041343",
    "movie_id": "101950",
    "author": "hsna****",
    "review": "감독이 천재가 아닐까 생각해본다. 신선하고 잔잔하면서도 한 방이 있는 영화!",
    "rating": "10",
    "date": "15.06.27"
  },
  {
    "review_id": "10038340",
    "movie_id": "101950",
    "author": "asha****",
    "review": "디지털의 가능성과 한계를 동시에 보여주네요.주연배우의 연기력은 탁월..",
    "rating": "8",
    "date": "15.06.26"
  },
  {
    "review_id": "10036549",
    "movie_id": "101950",
    "author": "hell****",
    "review": "생각할 거리를 많이 던져주는 영화.색감과 음성 잔잔한 분위기에 매료되서 푹 빠져 봤네요.",
    "rating": "10",
    "date": "15.06.25"
  },
  {
    "review_id": "10035273",
    "movie_id": "101950",
    "author": "funi****",
    "review": "멜로를 보지 않는 저이지만 정말 재미있게 봤네요",
    "rating": "9",
    "date": "15.06.25"
  },
  {
    "review_id": "10025470",
    "movie_id": "101950",
    "author": "z2tn****",
    "review": "나한테는 너무 좋았다.",
    "rating": "10",
    "date": "15.06.24"
  },
  {
    "review_id": "10023691",
    "movie_id": "101950",
    "author": "hye4****",
    "review": "역시 인간은 영혼이 위로받아야...결국 정신적인부분이 절대적임을.. 육체는 정말 껍데기일 뿐이라는걸..제대로 일깨워주는..영화...",
    "rating": "10",
    "date": "15.06.23"
  },
  {
    "review_id": "10017777",
    "movie_id": "101950",
    "author": "dnf7****",
    "review": "어쩌면 정말 곧 미래에 있을법 한 일이기도 함",
    "rating": "8",
    "date": "15.06.21"
  },
  {
    "review_id": "10016648",
    "movie_id": "101950",
    "author": "azak****",
    "review": "이렇게 마음 맞는 사람을 만날 수 있을까?",
    "rating": "10",
    "date": "15.06.20"
  },
  {
    "review_id": "10014156",
    "movie_id": "101950",
    "author": "cshm****",
    "review": "!!!!~~~~!!!!~~~~",
    "rating": "10",
    "date": "15.06.20"
  },
  {
    "review_id": "10012742",
    "movie_id": "101950",
    "author": "jcyj****",
    "review": "굿굿굿굿아아굿굿아아굿굿굿굿",
    "rating": "10",
    "date": "15.06.19"
  },
  {
    "review_id": "10012430",
    "movie_id": "101950",
    "author": "inta****",
    "review": "여운이 정말 오래 남는 영화입니다.",
    "rating": "10",
    "date": "15.06.19"
  },
  {
    "review_id": "10006304",
    "movie_id": "101950",
    "author": "psy9****",
    "review": "평점 오바가 심하네. 진짜 재미없다.",
    "rating": "1",
    "date": "15.06.17"
  },
  {
    "review_id": "10005546",
    "movie_id": "101950",
    "author": "cwd0****",
    "review": "우선 영상자체가 이쁘고요 사랑을 느끼는 대상이 프로그램일지라도 사랑후엔 마음 한켠에 한조각으로 자리잡게 된다는게.. 여운이 많이남네요",
    "rating": "9",
    "date": "15.06.17"
  },
  {
    "review_id": "10005324",
    "movie_id": "101950",
    "author": "mahl****",
    "review": "끝나고도 많은 여운을 주었습니다...",
    "rating": "8",
    "date": "15.06.17"
  },
  {
    "review_id": "10003963",
    "movie_id": "101950",
    "author": "twin****",
    "review": "2014년 최고의 영화",
    "rating": "10",
    "date": "15.06.16"
  },
  {
    "review_id": "10001449",
    "movie_id": "101950",
    "author": "lppm****",
    "review": "남주 연기가 정말... 엄청나게 몰입되네요... 제가 마치 화면속 남자가 된 기분이였어요... 인공지능에게 호감을 느끼고 그 호감이 혼란스럽게 되고... 결국 사랑이라고 인정하게 되는 과정이 감명 깊었네요.",
    "rating": "10",
    "date": "15.06.15"
  },
  {
    "review_id": "10000803",
    "movie_id": "101950",
    "author": "bump****",
    "review": "영화의 훌륭함은 물론, 말 할 필요도 없는 최고의 GV",
    "rating": "9",
    "date": "15.06.14"
  },
  {
    "review_id": "9996319",
    "movie_id": "101950",
    "author": "yana****",
    "review": "무난하다고 본다...",
    "rating": "7",
    "date": "15.06.13"
  },
  {
    "review_id": "9995023",
    "movie_id": "101950",
    "author": "sa5s****",
    "review": "외로움에  지친 현대인들에게 꼭  필요한 '그녀'의 존재!공감해주고 같이 웃고 울어줄 수 있는 누군가가 있다는건 행복한 인생이다",
    "rating": "9",
    "date": "15.06.13"
  },
  {
    "review_id": "9990183",
    "movie_id": "101950",
    "author": "hauk****",
    "review": "엄청난 흡입력과 몰입도를 보여주지만 결말이 흐지부지하다.",
    "rating": "6",
    "date": "15.06.11"
  },
  {
    "review_id": "9988477",
    "movie_id": "101950",
    "author": "kyu7****",
    "review": "정말 영상부터 내용까지 너무 좋았다. 특히 영상미가 너무 아름답고 색감이 너무 예쁨... 내용도 배우들도 연기도 다 퍼펙트. 다시 보고 싶은 영화. 마지막에 여운이 남는 영화.",
    "rating": "10",
    "date": "15.06.10"
  },
  {
    "review_id": "9988012",
    "movie_id": "101950",
    "author": "qkrg****",
    "review": "인생 영화 ㅠㅠㅠ 너무 좋다 진짜",
    "rating": "10",
    "date": "15.06.10"
  },
  {
    "review_id": "9985894",
    "movie_id": "101950",
    "author": "sin3****",
    "review": "작위적인, 뻔한 설정이 몰입을 방해한다",
    "rating": "7",
    "date": "15.06.09"
  },
  {
    "review_id": "9983139",
    "movie_id": "101950",
    "author": "gd11****",
    "review": "컴퓨터 중독에 대한 경계",
    "rating": "9",
    "date": "15.06.07"
  },
  {
    "review_id": "9981060",
    "movie_id": "101950",
    "author": "iamn****",
    "review": "이미 줄거리 알고 봐서 ㅠ 모르고 봤으면 10점 줄듯... 별점 높게 준다고 알바아니냐는 글있던데 ㅎ 갠취향인듯... 난 마지막까지 보고... 신랑은 초반부터 졸더니 중반부턴 코곰;;; 올레티비로 봤는데... 극장에서 봤음 더 감동이 컸을듯...",
    "rating": "8",
    "date": "15.06.07"
  },
  {
    "review_id": "9978445",
    "movie_id": "101950",
    "author": "godu****",
    "review": "우리 모두의 이야기..",
    "rating": "10",
    "date": "15.06.06"
  },
  {
    "review_id": "9975610",
    "movie_id": "101950",
    "author": "ouga****",
    "review": "영화 끝나서도 여운이 남는 영화",
    "rating": "10",
    "date": "15.06.04"
  },
  {
    "review_id": "9974034",
    "movie_id": "101950",
    "author": "peti****",
    "review": "스마트시대의 공허함이 있는영화",
    "rating": "7",
    "date": "15.06.04"
  },
  {
    "review_id": "9971627",
    "movie_id": "101950",
    "author": "vtyu****",
    "review": "굉장히 주관적인 생각이지만 테오도르의 셔츠색상의 변화가 그의 감정을 색으로 나타낸듯 하였다. 영화 마지막부분에 사만사와의 대화씬에 흰셔츠를 입은 그의 모습에서 대화내용과 그의 표정보다 흰셔츠에서 공허함을 느꼈던 것 같다.",
    "rating": "10",
    "date": "15.06.03"
  },
  {
    "review_id": "9971458",
    "movie_id": "101950",
    "author": "mocu****",
    "review": "사랑이라는 주제를 다루는 방식이 신선했다!",
    "rating": "9",
    "date": "15.06.03"
  }
]