[
  {
    "review_id": "10242490",
    "movie_id": "101936",
    "author": "inst****",
    "review": "탄탄한 스토리와 배우들의 훌륭한 연기력..  그거만으로도 이영화는 충분히 즐길만했다.. 다만 스릴러지만 긴장감은 조금 약한게 아쉬움으로남는다..",
    "rating": "7",
    "date": "15.08.16"
  },
  {
    "review_id": "10222019",
    "movie_id": "101936",
    "author": "m1n2****",
    "review": "자기 관리가 얼마나 중요한지 알려주는 영화, 뚱뚱한 여주는 알게 모르게 사회 환경적 요인인 인간관계에서 알게모르게 차별 적 대우와, 말들을 들으며 자기 내면의 인격을 결정지어 왔을 것이다. 보라 다코다 패닝과 뚱땡이를 번갈아 봤을때의 우리의 느낌을.",
    "rating": "7",
    "date": "15.08.13"
  },
  {
    "review_id": "10197311",
    "movie_id": "101936",
    "author": "bbq2****",
    "review": "조금 더 치밀하고 몰입도 있게 할 수 있지 않았을까.. 과하게 비밀스러웠다.",
    "rating": "5",
    "date": "15.08.07"
  },
  {
    "review_id": "10184811",
    "movie_id": "101936",
    "author": "sde0****",
    "review": "그런데 막상 영화 자체의 매력은 부족한 것 같아요.배우가 연기하는 인물들에 대한 몰입도는 굉장한데 정작 그 비밀스러운 이야기는미스터리를 구성하지 못하고 쉽게 무너지기도 합니다",
    "rating": "6",
    "date": "15.08.04"
  },
  {
    "review_id": "10183364",
    "movie_id": "101936",
    "author": "mylo****",
    "review": "아..다코타패닝연기가진짜..조용한분위기에서 표정하나로 훅 치고 들어오네요. 진짜 저는 감정이입제대로 되서 통곡할뻔 너무슬프네요. 재밌었어요",
    "rating": "10",
    "date": "15.08.04"
  },
  {
    "review_id": "10164143",
    "movie_id": "101936",
    "author": "tndl****",
    "review": "나름 볼만하고 몰입하게 만드는 영화",
    "rating": "7",
    "date": "15.07.31"
  },
  {
    "review_id": "10154100",
    "movie_id": "101936",
    "author": "bsm0****",
    "review": "다코타패닝  너무 이쁘다 옆모습은 예술",
    "rating": "8",
    "date": "15.07.28"
  },
  {
    "review_id": "10153969",
    "movie_id": "101936",
    "author": "jane****",
    "review": "스릴있네여 재밌어요 재밌게봤음",
    "rating": "9",
    "date": "15.07.28"
  },
  {
    "review_id": "10143395",
    "movie_id": "101936",
    "author": "alem****",
    "review": "Every Secret Thing..",
    "rating": "6",
    "date": "15.07.25"
  },
  {
    "review_id": "10142050",
    "movie_id": "101936",
    "author": "sidi****",
    "review": "집중도 안되고 무슨내용인지 모르겠다",
    "rating": "5",
    "date": "15.07.25"
  },
  {
    "review_id": "10139918",
    "movie_id": "101936",
    "author": "aktm****",
    "review": "이상한 엄마와 고도비만 사이코 딸과 친구인 피해자에 대한 영화. 고도비만에 눈 찌푸리고 뛰어난 싸이코 연기에 또 한 번 찌푸리고...",
    "rating": "8",
    "date": "15.07.25"
  },
  {
    "review_id": "10133633",
    "movie_id": "101936",
    "author": "jjon****",
    "review": "몰입도가 높은 영화였습니다. 가정이란것은 행복과 따뚯함이 존재해야 한다는걸 다시 느꼈습니다.",
    "rating": "10",
    "date": "15.07.23"
  },
  {
    "review_id": "10126472",
    "movie_id": "101936",
    "author": "klmi****",
    "review": "집중해서봤다 모든발단은 어머니로부터시작했다",
    "rating": "8",
    "date": "15.07.21"
  },
  {
    "review_id": "10122645",
    "movie_id": "101936",
    "author": "hann****",
    "review": "재밌고 안졸리고 두근두근 궁금 은근한무서움",
    "rating": "10",
    "date": "15.07.20"
  },
  {
    "review_id": "10122542",
    "movie_id": "101936",
    "author": "axll****",
    "review": "스릴러보단 드라마느낌",
    "rating": "7",
    "date": "15.07.20"
  },
  {
    "review_id": "10122087",
    "movie_id": "101936",
    "author": "adiv****",
    "review": "화려한 출연진에 엘리자베스 뱅크스도 오랫만에 보고 좋았는데..  연출이 좀 구린것 같음",
    "rating": "6",
    "date": "15.07.20"
  },
  {
    "review_id": "10119517",
    "movie_id": "101936",
    "author": "cs79****",
    "review": "연기력 들이 ㅎㄷㄷ 마지막한장면이 모든걸 설명해준다 다시돌려보고 잘생각해봐라",
    "rating": "10",
    "date": "15.07.19"
  },
  {
    "review_id": "10116719",
    "movie_id": "101936",
    "author": "dhdl****",
    "review": "왠지 모르게 답답한 영화.",
    "rating": "5",
    "date": "15.07.18"
  },
  {
    "review_id": "10116489",
    "movie_id": "101936",
    "author": "darm****",
    "review": "아주 어둡고 깊은 공포영화임에 틀림없다",
    "rating": "10",
    "date": "15.07.18"
  },
  {
    "review_id": "10116424",
    "movie_id": "101936",
    "author": "rlar****",
    "review": "모든게 비밀스럽진 않았어요ㅋㅋ 툭툭던진말을 의심해야하나 믿게만들만한 상황이 있어야믿지 그리고 다코타패닝 쇄골 때문ㅇ 7점준다",
    "rating": "7",
    "date": "15.07.18"
  },
  {
    "review_id": "10114923",
    "movie_id": "101936",
    "author": "abc_****",
    "review": "엄마는 무고한 지 딸을 감옥살이 시켜시켜? 이해 안돼요",
    "rating": "1",
    "date": "15.07.18"
  },
  {
    "review_id": "10113867",
    "movie_id": "101936",
    "author": "gent****",
    "review": "이렇게 지루하고 재미없는 스릴러는 오랜만이네요..",
    "rating": "6",
    "date": "15.07.17"
  },
  {
    "review_id": "10113373",
    "movie_id": "101936",
    "author": "sayh****",
    "review": "엄마 될 준비 전혀 안된 여자가 애 낳는건 재앙이다. 그런의미에서 앨리스 엄마 참 못됐다.  범죄자 중에 문제 있는 부모에게 자란 사람 참 많다.",
    "rating": "7",
    "date": "15.07.17"
  },
  {
    "review_id": "10112306",
    "movie_id": "101936",
    "author": "god7****",
    "review": "정의는 개뿔 ....!",
    "rating": "5",
    "date": "15.07.17"
  },
  {
    "review_id": "10111918",
    "movie_id": "101936",
    "author": "mins****",
    "review": "화목한 가정의 중요성을 확인시켜주는 영화",
    "rating": "8",
    "date": "15.07.17"
  },
  {
    "review_id": "10111814",
    "movie_id": "101936",
    "author": "then****",
    "review": "뚱녀 진짜 때리고 싶다....",
    "rating": "10",
    "date": "15.07.17"
  },
  {
    "review_id": "10111674",
    "movie_id": "101936",
    "author": "danz****",
    "review": "자신의 젊은 시절 실수인 뚱떙이딸을 조정하는 다이안레인.. 진실을 파헤치는 여형사 엘리자베스 뱅크스.. 지금은 너무나 평범해진 이사건들의 가해자이자 피해자인 다코타 패닝..",
    "rating": "7",
    "date": "15.07.17"
  },
  {
    "review_id": "10111347",
    "movie_id": "101936",
    "author": "jjuy****",
    "review": "재밌게 잘봤습니다. 진짜 악마가 따로있나요.",
    "rating": "10",
    "date": "15.07.17"
  },
  {
    "review_id": "10110537",
    "movie_id": "101936",
    "author": "dltk****",
    "review": "한글자 한글자 또박또박 써내려간 미스터리소설 한 권을 읽은 느낌.. 너무 차갑지도 않고 너무 싱겁지도 않고 격렬하지는 않지만 무덤덤하게 볼 수는 없는 스릴러!",
    "rating": "8",
    "date": "15.07.16"
  },
  {
    "review_id": "10108805",
    "movie_id": "101936",
    "author": "xcos****",
    "review": "말하려는 메세지는 괜찮지만.. 약간 지루하고.. 예측가능",
    "rating": "5",
    "date": "15.07.16"
  },
  {
    "review_id": "10108692",
    "movie_id": "101936",
    "author": "bles****",
    "review": "잔잔하게 움켜쥐는 시선",
    "rating": "7",
    "date": "15.07.16"
  },
  {
    "review_id": "10108414",
    "movie_id": "101936",
    "author": "cody****",
    "review": "[[스포있음]]스토리한번 소름끼치게 잘짰다   소설책 한권을 정말 잘 간추려 영화속에 잘 펼쳐놓은듯 마지막에 범인이  아이를  내려보고있는장면이  최고 소름장면  처음부터 보여줬던 모든내용은 더이상 사실이아님을 알수있었다",
    "rating": "10",
    "date": "15.07.16"
  },
  {
    "review_id": "10108395",
    "movie_id": "101936",
    "author": "rwr1****",
    "review": "시간은 금이란 걸 다시 한 번 깨닫게 해 준 영화...시간 아깝다 씨붕",
    "rating": "1",
    "date": "15.07.16"
  },
  {
    "review_id": "10107923",
    "movie_id": "101936",
    "author": "ssys****",
    "review": "이야기의 구성? 임팩트?가 너무 약하다. 잔잔한 미스터리는 있는데..",
    "rating": "5",
    "date": "15.07.15"
  },
  {
    "review_id": "10107605",
    "movie_id": "101936",
    "author": "yhch****",
    "review": "수작이네 이정도면 ㄷㄷ",
    "rating": "10",
    "date": "15.07.15"
  },
  {
    "review_id": "10107396",
    "movie_id": "101936",
    "author": "jjaj****",
    "review": "큰 입팩트는 없지만 상당히 몰입도 높음. 보고 나서 좀 불쾌하고 짜증남, 불편한 결말. 성인 다코타 패닝의 연기 인상적이었음",
    "rating": "6",
    "date": "15.07.15"
  },
  {
    "review_id": "10106798",
    "movie_id": "101936",
    "author": "kan3****",
    "review": "딸애게 마음을 주지못했던 엄마와 받지못한 마음을 엄마가 되어서 풀려했던 제 3세계 뚱땡이 스토리",
    "rating": "7",
    "date": "15.07.15"
  },
  {
    "review_id": "10105736",
    "movie_id": "101936",
    "author": "nasu****",
    "review": "아기죽기전 클로즈업할때 어찌나 눈물나던지..스릴없다고 평점낮게주는인간들은 뭔지참나",
    "rating": "10",
    "date": "15.07.15"
  },
  {
    "review_id": "10105599",
    "movie_id": "101936",
    "author": "polo****",
    "review": "스릴러라는 장르에 기대어 보려 하다면 다소 실망감이 생길 수 있을 것 같다. 혹시나 이 영화를 보기 전이라면 드라마라는 기반에 스릴이라는 양념을 살짝 친 '스릴감 있는 드라마'라고 생각하자. 까다롭지 않은 취향이라면 족히 8점 이상 내어줄 수 있다.",
    "rating": "8",
    "date": "15.07.15"
  },
  {
    "review_id": "10105387",
    "movie_id": "101936",
    "author": "sepa****",
    "review": "2015.07.15",
    "rating": "7",
    "date": "15.07.15"
  },
  {
    "review_id": "10105172",
    "movie_id": "101936",
    "author": "arcl****",
    "review": "한편의 소설처럼 잔잔하게 흘러가는.",
    "rating": "7",
    "date": "15.07.14"
  },
  {
    "review_id": "10104006",
    "movie_id": "101936",
    "author": "ac10****",
    "review": "와 후덜덜하네요 반전이 참..짠하네요",
    "rating": "10",
    "date": "15.07.14"
  },
  {
    "review_id": "10103352",
    "movie_id": "101936",
    "author": "fine****",
    "review": "여주인공  네명의 연기가 아주 좋습니다.",
    "rating": "9",
    "date": "15.07.14"
  },
  {
    "review_id": "10103134",
    "movie_id": "101936",
    "author": "para****",
    "review": "다니엘 맥도널드의 연기는 소름 끼칠 정도였다. 영화자체는 상당히 묵직했으며 사건의 해결을 조용하고 긴박하지 않게 물흐러가듯이 해결해 나간다. 자칫 지루할 수 있지만 그 어떤 스릴러보다 잘만들어진 월메이드 영화였다.",
    "rating": "8",
    "date": "15.07.14"
  },
  {
    "review_id": "10100249",
    "movie_id": "101936",
    "author": "lara****",
    "review": "뚱뚱한 사람들이 비교적 거짓말을 잘하지.",
    "rating": "6",
    "date": "15.07.13"
  },
  {
    "review_id": "10099031",
    "movie_id": "101936",
    "author": "epst****",
    "review": "지나치기 쉬운 인간의 어두운 내면을 잘 끄집어내어 영화화시킴. 그 자체로 의미가 있는.. 정말 무서운 장면은 딱 한 장면 나옴.",
    "rating": "8",
    "date": "15.07.12"
  },
  {
    "review_id": "10097931",
    "movie_id": "101936",
    "author": "maxi****",
    "review": "다코다 패닝만 보고픈데.. 겉절이 수준으로 나오고.. 뭔 뚱땡이 년만 주구장창 나오는게.. 보기 심히 거북하다.. 다이안 레인은 보톡스좀 넣지..  완젼 할머니됐어..",
    "rating": "6",
    "date": "15.07.12"
  },
  {
    "review_id": "10095900",
    "movie_id": "101936",
    "author": "beri****",
    "review": "글쎄... 뭔가 대단한게 있는 줄 알았더만 뭐...",
    "rating": "4",
    "date": "15.07.12"
  },
  {
    "review_id": "10093617",
    "movie_id": "101936",
    "author": "sj55****",
    "review": "영화는 조용한데 나름 반전이 있습니다. 스릴은 전혀 없고요. 댓글 알바 알바 해서 그런게 진짜 있나.. 햇엇는데 진짜 있네요.",
    "rating": "7",
    "date": "15.07.11"
  },
  {
    "review_id": "10079745",
    "movie_id": "101936",
    "author": "ehci****",
    "review": "너무 진부하지도 또 너무 복잡하지도 않은 적당한영화. 스릴감과 배우들의 연기는 몰입하기에 충분했다.",
    "rating": "8",
    "date": "15.07.08"
  },
  {
    "review_id": "10079650",
    "movie_id": "101936",
    "author": "cine****",
    "review": "여자들만 나오는 스릴러 영화. 볼만하다.",
    "rating": "8",
    "date": "15.07.08"
  },
  {
    "review_id": "10079269",
    "movie_id": "101936",
    "author": "sara****",
    "review": "괜찮았어요! 연기력이 다들 최고",
    "rating": "7",
    "date": "15.07.08"
  },
  {
    "review_id": "10078299",
    "movie_id": "101936",
    "author": "boja****",
    "review": "내 생애 최고의 영화 2시간동안 박진감을 유지하는 명품 스릴러 세련된 결말은 온몸에 전율이 흐를 정도였다상영관은 많지 않지만 꼭 찾아서 보시길 돈이 아깝지않은 정말 잘 만든 영화 입니다",
    "rating": "10",
    "date": "15.07.07"
  },
  {
    "review_id": "10078220",
    "movie_id": "101936",
    "author": "1101****",
    "review": "진짜 뚱뚱한것부터 사악한 눈초리까지 진짜 한대 때려주고 싶더라. 엔딩은 흡사 나를찾아줘 뚱녀판이다.",
    "rating": "8",
    "date": "15.07.07"
  },
  {
    "review_id": "10075979",
    "movie_id": "101936",
    "author": "hehu****",
    "review": "쫌만 더 치밀했으면, \"나를 찾아 줘.\" 하고도 맞먹을 작품이 될 터였는데.",
    "rating": "8",
    "date": "15.07.06"
  },
  {
    "review_id": "10075966",
    "movie_id": "101936",
    "author": "dkdl****",
    "review": "다코다패딩 떄문에 보았는데 뿐만아니라 모든주연 출연진에 연기가 일품이였고  진실을 찾는 추리의 표현을 정말 매끄럽게 만들었다",
    "rating": "10",
    "date": "15.07.06"
  },
  {
    "review_id": "10075208",
    "movie_id": "101936",
    "author": "dddd****",
    "review": "굿~!!! 생각보다 괜찮은 스릴러!!",
    "rating": "10",
    "date": "15.07.06"
  },
  {
    "review_id": "10075206",
    "movie_id": "101936",
    "author": "drea****",
    "review": "여주들의 연기 조합이 좋은 영화 굿!",
    "rating": "8",
    "date": "15.07.06"
  },
  {
    "review_id": "10073281",
    "movie_id": "101936",
    "author": "rnrn****",
    "review": "잔잔한 영화 스릴있는 줄 알았는데 스릴은 없음",
    "rating": "8",
    "date": "15.07.05"
  },
  {
    "review_id": "10071544",
    "movie_id": "101936",
    "author": "hkri****",
    "review": "영화 좋아하는 분은 꼭 보세요~ 후회 안합니다~ 영화 첨부터 끝까지 긴장감 있으면서 시간 금방 가네요~ 여운도 남구요~",
    "rating": "9",
    "date": "15.07.05"
  },
  {
    "review_id": "10071400",
    "movie_id": "101936",
    "author": "sera****",
    "review": "\"공들여 펼쳐, 대강 추스른다.\"평점 8이 넘어갈 만큼 경이로운 연기력인지도 의문.",
    "rating": "6",
    "date": "15.07.05"
  },
  {
    "review_id": "10070824",
    "movie_id": "101936",
    "author": "cc14****",
    "review": "박평식  정확합니다.  노잼입니다. 참고로 트라이브 7점 줬죠.",
    "rating": "4",
    "date": "15.07.05"
  },
  {
    "review_id": "10070798",
    "movie_id": "101936",
    "author": "genr****",
    "review": "상영관이 없어 이른 아침 어렵게 본 작품. 나름 얘기를 잘 엮어 놓았다. 백인 흑인조합의 커플들이 주요  인물인 것이 특이했다. 연관성은 없지만 우리 영화 이태원 살인사건 (2009)이 왠지 모르게 떠올랐다.",
    "rating": "8",
    "date": "15.07.05"
  },
  {
    "review_id": "10069971",
    "movie_id": "101936",
    "author": "gato****",
    "review": "애증과 집착, 상실과 결핍으로 인한 뒤틀린 진실의 무게.",
    "rating": "5",
    "date": "15.07.04"
  },
  {
    "review_id": "10067729",
    "movie_id": "101936",
    "author": "hoon****",
    "review": "그저 그런  범작  스릴러 .",
    "rating": "5",
    "date": "15.07.04"
  },
  {
    "review_id": "10066618",
    "movie_id": "101936",
    "author": "534k****",
    "review": "다코타패닝나옴?ㅎㄷㄷ",
    "rating": "10",
    "date": "15.07.04"
  },
  {
    "review_id": "10065396",
    "movie_id": "101936",
    "author": "lalf****",
    "review": "뒤틀린 욕망이 비밀을 만들었다. <나를 찾아줘>에 이어 정적인 스릴러 수작!",
    "rating": "8",
    "date": "15.07.03"
  },
  {
    "review_id": "10065393",
    "movie_id": "101936",
    "author": "glut****",
    "review": "결말부분이 애매한게 뭔가 아쉽지만. 그래도 지루함 없이 볼수있는 영화입니다.",
    "rating": "7",
    "date": "15.07.03"
  },
  {
    "review_id": "10065328",
    "movie_id": "101936",
    "author": "smmj****",
    "review": "진짜 대박인 영화다.. 배우들 연기도 일품이고 보는 내내 빠져들게 만드는 긴장감이 대단하다.. 평점 10점으로는 부족하다고 느낄 정도이다. 평점 하나 쓰겠다고 로그인까지 했으니..ㅎㅎㅎ",
    "rating": "10",
    "date": "15.07.03"
  },
  {
    "review_id": "10064535",
    "movie_id": "101936",
    "author": "evag****",
    "review": "여감독,여배우들의 영화~ 처음부터 끝까지 몰입도 짱!",
    "rating": "9",
    "date": "15.07.03"
  },
  {
    "review_id": "10064268",
    "movie_id": "101936",
    "author": "dsde****",
    "review": "흐미.. 귀신이 튀어나오지 않고 총이나 칼이 안나와도 충분히 공포스럽다. 표현을 정말 잘한듯 ㄷㄷㄷㄷ",
    "rating": "10",
    "date": "15.07.03"
  },
  {
    "review_id": "10063199",
    "movie_id": "101936",
    "author": "jur7****",
    "review": "진실이 무엇인지 찾아가는 느낌이 스릴있딘",
    "rating": "10",
    "date": "15.07.03"
  },
  {
    "review_id": "10061531",
    "movie_id": "101936",
    "author": "ydhs****",
    "review": "역시나 기대했던 여배우들의 연기... 소름끼칠 정도...",
    "rating": "10",
    "date": "15.07.02"
  },
  {
    "review_id": "10061505",
    "movie_id": "101936",
    "author": "audt****",
    "review": "댓글 알바들  ㅉㅉㅉ 에휴...",
    "rating": "1",
    "date": "15.07.02"
  },
  {
    "review_id": "10061485",
    "movie_id": "101936",
    "author": "blan****",
    "review": "연기력이 ㅎㄷㄷ... 오랜만에 제대로 몰입했네요~",
    "rating": "10",
    "date": "15.07.02"
  },
  {
    "review_id": "10061474",
    "movie_id": "101936",
    "author": "bamb****",
    "review": "오! 진짜 흥미진진하게 봤어요",
    "rating": "10",
    "date": "15.07.02"
  },
  {
    "review_id": "10061467",
    "movie_id": "101936",
    "author": "holy****",
    "review": "치밀하고 쫀쫀함이 기대되는 영화 ㅎ",
    "rating": "10",
    "date": "15.07.02"
  },
  {
    "review_id": "10061436",
    "movie_id": "101936",
    "author": "dkwk****",
    "review": "오늘 개봉하고 보고 왔는데 4명의 배우의 연기력이 ㅎㄷㄷ 합니다 오랜만에 스릴러 다운 영화 봤네요!",
    "rating": "10",
    "date": "15.07.02"
  },
  {
    "review_id": "10061430",
    "movie_id": "101936",
    "author": "yosh****",
    "review": "뭔가 허겁지겁 끝낼려고 해서 아쉽긴 한데 그래도 끝까지 지루하지 않게 볼 수 있는 영화..",
    "rating": "8",
    "date": "15.07.02"
  },
  {
    "review_id": "10060891",
    "movie_id": "101936",
    "author": "blue****",
    "review": "역시 배우들의 연기가 좋으니깐 푹빠져서 보게 되네요.. 영화 재밌는데 평론가 평점은 왜 저러지?",
    "rating": "10",
    "date": "15.07.02"
  },
  {
    "review_id": "10060580",
    "movie_id": "101936",
    "author": "baks****",
    "review": "평식이가 평점 5 점 줬으면 ,최소한 곱하기 2 배 평점 10 점 줘도 되는 영화다(웃음)평식이는 크리스토퍼 놀란의다크나이트에도\"동전 던지기는 너무 진부래\"이러면서 평점 7점 주는 인간.평식이가 평론가면,나도 영화감독이다.스마트폰으로 촬영할줄은 아니까",
    "rating": "10",
    "date": "15.07.02"
  }
]