[
  {
    "review_id": "9957499",
    "movie_id": "101939",
    "author": "pkn2****",
    "review": "볼만했씁니당~~추천드려용~",
    "rating": "8",
    "date": "15.05.28"
  },
  {
    "review_id": "9744128",
    "movie_id": "101939",
    "author": "hong****",
    "review": "아이들이 보면서도 너무 시시해 했음 너무 유아대상의 만화였음",
    "rating": "4",
    "date": "15.02.27"
  },
  {
    "review_id": "9672056",
    "movie_id": "101939",
    "author": "biga****",
    "review": "딸과봤습니다  쓰레기임",
    "rating": "1",
    "date": "15.02.06"
  },
  {
    "review_id": "9663107",
    "movie_id": "101939",
    "author": "kala****",
    "review": "티비에서 했던내용 그대로 나와 실망스러웠음..",
    "rating": "3",
    "date": "15.02.03"
  },
  {
    "review_id": "9638906",
    "movie_id": "101939",
    "author": "hjch****",
    "review": "너무 기대를 한걸까요 ㅎㅎ 아이들에게 교훈적이긴했지만..지루했답니다..아이도 ㅎㅎ",
    "rating": "5",
    "date": "15.01.26"
  },
  {
    "review_id": "9512979",
    "movie_id": "101939",
    "author": "love****",
    "review": "애들이 너무좋아해요^^",
    "rating": "8",
    "date": "14.12.25"
  },
  {
    "review_id": "9488211",
    "movie_id": "101939",
    "author": "ghsk****",
    "review": "스토리가 너무 지루. 등장 인물이 너무 적음.",
    "rating": "5",
    "date": "14.12.19"
  },
  {
    "review_id": "9481699",
    "movie_id": "101939",
    "author": "pghy****",
    "review": "재미있다는 평이 많아서 기대했었는데.. 기대가 커서 실망도 큰건지.. 생각보다 지루했어요ㅜㅜ",
    "rating": "6",
    "date": "14.12.17"
  },
  {
    "review_id": "9469488",
    "movie_id": "101939",
    "author": "jiyu****",
    "review": "지루했어요 나중엔 애기가 졸았어요",
    "rating": "3",
    "date": "14.12.13"
  },
  {
    "review_id": "9466522",
    "movie_id": "101939",
    "author": "dnag****",
    "review": "아휴....돈아깝다",
    "rating": "3",
    "date": "14.12.11"
  },
  {
    "review_id": "9465346",
    "movie_id": "101939",
    "author": "unli****",
    "review": "영상 퀄리티가… 2편 만들라고 위쪽에서 압박을 넣었나 보다.",
    "rating": "5",
    "date": "14.12.11"
  },
  {
    "review_id": "9465164",
    "movie_id": "101939",
    "author": "ryok****",
    "review": "지루했음.. 아이들이 힘들어 함교육적인 내용은 좋음",
    "rating": "1",
    "date": "14.12.11"
  },
  {
    "review_id": "9465120",
    "movie_id": "101939",
    "author": "gy77****",
    "review": "애들이자네요ㅡㅡ 옆자리에있는 아이들도요...",
    "rating": "1",
    "date": "14.12.11"
  },
  {
    "review_id": "9464184",
    "movie_id": "101939",
    "author": "smal****",
    "review": "재미없고 스토리가타탄하지않았음",
    "rating": "1",
    "date": "14.12.10"
  },
  {
    "review_id": "9463495",
    "movie_id": "101939",
    "author": "yihy****",
    "review": "주말에 아이들 데리고 봤는데 짐중해서 잘 보더라구요 ㅎㅎ 교육적인 내용이 좋았어요~",
    "rating": "10",
    "date": "14.12.10"
  },
  {
    "review_id": "9460909",
    "movie_id": "101939",
    "author": "soul****",
    "review": "올리!올리! 아이들도 지루해하는 올리!",
    "rating": "1",
    "date": "14.12.09"
  },
  {
    "review_id": "9460454",
    "movie_id": "101939",
    "author": "imus****",
    "review": "아들이랑 조카들 데리고 가서 봤는데 좋아하네요~ ㅎ",
    "rating": "8",
    "date": "14.12.09"
  },
  {
    "review_id": "9460415",
    "movie_id": "101939",
    "author": "joon****",
    "review": "재밌다.내가 3살이라면...",
    "rating": "1",
    "date": "14.12.09"
  },
  {
    "review_id": "9458600",
    "movie_id": "101939",
    "author": "aris****",
    "review": "5세 정도 아이들이 보면 좋겠내요",
    "rating": "6",
    "date": "14.12.08"
  },
  {
    "review_id": "9458131",
    "movie_id": "101939",
    "author": "hyun****",
    "review": "아이들이 재미있었다고 하네요",
    "rating": "9",
    "date": "14.12.08"
  },
  {
    "review_id": "9457780",
    "movie_id": "101939",
    "author": "revo****",
    "review": "오랜만에 팝콘 사주면서 같이 보니 아이가 넘 좋아했어요~ 애들하고볼만한 영화 많이 나왔음 좋겠네요 ㅎㅎ",
    "rating": "10",
    "date": "14.12.08"
  },
  {
    "review_id": "9457332",
    "movie_id": "101939",
    "author": "sg42****",
    "review": "이걸 돈주고 보는 사람들은 사이즈가 딱 나온다",
    "rating": "1",
    "date": "14.12.08"
  },
  {
    "review_id": "9457074",
    "movie_id": "101939",
    "author": "ansg****",
    "review": "이게 재미있다고 하시는 분들은 평소에 되게 긍정적이신가봐요 ㅎㅎ",
    "rating": "1",
    "date": "14.12.08"
  },
  {
    "review_id": "9457017",
    "movie_id": "101939",
    "author": "534k****",
    "review": "평점이 왜 이럼? ㅋㅋㅋ",
    "rating": "2",
    "date": "14.12.08"
  },
  {
    "review_id": "9455488",
    "movie_id": "101939",
    "author": "andr****",
    "review": "노잼...잠잤음...",
    "rating": "1",
    "date": "14.12.07"
  },
  {
    "review_id": "9455186",
    "movie_id": "101939",
    "author": "jwys****",
    "review": "아이들은 재밌어하고 좋아하네요~^^",
    "rating": "8",
    "date": "14.12.07"
  },
  {
    "review_id": "9455173",
    "movie_id": "101939",
    "author": "solm****",
    "review": "완전 별로요.. 영화로서의 완성도 너무 떨어지네요. 집에서 티비보는게 나을뻔 했어요. 티비 짜집기한 느낌에 이야기도 매끄럽지 못하네요..",
    "rating": "1",
    "date": "14.12.07"
  },
  {
    "review_id": "9455130",
    "movie_id": "101939",
    "author": "imag****",
    "review": "잼있었다고하면서 나오자마자 얘기하는데표정만봐도 재미있었다는것을 알것같아요.",
    "rating": "9",
    "date": "14.12.07"
  },
  {
    "review_id": "9455038",
    "movie_id": "101939",
    "author": "ache****",
    "review": "애들이좋아하네요....^^",
    "rating": "9",
    "date": "14.12.07"
  },
  {
    "review_id": "9454996",
    "movie_id": "101939",
    "author": "suny****",
    "review": "꼬마올리는잠수함D를좋아합니다그리고어던일이든침착하게일을다잘마침니다",
    "rating": "10",
    "date": "14.12.07"
  },
  {
    "review_id": "9454237",
    "movie_id": "101939",
    "author": "plut****",
    "review": "아기들꺼라도 왠만하면 다 잼있어서 보러 갔는데.. 졸리고.. 더빙.. 좀.. 국어책 읽는 줄 알았네요..음... 타요는 더빙도 재밌던데. 다른 더빙들하고 비교되네요.",
    "rating": "1",
    "date": "14.12.07"
  },
  {
    "review_id": "9452677",
    "movie_id": "101939",
    "author": "kja4****",
    "review": "생각했던것보단아이들이재밌어하지않네요",
    "rating": "5",
    "date": "14.12.06"
  },
  {
    "review_id": "9452424",
    "movie_id": "101939",
    "author": "drea****",
    "review": "4살 아이도 재미없어하네요",
    "rating": "1",
    "date": "14.12.06"
  },
  {
    "review_id": "9452151",
    "movie_id": "101939",
    "author": "ssac****",
    "review": "아이도 지루해서 지금 자고있네여;;재미 없음....",
    "rating": "2",
    "date": "14.12.06"
  },
  {
    "review_id": "9452121",
    "movie_id": "101939",
    "author": "rose****",
    "review": "지루하고 재미없어요ㅠ",
    "rating": "2",
    "date": "14.12.06"
  },
  {
    "review_id": "9451913",
    "movie_id": "101939",
    "author": "sara****",
    "review": "별로 잉. 아이랑보면서 첨으로 졸렸어요",
    "rating": "4",
    "date": "14.12.06"
  },
  {
    "review_id": "9451774",
    "movie_id": "101939",
    "author": "tj59****",
    "review": "지루한 편입니다 아이들도 재미있어하지않고",
    "rating": "4",
    "date": "14.12.06"
  },
  {
    "review_id": "9451718",
    "movie_id": "101939",
    "author": "ssy5****",
    "review": "아이들이좋아하는 영화에요",
    "rating": "7",
    "date": "14.12.06"
  },
  {
    "review_id": "9451484",
    "movie_id": "101939",
    "author": "minh****",
    "review": "어린이들이 보고 즐길 수 있는 영화",
    "rating": "10",
    "date": "14.12.06"
  },
  {
    "review_id": "9451385",
    "movie_id": "101939",
    "author": "sky3****",
    "review": "돈아까워.. 재미없다. 아이가 중간에 나가자고 할정도임.. 최악..",
    "rating": "1",
    "date": "14.12.06"
  },
  {
    "review_id": "9450143",
    "movie_id": "101939",
    "author": "papu****",
    "review": "새로운 이야기가 아니라 지루함",
    "rating": "3",
    "date": "14.12.05"
  },
  {
    "review_id": "9449964",
    "movie_id": "101939",
    "author": "dj11****",
    "review": "정말 지루합니다. 아이바 나가자고 해서 힘들었습니다",
    "rating": "1",
    "date": "14.12.05"
  },
  {
    "review_id": "9449843",
    "movie_id": "101939",
    "author": "fort****",
    "review": "역시 귀여워. 애들이 너무 좋아하네",
    "rating": "10",
    "date": "14.12.05"
  },
  {
    "review_id": "9449296",
    "movie_id": "101939",
    "author": "bj20****",
    "review": "애기들이 너무 좋아하겠어요~",
    "rating": "10",
    "date": "14.12.05"
  },
  {
    "review_id": "9448824",
    "movie_id": "101939",
    "author": "chla****",
    "review": "요즘 애니메이션 영화가 많이 나오는데 또다른 귀여운 캐릭터네요^^",
    "rating": "10",
    "date": "14.12.05"
  },
  {
    "review_id": "9448766",
    "movie_id": "101939",
    "author": "ekdr****",
    "review": "아이들 데리고 보기 좋은 영화인듯해요",
    "rating": "10",
    "date": "14.12.05"
  },
  {
    "review_id": "9448734",
    "movie_id": "101939",
    "author": "bunn****",
    "review": "잠수함 교육!! 신선하고 재미있었어요 ㅋㅋ",
    "rating": "10",
    "date": "14.12.05"
  },
  {
    "review_id": "9448729",
    "movie_id": "101939",
    "author": "jihy****",
    "review": "완전 잼나요~!ㅎㅎㅎㅎ",
    "rating": "10",
    "date": "14.12.05"
  },
  {
    "review_id": "9448726",
    "movie_id": "101939",
    "author": "redi****",
    "review": "니모 생각난다 ㅋㅋ 귀엽네 허허허",
    "rating": "9",
    "date": "14.12.05"
  },
  {
    "review_id": "9448725",
    "movie_id": "101939",
    "author": "pink****",
    "review": "아이들의 상상력을 자극하는 유익한 시간!",
    "rating": "10",
    "date": "14.12.05"
  },
  {
    "review_id": "9448724",
    "movie_id": "101939",
    "author": "posi****",
    "review": "조카들이 너무좋아하네용 최고 ㅋㅋㅋ",
    "rating": "10",
    "date": "14.12.05"
  },
  {
    "review_id": "9448723",
    "movie_id": "101939",
    "author": "baco****",
    "review": "조카 데리고 보러가야 겟네요 ㅋㅋ 재밌겟다",
    "rating": "10",
    "date": "14.12.05"
  },
  {
    "review_id": "9448722",
    "movie_id": "101939",
    "author": "ult_****",
    "review": "아들이 너무 재미있어 하네요...",
    "rating": "10",
    "date": "14.12.05"
  },
  {
    "review_id": "9448709",
    "movie_id": "101939",
    "author": "lolu****",
    "review": "알 찬시간이였던 것 같아요",
    "rating": "10",
    "date": "14.12.05"
  },
  {
    "review_id": "9448702",
    "movie_id": "101939",
    "author": "star****",
    "review": "아쿠아리움 좋아하는 조카가 엄청 신나게 보더라구요 굿",
    "rating": "10",
    "date": "14.12.05"
  },
  {
    "review_id": "9448699",
    "movie_id": "101939",
    "author": "zzon****",
    "review": "아이들이랑 보기에 넘넘 좋았어요~",
    "rating": "10",
    "date": "14.12.05"
  },
  {
    "review_id": "9448691",
    "movie_id": "101939",
    "author": "love****",
    "review": "시사회로 봤는데 아이들이랑 보기 강추해요! 내용도 좋고 귀엽고 ㅎ",
    "rating": "10",
    "date": "14.12.05"
  },
  {
    "review_id": "9448681",
    "movie_id": "101939",
    "author": "ej2r****",
    "review": "시사로 봤는데 아이가 정말 집중하고 보네요 ㅎㅎ",
    "rating": "10",
    "date": "14.12.05"
  },
  {
    "review_id": "9448327",
    "movie_id": "101939",
    "author": "limd****",
    "review": "중국영화에서 미국영화가 된 이유좀 쨋든그냥 이런 영화는 해년마다 쏟아져나오는 저예산영화인듯 유치하기만 하면 애들이 좋아한다생각하니까 어떻게 할 주제가 없어서 꼬마잠수함이랰ㅋㄲ",
    "rating": "5",
    "date": "14.12.05"
  },
  {
    "review_id": "9447235",
    "movie_id": "101939",
    "author": "ksep****",
    "review": "완전 교훈적인 내용이었어요~^♡^",
    "rating": "10",
    "date": "14.12.04"
  },
  {
    "review_id": "9447234",
    "movie_id": "101939",
    "author": "jws8****",
    "review": "너무너무 재미있습니다 아이들 강추",
    "rating": "10",
    "date": "14.12.04"
  },
  {
    "review_id": "9447232",
    "movie_id": "101939",
    "author": "eun9****",
    "review": "아이들이 굉장히 좋아해요",
    "rating": "9",
    "date": "14.12.04"
  },
  {
    "review_id": "9447214",
    "movie_id": "101939",
    "author": "qorg****",
    "review": "아이들과 잼나게 관람했어요!!  강추강추!!",
    "rating": "10",
    "date": "14.12.04"
  },
  {
    "review_id": "9447207",
    "movie_id": "101939",
    "author": "agid****",
    "review": "아이와재밌게  즐겼어요~~추천해요",
    "rating": "9",
    "date": "14.12.04"
  },
  {
    "review_id": "9447206",
    "movie_id": "101939",
    "author": "chij****",
    "review": "유아들이 보기에 좋은 영화에요^^",
    "rating": "7",
    "date": "14.12.04"
  },
  {
    "review_id": "9447205",
    "movie_id": "101939",
    "author": "zhon****",
    "review": "캐릭터도 넘 귀엽고 해양생물에 대해 더 재미나게 알게 되여좋았어요",
    "rating": "9",
    "date": "14.12.04"
  },
  {
    "review_id": "9447203",
    "movie_id": "101939",
    "author": "baby****",
    "review": "정말 멋지네요.바닷속도 멋지고 절친과 싸우다가 다시 친하게 지내는 모습~~보이는 것만으로는 다 알 수 없다는 어려운 말도 꼬마 잠수함이 해 주네요.",
    "rating": "10",
    "date": "14.12.04"
  },
  {
    "review_id": "9447201",
    "movie_id": "101939",
    "author": "gemm****",
    "review": "7세는 너무너무 재미있었고 초5는 별로라네요",
    "rating": "9",
    "date": "14.12.04"
  },
  {
    "review_id": "9447195",
    "movie_id": "101939",
    "author": "hyog****",
    "review": "넘 잼있고 신나는 바다여행이에요~~",
    "rating": "10",
    "date": "14.12.04"
  },
  {
    "review_id": "9447194",
    "movie_id": "101939",
    "author": "neow****",
    "review": "아이가 너무좋아해요^^",
    "rating": "10",
    "date": "14.12.04"
  },
  {
    "review_id": "9447166",
    "movie_id": "101939",
    "author": "jyms****",
    "review": "올리 너무너무 잼있어요~귀여운 꼬마잠수함의 바닷속 모험^^다양한 바닷 생물들의 즐거운 바닷속 탐험과귀어운 캐릭터들~~꼬마 잠수함 올리2 강추요.!!!",
    "rating": "8",
    "date": "14.12.04"
  },
  {
    "review_id": "9447164",
    "movie_id": "101939",
    "author": "pkh7****",
    "review": "올리~ 너무 귀여워요~^^ ㅋㅋㅋ 아이와 함께 볼만한 깜찍한영화~^^ 추천합니다~^,~목소리도 깜찍~^^ 즐겨보아요~^,~",
    "rating": "8",
    "date": "14.12.04"
  },
  {
    "review_id": "9447162",
    "movie_id": "101939",
    "author": "gusw****",
    "review": "꼬마잠수함의 모험캐릭터들도 사랑스럽고 귀여워요",
    "rating": "9",
    "date": "14.12.04"
  },
  {
    "review_id": "9447044",
    "movie_id": "101939",
    "author": "jung****",
    "review": "바닷속풍경이 멋져서 눈이 즐거웠어요..올리와 베스,스키드의 우정과 모험덕분에 바다여행을 다녀온 기분이네요..!^^*",
    "rating": "8",
    "date": "14.12.04"
  },
  {
    "review_id": "9446890",
    "movie_id": "101939",
    "author": "a_re****",
    "review": "생각했던것보단 평점이하였어요^^;;아이와 첫영화였는데~~~~",
    "rating": "6",
    "date": "14.12.04"
  },
  {
    "review_id": "9446819",
    "movie_id": "101939",
    "author": "tksg****",
    "review": "아이들이 넘 즐겁게 볼수 있어서 좋은거같아욤",
    "rating": "9",
    "date": "14.12.04"
  },
  {
    "review_id": "9445881",
    "movie_id": "101939",
    "author": "dew7****",
    "review": "조카랑 너무잼있게 봤어요 ^^",
    "rating": "10",
    "date": "14.12.04"
  },
  {
    "review_id": "9445810",
    "movie_id": "101939",
    "author": "swan****",
    "review": "아 잠수함 올리 최강 귀여움!! 또 나왔으면 좋겠다~",
    "rating": "10",
    "date": "14.12.04"
  },
  {
    "review_id": "9445807",
    "movie_id": "101939",
    "author": "happ****",
    "review": "올리1도   재밌었는데  2는 더 재밌는것 같다.  스토리도 많고 캐릭터도 많고  난 너무 맘에듬",
    "rating": "10",
    "date": "14.12.04"
  },
  {
    "review_id": "9445778",
    "movie_id": "101939",
    "author": "mooi****",
    "review": "아이들 눈높이에 딱 맞게 흥미진진하네요~ 우리애는 올리뿐만 아니라 바다속 물고기들에 눈을 못떼던데 ㅎㅎ",
    "rating": "10",
    "date": "14.12.04"
  },
  {
    "review_id": "9445616",
    "movie_id": "101939",
    "author": "jjy3****",
    "review": "역시 나에게는 너무 유치하다. 역시 이런 영화는 내 8세 동생이 봐야..",
    "rating": "1",
    "date": "14.12.04"
  }
]