[
  {
    "review": "특수효과가 용가리 수주이지만 영화 자체는 1편보다 재밌음 ㅋㅋ",
    "date": "15.03.05",
    "rating": "9",
    "author": "mien****",
    "review_id": "9757326",
    "movie_id": "10191"
  },
  {
    "review": "여런처는 왜이렇케 쌘거냐 남런처 상향좀 레이드 가고싶단 말이야 ㅠㅠㅠ",
    "date": "15.02.01",
    "rating": "10",
    "author": "san2****",
    "review_id": "9657608",
    "movie_id": "10191"
  },
  {
    "review": "개구쟁이 아놀드와 친구들의 코믹 어드벤처 '코난 더 디스트로이어!!'",
    "date": "14.07.09",
    "rating": "3",
    "author": "expr****",
    "review_id": "8899585",
    "movie_id": "10191"
  },
  {
    "review": "아놀드 슈왈제네거라면 뭐",
    "date": "14.06.09",
    "rating": "8",
    "author": "534k****",
    "review_id": "8816784",
    "movie_id": "10191"
  },
  {
    "review": "30년된 영화지만 당시에는 아주 재미있었다.  지금 영화와 비교하지마라 당시 영상기술이 하늘과 땅차이다.",
    "date": "14.06.05",
    "rating": "8",
    "author": "adiv****",
    "review_id": "8797190",
    "movie_id": "10191"
  },
  {
    "review": "남름 재밌네요 옛날영화치고 퀄리티가 살아있네",
    "date": "14.02.14",
    "rating": "7",
    "author": "jou1****",
    "review_id": "8505976",
    "movie_id": "10191"
  },
  {
    "review": "그시절에 극장에서 안본 사람들은 유치하네 어쩌네 해도소년 시절 냉방도 안되는 그지같은 극장에서 봤을때도 한순간도 눈을 떼지 못할정도로 재밌게 봤던 영화지...물론 1편보다는 너무 가벼워진 느낌이 들긴 하지만...그래도 ..... 고전 명작중에 하나임",
    "date": "13.09.23",
    "rating": "10",
    "author": "ddin****",
    "review_id": "8010989",
    "movie_id": "10191"
  },
  {
    "review": "왜 봤을까?  요즘 참 볼거 없네... 다고쓰 신은 영구 공룡보다 못만든 것 같다. 86년인데 이따위로 만들었냐",
    "date": "12.10.21",
    "rating": "1",
    "author": "mggw****",
    "review_id": "6816749",
    "movie_id": "10191"
  },
  {
    "review": "와 세월의 흔적은 괴물.. 아놀드 할배도 변화시킨다... 해도 멋진 몸매...ㅋㅋㅋ",
    "date": "12.09.14",
    "rating": "8",
    "author": "spar****",
    "review_id": "6695496",
    "movie_id": "10191"
  },
  {
    "review": "드럽게 유치하지만 몸이 넘 멋져서 8점 줍니다...ㅎㅎ",
    "date": "12.07.21",
    "rating": "8",
    "author": "half****",
    "review_id": "6509238",
    "movie_id": "10191"
  },
  {
    "review": "1편보다 더OO음",
    "date": "12.07.14",
    "rating": "1",
    "author": "teri****",
    "review_id": "6479535",
    "movie_id": "10191"
  },
  {
    "review": "괴물 빼곤 괜찮은 영화",
    "date": "12.05.28",
    "rating": "9",
    "author": "tkk4****",
    "review_id": "6340676",
    "movie_id": "10191"
  },
  {
    "review": "꼴통 배우의 무작정 때려 부수고 아작내기.",
    "date": "12.04.25",
    "rating": "2",
    "author": "pria****",
    "review_id": "6244914",
    "movie_id": "10191"
  },
  {
    "review": "난 기억에 남는 추억의 명작인데... 요즘보면 좀 다르려나??",
    "date": "10.01.07",
    "rating": "10",
    "author": "empe****",
    "review_id": "4144473",
    "movie_id": "10191"
  },
  {
    "review": "전작보다 코난의 야성적인 기질이 너무 부족해서 혹평인거 같다. 야만인 포스 부족.",
    "date": "09.05.13",
    "rating": "6",
    "author": "vbnm****",
    "review_id": "3492325",
    "movie_id": "10191"
  },
  {
    "review": "1편에 비해 딸리긴 하지만 나름 오락성은 있었던 영화",
    "date": "09.05.01",
    "rating": "6",
    "author": "regu****",
    "review_id": "3452764",
    "movie_id": "10191"
  },
  {
    "review": "세상에나.. nba 챔버레인이 코난2에 출연했단걸 20년이 지나서 알게 되다니...",
    "date": "09.01.03",
    "rating": "10",
    "author": "made****",
    "review_id": "3181441",
    "movie_id": "10191"
  },
  {
    "review": "한심한 속편. 전편의 수준에 먹칠. 마지막 괴물은 영구 공룡?",
    "date": "08.11.28",
    "rating": "1",
    "author": "sykm****",
    "review_id": "3076554",
    "movie_id": "10191"
  },
  {
    "review": "3편이 그 뒤로 안나와서 섭섭했었다",
    "date": "08.09.30",
    "rating": "7",
    "author": "gall****",
    "review_id": "2976652",
    "movie_id": "10191"
  },
  {
    "review": "소싯적에 재미있게 봤으므로 8점",
    "date": "08.07.03",
    "rating": "8",
    "author": "seun****",
    "review_id": "2736878",
    "movie_id": "10191"
  },
  {
    "review": "아놀드 근육도 죽었으니, 이젠 3편은 영원히 없겠네...아쉽다..",
    "date": "08.06.06",
    "rating": "9",
    "author": "pass****",
    "review_id": "2681632",
    "movie_id": "10191"
  },
  {
    "review": "조금만 더 신경 써줬으면 좋았을뻔...",
    "date": "07.11.24",
    "rating": "7",
    "author": "secu****",
    "review_id": "2179456",
    "movie_id": "10191"
  },
  {
    "review": "good",
    "date": "07.10.22",
    "rating": "3",
    "author": "cles****",
    "review_id": "2105134",
    "movie_id": "10191"
  },
  {
    "review": "1의 한번더 우려먹기용...",
    "date": "07.09.01",
    "rating": "7",
    "author": "jang****",
    "review_id": "1993520",
    "movie_id": "10191"
  },
  {
    "review": "그 당시 시도할 수있는 엔터테인먼트의 최대치",
    "date": "07.07.29",
    "rating": "10",
    "author": "baks****",
    "review_id": "1822158",
    "movie_id": "10191"
  },
  {
    "review": "반지의제왕 수준은 아니지만 만든 시기를 고려하면 재미있는 작품",
    "date": "07.07.16",
    "rating": "7",
    "author": "deff****",
    "review_id": "1782387",
    "movie_id": "10191"
  },
  {
    "review": "1의 짝퉁",
    "date": "07.02.06",
    "rating": "3",
    "author": "ysuh****",
    "review_id": "1448626",
    "movie_id": "10191"
  },
  {
    "review": "아놀드는 대사없이 연기만 해라...왜 가끔씩 말을 해가지고...",
    "date": "06.12.29",
    "rating": "7",
    "author": "nala****",
    "review_id": "1340010",
    "movie_id": "10191"
  },
  {
    "review": "만약이영화가성공했다면코난3,4,5도나왔을듯",
    "date": "06.05.11",
    "rating": "10",
    "author": "i971****",
    "review_id": "795952",
    "movie_id": "10191"
  },
  {
    "review": "2편 왜 만들었니..",
    "date": "06.01.02",
    "rating": "6",
    "author": "a313****",
    "review_id": "551894",
    "movie_id": "10191"
  },
  {
    "review": "그냥 1편으로 끝냈어야..",
    "date": "05.12.23",
    "rating": "4",
    "author": "blue****",
    "review_id": "523679",
    "movie_id": "10191"
  },
  {
    "review": "1편은 명작..2편은 범작",
    "date": "05.07.22",
    "rating": "7",
    "author": "alft****",
    "review_id": "330317",
    "movie_id": "10191"
  },
  {
    "review": "유치,찬란 그자체...",
    "date": "05.01.24",
    "rating": "2",
    "author": "055k****",
    "review_id": "194870",
    "movie_id": "10191"
  },
  {
    "review": "멋진판타지영화",
    "date": "04.10.12",
    "rating": "8",
    "author": "mars****",
    "review_id": "124430",
    "movie_id": "10191"
  },
  {
    "review": "코난시리즈중 최악의 영화",
    "date": "04.10.01",
    "rating": "1",
    "author": "mysh****",
    "review_id": "118823",
    "movie_id": "10191"
  },
  {
    "review": "인디아나존스와 견줄만하네요",
    "date": "04.06.19",
    "rating": "9",
    "author": "oks0****",
    "review_id": "56528",
    "movie_id": "10191"
  }
]