[
  {
    "review_id": "10277628",
    "movie_id": "101963",
    "author": "joco****",
    "review": "유행 타지 않는, 영원히 행복한 클래식.",
    "rating": "8",
    "date": "15.08.26"
  },
  {
    "review_id": "10275892",
    "movie_id": "101963",
    "author": "noix****",
    "review": "동화책에서 본 신데렐라 그대로! 다보고나서 여운은 없었지만 보는내내는 괜찮았음..",
    "rating": "8",
    "date": "15.08.26"
  },
  {
    "review_id": "10274726",
    "movie_id": "101963",
    "author": "oowh****",
    "review": "명작만화들 실사화 만들 예정이라고 하던데 미녀와야수등 아무튼 다른것들도 어서 개봉했으면",
    "rating": "9",
    "date": "15.08.25"
  },
  {
    "review_id": "10273809",
    "movie_id": "101963",
    "author": "yale****",
    "review": "동화를 이렇게 보여줄수있구나... 생각보다 재밌어서 놀랬어요 다 아는 내용인데도 몰입하면서 봤습니다.",
    "rating": "10",
    "date": "15.08.25"
  },
  {
    "review_id": "10273805",
    "movie_id": "101963",
    "author": "rjsd****",
    "review": "신데렐라 이쁨 근데 계모가 더",
    "rating": "6",
    "date": "15.08.25"
  },
  {
    "review_id": "10271014",
    "movie_id": "101963",
    "author": "qpfl****",
    "review": "잼잼잠여ㄹ자열자옂ㄹ라져알ㅈ",
    "rating": "9",
    "date": "15.08.24"
  },
  {
    "review_id": "10267009",
    "movie_id": "101963",
    "author": "nja0****",
    "review": "마지막에 흑형이랑 왕자 거시기밖에 기억안남...",
    "rating": "9",
    "date": "15.08.23"
  },
  {
    "review_id": "10259832",
    "movie_id": "101963",
    "author": "inki****",
    "review": "원작 재편집보단 원작에 충실한 쪽인 작품. 아이들이 보기엔 적당. 근데 죽은 엄마가 더 예뻐.",
    "rating": "6",
    "date": "15.08.21"
  },
  {
    "review_id": "10256500",
    "movie_id": "101963",
    "author": "jieu****",
    "review": "다. 근데 주인공이 마음에 들지 않는다. 신데렐라 연기는 훌륭하나 무도회에서 머리 다 걷어 고정했을때 진짜 얼굴 빵떡이라 몰입이 잘 안되더라. 왕자는 바람둥이 날라리같이 생김. 제일 마음에 든건 계모였음. 주인공이 아쉬웠던 영화",
    "rating": "8",
    "date": "15.08.20"
  },
  {
    "review_id": "10256379",
    "movie_id": "101963",
    "author": "yoon****",
    "review": "추억속에 젖었다ㅠㅠㅠ",
    "rating": "10",
    "date": "15.08.20"
  },
  {
    "review_id": "10256222",
    "movie_id": "101963",
    "author": "asy_****",
    "review": "다 알고 보는거지만 재미있었던ㅎㅎ",
    "rating": "8",
    "date": "15.08.20"
  },
  {
    "review_id": "10252516",
    "movie_id": "101963",
    "author": "coco****",
    "review": "신데렐라만의 뻔한 감동을 200% 잘 표현했어요. 감동입니다.~딸에게 꼭 보여주고싶은 영화^^",
    "rating": "9",
    "date": "15.08.19"
  },
  {
    "review_id": "10252254",
    "movie_id": "101963",
    "author": "gmlw****",
    "review": "내가 알던 내용과 같지만 더욱 재미있엇습다.",
    "rating": "10",
    "date": "15.08.19"
  },
  {
    "review_id": "10249777",
    "movie_id": "101963",
    "author": "cont****",
    "review": "드레스는 정말 예쁘다.",
    "rating": "7",
    "date": "15.08.18"
  },
  {
    "review_id": "10249752",
    "movie_id": "101963",
    "author": "hanc****",
    "review": "너무 원작에만 충실해서일까지루했다",
    "rating": "3",
    "date": "15.08.18"
  },
  {
    "review_id": "10245151",
    "movie_id": "101963",
    "author": "eune****",
    "review": "남자 아이들이랑 보기 괜찮았어요~~애들도 좋아하고 저도 재밌게 봤네요^^",
    "rating": "9",
    "date": "15.08.17"
  },
  {
    "review_id": "10244661",
    "movie_id": "101963",
    "author": "jjda****",
    "review": "재미있게봤어요!신데렐라 드레스너무이뻐요ㅠ♡",
    "rating": "10",
    "date": "15.08.17"
  },
  {
    "review_id": "10243310",
    "movie_id": "101963",
    "author": "ssy_****",
    "review": "신데렐라 변신과정이 제일 팩트인것같아요공주좋아하는 딸램들이랑 같이 봤어요",
    "rating": "8",
    "date": "15.08.16"
  },
  {
    "review_id": "10237770",
    "movie_id": "101963",
    "author": "pree****",
    "review": "원작의 잔인함을 기대했는데.. 그냥 순수해서 별로였다.",
    "rating": "6",
    "date": "15.08.16"
  },
  {
    "review_id": "10237577",
    "movie_id": "101963",
    "author": "ungz****",
    "review": "있는 그대로의 신데렐라 이야기.",
    "rating": "7",
    "date": "15.08.15"
  },
  {
    "review_id": "10231441",
    "movie_id": "101963",
    "author": "4ang****",
    "review": "우리 엄마에게 보여드려야지.",
    "rating": "10",
    "date": "15.08.14"
  },
  {
    "review_id": "10231309",
    "movie_id": "101963",
    "author": "cool****",
    "review": "뻔한 스토리를 최고의 영화로 만들었네.",
    "rating": "10",
    "date": "15.08.14"
  },
  {
    "review_id": "10230252",
    "movie_id": "101963",
    "author": "wook****",
    "review": "난 이거 왜 이렇게 웃기지 ㅋㅋㅋㅋ",
    "rating": "10",
    "date": "15.08.14"
  },
  {
    "review_id": "10229057",
    "movie_id": "101963",
    "author": "toge****",
    "review": "난개꿀잼요ㅎㅎㄱㄴㄷ",
    "rating": "10",
    "date": "15.08.14"
  },
  {
    "review_id": "10228237",
    "movie_id": "101963",
    "author": "hong****",
    "review": "good good good good",
    "rating": "9",
    "date": "15.08.14"
  },
  {
    "review_id": "10226032",
    "movie_id": "101963",
    "author": "tlat****",
    "review": "어릴적 만화에서 느꼈던 감동과 감정을 그대로 재현에 성공하다.",
    "rating": "10",
    "date": "15.08.13"
  },
  {
    "review_id": "10225902",
    "movie_id": "101963",
    "author": "save****",
    "review": "신데렐라도 재밌지만 프로즌 피버만 기억난다",
    "rating": "7",
    "date": "15.08.13"
  },
  {
    "review_id": "10223566",
    "movie_id": "101963",
    "author": "kyjy****",
    "review": "good! awsome!",
    "rating": "9",
    "date": "15.08.13"
  },
  {
    "review_id": "10220979",
    "movie_id": "101963",
    "author": "toph****",
    "review": "영상미가 끝내줍니다!!",
    "rating": "10",
    "date": "15.08.12"
  },
  {
    "review_id": "10218664",
    "movie_id": "101963",
    "author": "jang****",
    "review": "호구렐라는 어려서 부모님을 잃고요 계모와 언니들에게 호구잡혀 살았더레요",
    "rating": "3",
    "date": "15.08.12"
  },
  {
    "review_id": "10218188",
    "movie_id": "101963",
    "author": "soyj****",
    "review": "계모를 다시보게 되었다.",
    "rating": "10",
    "date": "15.08.11"
  },
  {
    "review_id": "10212551",
    "movie_id": "101963",
    "author": "allt****",
    "review": "재밌게 잘 봤습니다 동화에 충실하면서도 더 재밌음ㅎㅎ",
    "rating": "10",
    "date": "15.08.10"
  },
  {
    "review_id": "10208173",
    "movie_id": "101963",
    "author": "foxa****",
    "review": "좋아요 어른과 아이 모두 만족",
    "rating": "8",
    "date": "15.08.09"
  },
  {
    "review_id": "10206068",
    "movie_id": "101963",
    "author": "corn****",
    "review": "딸이 좋아라함. 개봉시 더빙이 없어 아쉬움.",
    "rating": "8",
    "date": "15.08.09"
  },
  {
    "review_id": "10205752",
    "movie_id": "101963",
    "author": "hyem****",
    "review": "오랜만에 어린시절로 돌아간 느낌! 세련되고 컬러풀한 영상미가 돋보였다",
    "rating": "10",
    "date": "15.08.09"
  },
  {
    "review_id": "10203307",
    "movie_id": "101963",
    "author": "yhse****",
    "review": "어린이들이 좋아할만하게 꿀잼있어요..",
    "rating": "8",
    "date": "15.08.08"
  },
  {
    "review_id": "10200898",
    "movie_id": "101963",
    "author": "huyu****",
    "review": "예쁘다. 예쁘다. 예쁘다....  동화가 현실로 보인다면 딱 이런 모습이겠지.",
    "rating": "8",
    "date": "15.08.08"
  },
  {
    "review_id": "10199888",
    "movie_id": "101963",
    "author": "nade****",
    "review": "Ost랑 배경이 너무 아름다웠고, 신데렐라의 따뜻한 마음씨가 정말 힐링이 되었어요!이렇게 아름다운 영화 만들어 주셔서 감사할 따름입니다.",
    "rating": "10",
    "date": "15.08.08"
  },
  {
    "review_id": "10199020",
    "movie_id": "101963",
    "author": "getb****",
    "review": "아주 거지같네요. 안보는게 이득. 공짜로도 보기 싫은 극혐 면상",
    "rating": "1",
    "date": "15.08.07"
  },
  {
    "review_id": "10198668",
    "movie_id": "101963",
    "author": "haru****",
    "review": "환상적인 동화의 세계가 눈 앞에 펼쳐집니다. 새엄마가 매력적으로 보이긴 처음이네요. 신데렐라와 왕자의 매력도 기대 이상입니다. 아이들과 함께 보기 좋은 가족영화입니다.",
    "rating": "8",
    "date": "15.08.07"
  },
  {
    "review_id": "10198099",
    "movie_id": "101963",
    "author": "minu****",
    "review": "지루하지 않고 재미있어요",
    "rating": "10",
    "date": "15.08.07"
  },
  {
    "review_id": "10196930",
    "movie_id": "101963",
    "author": "mool****",
    "review": "내용을 다 알고보는 데도..",
    "rating": "10",
    "date": "15.08.07"
  },
  {
    "review_id": "10196907",
    "movie_id": "101963",
    "author": "edan****",
    "review": "오래간만에 동심으로 돌아가는 느낌이었어요고전은 고전이네요언제봐도 좋은 디즈니",
    "rating": "10",
    "date": "15.08.07"
  },
  {
    "review_id": "10194781",
    "movie_id": "101963",
    "author": "ssou****",
    "review": "너무 잘 봤어요 감동적으로...  근데 신데렐라는 머리 올리는게 상징인데 안올려서 아쉽.. ㅎㅎ",
    "rating": "10",
    "date": "15.08.06"
  },
  {
    "review_id": "10193136",
    "movie_id": "101963",
    "author": "sinz****",
    "review": "마치 어릴적 누나 동화책 속에 퐁당 빠진 마냥 즐거웠습니다.",
    "rating": "9",
    "date": "15.08.06"
  },
  {
    "review_id": "10188210",
    "movie_id": "101963",
    "author": "supe****",
    "review": "8살 딸아이와 엄청 재밌게 봤어요",
    "rating": "6",
    "date": "15.08.05"
  },
  {
    "review_id": "10186870",
    "movie_id": "101963",
    "author": "thsa****",
    "review": "동화책처럼만 만들었어도 재미있을것같아요.그래도 애들이좋아해서 기분은좋네요",
    "rating": "7",
    "date": "15.08.05"
  },
  {
    "review_id": "10186324",
    "movie_id": "101963",
    "author": "sate****",
    "review": "즐겁게 봤어요 마지막 엘사내용도 정말좋았어요",
    "rating": "10",
    "date": "15.08.05"
  },
  {
    "review_id": "10185966",
    "movie_id": "101963",
    "author": "neod****",
    "review": "처음부터 끝까지 미소를 잃지않게 만드는 마법같은 영화...분명히 이세상 모든이의 동심을 찾아줄 영화! 여주인공의미소에 빠질수밖에 없다!",
    "rating": "10",
    "date": "15.08.05"
  },
  {
    "review_id": "10185931",
    "movie_id": "101963",
    "author": "spur****",
    "review": "일단 원작 내용과 너무 일치하여 아쉬웠지만 영상미가 너무 아름다웠어요. 애니메이션 보다 더 아름다웠습니다",
    "rating": "9",
    "date": "15.08.05"
  },
  {
    "review_id": "10185679",
    "movie_id": "101963",
    "author": "wjda****",
    "review": "너무 예쁘더라.. 특히 유리구두가 장난아님 가지고싶당 신데렐라 동화보다 현실적이라 더 재밌고 엄마랑 같이 봤는데 엄마도 몰입해서 계모랑 새언니들 욕함ㅋㅋㅋ 암튼 재밌음!",
    "rating": "10",
    "date": "15.08.04"
  },
  {
    "review_id": "10185258",
    "movie_id": "101963",
    "author": "coum****",
    "review": "재밌다.  마일리지준대서 평점 이제작성",
    "rating": "10",
    "date": "15.08.04"
  },
  {
    "review_id": "10184936",
    "movie_id": "101963",
    "author": "seon****",
    "review": "재밌어 정말정말 너무너무",
    "rating": "9",
    "date": "15.08.04"
  },
  {
    "review_id": "10184101",
    "movie_id": "101963",
    "author": "wlgu****",
    "review": "재미있고좋아요~!^^",
    "rating": "10",
    "date": "15.08.04"
  },
  {
    "review_id": "10180992",
    "movie_id": "101963",
    "author": "kljn****",
    "review": "보고나서 은은하게 기분이 좋아지는 영화입니다. 오랜만에 착한 영화 보았네요. 영상도 아름답고.. 원작에 충실하면서도 지루하지 않고 아름다운 영화...",
    "rating": "10",
    "date": "15.08.03"
  },
  {
    "review_id": "10177783",
    "movie_id": "101963",
    "author": "cl77****",
    "review": "동화책  이야기 그대로 ..",
    "rating": "7",
    "date": "15.08.02"
  },
  {
    "review_id": "10175036",
    "movie_id": "101963",
    "author": "dahy****",
    "review": "유리구두가에뻣던영화님",
    "rating": "8",
    "date": "15.08.02"
  },
  {
    "review_id": "10174152",
    "movie_id": "101963",
    "author": "lsh5****",
    "review": "새로운 스타의 탄생, 릴리 제임스",
    "rating": "10",
    "date": "15.08.02"
  },
  {
    "review_id": "10171296",
    "movie_id": "101963",
    "author": "seon****",
    "review": "동화책이랑 똑같이 만들었네요..역시 디즈니가 잘만들어요..",
    "rating": "8",
    "date": "15.08.01"
  },
  {
    "review_id": "10170918",
    "movie_id": "101963",
    "author": "hz88****",
    "review": "그것 잘 써서요.잘 볼게요",
    "rating": "9",
    "date": "15.08.01"
  },
  {
    "review_id": "10168686",
    "movie_id": "101963",
    "author": "sara****",
    "review": "확실히 만화보다는 실사가 최고네요... 스토리는 알고 있지만 사람이 나와서 연기를 하니까 몰입도 엄청 잘되고 ㅠㅠ 시각적으로도 훌륭했고 연기자들도 굿이였습니다~",
    "rating": "10",
    "date": "15.08.01"
  },
  {
    "review_id": "10167474",
    "movie_id": "101963",
    "author": "lj01****",
    "review": "아이들이보기엔 ...",
    "rating": "6",
    "date": "15.07.31"
  },
  {
    "review_id": "10166831",
    "movie_id": "101963",
    "author": "myhe****",
    "review": "굿굿굿굿!!~~재밌씀요",
    "rating": "10",
    "date": "15.07.31"
  },
  {
    "review_id": "10165830",
    "movie_id": "101963",
    "author": "cand****",
    "review": "마음이 따뜻해지는 영화에요~",
    "rating": "10",
    "date": "15.07.31"
  },
  {
    "review_id": "10161604",
    "movie_id": "101963",
    "author": "drmy****",
    "review": "가끔은 이런 따뜻한 동화가 필요하네요.",
    "rating": "10",
    "date": "15.07.30"
  },
  {
    "review_id": "10157516",
    "movie_id": "101963",
    "author": "namu****",
    "review": "신데렐라 참 예뻤어요 애니말고 영화로 보는 재미도 쏠쏠",
    "rating": "7",
    "date": "15.07.29"
  },
  {
    "review_id": "10154845",
    "movie_id": "101963",
    "author": "cool****",
    "review": "좋아용 좋아용 너무조아요",
    "rating": "7",
    "date": "15.07.28"
  },
  {
    "review_id": "10153584",
    "movie_id": "101963",
    "author": "rede****",
    "review": "아주아주 재미있습니다",
    "rating": "10",
    "date": "15.07.28"
  },
  {
    "review_id": "10152348",
    "movie_id": "101963",
    "author": "shwo****",
    "review": "다 아는 얘긴데도 재밌네",
    "rating": "9",
    "date": "15.07.28"
  },
  {
    "review_id": "10151673",
    "movie_id": "101963",
    "author": "ehmi****",
    "review": "이 영화는 드레스랑 포고병이 하드캐리하네여",
    "rating": "6",
    "date": "15.07.27"
  },
  {
    "review_id": "10147064",
    "movie_id": "101963",
    "author": "63th****",
    "review": "오랜만에 동화다운 동화를 본 기분이다.",
    "rating": "10",
    "date": "15.07.26"
  },
  {
    "review_id": "10147047",
    "movie_id": "101963",
    "author": "m_ga****",
    "review": "정말재밌게보았습니다",
    "rating": "10",
    "date": "15.07.26"
  },
  {
    "review_id": "10145232",
    "movie_id": "101963",
    "author": "love****",
    "review": "저희딸이 굉장히 잼있게 봤답니다^^",
    "rating": "10",
    "date": "15.07.26"
  },
  {
    "review_id": "10145128",
    "movie_id": "101963",
    "author": "cplu****",
    "review": "내 취향은 아닌듯 원작에 너무 충실하셨음",
    "rating": "6",
    "date": "15.07.26"
  },
  {
    "review_id": "10144907",
    "movie_id": "101963",
    "author": "beas****",
    "review": "진짜 이거 명작이에요.. 원본도 참좋았지만 정말 릴리의 그 말을 잊지못하겠어요.. 너무 슬프고 한편으론 감동적이고 이렇게 멋진 것 이였다니 다시보게됬어요 ㅠㅠ.. 또 보고싶네요",
    "rating": "10",
    "date": "15.07.26"
  },
  {
    "review_id": "10141674",
    "movie_id": "101963",
    "author": "likc****",
    "review": "30대 여성 분들이 감정이입하며 보는 영화. 인물 연출이 섬세함. 감정과 복장, 그리고 배경. 여러모로 신경 썼다. 주연을 평범한 외모, 사랑스러운 성격을 가진 릴리 제임스로 정한 것이 신의 한수.",
    "rating": "10",
    "date": "15.07.25"
  },
  {
    "review_id": "10141110",
    "movie_id": "101963",
    "author": "suha****",
    "review": "아이들과  함께 관람했는데 감동적이었어요",
    "rating": "9",
    "date": "15.07.25"
  },
  {
    "review_id": "10134250",
    "movie_id": "101963",
    "author": "yooo****",
    "review": "원본과 조금 다른 스토리로 흥미진진 재밌게 잘봤어요!가족 모두 다 함께 봐도 좋아요!!^^",
    "rating": "10",
    "date": "15.07.23"
  },
  {
    "review_id": "10134056",
    "movie_id": "101963",
    "author": "ands****",
    "review": "애써 힘을 주지 않고 원작에 충실함으로써 산만하지 않았고 동화가 지니고 있는 의미가 더 깊이 느껴졌다.",
    "rating": "8",
    "date": "15.07.23"
  },
  {
    "review_id": "10133717",
    "movie_id": "101963",
    "author": "asas****",
    "review": "너무너무재밌어요신데렐라도이쁘지만 계모정말이쁨..왕자님도 너무 잘생겼어요",
    "rating": "10",
    "date": "15.07.23"
  },
  {
    "review_id": "10133022",
    "movie_id": "101963",
    "author": "ny__****",
    "review": "어렸을때 동화책읽으며 했던 내 상상이랑 비슷해서 놀랬다 특히 변신하는 장면 정말 잘만든듯",
    "rating": "9",
    "date": "15.07.23"
  },
  {
    "review_id": "10132717",
    "movie_id": "101963",
    "author": "verr****",
    "review": "조금 지루했음요 !~~",
    "rating": "7",
    "date": "15.07.23"
  },
  {
    "review_id": "10131499",
    "movie_id": "101963",
    "author": "zxc1****",
    "review": "최근 할리우드 트렌드인 ‘동화 비틀기’를 하지 않고 원작대로 진행하는데, 한편으론 오히려 신선하고 다른 한편으론 많이 심심하다. 더 아쉬운 점은 만족스럽지 못한 엔딩이다.",
    "rating": "5",
    "date": "15.07.23"
  },
  {
    "review_id": "10131495",
    "movie_id": "101963",
    "author": "tata****",
    "review": "케이트 블란쳇 연기도 잘하고 아우라가 엄청나서 주인공보다 계모가 더 기억에 남는 영화. 영화 내용은 원작을 너무나도 충실히 따랐지만 소소한 재미를 느낄 수 있고 동심으로 돌아간 기분이라 좋았음",
    "rating": "10",
    "date": "15.07.23"
  },
  {
    "review_id": "10129719",
    "movie_id": "101963",
    "author": "sara****",
    "review": "신데렐라 너무너무 이뿌고요~동화속장면들이 그대로 전해졌어요",
    "rating": "9",
    "date": "15.07.22"
  },
  {
    "review_id": "10128146",
    "movie_id": "101963",
    "author": "shin****",
    "review": "신데렐라 넘 이쁘다 저런애가 내 여친이었으면 ㅠ",
    "rating": "10",
    "date": "15.07.22"
  },
  {
    "review_id": "10127497",
    "movie_id": "101963",
    "author": "mcss****",
    "review": "괜찮게 실사로 연출한 영화는 찬성이다",
    "rating": "7",
    "date": "15.07.22"
  },
  {
    "review_id": "10126084",
    "movie_id": "101963",
    "author": "kang****",
    "review": "디즈니에서 뮬란도 실사화 한다는것 같던데... 완전 기대됨!!",
    "rating": "10",
    "date": "15.07.21"
  },
  {
    "review_id": "10124720",
    "movie_id": "101963",
    "author": "zcxv****",
    "review": "네이버에서 구매하고 다운받은 영상에는 프로즌피버가 없다니 ㅠ 신데렐라 영화 자체도 나쁘지는 않았지만...ㅠ",
    "rating": "8",
    "date": "15.07.21"
  },
  {
    "review_id": "10124069",
    "movie_id": "101963",
    "author": "bear****",
    "review": "와 뻔히 아는 얘기인데 왜이렇게 아름답고 가슴에 와닿을까",
    "rating": "10",
    "date": "15.07.20"
  },
  {
    "review_id": "10122250",
    "movie_id": "101963",
    "author": "wjdd****",
    "review": "정말 재밌게 봤어요. 주인공들도 너무 선남선녀이고 연기도 잘해주셔서 집중해서 볼 수 있었던 것 같아요^-^ 아무래도 뻔한 이야기였겠지만 , 중요한걸 다시 생각해보고 깨닫게 해줬던 것 같네요.",
    "rating": "10",
    "date": "15.07.20"
  },
  {
    "review_id": "10121809",
    "movie_id": "101963",
    "author": "ellc****",
    "review": "옷은 정말로 ㅎㄷㄷ하더이다",
    "rating": "10",
    "date": "15.07.19"
  },
  {
    "review_id": "10121808",
    "movie_id": "101963",
    "author": "4141****",
    "review": "신데렐라 영화를보면서 정말 재밌었고 지겨운 틈이없었던것같았습니다. 초등학생들에게 꼭 추천해주고싶고 저같이 공부하느라 힘든 고3들에게도 좋은영화입니다",
    "rating": "10",
    "date": "15.07.19"
  },
  {
    "review_id": "10119439",
    "movie_id": "101963",
    "author": "akfq****",
    "review": "아이들과  참  잼나게잘본것같아요",
    "rating": "8",
    "date": "15.07.19"
  },
  {
    "review_id": "10119038",
    "movie_id": "101963",
    "author": "popk****",
    "review": "신데렐라가 부른  노래가 자꾸 귀에 맴도네요...재밌어요",
    "rating": "9",
    "date": "15.07.19"
  },
  {
    "review_id": "10118777",
    "movie_id": "101963",
    "author": "suin****",
    "review": "완전 재밌어요..아이랑 같이 보는거 추천합니다!!",
    "rating": "10",
    "date": "15.07.19"
  },
  {
    "review_id": "10118605",
    "movie_id": "101963",
    "author": "pipp****",
    "review": "연기 다들 넘 잘해요 ㅎㅎ",
    "rating": "10",
    "date": "15.07.19"
  },
  {
    "review_id": "10117815",
    "movie_id": "101963",
    "author": "hanc****",
    "review": "역시 디즈니~  디즈니가 만든 영화중에 재미없는걸 못봤다 지금까지",
    "rating": "10",
    "date": "15.07.18"
  },
  {
    "review_id": "10117406",
    "movie_id": "101963",
    "author": "fabi****",
    "review": "아이들과 함께 재미있게 봤어요.^^",
    "rating": "9",
    "date": "15.07.18"
  },
  {
    "review_id": "10116652",
    "movie_id": "101963",
    "author": "meri****",
    "review": "아이랑 같이봤눈데 아이는 좋아해요",
    "rating": "7",
    "date": "15.07.18"
  }
]