[
  {
    "review": "지금 보기에는 너무 어색하고 움직임도 딱딱한 영화.",
    "date": "15.03.24",
    "rating": "6",
    "author": "newf****",
    "review_id": "9803989",
    "movie_id": "10190"
  },
  {
    "review": "명작은 시간이 흘러도 감동을 주는것이라면... 이 작품은 확실히 명작과는 한찬 떨어져있다.",
    "date": "14.11.19",
    "rating": "5",
    "author": "sinb****",
    "review_id": "9401115",
    "movie_id": "10190"
  },
  {
    "review": "Basil Poledouris 는 로보캅, 스타쉽 트루퍼스 등의 음악감독. 그의 음악만으로도 명작입니다. 스토리는 사실 간단하지만 당시로선 대단히 힘이 넘치는 파워와 비장미와 비주얼! CG없던 시절임",
    "date": "14.11.18",
    "rating": "10",
    "author": "echo****",
    "review_id": "9399068",
    "movie_id": "10190"
  },
  {
    "review": "아놀드 성님은 힘이 장사셨제",
    "date": "14.07.08",
    "rating": "8",
    "author": "expr****",
    "review_id": "8896689",
    "movie_id": "10190"
  },
  {
    "review": "아놀드 슈왈제네거다..",
    "date": "14.06.09",
    "rating": "10",
    "author": "534k****",
    "review_id": "8816785",
    "movie_id": "10190"
  },
  {
    "review": "이때는 영어가 서툴러서 그런가..말이없다...",
    "date": "14.06.09",
    "rating": "10",
    "author": "snoo****",
    "review_id": "8815869",
    "movie_id": "10190"
  },
  {
    "review": "액션 판타지로써 탄탄한 구성을 갖추었군",
    "date": "14.05.31",
    "rating": "7",
    "author": "guev****",
    "review_id": "8779521",
    "movie_id": "10190"
  },
  {
    "review": "초원을 달리며 적을 정복하고 보너스로 여자를 얻는다. 진정한 사나이들의 세계. 이건 10점 받아도 되는 영화다. 영화가 오래 되어서 화질은 떨어지지만  현실감은 그 어떤 영화 보다 뛰어나다. 남자라면 반드시 봐야할 영화. 명작중의 명작.",
    "date": "14.04.12",
    "rating": "10",
    "author": "barb****",
    "review_id": "8643855",
    "movie_id": "10190"
  },
  {
    "review": "이영화 7번은 본듯... 어릴때 보고 반한 영화..",
    "date": "14.04.05",
    "rating": "8",
    "author": "adiv****",
    "review_id": "8630712",
    "movie_id": "10190"
  },
  {
    "review": "어린시절 최고의 영화중 하나~!!",
    "date": "14.03.11",
    "rating": "10",
    "author": "jean****",
    "review_id": "8568739",
    "movie_id": "10190"
  },
  {
    "review": "옛날 80년대 영화임에도 불구하고 세트장이니 뱀이니 다 잘 만들었다.특히 아놀드의 그 표정 없는 무서운 연기... 그리고 구글의 위대한 크롬신 ㅋㅋ",
    "date": "14.02.06",
    "rating": "9",
    "author": "whoo****",
    "review_id": "8481644",
    "movie_id": "10190"
  },
  {
    "review": "무려 30년전 영화치고는 꽤 볼만하다. 물론 악당들이 칼 맞는 장면에서는 너무 허술해 보이기는 하는데 후반부에 아놀느 횽아 얼굴에 검댕칠하고 주제연주곡과 함께 냄비(?)던지고 칼 폼 잡을 때 겁나 지림.. 과연 아놀드구나..했던..ㄷㄷㄷ",
    "date": "13.11.08",
    "rating": "9",
    "author": "dofj****",
    "review_id": "8125597",
    "movie_id": "10190"
  },
  {
    "review": "전설의 시작.",
    "date": "13.09.01",
    "rating": "10",
    "author": "kimd****",
    "review_id": "7939850",
    "movie_id": "10190"
  },
  {
    "review": "이것이 바로 상.남.자!",
    "date": "13.08.18",
    "rating": "10",
    "author": "grea****",
    "review_id": "7900555",
    "movie_id": "10190"
  },
  {
    "review": "근육질 야만인의 파워",
    "date": "13.04.28",
    "rating": "10",
    "author": "supe****",
    "review_id": "7491998",
    "movie_id": "10190"
  },
  {
    "review": "30년동안 영화의 발전은 오직 그래픽뿐.30년전 영화지만 아직까지 이보다 잘만들어진 판타지명작을 보지못했어.",
    "date": "13.04.07",
    "rating": "10",
    "author": "ahn9****",
    "review_id": "7441266",
    "movie_id": "10190"
  },
  {
    "review": "그 때 그 시절 딱 아놀드 슈워제네거의 정점에 선 영화 남자들의 원시적, 태고적 로망",
    "date": "13.01.31",
    "rating": "10",
    "author": "nw20****",
    "review_id": "7204309",
    "movie_id": "10190"
  },
  {
    "review": "지금 봐도 아놀드 할배는 역쉬 대단...ㅋㅋ 일찍 치아교정했었어야...^^",
    "date": "12.09.14",
    "rating": "9",
    "author": "spar****",
    "review_id": "6695494",
    "movie_id": "10190"
  },
  {
    "review": "당시 용산극장에서 봤다...요즘 왠만한 판타지 영화보다 훨씬 훌룡하다 ...",
    "date": "12.07.23",
    "rating": "8",
    "author": "ppop****",
    "review_id": "6519967",
    "movie_id": "10190"
  },
  {
    "review": "코난2때의 몸이 훨씬더 멋지죠ㅎ",
    "date": "12.07.19",
    "rating": "8",
    "author": "half****",
    "review_id": "6494909",
    "movie_id": "10190"
  },
  {
    "review": "이것도나쁘지만 2편보단낫고 즐길수있는 나쁜영화.",
    "date": "12.07.14",
    "rating": "6",
    "author": "teri****",
    "review_id": "6479543",
    "movie_id": "10190"
  },
  {
    "review": "어렸을적에~ 정말 재미있게 본영화... 미래소년 코난이라고 싸우기도했던 ㅎ",
    "date": "12.05.06",
    "rating": "8",
    "author": "sute****",
    "review_id": "6275933",
    "movie_id": "10190"
  },
  {
    "review": "힘과 창의성이 살아 숨쉬는 걸작! 마초의 신화지만, 아련한 슬픔이 가득한 서사시다!",
    "date": "12.05.01",
    "rating": "10",
    "author": "wana****",
    "review_id": "6261914",
    "movie_id": "10190"
  },
  {
    "review": "아놀드의 사내다움이 가장 잘 드러난 영화",
    "date": "12.04.08",
    "rating": "7",
    "author": "hoon****",
    "review_id": "6201908",
    "movie_id": "10190"
  },
  {
    "review": "지금보면 촌스럽고 어설퍼 보이는 것들 까지 매력적.",
    "date": "12.02.21",
    "rating": "9",
    "author": "gowe****",
    "review_id": "6092389",
    "movie_id": "10190"
  },
  {
    "review": "30년 전에 이런 판타지 액션을 만든 것이 신기할 따름. 조연들의 연기도 훌륭.",
    "date": "11.11.12",
    "rating": "9",
    "author": "desi****",
    "review_id": "5843672",
    "movie_id": "10190"
  },
  {
    "review": "코난과 엑스칼리버에 비하면 요즘 판타지영화는 너무 가볍고 착하고 정갈하다.",
    "date": "11.11.07",
    "rating": "9",
    "author": "meta****",
    "review_id": "5834551",
    "movie_id": "10190"
  },
  {
    "review": "30년전 작품이라 촌스럽기 그지없다만.. 아놀드의 원초적인 액션만은 볼만하다",
    "date": "11.09.27",
    "rating": "7",
    "author": "rane****",
    "review_id": "5755805",
    "movie_id": "10190"
  },
  {
    "review": "연기와 대사가 안되는 배우들로 이런 명작을 만들수있다니.....",
    "date": "11.09.20",
    "rating": "9",
    "author": "bh12****",
    "review_id": "5743664",
    "movie_id": "10190"
  },
  {
    "review": "국내는 언제 개봉하나요",
    "date": "11.09.11",
    "rating": "10",
    "author": "jygt****",
    "review_id": "5721608",
    "movie_id": "10190"
  },
  {
    "review": "인류가 존재하는한 영원히 남을만한 헐리우드판 길가메쉬 서사시",
    "date": "11.08.22",
    "rating": "10",
    "author": "theh****",
    "review_id": "5678760",
    "movie_id": "10190"
  },
  {
    "review": "이런 영화 다시 나오기 힘들다..멋지다..",
    "date": "11.08.13",
    "rating": "10",
    "author": "eloy****",
    "review_id": "5644929",
    "movie_id": "10190"
  },
  {
    "review": "반지의 제왕같은 고대서사환타지의 모태가 되었던 영화..위대한 영화.",
    "date": "11.08.13",
    "rating": "10",
    "author": "0401****",
    "review_id": "5644922",
    "movie_id": "10190"
  },
  {
    "review": "이렇게 재미없을 줄 상상 못했네 지루해서 죽는줄 알았네",
    "date": "11.07.12",
    "rating": "2",
    "author": "cont****",
    "review_id": "5538333",
    "movie_id": "10190"
  },
  {
    "review": "당시 용산극장에서 봤음,,,아놀드가 대배우가 될지 누가 알았어 ㅎㅎ ~~~~~~~",
    "date": "11.03.19",
    "rating": "8",
    "author": "fnsk****",
    "review_id": "5321254",
    "movie_id": "10190"
  },
  {
    "review": "경배 받아 마땅한 극한 마초의 일대기",
    "date": "11.03.16",
    "rating": "10",
    "author": "star****",
    "review_id": "5316739",
    "movie_id": "10190"
  },
  {
    "review": "아직도 기억나는 슈왈제네거의 근육질이 빛나는 대서사적인 액션 어드벤쳐",
    "date": "11.03.12",
    "rating": "9",
    "author": "gall****",
    "review_id": "5309665",
    "movie_id": "10190"
  },
  {
    "review": "20여년전 영화인데 제작비 쏟아부은티가 난다.현재CG로 도배된영화들과는 또다른재미.",
    "date": "10.10.20",
    "rating": "10",
    "author": "adio****",
    "review_id": "4912118",
    "movie_id": "10190"
  },
  {
    "review": "스타일 지향, 패권주의, 영웅의 디스토피아, 스페이스오딧세이 그리고 지옥의 묵시록.",
    "date": "10.09.17",
    "rating": "10",
    "author": "vpxm****",
    "review_id": "4843378",
    "movie_id": "10190"
  },
  {
    "review": "에이지 오브 코난이 이영화를 모태로 삼았던가",
    "date": "10.07.28",
    "rating": "10",
    "author": "fodo****",
    "review_id": "4679692",
    "movie_id": "10190"
  },
  {
    "review": "웅장한 환타지 서사극~!!남자라면 꼭 봐야할 영화~!!!!",
    "date": "10.05.25",
    "rating": "10",
    "author": "hsh6****",
    "review_id": "4523196",
    "movie_id": "10190"
  },
  {
    "review": "왠만한 요즘 국내영화보다 낫다",
    "date": "10.05.22",
    "rating": "10",
    "author": "dlaq****",
    "review_id": "4516032",
    "movie_id": "10190"
  },
  {
    "review": "최소량의 대사만 존재하지만, 그의 묵직한 근육만으로도 분위기는 고조된다",
    "date": "10.04.23",
    "rating": "6",
    "author": "yaky****",
    "review_id": "4450517",
    "movie_id": "10190"
  },
  {
    "review": "잘 만들었지만 약간은 지루한.. CG없는 오리지널 액션에 감탄!!",
    "date": "10.03.22",
    "rating": "5",
    "author": "evil****",
    "review_id": "4378269",
    "movie_id": "10190"
  },
  {
    "review": "고대 판타지영화중의 최고의 수작이다 야성미+웅장함",
    "date": "10.02.24",
    "rating": "10",
    "author": "tig9****",
    "review_id": "4314602",
    "movie_id": "10190"
  },
  {
    "review": "구태의연한 영웅담",
    "date": "10.01.23",
    "rating": "6",
    "author": "soci****",
    "review_id": "4200280",
    "movie_id": "10190"
  },
  {
    "review": "음",
    "date": "10.01.15",
    "rating": "10",
    "author": "onew****",
    "review_id": "4172225",
    "movie_id": "10190"
  },
  {
    "review": "어렸을적 내게 꿈과 희망을 주었던 영화 다시봐도 재미있음 굿",
    "date": "10.01.11",
    "rating": "7",
    "author": "thra****",
    "review_id": "4159166",
    "movie_id": "10190"
  },
  {
    "review": "상황에 개연성이 좀 부족... 하지만 한번 정도는 볼거리 있는 영화, 배경음악이 좋다.",
    "date": "09.12.05",
    "rating": "6",
    "author": "inca****",
    "review_id": "4016964",
    "movie_id": "10190"
  },
  {
    "review": "OST 구입한 2번째 영화. 검마전기.. 하이보리아 연대기",
    "date": "09.05.20",
    "rating": "10",
    "author": "vbnm****",
    "review_id": "3508742",
    "movie_id": "10190"
  },
  {
    "review": "스타일리스트가 만들어낸 마초판타지 고대 서사극!!",
    "date": "09.05.16",
    "rating": "8",
    "author": "sola****",
    "review_id": "3498786",
    "movie_id": "10190"
  },
  {
    "review": "바바리안",
    "date": "09.05.11",
    "rating": "10",
    "author": "skql****",
    "review_id": "3488269",
    "movie_id": "10190"
  },
  {
    "review": "오랫만에 보고 ost 찾고 있다 이거참 구하기 힘드네.",
    "date": "09.04.14",
    "rating": "10",
    "author": "squa****",
    "review_id": "3421487",
    "movie_id": "10190"
  },
  {
    "review": "오래간만에 봤는데 서사적이고 아놀드의 멋진 몸을 다시 감상하니 굿",
    "date": "09.04.10",
    "rating": "8",
    "author": "regu****",
    "review_id": "3414345",
    "movie_id": "10190"
  },
  {
    "review": "아... 정말 별로다... 쓸데없이 명성만 자자한 영화... 보는내내 지루했당....",
    "date": "09.01.30",
    "rating": "1",
    "author": "deat****",
    "review_id": "3262840",
    "movie_id": "10190"
  },
  {
    "review": "아놀드+여주인공 멋진 몸매,적당한 판타지와 단순 무식. 근데 그게 싫지만은 않더라구",
    "date": "09.01.09",
    "rating": "6",
    "author": "acin****",
    "review_id": "3204671",
    "movie_id": "10190"
  },
  {
    "review": "예상외로 서사적이며, 판타지영화의 정석적인 느낌이 있다고 생각한다.",
    "date": "09.01.02",
    "rating": "9",
    "author": "robo****",
    "review_id": "3180433",
    "movie_id": "10190"
  },
  {
    "review": "오랜만에 다시 봤는데 삭제 부분을 볼 수 있어 좋았다. 영화는 무난함~",
    "date": "08.11.16",
    "rating": "6",
    "author": "sykm****",
    "review_id": "3055457",
    "movie_id": "10190"
  },
  {
    "review": "특수효과만큼이나 부족한 스토리...지루함만이 지속된다",
    "date": "08.10.04",
    "rating": "4",
    "author": "hepy****",
    "review_id": "2981931",
    "movie_id": "10190"
  },
  {
    "review": "액션에 비해 빈약한 스토리 전개 느슨한 장면전개가 아쉽다.",
    "date": "08.09.26",
    "rating": "7",
    "author": "mani****",
    "review_id": "2969837",
    "movie_id": "10190"
  },
  {
    "review": "어릴때 추억이 새록새록나는영화...",
    "date": "08.05.27",
    "rating": "10",
    "author": "naru****",
    "review_id": "2666509",
    "movie_id": "10190"
  },
  {
    "review": "우리 어릴적 이런 영화들을 보며 남자가 되어갔다.",
    "date": "08.03.23",
    "rating": "10",
    "author": "alta****",
    "review_id": "2536354",
    "movie_id": "10190"
  },
  {
    "review": "판타지, 갖출건 모두 갖춘.. 명작!",
    "date": "08.02.10",
    "rating": "10",
    "author": "pass****",
    "review_id": "2432107",
    "movie_id": "10190"
  },
  {
    "review": "전투할때 자세히 보면 꽤 잔인한 면을 생동감있게 표현했다",
    "date": "07.11.24",
    "rating": "9",
    "author": "secu****",
    "review_id": "2179452",
    "movie_id": "10190"
  },
  {
    "review": "( ´Д`)b Good!!",
    "date": "07.11.19",
    "rating": "7",
    "author": "pksj****",
    "review_id": "2165213",
    "movie_id": "10190"
  },
  {
    "review": "슈왈제기너의 근육은 역시........",
    "date": "07.11.10",
    "rating": "10",
    "author": "oran****",
    "review_id": "2143071",
    "movie_id": "10190"
  },
  {
    "review": "실사영화를 만들려면 이정도는 해야지..",
    "date": "07.10.24",
    "rating": "10",
    "author": "hide****",
    "review_id": "2108898",
    "movie_id": "10190"
  },
  {
    "review": "very good !",
    "date": "07.10.22",
    "rating": "8",
    "author": "cles****",
    "review_id": "2105133",
    "movie_id": "10190"
  },
  {
    "review": "원작소설에 나오는 다이아몬드의 심장을 가진 미이라들의 왕은 언제 나올지?",
    "date": "07.09.26",
    "rating": "10",
    "author": "baks****",
    "review_id": "2050308",
    "movie_id": "10190"
  },
  {
    "review": "아놀드의 진정한 데뷔작... 옛날에 코난참 좋아했던것 같다",
    "date": "07.09.01",
    "rating": "10",
    "author": "jang****",
    "review_id": "1993519",
    "movie_id": "10190"
  },
  {
    "review": "아놀드의 근육에 놀라다 중세 시대를 잘 묘사한 영화",
    "date": "07.07.16",
    "rating": "8",
    "author": "deff****",
    "review_id": "1782380",
    "movie_id": "10190"
  },
  {
    "review": "고대의 신비감과 야만성을 이 만큼 잘 표현한 영화는 없다",
    "date": "07.07.06",
    "rating": "10",
    "author": "kozl****",
    "review_id": "1750286",
    "movie_id": "10190"
  },
  {
    "review": "간(味)이 싱거운 어드벤쳐 판타지 요리",
    "date": "07.04.23",
    "rating": "6",
    "author": "oklo****",
    "review_id": "1602354",
    "movie_id": "10190"
  },
  {
    "review": "내가 태어나기도 전에 만들어진 영화",
    "date": "07.04.20",
    "rating": "7",
    "author": "sant****",
    "review_id": "1597521",
    "movie_id": "10190"
  },
  {
    "review": "초딩이었던 나를 매혹시켰던 추억의 영화",
    "date": "07.04.03",
    "rating": "9",
    "author": "seun****",
    "review_id": "1570232",
    "movie_id": "10190"
  },
  {
    "review": "진정한 판타지, 하이보리아 어드벤쳐",
    "date": "07.03.05",
    "rating": "10",
    "author": "malm****",
    "review_id": "1520256",
    "movie_id": "10190"
  },
  {
    "review": "재밋다",
    "date": "07.02.06",
    "rating": "9",
    "author": "ysuh****",
    "review_id": "1448622",
    "movie_id": "10190"
  },
  {
    "review": "대사없는 아놀드의 근육연기 하지만 그래서 더 좋았어",
    "date": "06.12.29",
    "rating": "9",
    "author": "nala****",
    "review_id": "1340008",
    "movie_id": "10190"
  },
  {
    "review": "아놀드를세계적액션스타로만드는데일조한영화",
    "date": "06.11.16",
    "rating": "7",
    "author": "i971****",
    "review_id": "1236126",
    "movie_id": "10190"
  },
  {
    "review": "아놀드의 몸 3점 버그만의 몸 3점 합이 6점",
    "date": "06.10.16",
    "rating": "6",
    "author": "cat1****",
    "review_id": "1183875",
    "movie_id": "10190"
  },
  {
    "review": "아놀드의 연기력이 실소를 자아내는 판타지물.",
    "date": "06.07.21",
    "rating": "5",
    "author": "movi****",
    "review_id": "910960",
    "movie_id": "10190"
  },
  {
    "review": "괜찮은 영화. 스토리나 재미가 균형있게 잘만들어졌습니다.",
    "date": "06.01.09",
    "rating": "8",
    "author": "cita****",
    "review_id": "573408",
    "movie_id": "10190"
  },
  {
    "review": "포스트를 보니 생각나네. 영화구하기도 힘들듯.",
    "date": "05.12.23",
    "rating": "8",
    "author": "blue****",
    "review_id": "523675",
    "movie_id": "10190"
  },
  {
    "review": "재미있게 볼만한 판타지 액션.",
    "date": "05.12.12",
    "rating": "7",
    "author": "jcr3****",
    "review_id": "502091",
    "movie_id": "10190"
  },
  {
    "review": "왠지모를 신비함이 가득한 걸작...",
    "date": "05.10.19",
    "rating": "10",
    "author": "much****",
    "review_id": "447547",
    "movie_id": "10190"
  },
  {
    "review": "25년전 영화라... 여러모로 놀랍네요. 오~~ 아놀드!",
    "date": "05.10.11",
    "rating": "8",
    "author": "sick****",
    "review_id": "440112",
    "movie_id": "10190"
  },
  {
    "review": "어드벤쳐영화의 신기원",
    "date": "05.06.03",
    "rating": "10",
    "author": "alft****",
    "review_id": "292885",
    "movie_id": "10190"
  },
  {
    "review": "근육에서 나오는 힘이 실감나게 느껴지는 영화",
    "date": "05.04.09",
    "rating": "10",
    "author": "tand****",
    "review_id": "256760",
    "movie_id": "10190"
  },
  {
    "review": "오락성과 작품성이 고루 갖춰진 명작입니다. 추천!",
    "date": "05.01.29",
    "rating": "8",
    "author": "egiu****",
    "review_id": "199919",
    "movie_id": "10190"
  },
  {
    "review": "다시 봐도 볼만한 영화넹...",
    "date": "05.01.24",
    "rating": "7",
    "author": "055k****",
    "review_id": "194651",
    "movie_id": "10190"
  },
  {
    "review": "보진 못했지만 보고 싶네요^_^",
    "date": "04.12.06",
    "rating": "10",
    "author": "v200****",
    "review_id": "157966",
    "movie_id": "10190"
  },
  {
    "review": "다시 봤는데...생각보다 꽤 잘 만들어진 영화인 듯 싶다.",
    "date": "04.11.25",
    "rating": "5",
    "author": "wima****",
    "review_id": "151592",
    "movie_id": "10190"
  },
  {
    "review": "아놀드 슈왈제네거  멋지다~!! 오우",
    "date": "04.11.22",
    "rating": "7",
    "author": "limj****",
    "review_id": "150325",
    "movie_id": "10190"
  },
  {
    "review": "영상,연기,음악 모두 최고의 영화!!!!!!!!!!!!!!",
    "date": "04.11.12",
    "rating": "10",
    "author": "kkpp****",
    "review_id": "144425",
    "movie_id": "10190"
  },
  {
    "review": "코난의 마지막 시리즈도 밀리어스 감독과 슈왈제네거 형님이 고려 중이라는데",
    "date": "04.11.09",
    "rating": "10",
    "author": "shek****",
    "review_id": "142572",
    "movie_id": "10190"
  },
  {
    "review": "아오 코난 흥님",
    "date": "04.11.03",
    "rating": "10",
    "author": "los9****",
    "review_id": "138439",
    "movie_id": "10190"
  },
  {
    "review": "아놀드를 위한영화이자명작",
    "date": "04.10.12",
    "rating": "10",
    "author": "mars****",
    "review_id": "124420",
    "movie_id": "10190"
  },
  {
    "review": "압박에 못이겨 점수를 주리다",
    "date": "04.08.27",
    "rating": "10",
    "author": "tmda****",
    "review_id": "98099",
    "movie_id": "10190"
  },
  {
    "review": "옛날영화같지않게 재밌다.",
    "date": "04.08.10",
    "rating": "10",
    "author": "slob****",
    "review_id": "87829",
    "movie_id": "10190"
  },
  {
    "review": "정말 지루했다...ㅡ;;ㅡ;;",
    "date": "04.07.13",
    "rating": "2",
    "author": "yasi****",
    "review_id": "70248",
    "movie_id": "10190"
  }
]