[
  {
    "review_id": "10216091",
    "movie_id": "101973",
    "author": "trig****",
    "review": "보다가 재미 없어서 꺼 버려서 내용은 잘 모르지만 10년 전 쯤에 나왔으면  재미 있었을 것 같습니다.",
    "rating": "5",
    "date": "15.08.11"
  },
  {
    "review_id": "10208472",
    "movie_id": "101973",
    "author": "2328****",
    "review": "내취향의 영화는 아니었지만 나름 볼만했다",
    "rating": "10",
    "date": "15.08.09"
  },
  {
    "review_id": "9891388",
    "movie_id": "101973",
    "author": "uyuu****",
    "review": "오 생각보다 꿀잼 ㅋㅋㅋ",
    "rating": "10",
    "date": "15.05.03"
  },
  {
    "review_id": "9667117",
    "movie_id": "101973",
    "author": "rlxo****",
    "review": "난 재밌게 봤다 6점은 좀 아닌듯",
    "rating": "9",
    "date": "15.02.04"
  },
  {
    "review_id": "9604291",
    "movie_id": "101973",
    "author": "308l****",
    "review": "생각보다 괜찮음 결말이 급한감이 있지만..",
    "rating": "7",
    "date": "15.01.17"
  },
  {
    "review_id": "9444015",
    "movie_id": "101973",
    "author": "dbtk****",
    "review": "근 5년동안 본 모든영화 통틀어서 최악의영화..시간이 남아돌때 봐도 시간이 아까운 역대급 쓰레기영화;;",
    "rating": "1",
    "date": "14.12.03"
  },
  {
    "review_id": "9441698",
    "movie_id": "101973",
    "author": "lemo****",
    "review": "이야기에 흐름은 있어서 전반적으로 킬링타임은 됨...",
    "rating": "6",
    "date": "14.12.02"
  },
  {
    "review_id": "9422111",
    "movie_id": "101973",
    "author": "help****",
    "review": "0점은 없냐 ?  결말이 해피엔딩이라니  부상상태보면 몇주나 몇달밖에 지나지 않은  상태 인거 같은데 ...  음주 뺑소니에  유기치사죄인데  개판이네  아무리 영화라지만  심하게  왜곡한거 같네",
    "rating": "1",
    "date": "14.11.25"
  },
  {
    "review_id": "9393845",
    "movie_id": "101973",
    "author": "sinb****",
    "review": "애초에 시나리오 자체가 그렇게 나쁜건만은 아니다. 무얼 얘기하는지도 중요하지만 감독이 그걸 어떻게 얘기하는냐도 중요하다는걸 새삼 깨닫게 해준다.",
    "rating": "4",
    "date": "14.11.17"
  },
  {
    "review_id": "9392451",
    "movie_id": "101973",
    "author": "do11****",
    "review": "너무 급격히 끝내도 돼는거냐..;;;갑자기 급종결하네..ㅎㅎ",
    "rating": "6",
    "date": "14.11.16"
  },
  {
    "review_id": "9391694",
    "movie_id": "101973",
    "author": "sim8****",
    "review": "5점 미만. 킬링타임용 이하.",
    "rating": "4",
    "date": "14.11.16"
  },
  {
    "review_id": "9388801",
    "movie_id": "101973",
    "author": "taij****",
    "review": "동화책만도 못한 스토리 진행과 허무한 결말...",
    "rating": "1",
    "date": "14.11.15"
  },
  {
    "review_id": "9383080",
    "movie_id": "101973",
    "author": "ddjc****",
    "review": "전체적으로 구성이나 스토리가 영 어설픔...반전도 없고 마무리도 흐지부지...시간 남아도는 사람만 봐라...",
    "rating": "5",
    "date": "14.11.14"
  },
  {
    "review_id": "9380095",
    "movie_id": "101973",
    "author": "sh87****",
    "review": "제목과 스토리, 캐스팅 자체는 흠잡을 데가 없다. 단지 재미가 너무 없을 뿐.",
    "rating": "4",
    "date": "14.11.13"
  },
  {
    "review_id": "9348327",
    "movie_id": "101973",
    "author": "bles****",
    "review": "긴장감은 있었으나 영리하지 못한게 큰 단점",
    "rating": "4",
    "date": "14.11.07"
  },
  {
    "review_id": "9326476",
    "movie_id": "101973",
    "author": "kara****",
    "review": "되게 볼만한건 아니고 그렇다고엄청 재미없는 것도 아니고 딱 킬링다임용..",
    "rating": "6",
    "date": "14.10.29"
  },
  {
    "review_id": "9315203",
    "movie_id": "101973",
    "author": "hanm****",
    "review": "결말은 좀 허무하지만 그냥 볼만은 하네요",
    "rating": "6",
    "date": "14.10.25"
  },
  {
    "review_id": "9306583",
    "movie_id": "101973",
    "author": "pepe****",
    "review": "재미없나? 볼만한데 혹평할정도의 쓰레기는 아닌데... 무난한 킬링타임용",
    "rating": "7",
    "date": "14.10.21"
  },
  {
    "review_id": "9302896",
    "movie_id": "101973",
    "author": "lead****",
    "review": "스릴러 본연의 안타까움은 느낄 수 있다",
    "rating": "5",
    "date": "14.10.19"
  },
  {
    "review_id": "9295054",
    "movie_id": "101973",
    "author": "rusa****",
    "review": "사뮤엘 잭슨의 연기는 정말 실망시키지 않은다. 이영화 저평가된 진심 괜찮은 범죄 스릴러다~",
    "rating": "10",
    "date": "14.10.16"
  },
  {
    "review_id": "9291749",
    "movie_id": "101973",
    "author": "juhy****",
    "review": "영화보지않고 평점 1점 주는사람들은모냐 ?나름  기대안하고 봣는데 재밋다",
    "rating": "10",
    "date": "14.10.14"
  },
  {
    "review_id": "9288725",
    "movie_id": "101973",
    "author": "edwa****",
    "review": "재밌다,. 도미닉 쿠퍼 요즘  대세다~",
    "rating": "10",
    "date": "14.10.12"
  },
  {
    "review_id": "9284747",
    "movie_id": "101973",
    "author": "guev****",
    "review": "그럭저럭 킬링타임용에 그치는군",
    "rating": "6",
    "date": "14.10.11"
  },
  {
    "review_id": "9283926",
    "movie_id": "101973",
    "author": "xneo****",
    "review": "신선함이 전혀 없는 킬링타임용 스릴러",
    "rating": "5",
    "date": "14.10.11"
  },
  {
    "review_id": "9283858",
    "movie_id": "101973",
    "author": "dkdl****",
    "review": "어 뭔가 나올것같은데..? 하는 순간 영화는 끝이난다. 어디가서 법정스릴러물이라고 하지마라. 진짜....",
    "rating": "3",
    "date": "14.10.11"
  },
  {
    "review_id": "9283660",
    "movie_id": "101973",
    "author": "cs79****",
    "review": "뭐이따구 영화가다있냐 낯이익다했더니 같은 샤무엘잭슨이 나온 미팅이블이랑 비슷한 연기 그건좀 볼만이라도했는데 이건뭐 ㅋㅋ김빠진 미지근한 콜라 모건프리만은 그래도덜하지만 샤무엘잭슨은 굳직한 연기한번 해야되는데 너무 자잘한거만나오네 이것이 한계인가",
    "rating": "10",
    "date": "14.10.11"
  },
  {
    "review_id": "9271925",
    "movie_id": "101973",
    "author": "spee****",
    "review": "노잼 하핡 노잼 하핡 노잼 하핡 노잼 하핡 노잼 하핡 노잼 하핡 노잼 하핡",
    "rating": "1",
    "date": "14.10.07"
  },
  {
    "review_id": "9269773",
    "movie_id": "101973",
    "author": "mylo****",
    "review": "내가 이케주면 점수 바끼",
    "rating": "10",
    "date": "14.10.06"
  },
  {
    "review_id": "9266093",
    "movie_id": "101973",
    "author": "tree****",
    "review": "살인자의 심리를 깊이 나타낸것도 아니고...시선은 유러피언... 형식은 헐리웃서스펜스...  역시 하고싶은 이야기를 자신의 방식으로 풀어야.끓이다만 잡탕을 보는듯한 어설픔",
    "rating": "4",
    "date": "14.10.05"
  },
  {
    "review_id": "9258473",
    "movie_id": "101973",
    "author": "dltk****",
    "review": "조조 보고왔는데 그것도 아깝다 ㅡㅡ 거의 조연급으로 나오는 사무엘 잭슨은 물론 거의 무명에 가까운 다른 주연들한테도 연기력 쳐.발리는 도미닉 쿠퍼는 거의 희망이 없음; 헐리웃 수준도 아니고 걍 조정석이나 김수현보다도 안습.. 걍 킬/링/타/임",
    "rating": "6",
    "date": "14.10.03"
  },
  {
    "review_id": "9257637",
    "movie_id": "101973",
    "author": "534k****",
    "review": "사무엘 잭슨과 도미닉 쿠퍼라",
    "rating": "10",
    "date": "14.10.03"
  },
  {
    "review_id": "9257615",
    "movie_id": "101973",
    "author": "emer****",
    "review": "사무엘 잭슨과 도미닉 쿠퍼의 명연기! 긴장감도 있고 재밌게 봤어요!",
    "rating": "10",
    "date": "14.10.03"
  },
  {
    "review_id": "9255288",
    "movie_id": "101973",
    "author": "dmla****",
    "review": "내가이리주면  점수몇점 봐끼나 확인",
    "rating": "10",
    "date": "14.10.02"
  },
  {
    "review_id": "9254376",
    "movie_id": "101973",
    "author": "sksh****",
    "review": "안봐도 끝까지간다랑 동류~",
    "rating": "1",
    "date": "14.10.02"
  },
  {
    "review_id": "9253662",
    "movie_id": "101973",
    "author": "jsga****",
    "review": "도미닉쿠퍼 & 사무엘 잭슨 이니깐  재미없지도 않음",
    "rating": "10",
    "date": "14.10.02"
  }
]