[
  {
    "review_id": "10276091",
    "movie_id": "102087",
    "author": "dzho****",
    "review": "좋은 소재를 가지고 영화를 망침. 사생활을 훔쳐볼 수 있는 기술이 갖는 사회적 메시지, 그리고 감독의 상상력이 없다.  오락 영화라고 하기에는 따분하고 사회적 영화라고 하기에는 메시지가 없는 영화다. 원래는 별 1개인데,  졸리지 않아 별 1개 추가",
    "rating": "4",
    "date": "15.08.26"
  },
  {
    "review_id": "9640716",
    "movie_id": "102087",
    "author": "faun****",
    "review": "어설픈 블록버스터 스릴러보다 휠낫다. 재미있는 편!",
    "rating": "8",
    "date": "15.01.26"
  },
  {
    "review_id": "8239132",
    "movie_id": "102087",
    "author": "sua9****",
    "review": "시작은 좋았는데 개연성도 부족하고.... 그냥 시간떼우기용 그 이상도 이하도 아니다",
    "rating": "4",
    "date": "13.12.19"
  },
  {
    "review_id": "8064027",
    "movie_id": "102087",
    "author": "z206****",
    "review": "괜찮은 소재인데 진행이 약간 좀허술하긴하나 킬링타임 정도는 되는듯 7점정도가 적당",
    "rating": "10",
    "date": "13.10.17"
  },
  {
    "review_id": "8027185",
    "movie_id": "102087",
    "author": "egyp****",
    "review": "흥미로운 소재와 스피드한 전개였지만 초반의 긴장감을 중반부에선 허술하기 짝이 없었고 어설픈 결말에 그져 허무하게만 느껴질뿐...",
    "rating": "5",
    "date": "13.10.02"
  },
  {
    "review_id": "8019452",
    "movie_id": "102087",
    "author": "roka****",
    "review": "초반 6점 -> 중반 3점 -> 후반 1점.. 초반의 살짝 있던 스릴은 당체 어따 팔아먹은건가??",
    "rating": "2",
    "date": "13.09.28"
  },
  {
    "review_id": "8010413",
    "movie_id": "102087",
    "author": "wogh****",
    "review": "너무 재미없네요.",
    "rating": "2",
    "date": "13.09.22"
  },
  {
    "review_id": "8004273",
    "movie_id": "102087",
    "author": "guev****",
    "review": "긴장감있는 전개가 초반의 흥미를 줄곧 유지하는군",
    "rating": "7",
    "date": "13.09.21"
  },
  {
    "review_id": "7983510",
    "movie_id": "102087",
    "author": "kis5****",
    "review": "그냥 고만고만하게 볼만함.",
    "rating": "7",
    "date": "13.09.15"
  },
  {
    "review_id": "7970426",
    "movie_id": "102087",
    "author": "kan3****",
    "review": "휴대폰카메라가 안보여주는곳이 없네..감독세끼  약빨고 영화 만들었니ㅣ",
    "rating": "1",
    "date": "13.09.12"
  },
  {
    "review_id": "7970409",
    "movie_id": "102087",
    "author": "kan3****",
    "review": "살다살다 이런 거지같은 영화 첨본다",
    "rating": "1",
    "date": "13.09.12"
  },
  {
    "review_id": "7970403",
    "movie_id": "102087",
    "author": "kan3****",
    "review": "개호구영화",
    "rating": "1",
    "date": "13.09.12"
  },
  {
    "review_id": "7970397",
    "movie_id": "102087",
    "author": "kata****",
    "review": "영화를 발로 만들어도 이거보다 낫것다..",
    "rating": "1",
    "date": "13.09.12"
  },
  {
    "review_id": "7961061",
    "movie_id": "102087",
    "author": "sent****",
    "review": "재밌게 봤다 아이디어 참신한 영화였다  근데 최고의 FBI 요언이 존.내 어리버리 함 ㅋ",
    "rating": "10",
    "date": "13.09.09"
  },
  {
    "review_id": "7958007",
    "movie_id": "102087",
    "author": "kata****",
    "review": "아이디어 괜찮음",
    "rating": "10",
    "date": "13.09.08"
  },
  {
    "review_id": "7843980",
    "movie_id": "102087",
    "author": "seon****",
    "review": "저런어플과 핵커라면 세상말세가되겠군요..좋은것만생각하라구요 실상이나쁜데더마니이용당하니깐요..",
    "rating": "7",
    "date": "13.08.05"
  },
  {
    "review_id": "7801468",
    "movie_id": "102087",
    "author": "1004****",
    "review": "좀 막장일수도..휴대폰을 주머니에 넣을 상황에 카메라가 앞을 향하고잇음ㄷ 그거민 감안하면 재및네요 잠입중이라긴장감도 잇고",
    "rating": "8",
    "date": "13.07.31"
  },
  {
    "review_id": "7790558",
    "movie_id": "102087",
    "author": "muzi****",
    "review": "재밌기만하구만가진육갑들을떨고앉앗네",
    "rating": "10",
    "date": "13.07.27"
  },
  {
    "review_id": "7754256",
    "movie_id": "102087",
    "author": "moon****",
    "review": "낚였다. 아무리 저예산 영화라지만 작은 아이디어 만으로 어설픈 진행방식은 받아들이기 힘들다. 차라리 설정에 변화라도 주었다면 좋았을 것을..악당이 동네 바보형수준.",
    "rating": "3",
    "date": "13.07.18"
  },
  {
    "review_id": "7749626",
    "movie_id": "102087",
    "author": "bles****",
    "review": "개연성은 개나 줘버려",
    "rating": "4",
    "date": "13.07.17"
  },
  {
    "review_id": "7733109",
    "movie_id": "102087",
    "author": "sinb****",
    "review": "아이디어로만 승부를 봐야 하는 저예산 영화치고는 나름 괜찮지만 국내에서 개봉까지 하기엔 완성도나 퀄리티가 떨어진다.",
    "rating": "6",
    "date": "13.07.13"
  },
  {
    "review_id": "7720543",
    "movie_id": "102087",
    "author": "01aj****",
    "review": "휴대전화의 부정적 인식과 상상력을 가미해서 만든 스토리... 조금 매끄럽지 못한 부분이 있는데... 나쁘지 않았다. 제작비는 많이 안들었을 듯...",
    "rating": "6",
    "date": "13.07.09"
  },
  {
    "review_id": "7719852",
    "movie_id": "102087",
    "author": "lead****",
    "review": "심심하다",
    "rating": "4",
    "date": "13.07.09"
  },
  {
    "review_id": "7718968",
    "movie_id": "102087",
    "author": "cine****",
    "review": "아직 습작티가 많이 나지만 독립프로덕션에서 저예산으로 제작한 작품임을 감안한다면 꽤 수작.",
    "rating": "7",
    "date": "13.07.09"
  },
  {
    "review_id": "7718122",
    "movie_id": "102087",
    "author": "hama****",
    "review": "기대안하고 봤는데 대박이네요...정말 재미나게 봤습니다.즐감하시길...",
    "rating": "10",
    "date": "13.07.08"
  },
  {
    "review_id": "7715066",
    "movie_id": "102087",
    "author": "ksjd****",
    "review": "기대안하고 봤는데 정말 별로 별주기아까움,.",
    "rating": "1",
    "date": "13.07.07"
  },
  {
    "review_id": "7714073",
    "movie_id": "102087",
    "author": "ka75****",
    "review": "기대하지 않고 볼만함...",
    "rating": "7",
    "date": "13.07.07"
  }
]