[
  {
    "review": "요즘으로치면 천만영화격인영화ㅋ",
    "date": "15.08.24",
    "rating": "10",
    "author": "emdr****",
    "review_id": "10270165",
    "movie_id": "10203"
  },
  {
    "review": "이 영화는 구할 수가 없네",
    "date": "15.05.18",
    "rating": "10",
    "author": "jisa****",
    "review_id": "9930373",
    "movie_id": "10203"
  },
  {
    "review": "지존윤계상....,.",
    "date": "14.02.02",
    "rating": "10",
    "author": "hshd****",
    "review_id": "8468286",
    "movie_id": "10203"
  },
  {
    "review": "ㅋㅋㅋ 볼만함 유더화 개잘생김",
    "date": "13.12.30",
    "rating": "10",
    "author": "qorc****",
    "review_id": "8324180",
    "movie_id": "10203"
  },
  {
    "review": "유덕화아저씨잘생겼다",
    "date": "11.11.08",
    "rating": "10",
    "author": "quf0****",
    "review_id": "5836766",
    "movie_id": "10203"
  },
  {
    "review": "이건 못구하겟다.. ㄷㄷ",
    "date": "10.05.29",
    "rating": "10",
    "author": "devi****",
    "review_id": "4531095",
    "movie_id": "10203"
  },
  {
    "review": "하하",
    "date": "10.03.29",
    "rating": "10",
    "author": "nice****",
    "review_id": "4395298",
    "movie_id": "10203"
  },
  {
    "review": "최고다!!",
    "date": "10.02.16",
    "rating": "10",
    "author": "texa****",
    "review_id": "4286559",
    "movie_id": "10203"
  },
  {
    "review": "지존무상의 코믹버전.. 웃기게 볼만했다",
    "date": "09.01.12",
    "rating": "8",
    "author": "gall****",
    "review_id": "3216640",
    "movie_id": "10203"
  },
  {
    "review": "말이 필요없조..코믹액션...너무.재미있습니다..",
    "date": "08.12.28",
    "rating": "10",
    "author": "kimk****",
    "review_id": "3161123",
    "movie_id": "10203"
  },
  {
    "review": "영어 제목이 너무 좋다 \"위험이 없으면 얻는 것도 없다\" 인생은 그런 것",
    "date": "08.08.30",
    "rating": "7",
    "author": "deff****",
    "review_id": "2911298",
    "movie_id": "10203"
  },
  {
    "review": "굿",
    "date": "07.12.24",
    "rating": "10",
    "author": "hyun****",
    "review_id": "2259631",
    "movie_id": "10203"
  },
  {
    "review": "무조건10점준다",
    "date": "07.12.22",
    "rating": "10",
    "author": "baks****",
    "review_id": "2253759",
    "movie_id": "10203"
  },
  {
    "review": "이가흔의 미모가 인상깊었던...",
    "date": "07.10.01",
    "rating": "8",
    "author": "lyt5****",
    "review_id": "2063728",
    "movie_id": "10203"
  },
  {
    "review": "당시 홍콩영화의 파워는 막강했지..",
    "date": "07.07.01",
    "rating": "8",
    "author": "skat****",
    "review_id": "1737789",
    "movie_id": "10203"
  },
  {
    "review": "지존무상의 아류작이자만, 재미는 있다...",
    "date": "07.01.10",
    "rating": "8",
    "author": "tomb****",
    "review_id": "1371518",
    "movie_id": "10203"
  },
  {
    "review": "나 안해! 라고 외쳤던 한국인이 인상적이었던 영화.",
    "date": "05.10.10",
    "rating": "7",
    "author": "taks****",
    "review_id": "438860",
    "movie_id": "10203"
  }
]