[
  {
    "review": "시대의 한계는 있겠지만 결말이 아쉽다.",
    "date": "15.02.16",
    "rating": "6",
    "author": "kusa****",
    "review_id": "9702154",
    "movie_id": "10208"
  },
  {
    "review": "부유층의 허세와 여성의 욕망을 능수능란하게 다루다",
    "date": "14.11.20",
    "rating": "7",
    "author": "zlda****",
    "review_id": "9403138",
    "movie_id": "10208"
  },
  {
    "review": "대한민국 최고 영화중 하나.  최고네요.",
    "date": "14.02.20",
    "rating": "10",
    "author": "curv****",
    "review_id": "8522048",
    "movie_id": "10208"
  },
  {
    "review": "그냥 불륜영화 가부장적 가치관에서 탈출하고자 하는 심정",
    "date": "13.08.14",
    "rating": "5",
    "author": "nuru****",
    "review_id": "7879237",
    "movie_id": "10208"
  },
  {
    "review": "지금도 선뜻 받아들이기 어려운 외도와 일탈, 명품선호의 심리를 굉장히 솔직하게 표현한 영화..",
    "date": "13.04.19",
    "rating": "9",
    "author": "hu12****",
    "review_id": "7468724",
    "movie_id": "10208"
  },
  {
    "review": "그때나 지금이나 똑같군",
    "date": "12.09.11",
    "rating": "9",
    "author": "craz****",
    "review_id": "6687629",
    "movie_id": "10208"
  },
  {
    "review": "파격의 힘~",
    "date": "12.04.19",
    "rating": "7",
    "author": "tn99****",
    "review_id": "6233508",
    "movie_id": "10208"
  },
  {
    "review": "로맨스랑 불륜을 잘 구분해야...",
    "date": "12.03.08",
    "rating": "5",
    "author": "rose****",
    "review_id": "6131118",
    "movie_id": "10208"
  },
  {
    "review": "그시대의 야동",
    "date": "11.12.17",
    "rating": "7",
    "author": "qmfk****",
    "review_id": "5910770",
    "movie_id": "10208"
  },
  {
    "review": "강의 시간에 본 영화인뎅.. 시대상이 잘 나타났음",
    "date": "11.05.07",
    "rating": "9",
    "author": "rlad****",
    "review_id": "5412605",
    "movie_id": "10208"
  },
  {
    "review": "디스커버리채널이 더 재미있네",
    "date": "11.04.26",
    "rating": "2",
    "author": "toha****",
    "review_id": "5393429",
    "movie_id": "10208"
  },
  {
    "review": "과감한 소재에 당대 사회의 향락이라는 자극적 요소들이 연출을 통해 자연스럽게..",
    "date": "10.05.17",
    "rating": "9",
    "author": "worm****",
    "review_id": "4504880",
    "movie_id": "10208"
  },
  {
    "review": "원작의 힘이 컸겠지만, 50년대 한국에서 이런 소재의 영화를 찍었다는 것 자체가 파격",
    "date": "10.03.22",
    "rating": "8",
    "author": "mygr****",
    "review_id": "4374953",
    "movie_id": "10208"
  },
  {
    "review": "당시 사회상의 거울인 한국 영화사의 걸작. 누가 이 여인에게 돌을 던질 수 있으리?",
    "date": "09.06.03",
    "rating": "10",
    "author": "skcl****",
    "review_id": "3542252",
    "movie_id": "10208"
  },
  {
    "review": "자유와 방종의 모호한 경계를 넘나드는 아슬아슬한 그녀들...",
    "date": "09.04.21",
    "rating": "7",
    "author": "tekk****",
    "review_id": "3432687",
    "movie_id": "10208"
  },
  {
    "review": "이거 지존급일쎄. 연출과 연기가 한국영화의 시민케인이라 할 수 있다.",
    "date": "08.11.10",
    "rating": "10",
    "author": "bepl****",
    "review_id": "3044218",
    "movie_id": "10208"
  },
  {
    "review": "경제적 활동 이후...얌전한 우리의 싸모님 제대로 춤바람 나셨네...",
    "date": "08.09.10",
    "rating": "8",
    "author": "egyp****",
    "review_id": "2933433",
    "movie_id": "10208"
  },
  {
    "review": "시대상의 반영도 있겠지만 당대 할리우드 뮤지컬에 대한 동경이랄까 그런 면도 보여요",
    "date": "08.06.28",
    "rating": "8",
    "author": "mind****",
    "review_id": "2725665",
    "movie_id": "10208"
  }
]