[
  {
    "review_id": "7681618",
    "movie_id": "102082",
    "author": "jchs****",
    "review": "뭐니?",
    "rating": "1",
    "date": "13.06.26"
  },
  {
    "review_id": "7542523",
    "movie_id": "102082",
    "author": "frid****",
    "review": "일본은 역ㄱ시ㅡㅡㅡ",
    "rating": "1",
    "date": "13.05.19"
  },
  {
    "review_id": "7495568",
    "movie_id": "102082",
    "author": "seag****",
    "review": "완전좋아♥",
    "rating": "10",
    "date": "13.04.30"
  }
]