[
  {
    "review": "개봉당시에는 너무 심한 가위질로 만들다 만 영화처럼 느껴졌던 영화. 하지만 잔혹한 액션과 그 못지 않은 가차없는 사회풍자가 인상적이었던...",
    "date": "15.08.16",
    "rating": "8",
    "author": "stil****",
    "review_id": "10239618",
    "movie_id": "10218"
  },
  {
    "review": "역시 1편이 소름이었네 ㅋ",
    "date": "15.08.10",
    "rating": "7",
    "author": "aron****",
    "review_id": "10213593",
    "movie_id": "10218"
  },
  {
    "review": "전작과 비교할때 볼거리 많음 + 중구난방 스토리 = 정신없음. 이상하게 주인공도 부각이 안되고.",
    "date": "15.08.08",
    "rating": "3",
    "author": "jiyu****",
    "review_id": "10203441",
    "movie_id": "10218"
  },
  {
    "review": "한 시대의 마지막을 장식하는 클라이막스의 성의.",
    "date": "15.05.26",
    "rating": "7",
    "author": "kyun****",
    "review_id": "9951045",
    "movie_id": "10218"
  },
  {
    "review": "1편보다 떨어지는 스토리와 액션, 그러나 머피가 자신의 정체성을 되찾고 더욱 더 인간다워진 2편.",
    "date": "15.04.17",
    "rating": "9",
    "author": "gaje****",
    "review_id": "9850226",
    "movie_id": "10218"
  },
  {
    "review": "너무 지루하다. 과장된 세계관과 전작의 명성에 기대어 억지로 만들어낸 듯한 이야기는 전혀 매력적인 구석이 없다.",
    "date": "15.03.14",
    "rating": "3",
    "author": "ajtw****",
    "review_id": "9782457",
    "movie_id": "10218"
  },
  {
    "review": "1편과 굳이 비교한다면 아쉬움이 남지만 90년작임을 감안하면 괜찮은 SF 액션물",
    "date": "15.03.07",
    "rating": "7",
    "author": "sipj****",
    "review_id": "9764131",
    "movie_id": "10218"
  },
  {
    "review": "2편까지는 냉혹한 품위를 가졌던 로보캅 시리즈..",
    "date": "15.02.11",
    "rating": "8",
    "author": "pont****",
    "review_id": "9685647",
    "movie_id": "10218"
  },
  {
    "review": "20년이 더 아직, 흘러 로보캅과 비스므리한 녀석도 나오지 않았지만 나의 손주 세대에서는 가능할 듯 함.",
    "date": "15.02.08",
    "rating": "7",
    "author": "wang****",
    "review_id": "9678389",
    "movie_id": "10218"
  },
  {
    "review": "전편보다 액션은 업그레이드 됬으나 재미는 없음",
    "date": "15.01.18",
    "rating": "6",
    "author": "marc****",
    "review_id": "9609121",
    "movie_id": "10218"
  },
  {
    "review": "1편 만큼 엄청 나지는 못하지만 나름 볼만 했다. ㅎ",
    "date": "14.10.09",
    "rating": "10",
    "author": "pc59****",
    "review_id": "9278665",
    "movie_id": "10218"
  },
  {
    "review": "8점대 후반은 받아도 충분한 영화인데 7.6점이라니",
    "date": "14.09.25",
    "rating": "10",
    "author": "alsy****",
    "review_id": "9240625",
    "movie_id": "10218"
  },
  {
    "review": "1편에 비해 작품성은 좀 떨어지지만, 오락성은 증가!",
    "date": "14.08.02",
    "rating": "9",
    "author": "fghy****",
    "review_id": "9004644",
    "movie_id": "10218"
  },
  {
    "review": "솔까 로보캅은 1만빼면 다 졸작같네요....",
    "date": "14.07.30",
    "rating": "1",
    "author": "mnbv****",
    "review_id": "8979556",
    "movie_id": "10218"
  },
  {
    "review": "너무 좋네요 또보고 자꾸보고 1000번을 봐도 질리지않는 영화입니다o(^-^)o",
    "date": "14.06.24",
    "rating": "10",
    "author": "skc4****",
    "review_id": "8850544",
    "movie_id": "10218"
  },
  {
    "review": "이따위로 만들려면 1편에서 끝났어야 했다. 귀찮지만 끝까지 억지로 만든 영화같음. 음악도 허접한데, 엔딩크레딧 음악에서 여성보컬이 '로보캅~ 로보캅~' 이러는데 정말 어안이 벙벙",
    "date": "14.06.02",
    "rating": "1",
    "author": "macc****",
    "review_id": "8788415",
    "movie_id": "10218"
  },
  {
    "review": "명작은 그대로 두고 후속작은 나오지 말았어야됐지만 실망보다 명장면을 선사했다.",
    "date": "14.05.21",
    "rating": "8",
    "author": "come****",
    "review_id": "8751757",
    "movie_id": "10218"
  },
  {
    "review": "이거 울나라극장 상영전에 비품비디오로 보고 충격먹었음...공포영화보다 더 잔힌하고 폭력적임...당시시대 울나라 영등위에 가위솜씨가 세계헤어디자인너를 넘을듯~!!!다시말해 로보캅1,2는 완전성인용이 청소년용으로 변신시킨 영등위...대단대단...",
    "date": "14.05.01",
    "rating": "8",
    "author": "al2d****",
    "review_id": "8688598",
    "movie_id": "10218"
  },
  {
    "review": "전편의 재미를 이어간다.",
    "date": "14.03.11",
    "rating": "7",
    "author": "kem1****",
    "review_id": "8568403",
    "movie_id": "10218"
  },
  {
    "review": "오락적인 요소가 강화되었다 최근 영화들에 비해 몰입도가 좀 떨어지는게 흠",
    "date": "14.03.05",
    "rating": "7",
    "author": "pigo****",
    "review_id": "8556761",
    "movie_id": "10218"
  },
  {
    "review": "1편보다는 액션이 많이 늘었고 과감했지만 1편을 넘어서지는 못했다.그럼에도 sf의 명작중하나",
    "date": "14.02.26",
    "rating": "10",
    "author": "adiv****",
    "review_id": "8540444",
    "movie_id": "10218"
  },
  {
    "review": "전편에 비해 수준이 떨어진다. 다만 폭력성은 더 높아짐.",
    "date": "14.02.22",
    "rating": "7",
    "author": "kxvt****",
    "review_id": "8528505",
    "movie_id": "10218"
  },
  {
    "review": "sf에서 히어로물로 변하기 시작한 영화",
    "date": "14.02.21",
    "rating": "7",
    "author": "gusd****",
    "review_id": "8526619",
    "movie_id": "10218"
  },
  {
    "review": "역쉬 본편을 뛰어넘는 작품은 T-2뿐이란 말인가??",
    "date": "14.02.20",
    "rating": "7",
    "author": "spar****",
    "review_id": "8521819",
    "movie_id": "10218"
  },
  {
    "review": "무분별한 민영화에 대한 놀라운 통찰과 해학.",
    "date": "14.02.16",
    "rating": "8",
    "author": "hwee****",
    "review_id": "8513379",
    "movie_id": "10218"
  },
  {
    "review": "재밌다 완전....!",
    "date": "14.02.16",
    "rating": "10",
    "author": "okba****",
    "review_id": "8513330",
    "movie_id": "10218"
  },
  {
    "review": "역시 어렸던 시절에 히어로 였던 로보캅졸라 재미있게 잘 즐겨 봤다",
    "date": "14.02.16",
    "rating": "10",
    "author": "yyho****",
    "review_id": "8512507",
    "movie_id": "10218"
  },
  {
    "review": "로보캅은...유년시절의 추억으로 남겨 둬야지",
    "date": "14.02.16",
    "rating": "7",
    "author": "hamj****",
    "review_id": "8512327",
    "movie_id": "10218"
  },
  {
    "review": "거짓말 안하고 30번 넘게봤다",
    "date": "14.02.15",
    "rating": "10",
    "author": "sayz****",
    "review_id": "8509639",
    "movie_id": "10218"
  },
  {
    "review": "전편보다는 약간 못미치지만,  그나마 원작의 명성에는 흠집을 내지않은 수준의 영화~",
    "date": "14.02.14",
    "rating": "10",
    "author": "zlfk****",
    "review_id": "8506078",
    "movie_id": "10218"
  },
  {
    "review": "허허실실 나름 잘만든 오락영화지만  전작의 미칠듯한 작품성으로 인하여 상대적으로 저평가 받음.ㅋ",
    "date": "14.02.13",
    "rating": "8",
    "author": "ehpt****",
    "review_id": "8502647",
    "movie_id": "10218"
  },
  {
    "review": "1편보다 못하지만 보여줄건 보여줬다",
    "date": "14.02.09",
    "rating": "10",
    "author": "nom1****",
    "review_id": "8490513",
    "movie_id": "10218"
  },
  {
    "review": "이 작품 또한 명작...케인때문이라도 10점을 안줄수 없다..문제는 3편...<<안 나왔어야 할 영화...",
    "date": "14.01.28",
    "rating": "10",
    "author": "xix9****",
    "review_id": "8437889",
    "movie_id": "10218"
  },
  {
    "review": "극단적이지만 괜찮았다.",
    "date": "14.01.23",
    "rating": "7",
    "author": "mooy****",
    "review_id": "8417711",
    "movie_id": "10218"
  },
  {
    "review": "다시 보니 엽기스런 씬시티 분위기가 풍기던데 알고보니프랭크 밀러 각본이었구만 ㅎ",
    "date": "14.01.22",
    "rating": "7",
    "author": "yhjm****",
    "review_id": "8409206",
    "movie_id": "10218"
  },
  {
    "review": "액션영화 로보캅 팬들에겐 볼거리가 많이 있다. 하지만 SF명작으로서 전작의 마법같은 균형감도 상실되었고, 달리 속편만의 새로운 영감도 없다. 제국의 역습으로 유명한 어빈 커쉬너도 조지루카스의 천재적인 기획력 없이는 별다른 개성이 엿보이지 않는다.",
    "date": "14.01.21",
    "rating": "7",
    "author": "dhka****",
    "review_id": "8406052",
    "movie_id": "10218"
  },
  {
    "review": "터미네이터 만큼 멋진 명작이다. 이게 7.65점 밖에 못받을 영화인가?",
    "date": "14.01.05",
    "rating": "10",
    "author": "yksi****",
    "review_id": "8352100",
    "movie_id": "10218"
  },
  {
    "review": "1편보단 재미가 덜함 특히 영화에 나오는 꼬꼬마들 입이 걸레라서 엄청 신경쓰였음ㅡㅡ; 무난한 영화",
    "date": "13.12.19",
    "rating": "7",
    "author": "zxvt****",
    "review_id": "8245483",
    "movie_id": "10218"
  },
  {
    "review": "디비디 구하고 싶은데 안나온다... 왜!!",
    "date": "13.12.06",
    "rating": "9",
    "author": "nada****",
    "review_id": "8193595",
    "movie_id": "10218"
  },
  {
    "review": "최고의 영화다 평점이 왜이라 낮은지 이해 못하겠네",
    "date": "13.12.03",
    "rating": "10",
    "author": "iwma****",
    "review_id": "8186741",
    "movie_id": "10218"
  },
  {
    "review": "초딩때 비디오로 보면서 충격먹은 영화...로보캅을 전기톱으로 절단하는 장면, 케인 머리를 해체하는 장면 등은 진짜 20년 가까이 지났지만 잊혀지지 않을 정도로 강렬했다...",
    "date": "13.11.14",
    "rating": "10",
    "author": "assa****",
    "review_id": "8138463",
    "movie_id": "10218"
  },
  {
    "review": "왜이게1편보다못하다는건가이해가안된다.최고의오락영화였고로보캅영화중최고였다.1편은솔직히넘잔인했다.",
    "date": "13.11.14",
    "rating": "10",
    "author": "flos****",
    "review_id": "8136602",
    "movie_id": "10218"
  },
  {
    "review": "전작 보다 풍성한 볼거리와 본격적으로 자본주의를 꼬집는 테마. 바람직한 후속편의 자세. /로보캅 대 로보캅 은 관객들을 흥분시키기에 충분했다. 1년 후에 개봉한 터미네이터2의 자양분이 되었음에 확신을 갖는다.",
    "date": "13.08.07",
    "rating": "8",
    "author": "24th****",
    "review_id": "7853452",
    "movie_id": "10218"
  },
  {
    "review": "전편보다 볼거리가 많으면서 로봇 대 로봇의 대결을 중심으로 세련된 오락성을 갖는 점이 터미네이터 1,2 와 유사한 느낌이다",
    "date": "13.07.26",
    "rating": "8",
    "author": "byul****",
    "review_id": "7788685",
    "movie_id": "10218"
  },
  {
    "review": "전작의 무게감을 유지못했다",
    "date": "13.06.19",
    "rating": "1",
    "author": "mara****",
    "review_id": "7656272",
    "movie_id": "10218"
  },
  {
    "review": "1편보단  못하지만 액션,잔인함은 대폭 업그레이드 되었다..당시에는 잔인한거 가위질 할정도로 충격적이였고.동시상영관에서 장수상영할정도로 인기있었다.",
    "date": "13.03.17",
    "rating": "10",
    "author": "nigh****",
    "review_id": "7355091",
    "movie_id": "10218"
  },
  {
    "review": "볼만하다",
    "date": "13.02.18",
    "rating": "8",
    "author": "jwjw****",
    "review_id": "7277672",
    "movie_id": "10218"
  },
  {
    "review": "이게 왜 평점이 이것밖에 안되지?? 1편도 대작이지만 이것도 오락영화 중 최고이다.",
    "date": "13.01.21",
    "rating": "10",
    "author": "amsl****",
    "review_id": "7139133",
    "movie_id": "10218"
  },
  {
    "review": "오락영화로써 그럭저럭 잘만들었다 할수도 있겠지만 막판 두 로봇의 대결씬을 제외하곤 볼거리가 없다",
    "date": "13.01.15",
    "rating": "4",
    "author": "tlat****",
    "review_id": "7117771",
    "movie_id": "10218"
  },
  {
    "review": "솔직히 이건 속편이 아니라 지맘대로 만든 영화네.. 2편에서 정이뚝떨어져 시리즈 더보기싫다..이걸로 끝낼래",
    "date": "13.01.09",
    "rating": "4",
    "author": "maru****",
    "review_id": "7093892",
    "movie_id": "10218"
  },
  {
    "review": "어릴때는 재밌게 봤는데 지금 보니 1편 보다 못하네...",
    "date": "13.01.01",
    "rating": "6",
    "author": "ubsw****",
    "review_id": "7070753",
    "movie_id": "10218"
  },
  {
    "review": "재밋음",
    "date": "12.11.30",
    "rating": "10",
    "author": "korc****",
    "review_id": "6943813",
    "movie_id": "10218"
  },
  {
    "review": "1편에 비하면 턱없이 부족한건 사실이나 1편과 다른 재미를 보여주었고 오락영화로써 정말 최고이다! 로보캅 최고!",
    "date": "12.10.07",
    "rating": "10",
    "author": "fb5y****",
    "review_id": "6771028",
    "movie_id": "10218"
  },
  {
    "review": "최고라는 말밖엔!!",
    "date": "12.10.04",
    "rating": "10",
    "author": "ske4****",
    "review_id": "6763628",
    "movie_id": "10218"
  },
  {
    "review": "1편의 철학적 면이 없어서 깍아내리지만 오락영화로써는 2편도 명작이다. 그리고 2편도 생각보다는 나름 흥행도 성공했다. 3편이....망작이지만 ...",
    "date": "12.08.15",
    "rating": "10",
    "author": "tlsg****",
    "review_id": "6611300",
    "movie_id": "10218"
  },
  {
    "review": "왜 이렇게 평점이 낮지? 전편 못지 않은 명작인데",
    "date": "12.08.08",
    "rating": "10",
    "author": "gogo****",
    "review_id": "6582701",
    "movie_id": "10218"
  },
  {
    "review": "별 내용없는 영화",
    "date": "12.07.09",
    "rating": "5",
    "author": "no13****",
    "review_id": "6465513",
    "movie_id": "10218"
  },
  {
    "review": "헐리웃 sf 액션 영화로서 소명을 다한다. 1편과 다른 분위기 있다",
    "date": "12.05.20",
    "rating": "9",
    "author": "chom****",
    "review_id": "6314208",
    "movie_id": "10218"
  },
  {
    "review": "안봤으면 말을 하지마",
    "date": "12.04.05",
    "rating": "10",
    "author": "toto****",
    "review_id": "6194758",
    "movie_id": "10218"
  },
  {
    "review": "안 만들 수 없었던 속편.",
    "date": "12.04.02",
    "rating": "4",
    "author": "pria****",
    "review_id": "6189292",
    "movie_id": "10218"
  },
  {
    "review": "어렸을적 가장 갖고싶었던 장난감 로보캅~ 나에게 있어 최고의 영화들중 하나이다~!",
    "date": "12.03.29",
    "rating": "10",
    "author": "meha****",
    "review_id": "6178087",
    "movie_id": "10218"
  },
  {
    "review": "개인적으로 전작을 잘 계승했다는 느낌을 받았다. 평작 이상이라고 할만하다.",
    "date": "12.03.10",
    "rating": "8",
    "author": "mjn0****",
    "review_id": "6134492",
    "movie_id": "10218"
  },
  {
    "review": "요즘봐도 정말 훌륭한 영화다 스토리 액션 철학 모든게 완벽하다",
    "date": "11.11.26",
    "rating": "10",
    "author": "qngh****",
    "review_id": "5871202",
    "movie_id": "10218"
  },
  {
    "review": "1편에 비해 모든게 부족하다",
    "date": "11.11.13",
    "rating": "6",
    "author": "virt****",
    "review_id": "5847504",
    "movie_id": "10218"
  },
  {
    "review": "1990년대 영화면 정말 기발한영화",
    "date": "11.10.23",
    "rating": "9",
    "author": "wlgh****",
    "review_id": "5804106",
    "movie_id": "10218"
  },
  {
    "review": "주인공이 죽었으면 좋겠다 싶은 영화는 이게 처음이다",
    "date": "11.09.05",
    "rating": "1",
    "author": "iii1****",
    "review_id": "5711077",
    "movie_id": "10218"
  },
  {
    "review": "마약쟁이들과 사투하는 로보캅을 그리더니 후반부로 가선 이야기가 안드로메다로 간다",
    "date": "11.08.14",
    "rating": "5",
    "author": "inos****",
    "review_id": "5650997",
    "movie_id": "10218"
  },
  {
    "review": "1편에 비교하면 그렇지만 재미는있다",
    "date": "11.06.02",
    "rating": "6",
    "author": "mais****",
    "review_id": "5460244",
    "movie_id": "10218"
  },
  {
    "review": "로보캅 2까지는 봐줄만했다 3에서 완전 말아먹어서 그렇지 ..",
    "date": "11.05.31",
    "rating": "9",
    "author": "spen****",
    "review_id": "5457414",
    "movie_id": "10218"
  },
  {
    "review": "동급의 적 등장!!",
    "date": "11.05.05",
    "rating": "10",
    "author": "pree****",
    "review_id": "5408672",
    "movie_id": "10218"
  },
  {
    "review": "그 시대엔 획기적이였던 영화 아닌가? 요즘 세대는 잘 모르지.",
    "date": "11.03.16",
    "rating": "10",
    "author": "makt****",
    "review_id": "5316328",
    "movie_id": "10218"
  },
  {
    "review": "1편의 감동은 아니었다.",
    "date": "10.11.19",
    "rating": "6",
    "author": "aqzz****",
    "review_id": "4973197",
    "movie_id": "10218"
  },
  {
    "review": "1의 정체성에 관한면보다는 액션에 치중하긴 했지만 그래도 재미는 있다.",
    "date": "10.08.17",
    "rating": "8",
    "author": "newf****",
    "review_id": "4758786",
    "movie_id": "10218"
  },
  {
    "review": "내용도 없고 잔인함만... 재미도 없고...",
    "date": "10.06.09",
    "rating": "1",
    "author": "soul****",
    "review_id": "4555140",
    "movie_id": "10218"
  },
  {
    "review": "당시엔 트랜스포머 첨 나왔을떄 처럼 웅장했고 화려했었다",
    "date": "10.05.20",
    "rating": "10",
    "author": "tune****",
    "review_id": "4510754",
    "movie_id": "10218"
  },
  {
    "review": "돈 더 쓴 티는 나는데, 1편에서의 진지함이 사라지니 그저 평범한 오락영화가 되었다",
    "date": "10.04.30",
    "rating": "7",
    "author": "mygr****",
    "review_id": "4466420",
    "movie_id": "10218"
  },
  {
    "review": "1편이 워낙 뛰어나서... 그래도 2편까진 멋지다 로보캅~로보캅~음악도 멋지고",
    "date": "10.02.06",
    "rating": "9",
    "author": "dxfo****",
    "review_id": "4252587",
    "movie_id": "10218"
  },
  {
    "review": "다들알잖아 마이네임 이즈 로보캅ㅋ",
    "date": "09.11.26",
    "rating": "10",
    "author": "csc2****",
    "review_id": "3992831",
    "movie_id": "10218"
  },
  {
    "review": "한편의 영화로보면 잼있다 하지만 속편으론....최악이다.",
    "date": "09.10.17",
    "rating": "4",
    "author": "jaep****",
    "review_id": "3898982",
    "movie_id": "10218"
  },
  {
    "review": "커서 다시보니 시사하는 점들이 많네요 갠적으로 영화속 선크림 광고가 인상적 ㅋㅋ",
    "date": "09.07.17",
    "rating": "10",
    "author": "ran6****",
    "review_id": "3640141",
    "movie_id": "10218"
  },
  {
    "review": "그냥 심심할떄 보는영화",
    "date": "09.07.07",
    "rating": "10",
    "author": "dbwp****",
    "review_id": "3616510",
    "movie_id": "10218"
  },
  {
    "review": "이게 왜 8점도 안대",
    "date": "09.07.07",
    "rating": "10",
    "author": "kimk****",
    "review_id": "3615933",
    "movie_id": "10218"
  },
  {
    "review": "1편 못지 않은 재미를 주었다",
    "date": "09.06.20",
    "rating": "9",
    "author": "zito****",
    "review_id": "3576294",
    "movie_id": "10218"
  },
  {
    "review": "원하는 것이 뭔지 가야할 곳이 어딘지 고뇌하는 당신을 보았다",
    "date": "09.03.03",
    "rating": "6",
    "author": "titi****",
    "review_id": "3344847",
    "movie_id": "10218"
  },
  {
    "review": "훌륭합니다. 1보다 재미있습니다.",
    "date": "09.02.21",
    "rating": "10",
    "author": "dong****",
    "review_id": "3320801",
    "movie_id": "10218"
  },
  {
    "review": "완전한 오락영화로 진화한 로보캅!!",
    "date": "09.02.15",
    "rating": "10",
    "author": "jone****",
    "review_id": "3304131",
    "movie_id": "10218"
  },
  {
    "review": "잼잇다",
    "date": "08.12.30",
    "rating": "10",
    "author": "mand****",
    "review_id": "3166980",
    "movie_id": "10218"
  },
  {
    "review": "기억이 가물하지만 진짜 본영화 맞다",
    "date": "08.11.26",
    "rating": "8",
    "author": "jeeb****",
    "review_id": "3074286",
    "movie_id": "10218"
  },
  {
    "review": "1편에 비해 떨어지지만 돌아온 로보캅이 반가웠다.",
    "date": "08.09.10",
    "rating": "6",
    "author": "jere****",
    "review_id": "2933022",
    "movie_id": "10218"
  },
  {
    "review": "1편과는 다른 볼거리를 보여준다 하지만 전작의 엄청난 충격은 아니었다",
    "date": "08.07.26",
    "rating": "9",
    "author": "deff****",
    "review_id": "2803738",
    "movie_id": "10218"
  },
  {
    "review": "최악의반전스토리!!!!!!",
    "date": "08.05.07",
    "rating": "10",
    "author": "eprl****",
    "review_id": "2622669",
    "movie_id": "10218"
  },
  {
    "review": "1편 보다 훨씬 나아진 특수효과   트랜스포머보단 훨 낫다",
    "date": "08.04.24",
    "rating": "10",
    "author": "sdfz****",
    "review_id": "2596583",
    "movie_id": "10218"
  },
  {
    "review": "케인 인상 굳",
    "date": "08.04.19",
    "rating": "10",
    "author": "ngj1****",
    "review_id": "2588553",
    "movie_id": "10218"
  },
  {
    "review": "요즘 히어로들이 가지지 못한 그 무언가를 가지고 있다.",
    "date": "08.03.16",
    "rating": "8",
    "author": "tori****",
    "review_id": "2523153",
    "movie_id": "10218"
  },
  {
    "review": "I'm Robocop ... 이제는 개그 소재가 되버린 ...;;",
    "date": "08.02.06",
    "rating": "6",
    "author": "1stl****",
    "review_id": "2415627",
    "movie_id": "10218"
  },
  {
    "review": "케인 머리를 해부할때가 가장 잔인하다.",
    "date": "08.02.06",
    "rating": "10",
    "author": "zxc6****",
    "review_id": "2415602",
    "movie_id": "10218"
  },
  {
    "review": "그냥그랬다.",
    "date": "08.02.06",
    "rating": "7",
    "author": "wlsg****",
    "review_id": "2414046",
    "movie_id": "10218"
  },
  {
    "review": "가면 갈수록 안습...",
    "date": "08.01.04",
    "rating": "5",
    "author": "evil****",
    "review_id": "2297466",
    "movie_id": "10218"
  },
  {
    "review": "적당히좀 하세요.",
    "date": "07.12.30",
    "rating": "5",
    "author": "wine****",
    "review_id": "2281344",
    "movie_id": "10218"
  },
  {
    "review": "로보캅몸짜렸잖아요그거길에다버리지말고바다나땅속에묻어야지로보캅죽는건데.",
    "date": "07.12.13",
    "rating": "6",
    "author": "alwa****",
    "review_id": "2229222",
    "movie_id": "10218"
  }
]