[
  {
    "review": "극중 빅터 (에드 오로스)의 정말 드러운  악역연기 또한 최고라고 인정 할수 밖에  진짜 악당인줄 ㅎㅎㅎㅎ",
    "date": "15.07.26",
    "rating": "8",
    "author": "stra****",
    "review_id": "10143471",
    "movie_id": "10216"
  },
  {
    "review": "아놀드형 사랑해요 소련에서는 아놀드가 연기를합니다",
    "date": "14.12.06",
    "rating": "10",
    "author": "scie****",
    "review_id": "9452018",
    "movie_id": "10216"
  },
  {
    "review": "저 시절에는 아놀드 하나면 충분했지...이제와 기억 나는 건 무뚝뚝한 소련사람으로 연기력 떨어지는 아놀드의 캐스팅이 적격이었다는 거...액션 영화로 시간을 죽이기에는 적당했지",
    "date": "14.07.31",
    "rating": "7",
    "author": "lees****",
    "review_id": "8993824",
    "movie_id": "10216"
  },
  {
    "review": "이걸 연불이라고 비디오집에서 안빌려줬던기억이 난다 빡침",
    "date": "14.06.28",
    "rating": "10",
    "author": "chec****",
    "review_id": "8864619",
    "movie_id": "10216"
  },
  {
    "review": "소련놈이 남의 나라가서 열라 깽판치네.. ㅋㅋ",
    "date": "14.06.08",
    "rating": "7",
    "author": "tn99****",
    "review_id": "8810370",
    "movie_id": "10216"
  },
  {
    "review": "터미네이터가 인간인척 하는 느낌.",
    "date": "14.01.14",
    "rating": "6",
    "author": "kxvt****",
    "review_id": "8381259",
    "movie_id": "10216"
  },
  {
    "review": "주말에 명화에서 반영한다면서 계속 광고할때가 있었는데 다시보니, 버스 액션 죽이는구만요.",
    "date": "13.12.29",
    "rating": "10",
    "author": "pass****",
    "review_id": "8322881",
    "movie_id": "10216"
  },
  {
    "review": "당코형사가 주연인 영화도 이 한편이 아니었던거 같은데...여튼 아놀드 전성기 시절 나온 다작영화중 하나지만 의외로 완성도가 괜찮다.",
    "date": "13.04.05",
    "rating": "9",
    "author": "bajj****",
    "review_id": "7436000",
    "movie_id": "10216"
  },
  {
    "review": "록키4에서의  돌프 룬드그렌이 연기한 그라고보다 더 소련인다웠다~!!^^",
    "date": "12.09.29",
    "rating": "8",
    "author": "spar****",
    "review_id": "6743560",
    "movie_id": "10216"
  },
  {
    "review": "버스로 치킨겜을 하다니 마초에 의한 마초를 위한 액숀영화",
    "date": "12.07.26",
    "rating": "7",
    "author": "hanx****",
    "review_id": "6535653",
    "movie_id": "10216"
  },
  {
    "review": "최고 액션, 시원하고 우직하고 재밌다.",
    "date": "12.07.02",
    "rating": "10",
    "author": "sson****",
    "review_id": "6438102",
    "movie_id": "10216"
  },
  {
    "review": "켈리포니아 주지사의 전성기적 얘기.ㅋㅋ",
    "date": "12.02.09",
    "rating": "6",
    "author": "orin****",
    "review_id": "6064242",
    "movie_id": "10216"
  },
  {
    "review": "소장하고 있는 영화 중 하나!!",
    "date": "11.11.22",
    "rating": "8",
    "author": "suri****",
    "review_id": "5865164",
    "movie_id": "10216"
  },
  {
    "review": "전형적인 아놀드횽 액션물.",
    "date": "11.09.04",
    "rating": "8",
    "author": "virt****",
    "review_id": "5708334",
    "movie_id": "10216"
  },
  {
    "review": "10점만점에 10점을줘도 아깝지않은 영화 2점준인간은 뭐니ㅋ",
    "date": "11.07.04",
    "rating": "10",
    "author": "qusw****",
    "review_id": "5522317",
    "movie_id": "10216"
  },
  {
    "review": "냉전 후 첫 모스코바 촬영이라는 데 의미를 두자",
    "date": "11.06.12",
    "rating": "4",
    "author": "cont****",
    "review_id": "5479004",
    "movie_id": "10216"
  },
  {
    "review": "적어도 7점 받을 영화는 아님 8점 이상 아놀드의 야성미와 벨루시의 위트!!",
    "date": "11.04.10",
    "rating": "10",
    "author": "zzae****",
    "review_id": "5365081",
    "movie_id": "10216"
  },
  {
    "review": "마초난동기.",
    "date": "10.10.22",
    "rating": "2",
    "author": "pria****",
    "review_id": "4916145",
    "movie_id": "10216"
  },
  {
    "review": "같은 장르라도 리들리스콧이 월터힐보다 뛰어난 이유",
    "date": "10.10.13",
    "rating": "6",
    "author": "egoh****",
    "review_id": "4900531",
    "movie_id": "10216"
  },
  {
    "review": "최고의 스토리 최고의 캐스팅 최고의 액션",
    "date": "10.08.16",
    "rating": "10",
    "author": "curl****",
    "review_id": "4752493",
    "movie_id": "10216"
  },
  {
    "review": "이게 1988년도에 상영한 액션영화가 맞나요~?!",
    "date": "10.08.06",
    "rating": "9",
    "author": "omer****",
    "review_id": "4715997",
    "movie_id": "10216"
  },
  {
    "review": "이거 웃기는거버스충돌 완전 미친놈들이 하는짓인데",
    "date": "10.04.21",
    "rating": "10",
    "author": "chls****",
    "review_id": "4446535",
    "movie_id": "10216"
  },
  {
    "review": "마지막에 붉은광장에서 거수경례하는 장면은 영화사에 남을정도의 폭풍대간지",
    "date": "10.01.30",
    "rating": "10",
    "author": "redo****",
    "review_id": "4223311",
    "movie_id": "10216"
  },
  {
    "review": "역시 아놀드의 무대포식 액션은 세계최강이다!!",
    "date": "09.12.30",
    "rating": "4",
    "author": "si2p****",
    "review_id": "4110083",
    "movie_id": "10216"
  },
  {
    "review": "파트너간의 호흡도 전혀 없고, 아놀드는 러시아어쓰는 터미네이터 같았다.",
    "date": "09.12.13",
    "rating": "2",
    "author": "ard2****",
    "review_id": "4040132",
    "movie_id": "10216"
  },
  {
    "review": "첨 시작할때 술집에서 피아노 반주에 노래를 부르는 장면이 있는데 그음악 제목이??",
    "date": "09.12.11",
    "rating": "10",
    "author": "whdu****",
    "review_id": "4035483",
    "movie_id": "10216"
  },
  {
    "review": "21년전 영화지만, 언제나 봐도 멋진 아놀드....",
    "date": "09.10.04",
    "rating": "10",
    "author": "mrem****",
    "review_id": "3870781",
    "movie_id": "10216"
  },
  {
    "review": "뭐여이게 OO",
    "date": "09.09.11",
    "rating": "4",
    "author": "pksj****",
    "review_id": "3823612",
    "movie_id": "10216"
  },
  {
    "review": "시대 배경만 매력적  .",
    "date": "09.04.18",
    "rating": "2",
    "author": "evil****",
    "review_id": "3428232",
    "movie_id": "10216"
  },
  {
    "review": "마지막에 아놀드가 러시아어로 뭐라고 한거지?",
    "date": "08.11.20",
    "rating": "7",
    "author": "newj****",
    "review_id": "3061690",
    "movie_id": "10216"
  },
  {
    "review": "아놀드 샤워씬 정말 압권이었음",
    "date": "08.07.06",
    "rating": "8",
    "author": "imas****",
    "review_id": "2744721",
    "movie_id": "10216"
  },
  {
    "review": "별느낌이없는 액션영화다.보통수준밖에안된다.",
    "date": "08.06.14",
    "rating": "5",
    "author": "ldg0****",
    "review_id": "2698208",
    "movie_id": "10216"
  },
  {
    "review": "80년대 스타일의 화끈한 명품액션이 펼쳐진다",
    "date": "07.09.30",
    "rating": "9",
    "author": "baks****",
    "review_id": "2061540",
    "movie_id": "10216"
  },
  {
    "review": "아놀드가 멋지게 나왓으니 8점 ㅋ",
    "date": "07.09.01",
    "rating": "8",
    "author": "jang****",
    "review_id": "1993509",
    "movie_id": "10216"
  },
  {
    "review": "액션씬이 정말 일품인 작품 러시아 경찰인 아놀드도 잘 어울렸다",
    "date": "07.07.16",
    "rating": "8",
    "author": "deff****",
    "review_id": "1782404",
    "movie_id": "10216"
  },
  {
    "review": "요즘 어설픈 CG보다는 이영화의 액션이 더 확 와닿는다",
    "date": "07.02.13",
    "rating": "8",
    "author": "seun****",
    "review_id": "1467045",
    "movie_id": "10216"
  },
  {
    "review": "아놀드의 액션이야 머 뻔하지 발음도 아직 어설프고",
    "date": "07.01.16",
    "rating": "6",
    "author": "nala****",
    "review_id": "1390591",
    "movie_id": "10216"
  },
  {
    "review": "아놀드가 진짜 멋지게 나오지...ㅎㅎ",
    "date": "06.10.08",
    "rating": "9",
    "author": "half****",
    "review_id": "1169233",
    "movie_id": "10216"
  },
  {
    "review": "어릴적 무지재밌게봤던 영화..지금봐도 나쁘지않음",
    "date": "06.09.19",
    "rating": "8",
    "author": "hide****",
    "review_id": "1132278",
    "movie_id": "10216"
  },
  {
    "review": "시계만 계속 봤다.",
    "date": "06.06.19",
    "rating": "5",
    "author": "esyu****",
    "review_id": "850219",
    "movie_id": "10216"
  },
  {
    "review": "월터 힐 액션 작품 다운 우직스러움.",
    "date": "06.04.10",
    "rating": "7",
    "author": "movi****",
    "review_id": "756560",
    "movie_id": "10216"
  },
  {
    "review": "아놀드가 찍은영화BEST5안에 들어있는영화",
    "date": "06.03.03",
    "rating": "10",
    "author": "mysa****",
    "review_id": "702955",
    "movie_id": "10216"
  },
  {
    "review": "별로",
    "date": "05.12.30",
    "rating": "1",
    "author": "with****",
    "review_id": "540431",
    "movie_id": "10216"
  },
  {
    "review": "냉전시대때 소련을 비방하기 위해 만들었던",
    "date": "05.12.23",
    "rating": "7",
    "author": "blue****",
    "review_id": "523694",
    "movie_id": "10216"
  },
  {
    "review": "터미네이터 아류작",
    "date": "05.12.06",
    "rating": "1",
    "author": "scal****",
    "review_id": "495579",
    "movie_id": "10216"
  },
  {
    "review": "최고의 형사영화 - 기막힌 소재와 유머! 부족하지만 괜찮은 액션",
    "date": "04.11.30",
    "rating": "9",
    "author": "gkdl****",
    "review_id": "154544",
    "movie_id": "10216"
  },
  {
    "review": "재미있음",
    "date": "04.10.12",
    "rating": "10",
    "author": "mars****",
    "review_id": "124461",
    "movie_id": "10216"
  },
  {
    "review": "적당한 액션, 비장미 90년대와는 다른 80년대 영화의 전형",
    "date": "04.09.28",
    "rating": "6",
    "author": "rg52****",
    "review_id": "116082",
    "movie_id": "10216"
  },
  {
    "review": "한방에 죽이고 날린 맨트,`소련 총으로 죽였다면 훨씬 멋젔을텐데.`ㅋ",
    "date": "04.07.01",
    "rating": "10",
    "author": "ditt****",
    "review_id": "63702",
    "movie_id": "10216"
  },
  {
    "review": "생각외로 빼어난 구성,충분한 재미",
    "date": "04.03.23",
    "rating": "9",
    "author": "ohse****",
    "review_id": "31018",
    "movie_id": "10216"
  },
  {
    "review": "월터 힐 특유의 박력 넘치며, 폭력적 유머가 잘 산 작품",
    "date": "03.12.04",
    "rating": "8",
    "author": "tdol****",
    "review_id": "1129",
    "movie_id": "10216"
  }
]