[
  {
    "review": "몇 가지가 특출난 걸작은 꽤 있지만, 이 영화처럼 모든 게 완벽한 걸작은 아주 드물다.",
    "date": "15.08.12",
    "rating": "10",
    "author": "stil****",
    "review_id": "10219122",
    "movie_id": "10217"
  },
  {
    "review": "폴 버호번 감독 영화는 딱 티가 나...재미도 있고 생각도 하게 하고.. 좋아..",
    "date": "15.06.22",
    "rating": "8",
    "author": "jbbo****",
    "review_id": "10022348",
    "movie_id": "10217"
  },
  {
    "review": "정치적 메세지는 곱씹어볼만하다",
    "date": "15.06.13",
    "rating": "4",
    "author": "rd72****",
    "review_id": "9995683",
    "movie_id": "10217"
  },
  {
    "review": "시대를 앞서간 액션, 그리고 철학.. 그리고 미국의 '웨스턴 무비에 대한 감독의 오마쥬.. 훌륭하다.",
    "date": "15.06.11",
    "rating": "9",
    "author": "pola****",
    "review_id": "9991184",
    "movie_id": "10217"
  },
  {
    "review": "철학과 오락을 한꺼번에 겸비",
    "date": "15.06.10",
    "rating": "8",
    "author": "kshm****",
    "review_id": "9988036",
    "movie_id": "10217"
  },
  {
    "review": "로봇 기계라고 얕보지 말라는 교훈!인간처럼 생각하고 감성적인 기능이 있다.키야~과거에 자신을 죽이려고한 지능 높은 강도집단을한놈씩 몰살! 마지막엔 강도 두목시키 알고보니 경찰에서짱먹는 놈, 배신자 처단!",
    "date": "15.06.06",
    "rating": "10",
    "author": "leew****",
    "review_id": "9979454",
    "movie_id": "10217"
  },
  {
    "review": "뭐 ....밑에 극찬의 글 그대로인듯....",
    "date": "15.04.29",
    "rating": "10",
    "author": "euro****",
    "review_id": "9878978",
    "movie_id": "10217"
  },
  {
    "review": "현재보다 먼 미래에 다시한번 주목받을 명화",
    "date": "15.04.26",
    "rating": "10",
    "author": "fall****",
    "review_id": "9870853",
    "movie_id": "10217"
  },
  {
    "review": "지금봐도 괜찮은 수준의 연출에 감탄했다. 2탄도 나왔을텐데",
    "date": "15.04.18",
    "rating": "7",
    "author": "almo****",
    "review_id": "9851097",
    "movie_id": "10217"
  },
  {
    "review": "말이 필요없는 최고의 명작영화. 지금은 기술도 발달하였다지만 요즘 만들어지는 영화는 로보캅보다 액션뿐만 아니라 액션과 더분 사회풍자와 철학적인요소, 인간의 감정과 고뇌에 대해 생각하게 하는 장면이 떨어지는 것 같다.우리보다 로보캅이 더사람다운 것 같다",
    "date": "15.04.17",
    "rating": "10",
    "author": "gaje****",
    "review_id": "9850239",
    "movie_id": "10217"
  },
  {
    "review": "내초딩시절 정말 어느날 tv에서 하길레무심코 봤던 영화 내가 이영화 덕분에 특수부대액션과 총액션의 매력에빠저 살게됨  정말이지 캐릭터설정도좋고 시대 때문에 cg가 좀 떨어저도이영화는 그부족한cg그 이상을 채울수있음 정말 재밌음 지금봐도 정말 재밌더군요",
    "date": "15.04.05",
    "rating": "10",
    "author": "uuuy****",
    "review_id": "9829291",
    "movie_id": "10217"
  },
  {
    "review": "사회 풍자 속에 적절하게 섞인 유머가 때로는 진지한 분위기를 중화시켜 준다.",
    "date": "15.03.14",
    "rating": "10",
    "author": "ajtw****",
    "review_id": "9781993",
    "movie_id": "10217"
  },
  {
    "review": "지금 봐도 수작이다. 특히 2014년 로보캅이 이 작품만 못하다.",
    "date": "15.03.13",
    "rating": "10",
    "author": "andy****",
    "review_id": "9776471",
    "movie_id": "10217"
  },
  {
    "review": "터미네이터와 베트맨의 그 어디쯤. 터미네이터와 로보캅 모두 당시에 못(안)보다 최근에야 봤는데, 터미네이터는 시대를 뛰어넘는 반면 로보캅은 지금 보기에 특수효과와 배우들 연기 등이 별로다.. 지루했음.",
    "date": "15.03.01",
    "rating": "6",
    "author": "yumi****",
    "review_id": "9748356",
    "movie_id": "10217"
  },
  {
    "review": "권력자들의 지시가 아닌, 정의를 따라 판단하고 움직이는 바람직한 경찰의 모습.",
    "date": "15.02.13",
    "rating": "8",
    "author": "sipj****",
    "review_id": "9693020",
    "movie_id": "10217"
  },
  {
    "review": "그 시대에 이정도 작품을 만들어낸게 놀라움따름이고 의외로  잔인해서 놀랫다",
    "date": "15.01.17",
    "rating": "9",
    "author": "udtm****",
    "review_id": "9606281",
    "movie_id": "10217"
  },
  {
    "review": "이제서야 보았다.87년에 봤으면 대박 이었을듯...",
    "date": "15.01.11",
    "rating": "9",
    "author": "marc****",
    "review_id": "9583350",
    "movie_id": "10217"
  },
  {
    "review": "약간 잔인하긴 하지만 전설의 시작을 알린 수작",
    "date": "15.01.03",
    "rating": "9",
    "author": "penn****",
    "review_id": "9556046",
    "movie_id": "10217"
  },
  {
    "review": "오랜만에 다시 본다. 로보캅 자체보다, 전지구적인 암울한 미래상에 대한 묘사와 시니컬한 정서가 더 기억에 남고, 어린 마음에 우울했던 기억이 난다. 27년이 지난 지금 보니 오늘날을 정확히 예견한 영화인듯. 재미도 그대로다.",
    "date": "14.12.25",
    "rating": "10",
    "author": "perr****",
    "review_id": "9516684",
    "movie_id": "10217"
  },
  {
    "review": "영화속의 범죄자들의 컨셉이 러시아 출신 컨셉이라 이상해요!!!",
    "date": "14.12.16",
    "rating": "2",
    "author": "chla****",
    "review_id": "9477830",
    "movie_id": "10217"
  },
  {
    "review": "시대의식+폭력의 미학+철학+OST 4박자가 다 갖춰진 걸작.",
    "date": "14.11.25",
    "rating": "9",
    "author": "saty****",
    "review_id": "9420525",
    "movie_id": "10217"
  },
  {
    "review": "물질만능주의에 폐해, 기계인간으로서 느끼는 고뇌, 자극적이고 화끈한 액션 3요소가 잘 조합된 명작",
    "date": "14.10.29",
    "rating": "10",
    "author": "dlcj****",
    "review_id": "9325983",
    "movie_id": "10217"
  },
  {
    "review": "이런 훌륭한 원작을 14년도 안드로메다 버젼으로 만들었으니. 폴횽은 진심 마음이 아팠을듯ㅠ;; 암튼 지금봐도 감히 놀란 감독의 다크나이트와 견주어도 손색없는 연출!! 멋지다!!",
    "date": "14.10.11",
    "rating": "9",
    "author": "gavi****",
    "review_id": "9283306",
    "movie_id": "10217"
  },
  {
    "review": "디트로이트를 이만큼 잘 표현한 영화가 있었을까?...폴버호벤은 어쩌면 시대를 앞서가는 감독 일지도...",
    "date": "14.10.01",
    "rating": "8",
    "author": "lees****",
    "review_id": "9251905",
    "movie_id": "10217"
  },
  {
    "review": "옛날에 봤을때는 명작이었지만 지금보면그닥....",
    "date": "14.08.16",
    "rating": "1",
    "author": "myph****",
    "review_id": "9096527",
    "movie_id": "10217"
  },
  {
    "review": "내 인생 최고의 영화!!!!",
    "date": "14.08.06",
    "rating": "10",
    "author": "frid****",
    "review_id": "9040449",
    "movie_id": "10217"
  },
  {
    "review": "아무리 리메이크를 잘해도 원작이 최고다!",
    "date": "14.08.01",
    "rating": "9",
    "author": "fghy****",
    "review_id": "8997466",
    "movie_id": "10217"
  },
  {
    "review": "굳이....경찰의 무장이 저렇게 강할 필요가 있나요? 아무리 영화라지만 저건 좀 심하다고 생각합니다....",
    "date": "14.07.29",
    "rating": "1",
    "author": "mnbv****",
    "review_id": "8979226",
    "movie_id": "10217"
  },
  {
    "review": "해고당하면 목숨까지 위험함.. ㅜㅜ",
    "date": "14.07.16",
    "rating": "10",
    "author": "node****",
    "review_id": "8920511",
    "movie_id": "10217"
  },
  {
    "review": "액션영화가 자연스럽게 철학적 사고를 하게만드는 영화 폴버호벤 영화는 이런부분이 좋더라~",
    "date": "14.07.14",
    "rating": "10",
    "author": "dnjz****",
    "review_id": "8914832",
    "movie_id": "10217"
  },
  {
    "review": "단언컨데, 폴 버호벤 감독의 최고 걸작.",
    "date": "14.07.09",
    "rating": "10",
    "author": "aolm****",
    "review_id": "8898374",
    "movie_id": "10217"
  },
  {
    "review": "참 괜찮은 영화인데, 이 감독이 왜 쇼걸같은 쓰레기를 만들었는지 참 불가사의.",
    "date": "14.06.13",
    "rating": "9",
    "author": "mail****",
    "review_id": "8827089",
    "movie_id": "10217"
  },
  {
    "review": "어린시절 정말 여러번 돌려 봤었지.. 최근 개봉한 로보캅 보다 훨씬 잘 만든 영화",
    "date": "14.05.27",
    "rating": "10",
    "author": "tuca****",
    "review_id": "8770398",
    "movie_id": "10217"
  },
  {
    "review": "폴 버호벤 감독과 피터 웰러 그리고 미술 특수효과 담당들에게 경의를 표한다.",
    "date": "14.05.21",
    "rating": "10",
    "author": "come****",
    "review_id": "8751747",
    "movie_id": "10217"
  },
  {
    "review": "어릴적 비디오로 본 거는 완전삭제본..기계와 인간과의 철학도 들어가있고 피튀기는 장면도 절묘하네",
    "date": "14.05.12",
    "rating": "9",
    "author": "dcap****",
    "review_id": "8725125",
    "movie_id": "10217"
  },
  {
    "review": "당시로선 획기적인 시각 효과와 깜짝 놀랄 정도로 잔혹한 폭력은 현대 사회에 대한 풍자와 철학과 함께 강렬하게 다가온다. 갑자기 끝나는 엔딩 컷만 빼곤 만족스럽다.",
    "date": "14.05.08",
    "rating": "7",
    "author": "zxc1****",
    "review_id": "8716654",
    "movie_id": "10217"
  },
  {
    "review": "80년대 천삼백만달러 짜리 블록버스터를 B급 무비 취급 하는 미친.년도 다 있더군",
    "date": "14.05.08",
    "rating": "10",
    "author": "sadc****",
    "review_id": "8716344",
    "movie_id": "10217"
  },
  {
    "review": "철학을 담으면 액션도 전설이 된다.",
    "date": "14.05.07",
    "rating": "10",
    "author": "apxa****",
    "review_id": "8712234",
    "movie_id": "10217"
  },
  {
    "review": "대중매체에 자주 인용되는 로보캅의 이미지 때문에 막연히 뻔하고 유치한 작품일거라고 생각하고 봤지만 지금은 10점을 주기 위해 로그인하고 글을 쓰고 있다.",
    "date": "14.05.06",
    "rating": "10",
    "author": "toto****",
    "review_id": "8708824",
    "movie_id": "10217"
  },
  {
    "review": "20초안에 평가하기는 힘들구만",
    "date": "14.05.06",
    "rating": "7",
    "author": "yoon****",
    "review_id": "8707996",
    "movie_id": "10217"
  },
  {
    "review": "생각을 해보니까 영화가 그렇게 재밌진많다.",
    "date": "14.04.26",
    "rating": "6",
    "author": "jesu****",
    "review_id": "8673789",
    "movie_id": "10217"
  },
  {
    "review": "로보캅 진짜멋지다...",
    "date": "14.04.06",
    "rating": "10",
    "author": "kyun****",
    "review_id": "8632098",
    "movie_id": "10217"
  },
  {
    "review": "1987년 당시 근 미래에서 그들에게 와버린 영화. 액션,캐릭터,유머,풍자,철학,연출 모든 것을 한 영화에 담는 짓은 2014년인 지금도 감히 어떤 감독들도 해내지 못하고 있다.",
    "date": "14.03.27",
    "rating": "10",
    "author": "big_****",
    "review_id": "8611069",
    "movie_id": "10217"
  },
  {
    "review": "인간에 대한 철학적 접근, 높은 완성도... 다만 자금 보기엔 좀 지루함",
    "date": "14.03.20",
    "rating": "7",
    "author": "pigo****",
    "review_id": "8590832",
    "movie_id": "10217"
  },
  {
    "review": "탄생 배경(OCP사 두 중역의 권력 싸움)의 공감대는 리메이크작보다 약해, 로봇3원칙의 그럴듯함, 악당 중역이 You are fired(해고)와 함께 사격을 당하는(fired) 기발함과 통쾌함, 정체성에 대한 고민, 악당의 잔인함과 악독함은 좀 과해",
    "date": "14.03.15",
    "rating": "8",
    "author": "sioh****",
    "review_id": "8576786",
    "movie_id": "10217"
  },
  {
    "review": "개봉당시에는 로보캅 모습에만 관심을 가지고 봤었는데, 지금 다시 보니까  머피의 내면을 볼 수 있어서 조금 슬프기도 하다...마지막 자신의 이름을 머피라고 이야기 할 때 뭔가 모를 감동으로 가슴이 갑자기 뜨거워졌다.",
    "date": "14.03.14",
    "rating": "10",
    "author": "didi****",
    "review_id": "8575918",
    "movie_id": "10217"
  },
  {
    "review": "15세 이상 관람가인디 여자 가슴 나오고 잔인한 장면도 꽤 있네유. 히어로들은 보통 아픔 한 가지씩은 다 가지고 있는디 로보캅에 비해선 약과네유. 잔인하게 고통스럽게 죽은 뒤에 로보캅이 됐네유. 군더더기 없어서 지루하지 않아서 좋네유.",
    "date": "14.03.13",
    "rating": "10",
    "author": "real****",
    "review_id": "8571371",
    "movie_id": "10217"
  },
  {
    "review": "수십 번을 봤지만 볼 때마다 가슴 웅~한 영화 SF를 넘어선 SF영화...명작중 최고의 명작...",
    "date": "14.03.12",
    "rating": "10",
    "author": "yih8****",
    "review_id": "8570191",
    "movie_id": "10217"
  },
  {
    "review": "명성에 비해선 좀 아쉽다.",
    "date": "14.03.11",
    "rating": "8",
    "author": "kem1****",
    "review_id": "8568402",
    "movie_id": "10217"
  },
  {
    "review": "속편의 여지를 안남겨준 깔끔한 명작..그리고 거의 30년전 영화인데 그 이후 아직까지 이만한 완성도를 보여준 영화는 드물다",
    "date": "14.03.07",
    "rating": "10",
    "author": "orca****",
    "review_id": "8561269",
    "movie_id": "10217"
  },
  {
    "review": "사장이 \"넌 해고야\" 했을때 극장에서 사람들 박수치던 기억이 나네요",
    "date": "14.03.07",
    "rating": "10",
    "author": "fore****",
    "review_id": "8560993",
    "movie_id": "10217"
  },
  {
    "review": "자본주의 의 극을향해 달리고 있는 현재와 앞으로의문제점을 너무 잘찝은 영화 경찰까지 민영화한다",
    "date": "14.03.06",
    "rating": "10",
    "author": "chal****",
    "review_id": "8558258",
    "movie_id": "10217"
  },
  {
    "review": "그냥 명작 역대 최고 액션영화 잔인하고 통쾌하다",
    "date": "14.03.03",
    "rating": "10",
    "author": "sung****",
    "review_id": "8554570",
    "movie_id": "10217"
  },
  {
    "review": "당시 델타시티 보고 어른되면 진짜 저렇게 될줄알앗는데..",
    "date": "14.03.03",
    "rating": "10",
    "author": "king****",
    "review_id": "8552821",
    "movie_id": "10217"
  },
  {
    "review": "이 대단한 영화를 저예산으로 완성한 감독은 천재",
    "date": "14.03.02",
    "rating": "10",
    "author": "17he****",
    "review_id": "8552103",
    "movie_id": "10217"
  },
  {
    "review": "옛날 원조로보갚 이것 개재미서는데  현재나온로보캅 실망이크다ㅡㅡ27년전영화한데밀리네",
    "date": "14.02.26",
    "rating": "10",
    "author": "arey****",
    "review_id": "8540276",
    "movie_id": "10217"
  },
  {
    "review": "단순한 sf 액션영화가 아니다. 진지한 철학이 녹아들어간 영화.",
    "date": "14.02.24",
    "rating": "10",
    "author": "wjrh****",
    "review_id": "8534283",
    "movie_id": "10217"
  },
  {
    "review": "로보캅 슈트만큼은... 현재도 꿀리지 않음ㅋㅋㅋ",
    "date": "14.02.23",
    "rating": "8",
    "author": "youn****",
    "review_id": "8532643",
    "movie_id": "10217"
  },
  {
    "review": "연출, 오락, 연기력, 스토리 모두 만족스러운 명작.",
    "date": "14.02.22",
    "rating": "10",
    "author": "kxvt****",
    "review_id": "8528503",
    "movie_id": "10217"
  },
  {
    "review": "리메이크 보고나니 그리워졌다",
    "date": "14.02.22",
    "rating": "10",
    "author": "fprh****",
    "review_id": "8527801",
    "movie_id": "10217"
  },
  {
    "review": "블랙 로보캅보고 허전한 맘을 원전보고 달래야지.",
    "date": "14.02.22",
    "rating": "9",
    "author": "pont****",
    "review_id": "8527178",
    "movie_id": "10217"
  },
  {
    "review": "리메이크를 극장서 보고 오리지널을 다시금 봤는데, 옛날영화 인데도 상당히 몰입해서 봤음. 역시 명작은 영상이 다가 아님.",
    "date": "14.02.21",
    "rating": "9",
    "author": "yank****",
    "review_id": "8526799",
    "movie_id": "10217"
  },
  {
    "review": "액션에만 집중을 하다보니 철학이 빈약하게 느껴진다",
    "date": "14.02.21",
    "rating": "8",
    "author": "gusd****",
    "review_id": "8526617",
    "movie_id": "10217"
  },
  {
    "review": "개봉할때 본 로보캅 1편은 지금도 봐도 재미있다 나머지는 할말없음",
    "date": "14.02.21",
    "rating": "10",
    "author": "lool****",
    "review_id": "8526556",
    "movie_id": "10217"
  },
  {
    "review": "진짜 감독 상상력이 풍부하다. 진짜",
    "date": "14.02.21",
    "rating": "10",
    "author": "rldn****",
    "review_id": "8526392",
    "movie_id": "10217"
  },
  {
    "review": "88년인중학생때 고교관람가 인데도 보고싶어 봤더 기억이 지금봐도 그리 촌스럽지 않고 엄청난 몰입감과 액션을 가장한 휴먼드라마란 멋진 스토리까지 전율이 일던  내인생에 몇안되는 큰임팩트를 줬던 영화였다. 인간을 상실한 사이보그가 다시 인간이 되는 감동",
    "date": "14.02.21",
    "rating": "10",
    "author": "spad****",
    "review_id": "8526113",
    "movie_id": "10217"
  },
  {
    "review": "왓 츠 유어 넴?? 마이 넴 이즈 머피~!",
    "date": "14.02.20",
    "rating": "9",
    "author": "spar****",
    "review_id": "8521654",
    "movie_id": "10217"
  },
  {
    "review": "와..이게15세라고? 엄청잔인한데 가벼운영화라고 생각 했다가 큰코다침",
    "date": "14.02.18",
    "rating": "10",
    "author": "lim9****",
    "review_id": "8518890",
    "movie_id": "10217"
  },
  {
    "review": "시니컬한 사회풍자가 돋보이는 명작.  30년 후의 최신 기술로 무장된 리메이크작 조차 씹어 먹는 위엄....",
    "date": "14.02.17",
    "rating": "10",
    "author": "tass****",
    "review_id": "8517147",
    "movie_id": "10217"
  },
  {
    "review": "잔임함을 경지에 올린 폴 버호벤 감독의 액션물이자  현실성이 가장 많은 영화이다.",
    "date": "14.02.17",
    "rating": "10",
    "author": "hell****",
    "review_id": "8516072",
    "movie_id": "10217"
  },
  {
    "review": "폭력적인 장면에서 재미를 주고 영화를 보고난뒤에 생각해볼수록 진지한 영화",
    "date": "14.02.17",
    "rating": "9",
    "author": "kimy****",
    "review_id": "8515445",
    "movie_id": "10217"
  },
  {
    "review": "로봇하면 뭐 터미네이터,로보캅이지 ~",
    "date": "14.02.16",
    "rating": "10",
    "author": "buti****",
    "review_id": "8514947",
    "movie_id": "10217"
  },
  {
    "review": "철학을 내재한 엄청난 걸작!!",
    "date": "14.02.16",
    "rating": "10",
    "author": "dark****",
    "review_id": "8513777",
    "movie_id": "10217"
  },
  {
    "review": "오랜만에 봤는데...편집, 대사, 연기...오글거리고...좀 안맞음;;;",
    "date": "14.02.16",
    "rating": "4",
    "author": "deze****",
    "review_id": "8513467",
    "movie_id": "10217"
  },
  {
    "review": "사회부패와 부도덕한것들을 로보캅이라는 캐릭터가 깨부쉬는 철학과재미를 한번에 담은 훌륭한 영화",
    "date": "14.02.16",
    "rating": "10",
    "author": "k050****",
    "review_id": "8512228",
    "movie_id": "10217"
  },
  {
    "review": "미국에선 R 등급... 국내에선 15세",
    "date": "14.02.15",
    "rating": "10",
    "author": "kanj****",
    "review_id": "8508937",
    "movie_id": "10217"
  },
  {
    "review": "그시대에 뽀르노등급을 받을 만큼 잔인했었는데 잔인성만 빼면 최고의 영화다",
    "date": "14.02.13",
    "rating": "10",
    "author": "bgpa****",
    "review_id": "8503548",
    "movie_id": "10217"
  },
  {
    "review": "어릴적 이 후 다시 봤지만 연출부터 음악까지 모든게 완벽한 영화",
    "date": "14.02.12",
    "rating": "10",
    "author": "mino****",
    "review_id": "8501036",
    "movie_id": "10217"
  },
  {
    "review": "내 어린 시절 로보캅이 히어로였는데 ㅎㅎ추억이 감돋네 ㅎㅎ너무너무 재미있게 잘 즐겨 봤다 ㅋㅋ",
    "date": "14.02.12",
    "rating": "10",
    "author": "yyho****",
    "review_id": "8500320",
    "movie_id": "10217"
  },
  {
    "review": "리메이크 보기전 옛날에 본게 기억이안나서 그냥 내용이나 보자히고 봤는데...정신없이 봐버렸다 이게 정녕 20년이 훨씬 지난작품인가??아 괜히 다시봤다.... 리메이크 어케봐ㅜㅜ",
    "date": "14.02.12",
    "rating": "10",
    "author": "tbvj****",
    "review_id": "8500067",
    "movie_id": "10217"
  },
  {
    "review": "다소 선입견의 여지가 있는 제목. 그러나 부인할 수 없는 걸작.",
    "date": "14.02.11",
    "rating": "8",
    "author": "cube****",
    "review_id": "8498741",
    "movie_id": "10217"
  },
  {
    "review": "어쩌면 정체성을 찾는모든영화의 모범은 바로이영화인듯싶다",
    "date": "14.02.11",
    "rating": "8",
    "author": "wn01****",
    "review_id": "8498191",
    "movie_id": "10217"
  },
  {
    "review": "터미네이터와 함께 sf 최고의 영화이다 . 오히려 터미네이터보다 좋다",
    "date": "14.02.09",
    "rating": "10",
    "author": "k061****",
    "review_id": "8490968",
    "movie_id": "10217"
  },
  {
    "review": "모든 게 다 담겨 있는 최고의 영화 중 하나라 자신합니다. 시대를 앞서간 걸작!!",
    "date": "14.02.07",
    "rating": "10",
    "author": "bike****",
    "review_id": "8484257",
    "movie_id": "10217"
  },
  {
    "review": "시대를앞서간 명작이다이건 80년대나왔다고는 믿기지않을정도",
    "date": "14.02.06",
    "rating": "10",
    "author": "army****",
    "review_id": "8479307",
    "movie_id": "10217"
  },
  {
    "review": "시간이 지나도 명작은 영원히 남는다",
    "date": "14.02.06",
    "rating": "10",
    "author": "4you****",
    "review_id": "8479209",
    "movie_id": "10217"
  },
  {
    "review": "전설이 된 명작임, 아 옛날이여~",
    "date": "14.02.03",
    "rating": "10",
    "author": "ocki****",
    "review_id": "8470935",
    "movie_id": "10217"
  },
  {
    "review": "1987년도 영화라는걸 감안하면 10점 줘야된다... 이 당시에 컴퓨터도 8비트 시절에 하드가 없이 500kb짜리 디스켓으로 도스 깔아서 부팅하던 시절...",
    "date": "14.02.02",
    "rating": "10",
    "author": "jooh****",
    "review_id": "8468129",
    "movie_id": "10217"
  },
  {
    "review": "별로구만~~~~!!",
    "date": "14.02.02",
    "rating": "1",
    "author": "mksc****",
    "review_id": "8465828",
    "movie_id": "10217"
  },
  {
    "review": "정말 시대를 앞서간 작품이다, OST도 정말 대단",
    "date": "14.01.31",
    "rating": "10",
    "author": "top8****",
    "review_id": "8454788",
    "movie_id": "10217"
  },
  {
    "review": "거의 30년 전에 나온 영화인데 수준이ㄷㄷ다시 봐도 전혀 촌스럽지 않고 철학과 오락성을 두루 갖춘 걸작이다. 요즘은 제작비 왕창 투입해서 그래픽으로 눈을 현혹하려는데 이 때는 스토리 또한 탄탄해서 영화로서 훨씬 고급스럽게 느껴진다.말이 필요없는 걸작",
    "date": "14.01.29",
    "rating": "10",
    "author": "jwjy****",
    "review_id": "8445517",
    "movie_id": "10217"
  },
  {
    "review": "당시에는 얼마나 획기적이고 진보적인 내용이었을까? 지금 봐도 대박",
    "date": "14.01.28",
    "rating": "8",
    "author": "hamj****",
    "review_id": "8440305",
    "movie_id": "10217"
  },
  {
    "review": "터미네이터2와 견주어도 밀리지 않을 단 하나의 역작...",
    "date": "14.01.28",
    "rating": "10",
    "author": "xix9****",
    "review_id": "8437898",
    "movie_id": "10217"
  },
  {
    "review": "이 명작을 개봉한지 30년 후에나 봤다는것이 통탄할 일입니다.",
    "date": "14.01.25",
    "rating": "10",
    "author": "vray****",
    "review_id": "8423156",
    "movie_id": "10217"
  },
  {
    "review": "어릴적에 보고 지금까지 20번도 넘게본 영화..  특히 ost도 명곡에다가 영화가 나온 당시 국내에서 로보캅 돌풍을 일으킨 영화  지금봐도 왠만한 허접한 영화보다 났다.",
    "date": "14.01.22",
    "rating": "10",
    "author": "adiv****",
    "review_id": "8412524",
    "movie_id": "10217"
  },
  {
    "review": "사이보그 히어로의 원조영화. 액션, 철학, 잔혹미까지 완벽한 균형을 유지한다. 폴 버호벤과 피터 웰러 조합의 시너지 효과로서, 다른 SF명작들인 액션지향의 터미네이터, 철학지향의 블레이드러너의 어두운 배경과 달리 밝은 배경을 사용한 것이 주요했다.",
    "date": "14.01.21",
    "rating": "9",
    "author": "dhka****",
    "review_id": "8405640",
    "movie_id": "10217"
  },
  {
    "review": "이 영화는 어떻게 보면 코미디라는 장르중에 블랙코미디적 요소도 같이 가지고 있죠. 그래서 코미디라고 썼던것같아요.",
    "date": "14.01.16",
    "rating": "10",
    "author": "clam****",
    "review_id": "8388249",
    "movie_id": "10217"
  },
  {
    "review": "진심 이건 시대의 명작이엿지 니들도생각해봐라 징~치크 징~치크 안하고 놀앗냐 지금의 10대중반과 20대초반 아그들아?? 진심 이거가지고 장난치는년들은 싹다뒤졋으면좋겟다",
    "date": "14.01.15",
    "rating": "10",
    "author": "7996****",
    "review_id": "8384563",
    "movie_id": "10217"
  },
  {
    "review": "이 시절 폴버호벤은 천재였다.",
    "date": "14.01.11",
    "rating": "10",
    "author": "ushe****",
    "review_id": "8369038",
    "movie_id": "10217"
  },
  {
    "review": "터미네이터와 함께 로봇계의 명작",
    "date": "14.01.09",
    "rating": "10",
    "author": "cute****",
    "review_id": "8364681",
    "movie_id": "10217"
  }
]