[
  {
    "review_id": "9665677",
    "movie_id": "102114",
    "author": "ske4****",
    "review": "이런 OOO 프로는 다시는 만들지 말어야 한다!!",
    "rating": "1",
    "date": "15.02.04"
  },
  {
    "review_id": "9035951",
    "movie_id": "102114",
    "author": "lees****",
    "review": "평점조절용이요ㅋㅋㅋㅋ",
    "rating": "10",
    "date": "14.08.06"
  },
  {
    "review_id": "8101461",
    "movie_id": "102114",
    "author": "hec0****",
    "review": "클럽회춘녀 보고나서... 이건 좀 조작 심하다고 생각드네요. 그렇게 소재가 없나요? 솔직해집시다. 진짜!!!!",
    "rating": "1",
    "date": "13.10.30"
  },
  {
    "review_id": "8067611",
    "movie_id": "102114",
    "author": "zktk****",
    "review": "화성인프로만  나오면 바로 채널돌리게 되네요^^",
    "rating": "1",
    "date": "13.10.18"
  },
  {
    "review_id": "8063457",
    "movie_id": "102114",
    "author": "capa****",
    "review": "막말바이러스시작~ㅋ",
    "rating": "1",
    "date": "13.10.16"
  },
  {
    "review_id": "7939851",
    "movie_id": "102114",
    "author": "totq****",
    "review": "ㅋㅋ구라찍는프로ㅋㅋㅋ존나호구들",
    "rating": "1",
    "date": "13.09.01"
  },
  {
    "review_id": "7916633",
    "movie_id": "102114",
    "author": "xkzl****",
    "review": "부자만찍는프로",
    "rating": "1",
    "date": "13.08.24"
  },
  {
    "review_id": "7805653",
    "movie_id": "102114",
    "author": "1207****",
    "review": "지금 진격의만화덕후편  보다가 너~~~무 짜증나서 글올립니다. 도대체 오바하면서 웃는여자는 누굽니까? 스텝들쪽에 있나본대 웃음소리 너무듣기싫습니다ㅡ.ㅡ별로웃기지도않는데 혼자 겁나크게 오바하면서 부르고...",
    "rating": "1",
    "date": "13.08.01"
  },
  {
    "review_id": "7749117",
    "movie_id": "102114",
    "author": "yari****",
    "review": "크크크",
    "rating": "10",
    "date": "13.07.16"
  },
  {
    "review_id": "7733137",
    "movie_id": "102114",
    "author": "sahp****",
    "review": "그냥 드라마보는거지ㅋ화성인바이러스가 진짜라고 믿는건프로레슬링이 실제라고 믿는것과 똑같지",
    "rating": "1",
    "date": "13.07.13"
  },
  {
    "review_id": "7687016",
    "movie_id": "102114",
    "author": "agap****",
    "review": "초반에는 즐겨봤으니 점점 조작과 상업성홍보를 띄는거같아 눈살찌푸려진다",
    "rating": "1",
    "date": "13.06.28"
  },
  {
    "review_id": "7322397",
    "movie_id": "102114",
    "author": "kimy****",
    "review": "qwe",
    "rating": "10",
    "date": "13.03.03"
  },
  {
    "review_id": "7300115",
    "movie_id": "102114",
    "author": "bund****",
    "review": "재미 빵점 주고 싶은디...",
    "rating": "1",
    "date": "13.02.25"
  },
  {
    "review_id": "7279173",
    "movie_id": "102114",
    "author": "dkas****",
    "review": "홍보  그 이상 그 이하도  아니다",
    "rating": "1",
    "date": "13.02.18"
  }
]