[
  {
    "review": "사랑이 없으면 그 어떤 귀한 것도 아무런 의미가 없는데, 왜 사랑하면 안되는 저주를 받은 운명으로 태어났나. 차라리 죽을 지언정 사랑하리라. 가슴이 저리도록.... 너무나도 아름답게 슬픈 이야기. 다시 멋지게 리메이크 되길 바란다. 그랬으면 좋겠다.",
    "date": "15.06.26",
    "rating": "10",
    "author": "inth****",
    "review_id": "10040165",
    "movie_id": "10228"
  },
  {
    "review": "영화 음악의 힘을 느낄 수 있는 작품...",
    "date": "15.05.26",
    "rating": "7",
    "author": "nine****",
    "review_id": "9952756",
    "movie_id": "10228"
  },
  {
    "review": "평점은 의미가 없다. 가슴으로 간직하고 싶을 뿐..",
    "date": "15.03.24",
    "rating": "10",
    "author": "sall****",
    "review_id": "9803674",
    "movie_id": "10228"
  },
  {
    "review": "원초적인 전설을 운명으로 받아들이려는 우매한 사람들에게 받치는 경고",
    "date": "15.02.09",
    "rating": "8",
    "author": "newa****",
    "review_id": "9681844",
    "movie_id": "10228"
  },
  {
    "review": "평점보고 낚시 당했네 평점알바인가봐이런 영화가 다시보고싶다니.  음악도 그닥.",
    "date": "15.02.01",
    "rating": "1",
    "author": "sdss****",
    "review_id": "9658722",
    "movie_id": "10228"
  },
  {
    "review": "When A Child Is Born은 정말 불후의 명곡! 이 영화도 제대로 리메이크 하면 대박칠텐데...어릴 때 친구네 집에서 비디오로 보고 얼마전 인터넷으로 구해서 또 봐도 크리셀다는 여전히 아름답다...",
    "date": "14.10.10",
    "rating": "10",
    "author": "nasu****",
    "review_id": "9282315",
    "movie_id": "10228"
  },
  {
    "review": "20t세기 최고의 영화음악",
    "date": "14.08.15",
    "rating": "10",
    "author": "atti****",
    "review_id": "9088358",
    "movie_id": "10228"
  },
  {
    "review": "그리셀다~~~~ 그리셀다~~",
    "date": "14.06.21",
    "rating": "8",
    "author": "icep****",
    "review_id": "8845628",
    "movie_id": "10228"
  },
  {
    "review": "비슷한 사진을 나열한듯 연출이 형편없고 지겨웠습니다. 그냥 OST 나자리노로 만족할걸 그랬네요.그리고 일곱번째 아이는 저주걸려 늑대인간이 되어 비참해질거라는 예기 듣고도 일곱째 아기를 가진 주인공의 어머니를 원망합니다.",
    "date": "14.02.26",
    "rating": "2",
    "author": "lksh****",
    "review_id": "8539774",
    "movie_id": "10228"
  },
  {
    "review": "좋아했던 영화음악이었는데 이제야  영화를  보니 감회가 새롭다",
    "date": "14.02.12",
    "rating": "9",
    "author": "skss****",
    "review_id": "8502189",
    "movie_id": "10228"
  },
  {
    "review": "어릴때 본기억이 아직도 난다 .. 노래가워낙 좋아서 그런가 잊혀지지 안는 영화중 하나.. 그나이에 뭘 알았다고 울기 까지 했는지.. 참 ㅋㅋ",
    "date": "13.03.05",
    "rating": "10",
    "author": "imaz****",
    "review_id": "7325871",
    "movie_id": "10228"
  },
  {
    "review": "저도 아주 어릴때 tv 주말영화로 봤던 기억... 애틋한 늑대청년과 처녀의 사랑으로 기억되고... 뭣보다도 음악이 정말~~~ 나 나나나 나나나나나~~~~",
    "date": "12.11.11",
    "rating": "8",
    "author": "fabl****",
    "review_id": "6877013",
    "movie_id": "10228"
  },
  {
    "review": "음악말고는 볼 것 하나 없는 3류 영화",
    "date": "12.05.05",
    "rating": "3",
    "author": "ddma****",
    "review_id": "6273475",
    "movie_id": "10228"
  },
  {
    "review": "어렸을적에 이거 보고 눈물 뚝뚝 흘렸었는데 어린애였었지만 가슴이 저렸었습니다.",
    "date": "12.04.05",
    "rating": "10",
    "author": "muri****",
    "review_id": "6195115",
    "movie_id": "10228"
  },
  {
    "review": "영화보다 음악이 더 유며한 영화.",
    "date": "11.11.11",
    "rating": "9",
    "author": "mbtl****",
    "review_id": "5841707",
    "movie_id": "10228"
  },
  {
    "review": "너무 슬픈...ㅠㅠ 아... 정말 감동적...",
    "date": "11.05.07",
    "rating": "10",
    "author": "mcsj****",
    "review_id": "5413497",
    "movie_id": "10228"
  },
  {
    "review": "지구 반대편에서 정말 독특한 영화를 만난 기분이다. 과잉이지만 괜찮다.",
    "date": "11.03.12",
    "rating": "10",
    "author": "heod****",
    "review_id": "5307518",
    "movie_id": "10228"
  },
  {
    "review": "추천!",
    "date": "10.10.11",
    "rating": "10",
    "author": "lasi****",
    "review_id": "4897679",
    "movie_id": "10228"
  },
  {
    "review": "그사랑 그저주 음악을듣고  눈물를흘렸어요 흑흑.... 이영화안봤는데 밧으면.... 흑.",
    "date": "10.03.31",
    "rating": "10",
    "author": "gust****",
    "review_id": "4400076",
    "movie_id": "10228"
  },
  {
    "review": "The \"When A Child Is Borm\" is perpect muzic!!",
    "date": "09.12.24",
    "rating": "10",
    "author": "wang****",
    "review_id": "4076746",
    "movie_id": "10228"
  },
  {
    "review": "사랑. 그 슬프고 잔인한 저주. 그러나 유일한 구원 또한 사랑이어라!",
    "date": "09.08.13",
    "rating": "10",
    "author": "cone****",
    "review_id": "3742462",
    "movie_id": "10228"
  },
  {
    "review": "짱좋아 너무좋다 다시나왔으면좋겠어!!!!!!!!!!!",
    "date": "09.03.15",
    "rating": "10",
    "author": "haha****",
    "review_id": "3368944",
    "movie_id": "10228"
  },
  {
    "review": "영화는 별거 없었는데 주제가가 정말 <짱>인 영화.음악만은10점 만점.",
    "date": "08.10.23",
    "rating": "3",
    "author": "baks****",
    "review_id": "3014206",
    "movie_id": "10228"
  },
  {
    "review": "최근 다시봤지만 역시 재미없다.음악만 좋음.",
    "date": "08.03.29",
    "rating": "6",
    "author": "wegr****",
    "review_id": "2547061",
    "movie_id": "10228"
  },
  {
    "review": "아주 어렸을때 흑백티비로 외화가 무엇인가를 알게해준 영화 아직도 음악이",
    "date": "07.09.28",
    "rating": "10",
    "author": "cybe****",
    "review_id": "2058284",
    "movie_id": "10228"
  },
  {
    "review": "'다시한번 얘기하고 싶다'는 사탄의 대사와 음악이 인상적",
    "date": "07.01.05",
    "rating": "9",
    "author": "nala****",
    "review_id": "1358922",
    "movie_id": "10228"
  },
  {
    "review": "사랑 자체가 저주가 아닐까.",
    "date": "06.05.13",
    "rating": "7",
    "author": "damu****",
    "review_id": "798498",
    "movie_id": "10228"
  },
  {
    "review": "영화 자체는 4점, 그러나 삽입 영화음악들은 9점 ^^",
    "date": "06.01.10",
    "rating": "6",
    "author": "goma****",
    "review_id": "576644",
    "movie_id": "10228"
  },
  {
    "review": "어렸을때 엉엉 울었던 영화 나나나 ~ 나나나나",
    "date": "05.03.21",
    "rating": "10",
    "author": "orte****",
    "review_id": "245157",
    "movie_id": "10228"
  },
  {
    "review": "이 영화 어디서 구해볼 수 없을까??? 다시 보고 싶다...ㅠ_ㅠ",
    "date": "05.03.12",
    "rating": "9",
    "author": "nabi****",
    "review_id": "239031",
    "movie_id": "10228"
  },
  {
    "review": "반드시 다시리메이크하거나 봐야할 영화",
    "date": "04.12.08",
    "rating": "10",
    "author": "xkor****",
    "review_id": "159014",
    "movie_id": "10228"
  },
  {
    "review": "꼭 다시한번 보고싶은영화",
    "date": "04.10.25",
    "rating": "10",
    "author": "smir****",
    "review_id": "132468",
    "movie_id": "10228"
  },
  {
    "review": "한번보고싶고 특히주제가가좋아요^^",
    "date": "04.07.16",
    "rating": "5",
    "author": "berr****",
    "review_id": "71849",
    "movie_id": "10228"
  },
  {
    "review": "여전히 내 기억속에 생생한 영화",
    "date": "04.06.14",
    "rating": "10",
    "author": "comj****",
    "review_id": "54152",
    "movie_id": "10228"
  },
  {
    "review": "클론이 생각나고 고 정영일선생님이 생각나네요..",
    "date": "04.03.23",
    "rating": "6",
    "author": "rg52****",
    "review_id": "31054",
    "movie_id": "10228"
  }
]