[
  {
    "review_id": "9314951",
    "movie_id": "102280",
    "author": "ske4****",
    "review": "이 영화가 5점대 영화는 절대 아닌데 한쿡영화 알바들 때려주고싶다!",
    "rating": "10",
    "date": "14.10.25"
  },
  {
    "review_id": "9313363",
    "movie_id": "102280",
    "author": "revo****",
    "review": "중국영화가 뭐 다 그렇제..;",
    "rating": "4",
    "date": "14.10.24"
  },
  {
    "review_id": "9219994",
    "movie_id": "102280",
    "author": "arti****",
    "review": "몰입 안되는 재난물은 짜증스럽다.",
    "rating": "5",
    "date": "14.09.16"
  },
  {
    "review_id": "9015238",
    "movie_id": "102280",
    "author": "deff****",
    "review": "화재를 다뤘다는 것과 여자 배우 조금 이쁘다는 것 말고 눈에 띄는게 없더만",
    "rating": "3",
    "date": "14.08.03"
  },
  {
    "review_id": "8945901",
    "movie_id": "102280",
    "author": "sant****",
    "review": "우리도 타워링 같은 재난 영화를 만들 수 있다. 근래 타워와 한때 우리나라도 불타는 장면을 넣으려고 온갖 화재 장면을 넣던 했던 때가 있었는데 그런 느낌. 긴장감도 없고 몰입이 되지 않으니 감동은 더 없고. 그냥 먼산 불구경 하고 싶다면 보시던지요",
    "rating": "5",
    "date": "14.07.23"
  },
  {
    "review_id": "8869850",
    "movie_id": "102280",
    "author": "adiv****",
    "review": "우리나라 타워는 이작품에 비하면 매우 양호한거네..  내용이 너무 허술하다.  보는 내내 짜증이 밀려왔다.",
    "rating": "2",
    "date": "14.06.30"
  },
  {
    "review_id": "8699588",
    "movie_id": "102280",
    "author": "lemo****",
    "review": "킬링타임은 됩니다. 여느 재난영화와 같이 이해할수없는 설정들이 다소 있습니다.",
    "rating": "6",
    "date": "14.05.04"
  },
  {
    "review_id": "8595825",
    "movie_id": "102280",
    "author": "rkdt****",
    "review": "불쌍해서10점줌보지마삼",
    "rating": "10",
    "date": "14.03.22"
  },
  {
    "review_id": "8590212",
    "movie_id": "102280",
    "author": "ngup****",
    "review": "돈도 많이 쏟아붓고 감독들도 유명하고 배우들도 다 좋아하는 배우들이지만 영화만큼은 도저히 용서가 안된다.",
    "rating": "3",
    "date": "14.03.20"
  },
  {
    "review_id": "8569793",
    "movie_id": "102280",
    "author": "ksme****",
    "review": "한국타워보다 개잼..",
    "rating": "9",
    "date": "14.03.12"
  },
  {
    "review_id": "8557267",
    "movie_id": "102280",
    "author": "try1****",
    "review": "와...불과 싸우는 영화 중 최고.",
    "rating": "10",
    "date": "14.03.05"
  },
  {
    "review_id": "8534650",
    "movie_id": "102280",
    "author": "rnse****",
    "review": "형제는 용감했다.그리고  불의대재앙이 얼마나 무서운지 새삼느끼며,소방관들의임무와책임,희생 어떻게 이루어지알았다.한국의타워영화만큼 감동적이다",
    "rating": "10",
    "date": "14.02.24"
  },
  {
    "review_id": "8519976",
    "movie_id": "102280",
    "author": "dbzh****",
    "review": "별로긴 별로다....",
    "rating": "4",
    "date": "14.02.19"
  },
  {
    "review_id": "8496020",
    "movie_id": "102280",
    "author": "tjwj****",
    "review": "타워중국판이네 한개도 주기싫엇음",
    "rating": "1",
    "date": "14.02.10"
  },
  {
    "review_id": "8495863",
    "movie_id": "102280",
    "author": "0163****",
    "review": "타워보다 화재 현장을 더 사실적으로 묘사했음",
    "rating": "8",
    "date": "14.02.10"
  },
  {
    "review_id": "8482885",
    "movie_id": "102280",
    "author": "kbut****",
    "review": "타워보고 이거보면 장난하냐 소리바로나옴. 타워가 훨 재밌음. 이 영화 어이없음. 배우들보다 시나리오  각본 자체와 연출력이 허망함.",
    "rating": "5",
    "date": "14.02.07"
  },
  {
    "review_id": "8478491",
    "movie_id": "102280",
    "author": "kimy****",
    "review": "타워보고나서 봣더니;;;;:;;",
    "rating": "1",
    "date": "14.02.05"
  },
  {
    "review_id": "8478276",
    "movie_id": "102280",
    "author": "snai****",
    "review": "cg수준보소 가따버려",
    "rating": "1",
    "date": "14.02.05"
  },
  {
    "review_id": "8468120",
    "movie_id": "102280",
    "author": "choi****",
    "review": "배우들의 어설픈 연기와 엉성한 감동이 재미를 반감 시킴.",
    "rating": "4",
    "date": "14.02.02"
  },
  {
    "review_id": "8457086",
    "movie_id": "102280",
    "author": "bles****",
    "review": "액션도 드라마도 형편없다",
    "rating": "2",
    "date": "14.01.31"
  },
  {
    "review_id": "8448649",
    "movie_id": "102280",
    "author": "saha****",
    "review": "타워보다 100퍼 재미있습니다.. 시간 가는줄 모르고 보았네요 ㅎㅎ",
    "rating": "10",
    "date": "14.01.30"
  },
  {
    "review_id": "8444478",
    "movie_id": "102280",
    "author": "kula****",
    "review": "이야기 풀어나가는게 엉성하다..차라리 타워가 훨씬 낫지 이건 아니라고 본다.",
    "rating": "5",
    "date": "14.01.29"
  },
  {
    "review_id": "8439823",
    "movie_id": "102280",
    "author": "pzto****",
    "review": "전형적인 재해영화의 스토리에서 벗어나지 못한다. 그럼에도 불구하고 약간의 감동이 있다. 배우들의 오버액션이 약간 거슬리지만 대체로 무난한 영화다.",
    "rating": "7",
    "date": "14.01.28"
  },
  {
    "review_id": "8432933",
    "movie_id": "102280",
    "author": "cros****",
    "review": "기대안하고 봤는데 의외에 수작이네요. 그렇게 새드엔딩도 아니라서 맘에들고 한국영화 타워와 비슷하지만  제기준엔 무간지옥이 조금 더 흥미있는 스토리 였어요. 잘봤습니다.",
    "rating": "10",
    "date": "14.01.26"
  },
  {
    "review_id": "8431957",
    "movie_id": "102280",
    "author": "worl****",
    "review": "그래픽은 타워가 더 뛰어나지만 스토리는 이게 낫다",
    "rating": "10",
    "date": "14.01.26"
  },
  {
    "review_id": "8431330",
    "movie_id": "102280",
    "author": "hdki****",
    "review": "처음엔 좀 지루했지만 갈수록 재밌어짐.",
    "rating": "10",
    "date": "14.01.26"
  },
  {
    "review_id": "8430089",
    "movie_id": "102280",
    "author": "emkj****",
    "review": "함정카드님... 내는 니 시다바리가",
    "rating": "1",
    "date": "14.01.26"
  },
  {
    "review_id": "8428465",
    "movie_id": "102280",
    "author": "aka8****",
    "review": "볼만하네 한국영화보다 백배나음",
    "rating": "10",
    "date": "14.01.26"
  },
  {
    "review_id": "8426870",
    "movie_id": "102280",
    "author": "naze****",
    "review": "봣엇는데 재미가업네요 허허",
    "rating": "1",
    "date": "14.01.25"
  },
  {
    "review_id": "8426728",
    "movie_id": "102280",
    "author": "gucc****",
    "review": "두번째.ㅋㅋ 10점줌. 보고나서 수정되나...",
    "rating": "10",
    "date": "14.01.25"
  },
  {
    "review_id": "8426457",
    "movie_id": "102280",
    "author": "just****",
    "review": "평점 처음쓰는거 처음이당 :) 재밌게볼게요",
    "rating": "10",
    "date": "14.01.25"
  }
]