[
  {
    "review_id": "10259517",
    "movie_id": "102241",
    "author": "sohw****",
    "review": "내평점호기심에서 출발해 욕정만 발산하다가.. 결국 패악으로 치닫는 스토리. 모두가 인간이기에 사랑하고 표현했지만 그러기에 결국엔 인간이길 포기한다. 참 솔직하고 담백해서 기분 더러워지는 영화.  영상미와 스토리전개 모두 매끄럽고 아늑했다.",
    "rating": "7",
    "date": "15.08.21"
  },
  {
    "review_id": "10244570",
    "movie_id": "102241",
    "author": "rode****",
    "review": "소재는 파격적이다. 인간의 은밀한 본성에 충실한...",
    "rating": "6",
    "date": "15.08.17"
  },
  {
    "review_id": "10201833",
    "movie_id": "102241",
    "author": "mbd1****",
    "review": "아름다운 호주 바다에서 저런 영상미 밖에 못 건지나...전반적으로 감성 빈약한 연출력..나오미 왓츠는 늙어도 이쁘구나..",
    "rating": "1",
    "date": "15.08.08"
  },
  {
    "review_id": "10200539",
    "movie_id": "102241",
    "author": "anna****",
    "review": "막장인정하고난뒤 관찰자시점이아닌 각캐릭터의 입장에서보니 네사람 각각의 느낌들을 가득차게 느낄수있어 꽤 신선하고 동감도되었다. 20살 한참 핫한남자가 순수한사랑으로 다가올때, 본능적인 느낌을 뿌리치기 쉬울까? 다신 이런느낌, 설렘 없을거란 생각 들것같다",
    "rating": "9",
    "date": "15.08.08"
  },
  {
    "review_id": "10160144",
    "movie_id": "102241",
    "author": "cty1****",
    "review": "좀 현실성은 떨어지지만 엄마친구들 사랑한다는게 가능할까?  여자 배우자들 이쁜 배우들로 캐스팅했으면 이야기 달라질듯~",
    "rating": "8",
    "date": "15.07.30"
  },
  {
    "review_id": "10159047",
    "movie_id": "102241",
    "author": "tull****",
    "review": "거슬리는내용...지루하고 느린전개 답답하다..",
    "rating": "1",
    "date": "15.07.30"
  },
  {
    "review_id": "10143490",
    "movie_id": "102241",
    "author": "veri****",
    "review": "주인공 성별을 바꿔서 영화 만들겟니? 그게 영화냐? 재미가 없잖아. ㅋㅎㅎ 생각좀하자.",
    "rating": "8",
    "date": "15.07.26"
  },
  {
    "review_id": "10139596",
    "movie_id": "102241",
    "author": "kpor****",
    "review": "아들 바꿔서 떡치고 아들들도 엄마바꿔서 떡치고 막장 영화네",
    "rating": "7",
    "date": "15.07.25"
  },
  {
    "review_id": "10116760",
    "movie_id": "102241",
    "author": "cspo****",
    "review": "잼씀 내면을다느낄수있었음",
    "rating": "10",
    "date": "15.07.18"
  },
  {
    "review_id": "10101030",
    "movie_id": "102241",
    "author": "tree****",
    "review": "도발적이고 자극적인인 소재에 비해 내면 묘사에는 공을 들이지 못한 ... 잘 만들면 입다물게 하지만 못만들면 욕 먹는 소재....",
    "rating": "5",
    "date": "15.07.13"
  },
  {
    "review_id": "10084048",
    "movie_id": "102241",
    "author": "drmy****",
    "review": "내용은 불편하지만 풍광과  배우는 이 불편함을 누그려뜨릴만큼 눈부시다.",
    "rating": "5",
    "date": "15.07.09"
  },
  {
    "review_id": "10081814",
    "movie_id": "102241",
    "author": "ekgm****",
    "review": "표면으로 드러나는것으로 느낄수 있는 감정과 몰입도있는 스토리 거기에 만족스러운 배우들의 비주얼로 혼자보기 좋은 혼자서 안달복달하는 영화",
    "rating": "10",
    "date": "15.07.09"
  },
  {
    "review_id": "10005964",
    "movie_id": "102241",
    "author": "bele****",
    "review": "쓰레기 영화네 OOO 같은 영화!",
    "rating": "1",
    "date": "15.06.17"
  },
  {
    "review_id": "9994064",
    "movie_id": "102241",
    "author": "fhff****",
    "review": "영화자체는 괜찮았습니다. 흥미로웠구요. 그러나 성별이 바뀌었었다면 큰 논란이 되었겠죠. 만약 이 영화를 재밌게 좋은 작품으로 보았다면 두 아빠와 딸들을 다룬 영화로 만들었더라도 똑같이 봐줄 수 있는 태도를 가져야합니다.",
    "rating": "8",
    "date": "15.06.12"
  },
  {
    "review_id": "9988930",
    "movie_id": "102241",
    "author": "losl****",
    "review": "이 영화를 좋아하는 그룹이 40대 남성들로 나왔네 ㅎ  여성들이 더 좋아할 줄 알았는데 ㅎㅎㅎㅎ",
    "rating": "10",
    "date": "15.06.11"
  },
  {
    "review_id": "9981109",
    "movie_id": "102241",
    "author": "rldj****",
    "review": "선을 넘으면 결국 이렇게 된다는것을..보는 눈이 많이 없었기에 가능했던건 아닐까?",
    "rating": "8",
    "date": "15.06.07"
  },
  {
    "review_id": "9979177",
    "movie_id": "102241",
    "author": "whia****",
    "review": "사랑과 전쟁은 아무것도 아닌 이것이 진정 막장이다. 정신병도 감염되나...",
    "rating": "1",
    "date": "15.06.06"
  },
  {
    "review_id": "9963536",
    "movie_id": "102241",
    "author": "stw6****",
    "review": "정 말 멋 진 영화다  남자의 그리움과 외로움 을  받아준  영화다",
    "rating": "10",
    "date": "15.05.30"
  },
  {
    "review_id": "9934882",
    "movie_id": "102241",
    "author": "win_****",
    "review": "생각이 많아지는영화...부정해야 하는 것들을 부정하지 못하는...남녀관계 뿐만 아니라다른상황에 대입시켜도 이런고민 해본사람들많을듯...",
    "rating": "10",
    "date": "15.05.21"
  },
  {
    "review_id": "9931221",
    "movie_id": "102241",
    "author": "uni7****",
    "review": "성별 바꾸면 막장이라고 쪼잔하게 나오는 남자들, 성별 바뀐 막장 영화들은 어마무시하게 많아~ 거기에 댓글로 막장이라고 똥칠하는 여자들은 거의 없다. 속 좁고 컴플렉스로 무장한 모자란 남자들이 왜이렇게 많을까",
    "rating": "10",
    "date": "15.05.19"
  },
  {
    "review_id": "9931124",
    "movie_id": "102241",
    "author": "midd****",
    "review": "**신 말고 어떻게 그런 감정을 갖게 됐는지에 더 집중했다면. 관객을 설득하지못하니 참으로 바보같은 영화가 됐다",
    "rating": "6",
    "date": "15.05.19"
  },
  {
    "review_id": "9918522",
    "movie_id": "102241",
    "author": "etoi****",
    "review": "내용은 막장. 호주의 아름다운 풍광은 볼만함. 두 아름다운 여배우는 도저히 그나이대의 아줌마로 안보이고 다큰 아들들 앞에서도 거의 벗다시피 하고있어서 그냥 판타지.",
    "rating": "6",
    "date": "15.05.15"
  },
  {
    "review_id": "9911046",
    "movie_id": "102241",
    "author": "lyk0****",
    "review": "이토록 자극적인 이야기를 담담하고 차분하게 풀어낸 분위기에 박수를.. 오이디푸스의 변형된 발현, 막장이라기에는 너무나도 우아하다. 모든 여자는 엄마이기 이전 여자다. 그래도 두 여인네정도로 매력은 있어야할듯. 배경인 호주 해안가도 죽여줬음.",
    "rating": "9",
    "date": "15.05.11"
  },
  {
    "review_id": "9908423",
    "movie_id": "102241",
    "author": "toy1****",
    "review": "상처받고 또 상처받아도 사랑한다면... 어찌막으랴.",
    "rating": "9",
    "date": "15.05.10"
  },
  {
    "review_id": "9896615",
    "movie_id": "102241",
    "author": "wjsq****",
    "review": "일베충들 여기서 남녀바뀌면 개봉할수있냐고 ㅋㅋㅋ 얘들아 제레미아이언스 주연의 데미지는 보고왔냐?? 은교 개봉못했나? 아메리칸뷰티나 로리타는 봤나?? 어린여자와 노년남자 로맨스가 훨많은데 일베충들 무식해서 여기서 암것도모르고 징징 ㅋㅋㅋ 쓰레기들",
    "rating": "10",
    "date": "15.05.05"
  },
  {
    "review_id": "9895408",
    "movie_id": "102241",
    "author": "hthu****",
    "review": "막장인데 여자들은 그냥 볼만은 하겠네여ㅋㅋ자비에르사무엘 잘생김ㅋ눈호강",
    "rating": "6",
    "date": "15.05.05"
  },
  {
    "review_id": "9851709",
    "movie_id": "102241",
    "author": "wind****",
    "review": "소재자체는 나쁘지 않았고 여성향이 강하기는 했지만 분위기도 좋았다. 다만 짜임새있고 완성도 높은편은 아니였고 무엇보다 납득하기 어려운 선택들로 인해 몰입도가 너무 떨어진다",
    "rating": "6",
    "date": "15.04.18"
  },
  {
    "review_id": "9830772",
    "movie_id": "102241",
    "author": "shep****",
    "review": "충격적인 소재를 아름답게 포장하여 막장이라는 생각조차 잊게 만드는 영상미의 힘이 놀라운 영화. 두 여배우의 섬세한 연기, 소년과 남자의 묘한 경계를 표현한 두 남자배우들의 도발조차 눈부신 영상미에 가려져 상당히 설득력 있게 다가오는 희한한 영화.",
    "rating": "7",
    "date": "15.04.06"
  },
  {
    "review_id": "9811344",
    "movie_id": "102241",
    "author": "danz****",
    "review": "속편은 투파더스 .. 로빈라이트는 미드 하우스오브카드에서가 대박이지, 왓츠의 마이 늙은 모습이 예처롭다..모든일은 선을 너무 벗어나면 어글리해지는 법",
    "rating": "7",
    "date": "15.03.28"
  },
  {
    "review_id": "9810849",
    "movie_id": "102241",
    "author": "jyjn****",
    "review": "전이런것이 범죄라고생각합니다해선않될짓을 미화시키는것또한 죄이며,창작활동을 금지시켰으면합니다",
    "rating": "1",
    "date": "15.03.28"
  },
  {
    "review_id": "9809023",
    "movie_id": "102241",
    "author": "dnfl****",
    "review": "인간이기에 슬픈. 영화. 개면 무슨 상관인가. 옆집 암캐 숫캐 붙어먹은건데",
    "rating": "10",
    "date": "15.03.27"
  },
  {
    "review_id": "9791126",
    "movie_id": "102241",
    "author": "tjsd****",
    "review": "알모도바르만큼의막장,그런데홀린다",
    "rating": "6",
    "date": "15.03.18"
  },
  {
    "review_id": "9778013",
    "movie_id": "102241",
    "author": "yeah****",
    "review": "이거 실화야. 실제로 있었던 일.",
    "rating": "6",
    "date": "15.03.13"
  },
  {
    "review_id": "9718041",
    "movie_id": "102241",
    "author": "mich****",
    "review": "감독이 여자이니 자신만의 아동성애 희망사항을 영화화 한듯...",
    "rating": "1",
    "date": "15.02.20"
  },
  {
    "review_id": "9708962",
    "movie_id": "102241",
    "author": "jjh9****",
    "review": "투파더스 나오면 10점 드림",
    "rating": "1",
    "date": "15.02.18"
  },
  {
    "review_id": "9704474",
    "movie_id": "102241",
    "author": "mygu****",
    "review": "개발암 .... 이기적인 새끼들",
    "rating": "1",
    "date": "15.02.17"
  },
  {
    "review_id": "9704419",
    "movie_id": "102241",
    "author": "woow****",
    "review": "두아줌마랑 두아들들이 2:2데이트 커플이라니 ㅋㅋ 개역겨움 ㅋㅋ",
    "rating": "1",
    "date": "15.02.17"
  },
  {
    "review_id": "9679570",
    "movie_id": "102241",
    "author": "frui****",
    "review": "페미나치들아  니들이  어린남자 처묵하면 안보여 안들려 하는감 여자이면 별 지알을 다할듯",
    "rating": "1",
    "date": "15.02.08"
  },
  {
    "review_id": "9663306",
    "movie_id": "102241",
    "author": "shss****",
    "review": "막장 오브 막장. 여배우들 보는 재미로 봄",
    "rating": "6",
    "date": "15.02.03"
  },
  {
    "review_id": "9590653",
    "movie_id": "102241",
    "author": "sipj****",
    "review": "금기를 넘어선 욕망에 대한 파격적인 판타지 감성 막장 드라마",
    "rating": "8",
    "date": "15.01.13"
  },
  {
    "review_id": "9557133",
    "movie_id": "102241",
    "author": "like****",
    "review": "남친이랑 같이 봤는데 특히 남자들에겐 불편한 영화일 것 같네요. 사람은 동물이 아니기에 감정대로만 살면 안 되니까 뭐 제 입장에서도 불편하긴해요. 재미가 영 없진 않으니 7점 ^^",
    "rating": "7",
    "date": "15.01.03"
  },
  {
    "review_id": "9477737",
    "movie_id": "102241",
    "author": "red1****",
    "review": "영화를 다큐로 보자는건 아니다. 그러나 내가 느낀 감정은 역겨움이고 그 역겨움을 이겨낼만큼의 설득력을 갖춘 연출력은 없었다. 장르는 드라마가 아니라 sf(섹스판타지) 그 이상도 그 이하도 아니다.",
    "rating": "1",
    "date": "14.12.16"
  },
  {
    "review_id": "9474833",
    "movie_id": "102241",
    "author": "seri****",
    "review": "후속작은 투 파더스...  주인공 남자들 비슷한 또래 딸들 있던데 이번엔 제대로 막장 보여주세요... 에레이~~~",
    "rating": "1",
    "date": "14.12.14"
  },
  {
    "review_id": "9471676",
    "movie_id": "102241",
    "author": "skyl****",
    "review": "오크 얼굴로 명품백 사줄 호갱님 기다리다 늙어버린 아줌마들이 헐떡거리며 환장할 영화",
    "rating": "1",
    "date": "14.12.13"
  },
  {
    "review_id": "9471277",
    "movie_id": "102241",
    "author": "ilye****",
    "review": "이 모든게 아이들이 나중에는 젊은 여자들에게 가버리겠지... 라는 생각에서부터 비롯됬다.애초에 이안의 사랑을 받아줬으면 안됬다.  저는 결말도 맘에 드네요. 불륜은 처벌받아야 되기 때문에 새드엔딩으로 끝나야 한다는 고정관념을 깨버린거 같아요.사랑이니까",
    "rating": "10",
    "date": "14.12.13"
  },
  {
    "review_id": "9470583",
    "movie_id": "102241",
    "author": "hero****",
    "review": "정말 다른분들 말들처럼 성별이 바껴서 나왔다면 이런식으로 개봉이나 할 수 있었을지. 그냥 소재 부터가 쓰레기인 영화라고 생각한다 아무리 온갖 수식어로 꾸며봤자 결국은 개 쓰레기영화",
    "rating": "1",
    "date": "14.12.13"
  },
  {
    "review_id": "9469780",
    "movie_id": "102241",
    "author": "01aj****",
    "review": "캐스팅과 연기는 멋졌지만... 스토리는...",
    "rating": "3",
    "date": "14.12.13"
  },
  {
    "review_id": "9468028",
    "movie_id": "102241",
    "author": "tedd****",
    "review": "바다를 품은 집의 아늑한 느낌을 고스란히 가지고 있는 로즈와 이안은 진짜였을까요. 사랑의 무게는 저마다 틀린 것. 영상과 그 나이대의 그녀들의 느낌 그들의 느낌이 고스란히 전달되어 와서 묘한 공감이 일었네요. 그 후는 언제나 내가 결정하는 거죠.",
    "rating": "8",
    "date": "14.12.12"
  },
  {
    "review_id": "9445062",
    "movie_id": "102241",
    "author": "hihy****",
    "review": "진정 눈물겹도록 슬픈 영화..",
    "rating": "10",
    "date": "14.12.04"
  },
  {
    "review_id": "9397671",
    "movie_id": "102241",
    "author": "hagi****",
    "review": "배우들의 매력 덕택에...",
    "rating": "8",
    "date": "14.11.18"
  },
  {
    "review_id": "9389122",
    "movie_id": "102241",
    "author": "sky8****",
    "review": "그냥 쓰레기. 영화라고 부를 가치도 없다",
    "rating": "1",
    "date": "14.11.16"
  },
  {
    "review_id": "9381295",
    "movie_id": "102241",
    "author": "ajsl****",
    "review": "나온지좀되서 이영화를 다시시청하게되엇는데 이건 정말생각과 개인성격의 차이같아 머라할말없는 영화",
    "rating": "5",
    "date": "14.11.14"
  },
  {
    "review_id": "9360971",
    "movie_id": "102241",
    "author": "psyf****",
    "review": "The Lonely Island 가 부릅니다 Motherlover",
    "rating": "5",
    "date": "14.11.09"
  },
  {
    "review_id": "9333534",
    "movie_id": "102241",
    "author": "1stf****",
    "review": "스토리가 정말 당황스럽네요...",
    "rating": "5",
    "date": "14.11.01"
  },
  {
    "review_id": "9324604",
    "movie_id": "102241",
    "author": "toyo****",
    "review": "정말 다시봐도 포스터가 다 망쳤다고 밖에는 영화는 너무 섬세하고, 좋았습니다! 포스터가 조금만 더 부드러웠다면 더 좋았을 것을...아쉽습니다!",
    "rating": "10",
    "date": "14.10.28"
  },
  {
    "review_id": "9271069",
    "movie_id": "102241",
    "author": "xx00****",
    "review": "밀어내면 밀어낼수록 강렬해지는게 사람감정인듯..너랑 봤으면 더좋았을텐데",
    "rating": "9",
    "date": "14.10.07"
  },
  {
    "review_id": "9236094",
    "movie_id": "102241",
    "author": "kyo1****",
    "review": "나오미 와츠같은 여자라면 친구 엄마던 엄마 친구던 상관없을것 같지만..  이 영화 해피엔딩인걸까?",
    "rating": "7",
    "date": "14.09.23"
  },
  {
    "review_id": "9128041",
    "movie_id": "102241",
    "author": "cten****",
    "review": "간지러워서 보다  집어치워뿌렸다. 화일도 휴지통으로 삭제했다. 영상미는 좋았다만, 난 진짜 간지럽다. 역겹다.구역질이난다",
    "rating": "1",
    "date": "14.08.24"
  },
  {
    "review_id": "9127665",
    "movie_id": "102241",
    "author": "wooo****",
    "review": "결국 마지막은 해피엔딩인가? 감상평은 영화는 소재가 신선해서 기대감을 가지고봤는데 다소 지루한면이 있었다 뭐 은근히 반전도 중간중간있어서 흥미진진한면도 있었음",
    "rating": "5",
    "date": "14.08.24"
  },
  {
    "review_id": "9072578",
    "movie_id": "102241",
    "author": "nuno****",
    "review": "세상에는 넘지 말아야할 선들이 있다..도로의 중앙선처럼...방향을 잃고 달리는 차처럼 사고났을땐 이미 늦었다...서로 상처만 남는것을..",
    "rating": "1",
    "date": "14.08.12"
  },
  {
    "review_id": "9041144",
    "movie_id": "102241",
    "author": "lkn8****",
    "review": "며느리들은 뭐냐. 애들은 무슨죄냐. 그게 제일 나쁘다. 지들끼리 그렇게 살지. 왜 멀쩡한 사람들 인생 망쳐놓냐. 천벌받을것들",
    "rating": "3",
    "date": "14.08.06"
  },
  {
    "review_id": "9012793",
    "movie_id": "102241",
    "author": "jagu****",
    "review": "명료하진 않지만 닫힌 곳에 머물고자 하는 환경과 그들의 습성을 이해하면 인간의 본성이 보인다. 연출은 좀 지루함..",
    "rating": "7",
    "date": "14.08.03"
  },
  {
    "review_id": "8952196",
    "movie_id": "102241",
    "author": "oggi****",
    "review": "별 기대 안했는데 잼있따",
    "rating": "10",
    "date": "14.07.24"
  },
  {
    "review_id": "8918543",
    "movie_id": "102241",
    "author": "jjke****",
    "review": "보는 내내 불편하고 조마조마....",
    "rating": "2",
    "date": "14.07.15"
  },
  {
    "review_id": "8897434",
    "movie_id": "102241",
    "author": "hyde****",
    "review": "생각보단 흥미로운데 참 황당하네요",
    "rating": "6",
    "date": "14.07.09"
  },
  {
    "review_id": "8887010",
    "movie_id": "102241",
    "author": "qpt2****",
    "review": "나오미왓츠는 왜 이런영화에ㅡㅡ 아무리영화라지만 .. 참 아무렇지않게 서로를이해하다니..최악오브최악",
    "rating": "1",
    "date": "14.07.05"
  },
  {
    "review_id": "8876337",
    "movie_id": "102241",
    "author": "comp****",
    "review": "남자 감독이 성별만 바꿔서 하나 만들어라 '투 파더스'",
    "rating": "1",
    "date": "14.07.02"
  },
  {
    "review_id": "8872509",
    "movie_id": "102241",
    "author": "adiv****",
    "review": "만약 아버지가 딸의 친구를 저렿게 했으면 강간범, 변태라고 낙인 찍혔겠지...  여자는 뭐든 용서 되는구나..",
    "rating": "4",
    "date": "14.07.01"
  },
  {
    "review_id": "8817892",
    "movie_id": "102241",
    "author": "happ****",
    "review": "도대체 이안이 로즈에게 사랑을 느낀 이유가 뭐야...갑자기 눈 한번 마주치고 그 후에 키스. 이건 욕정이자너. 스토리 전개의 개연성도 떨어지고 연기도 그닥.  몰입방해요인이 너무 많다",
    "rating": "3",
    "date": "14.06.10"
  },
  {
    "review_id": "8812271",
    "movie_id": "102241",
    "author": "come****",
    "review": "동감=>포스터 카피 잘못 만들었어요. 성적인 욕망이라던가 사회적 통념에 사로 잡힌채 해당 영화를 보려고 하지마세요. 그들의 심리 묘사라던가 그 관계 구조 정말 흥미진진하게 볼만 합니다. 추천합니다.",
    "rating": "9",
    "date": "14.06.08"
  },
  {
    "review_id": "8781326",
    "movie_id": "102241",
    "author": "waci****",
    "review": "쓰레기는 쓰레기  종량제  종량제  종량제 쓰레기 쓰레기 종량제",
    "rating": "1",
    "date": "14.05.31"
  },
  {
    "review_id": "8756850",
    "movie_id": "102241",
    "author": "sung****",
    "review": "배우들 연기가 너무 섬세하고 좋네요 파격적이라기에 처음에 돌려서 봤다가 그다음날이 되어도 자꾸자꾸 떠올라서 다시 정주행 했습니다 몰입도도 높고 느낌이 너무 좋은 영화인것 같아요많은 생각을 하게 되네요",
    "rating": "9",
    "date": "14.05.23"
  },
  {
    "review_id": "8756217",
    "movie_id": "102241",
    "author": "outo****",
    "review": "영상미와 심리묘사에 감탄하며 보고, 돌아서서 다시 생각하게 되는 영화.",
    "rating": "8",
    "date": "14.05.23"
  },
  {
    "review_id": "8725534",
    "movie_id": "102241",
    "author": "jaem****",
    "review": "뭥미..소설로 봐도 이럴까?",
    "rating": "6",
    "date": "14.05.12"
  },
  {
    "review_id": "8711544",
    "movie_id": "102241",
    "author": "dnvk****",
    "review": "...?정말...? 이 영화가 이렇게 평이 높다고....? 네이버 평점은 정말.... 믿을 수도 없고 종잡을 수도 없다",
    "rating": "4",
    "date": "14.05.06"
  },
  {
    "review_id": "8681198",
    "movie_id": "102241",
    "author": "yoil****",
    "review": "재밌었다. 현실성이 다소 떨어지는 소재지만, 영화에 몰입되면서 충분히 공감되는 영화다.  개인적으로 좋아하는 나오미왓츠가 매력적이다.",
    "rating": "6",
    "date": "14.04.29"
  },
  {
    "review_id": "8643586",
    "movie_id": "102241",
    "author": "cont****",
    "review": "이성이 마비된 사람들을 동물이라 부른다.",
    "rating": "4",
    "date": "14.04.11"
  },
  {
    "review_id": "8634075",
    "movie_id": "102241",
    "author": "mooh****",
    "review": "야설포르노를 미화시켜놓은 쓰,레기 막장영화.",
    "rating": "1",
    "date": "14.04.07"
  },
  {
    "review_id": "8620321",
    "movie_id": "102241",
    "author": "milk****",
    "review": "아무리 시대가 바뀌어도 금기시 되고 공감이 안되는 소재가 있기 마련이다....말고 안되는 영화를 만들고 있냐....",
    "rating": "5",
    "date": "14.03.31"
  },
  {
    "review_id": "8590378",
    "movie_id": "102241",
    "author": "msjh****",
    "review": "내용은 한국 정서와 안 맞지만 나오미 아줌마는 완전 이쁘시네~ㅎ",
    "rating": "10",
    "date": "14.03.20"
  },
  {
    "review_id": "8510892",
    "movie_id": "102241",
    "author": "cmon****",
    "review": "있지.. 로즈는 시작할땐 여자로서 시작해놓고선 이안과 끝낼땐 이제는 그만할 때라며 엄마처럼 군다 흥 네명중 이안만 진실해보여",
    "rating": "8",
    "date": "14.02.15"
  },
  {
    "review_id": "8508410",
    "movie_id": "102241",
    "author": "bles****",
    "review": "이토록 매혹적인 막장이 있었던가",
    "rating": "7",
    "date": "14.02.14"
  },
  {
    "review_id": "8478528",
    "movie_id": "102241",
    "author": "whdo****",
    "review": "'내가 하면 사랑, 남이 하면 불륜.' 이라는 관점이 우선 되어야 할 영화. 그 만큼 관객을 이해시키기는 힘들 것 같다. 다양한 사랑 중에 하나라고 담담히 말하는 것 같지만 이해하기에는 어쩌면 너무 판타지스러운 영화.",
    "rating": "7",
    "date": "14.02.05"
  },
  {
    "review_id": "8473011",
    "movie_id": "102241",
    "author": "yang****",
    "review": "내용은 절대 이해하기어렵지만 황홀한바다와 풍경때문에 영화보는내내 좋은느낌과 편안한느낌을 많이받았다 더불어 멋있는 이안역할한 배우까지 좋았다",
    "rating": "9",
    "date": "14.02.04"
  },
  {
    "review_id": "8466094",
    "movie_id": "102241",
    "author": "dkse****",
    "review": "그래서 영화인거지..성별을 바꾸고 어떻든...아름다운 영화네..한국은 아청법떄문에 반감을 살 수있는거고... 바다위에 땟목은 진짜 아름다웠다..",
    "rating": "8",
    "date": "14.02.02"
  },
  {
    "review_id": "8441161",
    "movie_id": "102241",
    "author": "gst2****",
    "review": "매혹적이고 도발적인 파격 멜로",
    "rating": "6",
    "date": "14.01.29"
  },
  {
    "review_id": "8439306",
    "movie_id": "102241",
    "author": "gree****",
    "review": "아주 즐겁지못했네요광고는 아주아주 흥미롭던데ㅜ암튼 극장에서 실컷 자다나오긴첨이예요ㅜㅜ",
    "rating": "4",
    "date": "14.01.28"
  },
  {
    "review_id": "8433938",
    "movie_id": "102241",
    "author": "junx****",
    "review": "부럽군..ㅎㅎ 꼭 한번 해보고싶었던것인대. 이미 지금은 너무 늙었다.",
    "rating": "9",
    "date": "14.01.27"
  },
  {
    "review_id": "8430173",
    "movie_id": "102241",
    "author": "bnf1****",
    "review": "머야, 끝장면은..다시 시작하겠다는 거야? 호주 남동부의 자연이 넘 편안해 보였다.. Seal Lock Park 라나.. 나오미 왓츠는 르네젤위거와 비슷한 느낌에 더 단단한 체형으로 눈을 못 떼게 함..제도에 섞일 건지 말지 우왕좌왕하는 네사람아습!",
    "rating": "7",
    "date": "14.01.26"
  },
  {
    "review_id": "8420588",
    "movie_id": "102241",
    "author": "gade****",
    "review": "사랑을 한건 이안뿐(but 개연성부족으로 공감x) 그외 셋은 욕망에 끌린게 전부다. 그래서 난 이 기묘한 관계를 이해하고 싶진않다. 톰은 철이없고 릴과 로즈의 대화들은 허울좋은 자기합리화같다. 그나마 죽여버릴꺼야 소리치던 이안의 감정이 젤  와닿았어.",
    "rating": "7",
    "date": "14.01.24"
  },
  {
    "review_id": "8411386",
    "movie_id": "102241",
    "author": "yes4****",
    "review": "투 파더스 는 없냐...??",
    "rating": "6",
    "date": "14.01.22"
  },
  {
    "review_id": "8406637",
    "movie_id": "102241",
    "author": "come****",
    "review": "나오미와츠보다 로빈라이트가 더 매력적이다. 자비에르사무엘이 엄청 섹시하게 나온 영화",
    "rating": "8",
    "date": "14.01.21"
  },
  {
    "review_id": "8385013",
    "movie_id": "102241",
    "author": "dmsw****",
    "review": "기대했는데 처음부터끝까지재밌었어요",
    "rating": "10",
    "date": "14.01.15"
  },
  {
    "review_id": "8383955",
    "movie_id": "102241",
    "author": "llov****",
    "review": "와 전 정말 괜찮게봤어요 기대한거만큼 재밋네여",
    "rating": "10",
    "date": "14.01.15"
  },
  {
    "review_id": "8383655",
    "movie_id": "102241",
    "author": "alph****",
    "review": "이안은 MILF가 땡기면 지 엄마랑 해도 되었을텐데 섹시한 엄마 놔두고 못생긴 로즈한테 끌렸다는게 이해가 안감..절친 톰이 지엄마 따먹은거 복수할려고 엄마 위에서 열심히 박아대는데 분노하기는 커녕 질투심 조차도 안느낀다는게 신기함.",
    "rating": "10",
    "date": "14.01.15"
  },
  {
    "review_id": "8379840",
    "movie_id": "102241",
    "author": "redz****",
    "review": "배우4명의 연기덕에 몰입할수있었던 영화 연출력도 훌륭 이런스토리로 이렇게 잘만들기힘들듯 추천함!!!",
    "rating": "9",
    "date": "14.01.13"
  },
  {
    "review_id": "8370700",
    "movie_id": "102241",
    "author": "flee****",
    "review": "여감독의 기적 같은 희망,나이 든 아줌마들의 발칙한 로망....모든 사람이 이해해준다고 해도 이런 일은 일어나지 않아요..꿈 깨세요",
    "rating": "1",
    "date": "14.01.11"
  },
  {
    "review_id": "8354779",
    "movie_id": "102241",
    "author": "krho****",
    "review": "3번봤네요. 연출이나  주인공들간의 심리묘사, 배우들의 연기.. 흠 잡을데 없네요. 영화는 영화로만 보길..",
    "rating": "10",
    "date": "14.01.06"
  },
  {
    "review_id": "8333112",
    "movie_id": "102241",
    "author": "babo****",
    "review": "투마더스말고 투파더스합시다.",
    "rating": "1",
    "date": "14.01.01"
  },
  {
    "review_id": "8331728",
    "movie_id": "102241",
    "author": "kbrl****",
    "review": "이런 발상은 어디에서 나왔는지 놀랍네요 전 재미있게 봤어요~~ 그 해변에서 넷이 얼굴 맞대고 살다보니 이성적인 감정은 들수있습니다 그리고 여기서 느껴지는것은 여자임을 잊고 사는 40대도 여전히 여자고 심장이 뛰고 있다는것.. 남자배우도 굿굿",
    "rating": "9",
    "date": "14.01.01"
  }
]