[
  {
    "review": "무척 재미있게 본 영화 ...",
    "date": "15.08.26",
    "rating": "10",
    "author": "loop****",
    "review_id": "10275734",
    "movie_id": "10236"
  },
  {
    "review": "학력고사 끝나고 소개팅녀와 함께 지금은 없어진 국도극장에서 본 추억의 영화. 소개팅녀가 여주인공 다이안 레인을 닮았었음.",
    "date": "14.12.03",
    "rating": "9",
    "author": "stev****",
    "review_id": "9442903",
    "movie_id": "10236"
  },
  {
    "review": "영화자체는 평작이지만 주연배우들의  매력이 엄청나고 그보다 더 매력적인 엄청난 OST가 추억의명화로바뀜..",
    "date": "14.10.25",
    "rating": "9",
    "author": "dust****",
    "review_id": "9314847",
    "movie_id": "10236"
  },
  {
    "review": "영화 Streets of fire 하면 생각 나는게 바로  'Nowhere fast' 이다. 다이언 레인이 노래하는 장면이 압권...",
    "date": "14.09.27",
    "rating": "10",
    "author": "camp****",
    "review_id": "9243239",
    "movie_id": "10236"
  },
  {
    "review": "중학교 1학년 때 문화교실 가서 봤었는데~ 어느덧 세월이~ 지금 다시 봐도 잼있겠지?",
    "date": "14.07.30",
    "rating": "9",
    "author": "dols****",
    "review_id": "8981300",
    "movie_id": "10236"
  },
  {
    "review": "제가 쓴 '20세기 할리우드 드문 영화 걸작선 94편' 이라는 책에도 이 영화 내용이 있습니다. 네이버에서 바로 검색됩니다. 스트리트 오브 화이어 뿐만 아니라 주옥같은 작품들을 모아놨습니다. 월터 힐의 불야성 같은 전설이 바로 스트리트 오브 화이어.",
    "date": "14.07.15",
    "rating": "10",
    "author": "sykm****",
    "review_id": "8917831",
    "movie_id": "10236"
  },
  {
    "review": "월터 힐 감독의 흥행 개망작이지만 블록버스터 컬트로 거듭났다. 마이클 파레가 이 영화에 나온 모든 남자, 여자 배우들을 오징어로 만들어 버린다. 심지어 여주인공 다이안 레인 마져도..",
    "date": "14.06.20",
    "rating": "8",
    "author": "chin****",
    "review_id": "8843291",
    "movie_id": "10236"
  },
  {
    "review": "캡콤에게 갓이널 파이트를 낳게 해주신 주 스트리트 오브 파이어님을 찬양하옵나이다",
    "date": "14.06.06",
    "rating": "9",
    "author": "expr****",
    "review_id": "8805646",
    "movie_id": "10236"
  },
  {
    "review": "스크린을 뚫고 나올듯한 허세..",
    "date": "14.04.12",
    "rating": "4",
    "author": "bbq2****",
    "review_id": "8645954",
    "movie_id": "10236"
  },
  {
    "review": "지극히 단순한 내용! 그리고 다이안 레인은 젊었을 때 보다 지금이 더 나은 듯..",
    "date": "13.12.03",
    "rating": "7",
    "author": "katy****",
    "review_id": "8188182",
    "movie_id": "10236"
  },
  {
    "review": "아 그립네요.. 그때가",
    "date": "13.06.18",
    "rating": "10",
    "author": "star****",
    "review_id": "7653670",
    "movie_id": "10236"
  },
  {
    "review": "당시 학력고사 끝나고 친구들이랑 보던영화 .나름 추억에 잠기게 하는영화입니다.",
    "date": "13.05.24",
    "rating": "9",
    "author": "0176****",
    "review_id": "7551258",
    "movie_id": "10236"
  },
  {
    "review": "이게 90년대 오락실을 점령한 그 유명한! 89스트리트(Final fight)를 모티브로 만든영화입니다. 조이스틱을 왼쪽오른쪽 왔다갔다 하면 깡패들이 걸려서 못빠져 나오게 만든다는.. 두목도 마찬가지 ㅎㅎ 여튼 엄청인기많은 게임.",
    "date": "13.05.17",
    "rating": "10",
    "author": "snas****",
    "review_id": "7532902",
    "movie_id": "10236"
  },
  {
    "review": "열라 황당하네",
    "date": "13.03.11",
    "rating": "3",
    "author": "dbzh****",
    "review_id": "7341146",
    "movie_id": "10236"
  },
  {
    "review": "사운트 트랙이 인기였던 마초이즘 강한 현대판 서부극",
    "date": "12.08.29",
    "rating": "7",
    "author": "guev****",
    "review_id": "6653667",
    "movie_id": "10236"
  },
  {
    "review": "강추! 음악은 10점 만점 최고. 남녀 주인공도 너무 멋지고 스토리는 평이하다.",
    "date": "12.02.17",
    "rating": "10",
    "author": "jch0****",
    "review_id": "6081355",
    "movie_id": "10236"
  },
  {
    "review": "강렬하고 인상적인 록큰롤... 그리고 다이안 레인은 여신이었다...",
    "date": "11.12.20",
    "rating": "7",
    "author": "blue****",
    "review_id": "5918090",
    "movie_id": "10236"
  },
  {
    "review": "어릴때보면 안되는 영화.. 톰,레이븐 누굴따라하더라도 문제가..그러나 영화는 멋있다",
    "date": "11.10.01",
    "rating": "9",
    "author": "kimw****",
    "review_id": "5764155",
    "movie_id": "10236"
  },
  {
    "review": "'척'하는 영화..다만 볼 것은 다이안 레인의 젋은 시절",
    "date": "11.08.18",
    "rating": "3",
    "author": "cont****",
    "review_id": "5667401",
    "movie_id": "10236"
  },
  {
    "review": "하여간 남자들이란~~",
    "date": "11.07.03",
    "rating": "10",
    "author": "cheo****",
    "review_id": "5517677",
    "movie_id": "10236"
  },
  {
    "review": "남자주인공이 멋지다. 음악이 멋지다. 끝.",
    "date": "11.06.02",
    "rating": "6",
    "author": "myst****",
    "review_id": "5461283",
    "movie_id": "10236"
  },
  {
    "review": "다시봐도 짜릿했던...",
    "date": "10.05.10",
    "rating": "10",
    "author": "carr****",
    "review_id": "4490778",
    "movie_id": "10236"
  },
  {
    "review": "80년대 중반... 청춘폭력물의 대명사였죠... 마이클파레 리즈시절. 전세계적인 히트.",
    "date": "10.03.21",
    "rating": "10",
    "author": "evil****",
    "review_id": "4372269",
    "movie_id": "10236"
  },
  {
    "review": "불후의 명작 !",
    "date": "10.03.06",
    "rating": "10",
    "author": "foab****",
    "review_id": "4338484",
    "movie_id": "10236"
  },
  {
    "review": "별로 볼거 업다네 ㅋㅋ",
    "date": "10.02.27",
    "rating": "1",
    "author": "dino****",
    "review_id": "4322155",
    "movie_id": "10236"
  },
  {
    "review": "쓰레기영화라네 ㅋㅋ",
    "date": "10.02.27",
    "rating": "1",
    "author": "wjsh****",
    "review_id": "4322153",
    "movie_id": "10236"
  },
  {
    "review": "1983년 생인 내가 국민학교 2학년때 본비디오..잊을수 없던 노래..다시 봐도 재미있는",
    "date": "10.02.11",
    "rating": "10",
    "author": "kibu****",
    "review_id": "4268237",
    "movie_id": "10236"
  },
  {
    "review": "당시 극장에서 2번봤음..스크린앞쪽에서 폭죽도 터트렸음,,최고였음 ~~~~~",
    "date": "09.12.31",
    "rating": "10",
    "author": "fnsk****",
    "review_id": "4111181",
    "movie_id": "10236"
  },
  {
    "review": "강추 80년대 엔터테인의 맥스",
    "date": "09.10.28",
    "rating": "6",
    "author": "hhhi****",
    "review_id": "3921795",
    "movie_id": "10236"
  },
  {
    "review": "다이안레인의 노웨어패스트 빼곤, 허무맹랑 !",
    "date": "09.09.29",
    "rating": "5",
    "author": "evil****",
    "review_id": "3859321",
    "movie_id": "10236"
  },
  {
    "review": "그 시절 극장 스크린에 설치됐던 파격적인 빤짝이 조명.",
    "date": "09.08.24",
    "rating": "9",
    "author": "arti****",
    "review_id": "3782768",
    "movie_id": "10236"
  },
  {
    "review": "마지막 엔딩 Tonight Is What It Means To Be Young 의 전율 고1때 몇번을 들었을까?",
    "date": "09.07.15",
    "rating": "10",
    "author": "miss****",
    "review_id": "3635360",
    "movie_id": "10236"
  },
  {
    "review": "중2때 본 정말 유치한 영화. 다이안 레인의 멋진 립싱크 때문에 별 3개반을 준다.",
    "date": "09.06.26",
    "rating": "7",
    "author": "iyka****",
    "review_id": "3591279",
    "movie_id": "10236"
  },
  {
    "review": "한 스타일 하는구나.",
    "date": "09.02.06",
    "rating": "7",
    "author": "skat****",
    "review_id": "3281219",
    "movie_id": "10236"
  },
  {
    "review": "중딩때의 내가슴에 불을 싸질른 여인 다이안 레인.. 그리고 그 강렬한 록의 향연..",
    "date": "08.12.14",
    "rating": "10",
    "author": "rand****",
    "review_id": "3116728",
    "movie_id": "10236"
  },
  {
    "review": "어린 시절 나를 전율케 하던 그 멜로디....",
    "date": "08.12.07",
    "rating": "9",
    "author": "nwit****",
    "review_id": "3098708",
    "movie_id": "10236"
  },
  {
    "review": "80년대풍 적절한 음악과 강한 남자의 모습이 인상적.그리고 다이안레인",
    "date": "08.11.02",
    "rating": "10",
    "author": "robo****",
    "review_id": "3030560",
    "movie_id": "10236"
  },
  {
    "review": "정말신나는영화다 재미있게봤다 베스트오브짱",
    "date": "08.07.12",
    "rating": "10",
    "author": "ldg0****",
    "review_id": "2758028",
    "movie_id": "10236"
  },
  {
    "review": "또 보고 싶은 영화!",
    "date": "08.07.12",
    "rating": "10",
    "author": "myve****",
    "review_id": "2756376",
    "movie_id": "10236"
  },
  {
    "review": "80년대 최고의 영화라는거~",
    "date": "08.07.12",
    "rating": "10",
    "author": "mdjo****",
    "review_id": "2756374",
    "movie_id": "10236"
  },
  {
    "review": "주저없이 10점. 정말 다시 보고싶은 영화. 찾을수가 없네.",
    "date": "08.06.23",
    "rating": "10",
    "author": "equs****",
    "review_id": "2715857",
    "movie_id": "10236"
  },
  {
    "review": "정말 추천 하는영화",
    "date": "08.05.18",
    "rating": "10",
    "author": "skr2****",
    "review_id": "2647832",
    "movie_id": "10236"
  },
  {
    "review": "B급 냄새 물씬나는 영화",
    "date": "08.05.13",
    "rating": "10",
    "author": "dj_r****",
    "review_id": "2639095",
    "movie_id": "10236"
  },
  {
    "review": "장르가 불분명하군,약간 이상해,",
    "date": "08.04.09",
    "rating": "6",
    "author": "minb****",
    "review_id": "2569657",
    "movie_id": "10236"
  },
  {
    "review": "Best of Best",
    "date": "08.03.13",
    "rating": "10",
    "author": "kunb****",
    "review_id": "2518790",
    "movie_id": "10236"
  },
  {
    "review": "Nowhere fast 빼곤 나을게 없다. 9.57은 좀 심했다. 추억이 아닌 영화에 평점을 주라.",
    "date": "08.01.09",
    "rating": "6",
    "author": "kwan****",
    "review_id": "2309411",
    "movie_id": "10236"
  },
  {
    "review": "지금보면 유치한...하지만 지금봐도 느낄 수 있는 열정, 에너지",
    "date": "07.10.28",
    "rating": "10",
    "author": "buzz****",
    "review_id": "2119515",
    "movie_id": "10236"
  },
  {
    "review": "단순한 엔터테인먼트로써는 이다",
    "date": "07.09.23",
    "rating": "10",
    "author": "baks****",
    "review_id": "2041187",
    "movie_id": "10236"
  },
  {
    "review": "음악하나는 끝내준다",
    "date": "07.08.27",
    "rating": "8",
    "author": "deff****",
    "review_id": "1984702",
    "movie_id": "10236"
  },
  {
    "review": "박력은 있으나 파워가 부족하다",
    "date": "07.08.25",
    "rating": "5",
    "author": "okjo****",
    "review_id": "1976934",
    "movie_id": "10236"
  },
  {
    "review": "쿨하다. 월터힐 영화의 남자들은 언제나 인상적임.",
    "date": "07.06.07",
    "rating": "9",
    "author": "seun****",
    "review_id": "1688679",
    "movie_id": "10236"
  },
  {
    "review": "마이클 파레 주연의 예전 극장개봉명 \"에디\" 라는 영화를 찾고있습니다",
    "date": "07.05.13",
    "rating": "10",
    "author": "sbrl****",
    "review_id": "1635168",
    "movie_id": "10236"
  },
  {
    "review": "강렬하고 멋진영화...마지막 맛짱뜨는 장면 진짜 명장면이다.",
    "date": "07.03.23",
    "rating": "10",
    "author": "beni****",
    "review_id": "1549380",
    "movie_id": "10236"
  },
  {
    "review": "이제는 추억이 되어버린",
    "date": "07.03.04",
    "rating": "10",
    "author": "khan****",
    "review_id": "1517311",
    "movie_id": "10236"
  },
  {
    "review": "다이안 레인의 풋풋한 매력에 황홀...",
    "date": "07.02.12",
    "rating": "8",
    "author": "odjy****",
    "review_id": "1465029",
    "movie_id": "10236"
  },
  {
    "review": "노래가 이끄는 힘 50%...남자의 박력 50%...",
    "date": "07.02.11",
    "rating": "10",
    "author": "brit****",
    "review_id": "1461239",
    "movie_id": "10236"
  },
  {
    "review": "굿~~",
    "date": "07.01.18",
    "rating": "10",
    "author": "oopp****",
    "review_id": "1394611",
    "movie_id": "10236"
  },
  {
    "review": "남자라면 봐야할 선이 굵은 영화... 미국판 영웅본색(?)",
    "date": "07.01.04",
    "rating": "10",
    "author": "erol****",
    "review_id": "1355040",
    "movie_id": "10236"
  },
  {
    "review": "말로는 설명불가 사춘기시절 설레임에 빠지게한영화~~",
    "date": "06.10.27",
    "rating": "10",
    "author": "kji1****",
    "review_id": "1201113",
    "movie_id": "10236"
  },
  {
    "review": "Fire Inc. - Nowhere Fast (OST)",
    "date": "06.09.08",
    "rating": "10",
    "author": "kula****",
    "review_id": "1111118",
    "movie_id": "10236"
  },
  {
    "review": "80년대의 감성..그리고액션..정의의사도가 나가신다!!..",
    "date": "06.08.31",
    "rating": "10",
    "author": "jaux****",
    "review_id": "1091077",
    "movie_id": "10236"
  },
  {
    "review": "파이널 파이트의 제시카가 다이안레인...",
    "date": "06.08.20",
    "rating": "10",
    "author": "rich****",
    "review_id": "1061024",
    "movie_id": "10236"
  },
  {
    "review": "말이 필요없는 내생애 최고영화 3개중  하나!! 열창..열창...",
    "date": "06.07.18",
    "rating": "10",
    "author": "msw9****",
    "review_id": "905019",
    "movie_id": "10236"
  },
  {
    "review": "오~ 아직도 빨간옷입은 다이안레인이 생각나는군....흠흠",
    "date": "06.02.11",
    "rating": "10",
    "author": "daer****",
    "review_id": "663098",
    "movie_id": "10236"
  },
  {
    "review": "그당시 극장에서 두번을 봤는데, 지금 다시 보고 싶다.",
    "date": "06.01.25",
    "rating": "10",
    "author": "inha****",
    "review_id": "620385",
    "movie_id": "10236"
  },
  {
    "review": "오프닝과 엔딩의 다이안레인의 노래만으로도 10점~^^",
    "date": "06.01.20",
    "rating": "10",
    "author": "coco****",
    "review_id": "604142",
    "movie_id": "10236"
  },
  {
    "review": "글래디에이터 같은 코니와 레이븐의 마지막 결투장면!!",
    "date": "05.10.15",
    "rating": "10",
    "author": "3tri****",
    "review_id": "443753",
    "movie_id": "10236"
  },
  {
    "review": "청춘 맬로 액션의 교과서!! 다이안레인의 요염한 자태!!",
    "date": "05.08.01",
    "rating": "9",
    "author": "iceb****",
    "review_id": "345584",
    "movie_id": "10236"
  },
  {
    "review": "아직도 음악이 들리는듯 하다~",
    "date": "05.06.28",
    "rating": "10",
    "author": "ankd****",
    "review_id": "308335",
    "movie_id": "10236"
  },
  {
    "review": "액션도화끈하고,음악도 최고삼!!!와우 끝내주는영화~",
    "date": "05.06.16",
    "rating": "10",
    "author": "0016****",
    "review_id": "300915",
    "movie_id": "10236"
  },
  {
    "review": "내나이10살때극장에서본최초의외화로아직도그감동이생생한영화",
    "date": "05.06.13",
    "rating": "10",
    "author": "k2ys****",
    "review_id": "298899",
    "movie_id": "10236"
  },
  {
    "review": "지금 보면 다소 유치한 80년대물이지만 제법 역동적인 록큰롤 뮤지컬 무비",
    "date": "04.10.02",
    "rating": "9",
    "author": "rain****",
    "review_id": "118883",
    "movie_id": "10236"
  },
  {
    "review": "정말 재미있게 봤던 영화.음악이 신나고..사랑도 아름답고.",
    "date": "04.08.20",
    "rating": "10",
    "author": "kcka****",
    "review_id": "93319",
    "movie_id": "10236"
  },
  {
    "review": "락큰롤이여 영원하라!",
    "date": "04.07.09",
    "rating": "10",
    "author": "kans****",
    "review_id": "67504",
    "movie_id": "10236"
  }
]