[
  {
    "review": "'먼로가 필요한 이유'를 영화가 증명한다.",
    "date": "15.08.11",
    "rating": "7",
    "author": "rygh****",
    "review_id": "10217540",
    "movie_id": "10237"
  },
  {
    "review": "세기의 스타 마릴린 먼로! 절대 잊지 않겠습니다.",
    "date": "15.08.10",
    "rating": "10",
    "author": "tekt****",
    "review_id": "10213737",
    "movie_id": "10237"
  },
  {
    "review": "이건 뭐 망상 착각 개 쩌는 자존감 ㄴㄴ한 남자 얘기네. 마릴린 먼로는 철없는 어린 여자애로 나오고....평점 7중 6은 먼로가 존예기 때문임",
    "date": "15.06.14",
    "rating": "7",
    "author": "okdr****",
    "review_id": "9999737",
    "movie_id": "10237"
  },
  {
    "review": "평점이 이게 머야. 미들수 없음",
    "date": "15.04.25",
    "rating": "7",
    "author": "supe****",
    "review_id": "9867815",
    "movie_id": "10237"
  },
  {
    "review": "신경증에 걸린 소심한 사람들의 상상을 상상에서 벗어나게 해주는 영화",
    "date": "15.03.22",
    "rating": "9",
    "author": "dn_9****",
    "review_id": "9798391",
    "movie_id": "10237"
  },
  {
    "review": "일본애니중에 살짝 야하게 가는거랑 비슷...",
    "date": "15.03.18",
    "rating": "10",
    "author": "vlvk****",
    "review_id": "9790732",
    "movie_id": "10237"
  },
  {
    "review": "My Blockbuster, The Movie! 그리고, 내 감정을 불러 일으켰다.",
    "date": "15.01.10",
    "rating": "10",
    "author": "1004****",
    "review_id": "9579112",
    "movie_id": "10237"
  }
]