[
  {
    "review": "리암 니슨이 나왔다고 막 주네 그냥",
    "date": "15.04.14",
    "rating": "1",
    "author": "hang****",
    "review_id": "9845299",
    "movie_id": "10246"
  },
  {
    "review": "초딩 때의 추억... 저예연 기 가  산이지만, 타국으로 옮긴 리암리슨의 초기 연기가 인상적인 어린 나의 오감을 만족시켰던 작품.. 이 때부터 리암리슨의 팬이 되었음..",
    "date": "15.03.23",
    "rating": "10",
    "author": "nulp****",
    "review_id": "9801371",
    "movie_id": "10246"
  },
  {
    "review": "90년도 미국 영화 특유의 재치..2편이 왜 안나온 것인가.니슨 형님의 30대 시절을 감상하는 재미도~",
    "date": "15.03.13",
    "rating": "9",
    "author": "cred****",
    "review_id": "9776509",
    "movie_id": "10246"
  },
  {
    "review": "다크맨1  ,프랑켄슈타인1994, 대부1 ~  믿고보는 대작영화~",
    "date": "15.03.09",
    "rating": "10",
    "author": "cono****",
    "review_id": "9767710",
    "movie_id": "10246"
  },
  {
    "review": "지금보면 완죤 허접...",
    "date": "15.01.31",
    "rating": "2",
    "author": "dbzh****",
    "review_id": "9655684",
    "movie_id": "10246"
  },
  {
    "review": "솔직히 약간 실망....뭔가 더 화끈하고 긴장될수 있을텐데!!!",
    "date": "15.01.10",
    "rating": "8",
    "author": "o0o1****",
    "review_id": "9581526",
    "movie_id": "10246"
  },
  {
    "review": "샘 레이미가 창조한 최고의 안티 히어로. 걸작이다.",
    "date": "14.12.15",
    "rating": "9",
    "author": "cube****",
    "review_id": "9477488",
    "movie_id": "10246"
  },
  {
    "review": "훌륭한 B급 보복 영화. 래리 드레이크의 악역 연기가 뇌리에 깊이 박히게 된다.",
    "date": "14.12.01",
    "rating": "8",
    "author": "yaso****",
    "review_id": "9439634",
    "movie_id": "10246"
  },
  {
    "review": "저능아 수준의 연출력 ㅇ",
    "date": "14.11.11",
    "rating": "1",
    "author": "gonn****",
    "review_id": "9369517",
    "movie_id": "10246"
  },
  {
    "review": "재밌게 봤었다....",
    "date": "14.11.09",
    "rating": "8",
    "author": "kem1****",
    "review_id": "9363875",
    "movie_id": "10246"
  },
  {
    "review": "옛날에 정말 재미있고 인상깊게 봤던 영화 였는데...",
    "date": "14.11.02",
    "rating": "10",
    "author": "x_me****",
    "review_id": "9336886",
    "movie_id": "10246"
  },
  {
    "review": "화상입은 애자의 발악 노잼",
    "date": "14.10.07",
    "rating": "1",
    "author": "paem****",
    "review_id": "9271788",
    "movie_id": "10246"
  },
  {
    "review": "제발 리부트하자 제발ㅠㅠ 최고 간지나는 히어로",
    "date": "14.06.24",
    "rating": "10",
    "author": "pima****",
    "review_id": "8851632",
    "movie_id": "10246"
  },
  {
    "review": "90년  그 때를 생각하면 秀作!! 포스터는 지금봐도 멋있다. 리메이크 꼭 좀 해줬으면 ㅜ ㅜ",
    "date": "14.04.16",
    "rating": "10",
    "author": "soof****",
    "review_id": "8652835",
    "movie_id": "10246"
  },
  {
    "review": "난 무척 재밌게 봤는데 왜 이렇게 평점이 낮지? 스토리나 대사 연출 다 좋던데. 아무튼 난 좋았음. 많이.",
    "date": "13.06.25",
    "rating": "9",
    "author": "melv****",
    "review_id": "7679562",
    "movie_id": "10246"
  },
  {
    "review": "스토리라인은 공을 들인 흔적이 보인다",
    "date": "13.03.30",
    "rating": "6",
    "author": "cont****",
    "review_id": "7424134",
    "movie_id": "10246"
  },
  {
    "review": "샘 레이미의 뛰어난 비쥬얼에 높이평가하지만..주인공에 대한 부족한 묘사와 연출이 아쉬웠던 영화...중학교때 이영화 극장에서 상영할때 정말 보고 싶었는데...ㅎㅎ",
    "date": "12.10.09",
    "rating": "5",
    "author": "thra****",
    "review_id": "6776473",
    "movie_id": "10246"
  },
  {
    "review": "샘레이미식 B무비, 하지만 뭔가좀 아쉽다.",
    "date": "12.09.27",
    "rating": "6",
    "author": "kara****",
    "review_id": "6735859",
    "movie_id": "10246"
  },
  {
    "review": "흘러가버린 영화",
    "date": "12.09.20",
    "rating": "4",
    "author": "haeg****",
    "review_id": "6714464",
    "movie_id": "10246"
  },
  {
    "review": "왠지모를 중독성이 강한 영화",
    "date": "12.09.18",
    "rating": "8",
    "author": "ypal****",
    "review_id": "6710079",
    "movie_id": "10246"
  },
  {
    "review": "어찌보면 스파이더맨보다 더 좋아하는 히어로물.... (1편만...) 샘레이미가 오즈 끝내고 이거 이메이크 혹은 리부트 해주면 좋을텐데 ㅜㅡㅜ 이블데드도 리메이크하니까..",
    "date": "12.08.06",
    "rating": "9",
    "author": "znls****",
    "review_id": "6578151",
    "movie_id": "10246"
  },
  {
    "review": "지금으로서는...도저히 못봐주겠다...심하게 말도 안되고...",
    "date": "12.07.17",
    "rating": "4",
    "author": "inma****",
    "review_id": "6490020",
    "movie_id": "10246"
  },
  {
    "review": "샘 레이미의 오리지널 슈퍼 히어로 다크맨은 실험성과 재미 모두를 제공한다",
    "date": "12.04.15",
    "rating": "8",
    "author": "leon****",
    "review_id": "6224119",
    "movie_id": "10246"
  },
  {
    "review": "완전 우울하고 어두움..불의의 타격으로 악당에게 복수하는, 우리의 다크맨..",
    "date": "12.03.27",
    "rating": "7",
    "author": "crui****",
    "review_id": "6173418",
    "movie_id": "10246"
  },
  {
    "review": "먼가 있어 보일려는 요즘 히어로들과는 다른 그냥 무난한 다크 히어로물",
    "date": "12.02.29",
    "rating": "8",
    "author": "303p****",
    "review_id": "6111341",
    "movie_id": "10246"
  },
  {
    "review": "케이블에서되게 재밋게봤는데 ㅋㅋ",
    "date": "12.01.16",
    "rating": "10",
    "author": "myju****",
    "review_id": "5990488",
    "movie_id": "10246"
  },
  {
    "review": "샘레이미 스타일의 개그+액션",
    "date": "11.10.27",
    "rating": "8",
    "author": "virt****",
    "review_id": "5812183",
    "movie_id": "10246"
  },
  {
    "review": "샘레이미의 B급 기질을 제대로 느낄 수 있다. 괴작에 가까운 다크 히어로물.",
    "date": "11.09.05",
    "rating": "5",
    "author": "floa****",
    "review_id": "5709290",
    "movie_id": "10246"
  },
  {
    "review": "스릴을 주는 것은 고예산 그래픽이 아닌 연출. 초반부는 훌륭하나 좀 어수룩하다.",
    "date": "11.06.17",
    "rating": "8",
    "author": "ymry****",
    "review_id": "5485372",
    "movie_id": "10246"
  },
  {
    "review": "파괴된 자로서 파괴자라는 정체성 형성과정. 종반부 독백에서 다크나이트가 보인다.",
    "date": "11.06.14",
    "rating": "7",
    "author": "biza****",
    "review_id": "5481072",
    "movie_id": "10246"
  },
  {
    "review": "옛날에 정말 좋아했던 영화인데 내가 좋아하는 리암니슨이 나왔었다니",
    "date": "11.06.09",
    "rating": "10",
    "author": "alsc****",
    "review_id": "5472642",
    "movie_id": "10246"
  },
  {
    "review": "나9살때 나온영화네 ㄷㄷ 리암니슨은 이때도 목소리가 좋았구나",
    "date": "11.04.29",
    "rating": "8",
    "author": "ggba****",
    "review_id": "5397550",
    "movie_id": "10246"
  },
  {
    "review": "리암니슨이라니!!!! 킬링타임용으로 제격이지만, 세월을 감안해야함. 어설픈 CG",
    "date": "11.02.27",
    "rating": "8",
    "author": "pass****",
    "review_id": "5279564",
    "movie_id": "10246"
  },
  {
    "review": "평범함.",
    "date": "10.09.08",
    "rating": "7",
    "author": "dlwo****",
    "review_id": "4824317",
    "movie_id": "10246"
  },
  {
    "review": "명대사는 난그누구도될수있고,아무도아닐수도있다.날다크맨이라불러줘. 이거라고 ㅡㅡ",
    "date": "10.08.31",
    "rating": "10",
    "author": "rbtj****",
    "review_id": "4807048",
    "movie_id": "10246"
  },
  {
    "review": "주인공이 리암 니슨이었군.. 당시는 좀 무명이었는데 지금은 완전한 스타...ㅋ",
    "date": "10.08.30",
    "rating": "10",
    "author": "ehpt****",
    "review_id": "4806876",
    "movie_id": "10246"
  },
  {
    "review": "정말 대작임...",
    "date": "10.08.26",
    "rating": "10",
    "author": "dhwl****",
    "review_id": "4794381",
    "movie_id": "10246"
  },
  {
    "review": "재밌게봤음ㅋㅋ",
    "date": "10.08.07",
    "rating": "10",
    "author": "li79****",
    "review_id": "4717272",
    "movie_id": "10246"
  },
  {
    "review": "제목도 설정도 기대를 갖게 했지만 다소 엉성한 스토리에 좀 미적지근;;",
    "date": "10.07.09",
    "rating": "7",
    "author": "yank****",
    "review_id": "4625230",
    "movie_id": "10246"
  },
  {
    "review": "가면놀이의 남발이 독이 되었다",
    "date": "10.07.03",
    "rating": "4",
    "author": "goms****",
    "review_id": "4608962",
    "movie_id": "10246"
  },
  {
    "review": "괴작?수작?",
    "date": "10.05.04",
    "rating": "9",
    "author": "murd****",
    "review_id": "4478958",
    "movie_id": "10246"
  },
  {
    "review": "잼있어요...",
    "date": "10.04.14",
    "rating": "10",
    "author": "qhde****",
    "review_id": "4432448",
    "movie_id": "10246"
  },
  {
    "review": "좀 이상했음.",
    "date": "10.04.14",
    "rating": "6",
    "author": "jsh_****",
    "review_id": "4431807",
    "movie_id": "10246"
  },
  {
    "review": "지루함이 없는 샘 레이미식 저예산 최고의 S.F 액션 스릴러 종합선물세트...",
    "date": "10.03.24",
    "rating": "9",
    "author": "4ujo****",
    "review_id": "4382362",
    "movie_id": "10246"
  },
  {
    "review": "샘 레이미는 이런 영화를 찍는 사람이구나 하는걸 느낄수 있었다.",
    "date": "10.02.03",
    "rating": "8",
    "author": "ard2****",
    "review_id": "4240169",
    "movie_id": "10246"
  },
  {
    "review": "리암니슨 나와서 봤다 ㅋㅋㅋ",
    "date": "09.12.09",
    "rating": "10",
    "author": "biki****",
    "review_id": "4030281",
    "movie_id": "10246"
  },
  {
    "review": "지루한 액션과 스토리.",
    "date": "09.12.09",
    "rating": "7",
    "author": "noxp****",
    "review_id": "4030256",
    "movie_id": "10246"
  },
  {
    "review": "만화를 보는 듯한 재미",
    "date": "09.10.22",
    "rating": "7",
    "author": "bbob****",
    "review_id": "3908377",
    "movie_id": "10246"
  },
  {
    "review": "이걸 왜 이제야 봤을까?",
    "date": "09.09.28",
    "rating": "7",
    "author": "evil****",
    "review_id": "3859231",
    "movie_id": "10246"
  },
  {
    "review": "시간이 지나면 녹아내리는 인공가면을 쓴 주인공의 활약상이 아직도 잊혀지지 않는다",
    "date": "09.08.03",
    "rating": "8",
    "author": "gall****",
    "review_id": "3699615",
    "movie_id": "10246"
  },
  {
    "review": "재밋게밧는데 다크맨면상때문에 18세된게아닐가싶음",
    "date": "09.07.30",
    "rating": "10",
    "author": "fhrr****",
    "review_id": "3684008",
    "movie_id": "10246"
  },
  {
    "review": "난 재밌던데 ㅋㅋㅋㅋㅋ",
    "date": "09.07.30",
    "rating": "10",
    "author": "dhrc****",
    "review_id": "3683812",
    "movie_id": "10246"
  },
  {
    "review": "다크히어로물의 걸작..",
    "date": "09.07.30",
    "rating": "10",
    "author": "ecaa****",
    "review_id": "3683242",
    "movie_id": "10246"
  },
  {
    "review": "당시엔 괜찮았지.. 시간차를 좀 생각하고 점수들을 주렴..",
    "date": "09.07.18",
    "rating": "10",
    "author": "hdd2****",
    "review_id": "3642669",
    "movie_id": "10246"
  },
  {
    "review": "평점9점대고 스파이더맨 감독이라 뭔가 대단한 영화일것라고 생각했는데...그냥 봤어!",
    "date": "09.07.10",
    "rating": "6",
    "author": "inbb****",
    "review_id": "3622786",
    "movie_id": "10246"
  },
  {
    "review": "ㅅ.ㅂ 슈퍼액션 채널에서 네이버 평점 9.1이라고 당당히 띄여놓고 방영하던데 개세네",
    "date": "09.07.09",
    "rating": "10",
    "author": "youj****",
    "review_id": "3620630",
    "movie_id": "10246"
  },
  {
    "review": "ㅅ.ㅂ 슈퍼액션 채널에서 네이버 평점 9.1이라고 당당히 띄여놓고 방영하던데 7.99네",
    "date": "09.07.09",
    "rating": "10",
    "author": "khjj****",
    "review_id": "3620585",
    "movie_id": "10246"
  },
  {
    "review": "이게 샘레미 영화였군  ㅋㅋ 어쩐지 어딘가 이블데드랑..분위기가 ㅋㅋㅋㅋㅋ",
    "date": "09.07.09",
    "rating": "10",
    "author": "ghos****",
    "review_id": "3619612",
    "movie_id": "10246"
  },
  {
    "review": "다시 봐도 재밌다. 꼭 한 번은 봐야할 샘레이미의 영화",
    "date": "09.07.09",
    "rating": "10",
    "author": "ulsa****",
    "review_id": "3619476",
    "movie_id": "10246"
  },
  {
    "review": "추천추천.",
    "date": "09.07.09",
    "rating": "10",
    "author": "supe****",
    "review_id": "3619466",
    "movie_id": "10246"
  },
  {
    "review": "그래도 볼만했다 네티즌평점 9.8 이라해서 밧다 근데 솔직히 9.8 은아니다 그래도 굿.",
    "date": "09.07.08",
    "rating": "8",
    "author": "rkdw****",
    "review_id": "3618870",
    "movie_id": "10246"
  },
  {
    "review": "외모가 변하면 내면도 변한다?! 결국 외모가 중요하다? 안타까운 복수극!",
    "date": "09.05.21",
    "rating": "7",
    "author": "deka****",
    "review_id": "3509864",
    "movie_id": "10246"
  },
  {
    "review": "액션최강 리암니슨의 변신",
    "date": "09.05.13",
    "rating": "10",
    "author": "pib1****",
    "review_id": "3491709",
    "movie_id": "10246"
  },
  {
    "review": "스파이더맨의 기원",
    "date": "09.04.26",
    "rating": "7",
    "author": "uzi4****",
    "review_id": "3441460",
    "movie_id": "10246"
  },
  {
    "review": "좀 슬프다.",
    "date": "09.04.08",
    "rating": "10",
    "author": "ocnb****",
    "review_id": "3411115",
    "movie_id": "10246"
  },
  {
    "review": "다시 봐도 재밌다.",
    "date": "09.02.25",
    "rating": "10",
    "author": "burn****",
    "review_id": "3332271",
    "movie_id": "10246"
  },
  {
    "review": "위트가 넘치고 정말 재밌습니다",
    "date": "09.02.21",
    "rating": "8",
    "author": "tows****",
    "review_id": "3322163",
    "movie_id": "10246"
  },
  {
    "review": "퍼니셔와 견주어 다크히어로의 표상. 마지막은 이블데드 가이~",
    "date": "09.02.11",
    "rating": "8",
    "author": "unre****",
    "review_id": "3293934",
    "movie_id": "10246"
  },
  {
    "review": "엉성하지만 그만의 흡입력있는 연출력은 알아줘야되",
    "date": "09.02.10",
    "rating": "7",
    "author": "good****",
    "review_id": "3292747",
    "movie_id": "10246"
  },
  {
    "review": "뭔가가 엉성하다..",
    "date": "09.02.08",
    "rating": "5",
    "author": "4455****",
    "review_id": "3287724",
    "movie_id": "10246"
  },
  {
    "review": "왜이렇게 평점이 높아 장난하나",
    "date": "09.02.07",
    "rating": "1",
    "author": "gamm****",
    "review_id": "3286071",
    "movie_id": "10246"
  },
  {
    "review": "빠른 템포의 흡입력. 어두운 카리스마.",
    "date": "09.02.04",
    "rating": "10",
    "author": "lika****",
    "review_id": "3277876",
    "movie_id": "10246"
  },
  {
    "review": "묘하고, 슬프고, 신기하고, 재밌다...",
    "date": "09.02.02",
    "rating": "10",
    "author": "yoon****",
    "review_id": "3272893",
    "movie_id": "10246"
  },
  {
    "review": "조잡해도 끝까지 봐야한다.",
    "date": "09.02.02",
    "rating": "10",
    "author": "nood****",
    "review_id": "3272537",
    "movie_id": "10246"
  },
  {
    "review": "어쨌든 한눈팔지 못하게 만든다.",
    "date": "09.01.29",
    "rating": "7",
    "author": "skat****",
    "review_id": "3259896",
    "movie_id": "10246"
  },
  {
    "review": "어릴때 봤던 영화 1,2,3편을 다 봤지만 멋졌다.",
    "date": "09.01.27",
    "rating": "8",
    "author": "cool****",
    "review_id": "3254863",
    "movie_id": "10246"
  },
  {
    "review": "나도 샘레이미 영화 좋아하지만 이건 욕나온다",
    "date": "09.01.23",
    "rating": "2",
    "author": "dmlw****",
    "review_id": "3240611",
    "movie_id": "10246"
  },
  {
    "review": "굳. B급이지만 지금 보니 감독,배우 모두 특A급 물론 재미는 예전부터A",
    "date": "09.01.23",
    "rating": "10",
    "author": "ejrw****",
    "review_id": "3240569",
    "movie_id": "10246"
  },
  {
    "review": "이블데드 시리즈보다 훨씬 낫다 ....",
    "date": "09.01.19",
    "rating": "10",
    "author": "dj16****",
    "review_id": "3232650",
    "movie_id": "10246"
  },
  {
    "review": "샘레이미의 b급은 역시 나와는 안맞다...",
    "date": "09.01.13",
    "rating": "5",
    "author": "bbag****",
    "review_id": "3217567",
    "movie_id": "10246"
  },
  {
    "review": "90년 작품임을 감안하면 꽤 괜찮다. 그가 다크맨이 될수밖에 없는 이유.",
    "date": "09.01.13",
    "rating": "8",
    "author": "leh0****",
    "review_id": "3217490",
    "movie_id": "10246"
  },
  {
    "review": "리암닐슨의 예전 색다른 모습을 보는 것만으로도 감동.",
    "date": "09.01.09",
    "rating": "10",
    "author": "suac****",
    "review_id": "3204663",
    "movie_id": "10246"
  },
  {
    "review": "90년대 최고의 안티히어로 무비",
    "date": "09.01.09",
    "rating": "10",
    "author": "aeon****",
    "review_id": "3204645",
    "movie_id": "10246"
  },
  {
    "review": "슈퍼맨,스파이더맨같은초인적인영웅을기대하지는말라.배트맨같은 부류도 아니다",
    "date": "08.11.23",
    "rating": "8",
    "author": "cman****",
    "review_id": "3068265",
    "movie_id": "10246"
  },
  {
    "review": "<다크 나이트>와 더불어 내가 알고 있는 최고의 히어로 영화",
    "date": "08.11.10",
    "rating": "10",
    "author": "sega****",
    "review_id": "3043210",
    "movie_id": "10246"
  },
  {
    "review": "최초의 안티히어로 무비",
    "date": "08.09.22",
    "rating": "10",
    "author": "dawn****",
    "review_id": "2964539",
    "movie_id": "10246"
  },
  {
    "review": "B급영화 그러나 재미는 A급",
    "date": "08.08.05",
    "rating": "9",
    "author": "vajr****",
    "review_id": "2836217",
    "movie_id": "10246"
  },
  {
    "review": "아주 오래 전 여름에 토요명화 같은데에서 봤다. 모기장 치고.. 정말 멋졌다.",
    "date": "08.07.04",
    "rating": "9",
    "author": "yell****",
    "review_id": "2740409",
    "movie_id": "10246"
  },
  {
    "review": "아무리 옛날 영화라지만 어설픈건 사실...",
    "date": "08.06.22",
    "rating": "2",
    "author": "lmhc****",
    "review_id": "2714385",
    "movie_id": "10246"
  },
  {
    "review": "맙소사... 리암 니슨 이었구나...",
    "date": "08.05.24",
    "rating": "9",
    "author": "inth****",
    "review_id": "2658814",
    "movie_id": "10246"
  },
  {
    "review": "암울하고 슬프다.",
    "date": "07.12.25",
    "rating": "8",
    "author": "pawr****",
    "review_id": "2264584",
    "movie_id": "10246"
  },
  {
    "review": "B급영화의 블록버스터! 샘 레이미 그의 색깔이 짙은 영화",
    "date": "07.11.21",
    "rating": "10",
    "author": "radi****",
    "review_id": "2170614",
    "movie_id": "10246"
  },
  {
    "review": "마지막 장면은 아직도 잊을 수 없다..",
    "date": "07.11.03",
    "rating": "10",
    "author": "jy72****",
    "review_id": "2131164",
    "movie_id": "10246"
  },
  {
    "review": "good",
    "date": "07.10.26",
    "rating": "2",
    "author": "cles****",
    "review_id": "2112977",
    "movie_id": "10246"
  },
  {
    "review": "B급을 가장한 걸작... 정답이다",
    "date": "07.10.12",
    "rating": "10",
    "author": "rasa****",
    "review_id": "2084258",
    "movie_id": "10246"
  },
  {
    "review": "영웅 스토리? 호러무비? 독창적인 수작",
    "date": "07.08.05",
    "rating": "9",
    "author": "jero****",
    "review_id": "1878626",
    "movie_id": "10246"
  },
  {
    "review": "샘레이미 잔혹함은 여기서도 빛을 발한다",
    "date": "07.07.17",
    "rating": "9",
    "author": "deff****",
    "review_id": "1783218",
    "movie_id": "10246"
  },
  {
    "review": "이블데드 이후로 날 기쁘게 해준영화..다크맨의 착한얼굴..",
    "date": "07.05.28",
    "rating": "10",
    "author": "asd5****",
    "review_id": "1668904",
    "movie_id": "10246"
  },
  {
    "review": "샘레이미의 작품 중 이블데드2와 함께 최고의 걸작이라 부르고 싶다..",
    "date": "07.02.27",
    "rating": "10",
    "author": "nirv****",
    "review_id": "1505954",
    "movie_id": "10246"
  },
  {
    "review": "또다른 초인 영웅",
    "date": "07.02.13",
    "rating": "2",
    "author": "ysuh****",
    "review_id": "1467677",
    "movie_id": "10246"
  }
]