[
  {
    "review": "이제는 다시 만들고싶어도 만들수없는 과거명작들... 어릴적 보다 성인인 지금 더 와닫는게많다... 20년이 더 지나면 펑펑 울면서 볼까?... 우리는 지금 과연 얼마나 옳바르고 슬기로운 문명인가?? 우리는 영화속 사냥꾼들과 다르지않다...더심할뿐...",
    "date": "15.08.25",
    "rating": "10",
    "author": "kjad****",
    "review_id": "10274675",
    "movie_id": "10244"
  },
  {
    "review": "정말 감동스럽게 봤던 영화인데  다시 보고 싶어서 다운 받으려고 했더니 안 되네요. ㅠ네이버에서도 다운받을 수 있게 꼭 해주셨음 좋겠어요..",
    "date": "15.08.22",
    "rating": "10",
    "author": "wonn****",
    "review_id": "10261980",
    "movie_id": "10244"
  },
  {
    "review": "케빈 코스트너에게 경의를 표한다",
    "date": "15.08.16",
    "rating": "10",
    "author": "nata****",
    "review_id": "10238224",
    "movie_id": "10244"
  },
  {
    "review": "긴 런닝타임으로 지루할 수도 있지만 전체적으로 유익한 영화였다. 인디언 언어라든지 시대적 배경 또한 훌륭했고 원래 자기들 땅이였던 인디언들의 터전을 지키려는 노력은 백인들과의 마찰을 초래할 수 밖에 없다. 신대륙 발견이란 결국 인더언 침략사의 출발",
    "date": "15.06.17",
    "rating": "8",
    "author": "zxvt****",
    "review_id": "10005542",
    "movie_id": "10244"
  },
  {
    "review": "케빈 코스트너가 배우뿐만 아니라 감독에도 엄청난 천재성을 보여준 영화 그리고 수많은 생각을 하게해준 영화이다. 3시간50분의 긴 러닝타임으로 다소 지루해할수도 있지만  그 단점은 이 영화앞에서는 아주 작은 단점에 불과하게 만들뿐인듯하다",
    "date": "15.06.13",
    "rating": "10",
    "author": "wjdd****",
    "review_id": "9996374",
    "movie_id": "10244"
  },
  {
    "review": "명작입니다. 두고 두고 봐야 할 영화",
    "date": "15.06.07",
    "rating": "10",
    "author": "arch****",
    "review_id": "9982203",
    "movie_id": "10244"
  },
  {
    "review": "배구선수 김연경 닮은 인디언 아이 나온다...",
    "date": "15.05.23",
    "rating": "9",
    "author": "maru****",
    "review_id": "9940306",
    "movie_id": "10244"
  },
  {
    "review": "서부영화의 교과서같은 작품",
    "date": "15.05.17",
    "rating": "10",
    "author": "l89l****",
    "review_id": "9925965",
    "movie_id": "10244"
  },
  {
    "review": "위대한 자연과 하나되어 조화롭게 살아갔던 아름다운 사람들이 언젠가 다시 돌아오길 기원한다.",
    "date": "15.04.10",
    "rating": "10",
    "author": "kusa****",
    "review_id": "9838339",
    "movie_id": "10244"
  },
  {
    "review": "이런 영화 더는 없나??",
    "date": "15.03.31",
    "rating": "10",
    "author": "dbsk****",
    "review_id": "9818568",
    "movie_id": "10244"
  },
  {
    "review": "거의 3시간의 런닝타임이 90분으로 느껴진다",
    "date": "15.03.23",
    "rating": "10",
    "author": "akzp****",
    "review_id": "9802178",
    "movie_id": "10244"
  },
  {
    "review": "케빈 코스트너는 정말 대단한 사람이다.",
    "date": "15.03.20",
    "rating": "10",
    "author": "heka****",
    "review_id": "9795882",
    "movie_id": "10244"
  },
  {
    "review": "괜히 아카데미 상을 받은게 아니다...백인 우월주의의 역사를 우리는 습득하면서, 청교도인들이 미국으로 건너갔을 때 자신들이 신을 섬기는 나라를 세웠다고 하지만 정작 수천년을 이어간 인디언들의 문화를 파괴하고 짓밟았을 뿐. 그들의 역사는 사라졌다.",
    "date": "15.03.15",
    "rating": "10",
    "author": "rain****",
    "review_id": "9784798",
    "movie_id": "10244"
  },
  {
    "review": "20년이 넘었다. 그 당시 개봉관에서의 감격.광활한 대지와 그만큼 넓었던 인간애.뛰어난 영상과 음악은 걸작을 고전으로 남겼다.",
    "date": "15.02.28",
    "rating": "10",
    "author": "hose****",
    "review_id": "9745949",
    "movie_id": "10244"
  },
  {
    "review": "이후 숱한 삽질들을 했다 해도 이거로 모두 용서된다",
    "date": "15.02.15",
    "rating": "10",
    "author": "hrns****",
    "review_id": "9700030",
    "movie_id": "10244"
  },
  {
    "review": "댓글을 다는 부분이 여기밖에 없네요^^ 저도 더빙영화 정말 좋아하는데요..자세한 이야기는 메일로 드릴께요.joonpeter@naver.com 입니다",
    "date": "15.02.15",
    "rating": "9",
    "author": "joon****",
    "review_id": "9699507",
    "movie_id": "10244"
  },
  {
    "review": "비극적이지만  보는내내 진지하게끔 만들어준 좋은 영화!늑대가 미군들이 재미삼아 쏜 총에 죽었을때.. 가슴이 너무 아팠다!",
    "date": "15.02.07",
    "rating": "10",
    "author": "nwss****",
    "review_id": "9674762",
    "movie_id": "10244"
  },
  {
    "review": "코흘리게 어릴적 주말의명화에서 보고 느꼇던 당시의 여운과 성인이 된후 지금 다시 본 여운은 미묘하게 비슷하며 또 다른 느낌을 갖게 만든다.",
    "date": "15.01.22",
    "rating": "10",
    "author": "k248****",
    "review_id": "9623635",
    "movie_id": "10244"
  },
  {
    "review": "요즘 촐싹대기 좋아하고 세태에 물든 아이들은 이해하기 힘든 영화",
    "date": "14.12.28",
    "rating": "10",
    "author": "rlaw****",
    "review_id": "9528354",
    "movie_id": "10244"
  },
  {
    "review": "최고다.  괜히 아카데미상을 받는게 아니다.",
    "date": "14.12.16",
    "rating": "10",
    "author": "adiv****",
    "review_id": "9479528",
    "movie_id": "10244"
  },
  {
    "review": "아... 정말 너무 좋은 영화.. 마블의 히어로물들이 대작이라고 난무하는 요즘에 이런 영화는 다시 못볼꺼 같다.. 스토리 영상 음악 연기 모두가 백프로인 영화..",
    "date": "14.12.14",
    "rating": "10",
    "author": "yunj****",
    "review_id": "9473863",
    "movie_id": "10244"
  },
  {
    "review": "여운이 남는 영화 명작인듯",
    "date": "14.12.14",
    "rating": "10",
    "author": "fres****",
    "review_id": "9472352",
    "movie_id": "10244"
  },
  {
    "review": "네 시간이 후딱가는 기적.",
    "date": "14.12.08",
    "rating": "10",
    "author": "rand****",
    "review_id": "9458986",
    "movie_id": "10244"
  },
  {
    "review": "하..말이필요없는 영화..",
    "date": "14.12.01",
    "rating": "10",
    "author": "easy****",
    "review_id": "9437849",
    "movie_id": "10244"
  },
  {
    "review": "베뎃 수준 뭐냐 늙은거 인증하면서 뭔 아바타는 새끼발톱이라고 까내리노 꼭 그런식으로 비교를 해야지만 표현이 되냐 가서 말 부터 다시 배우고와라 베뎃땜 1점 준다",
    "date": "14.11.14",
    "rating": "1",
    "author": "saku****",
    "review_id": "9381650",
    "movie_id": "10244"
  },
  {
    "review": "솔직히 미괄식이라 지루할수도 있지",
    "date": "14.10.23",
    "rating": "8",
    "author": "xfig****",
    "review_id": "9310590",
    "movie_id": "10244"
  },
  {
    "review": "리뷰를 읽기 전에 감상평을 짧게 나마 남기는 것이 이 영화에 대한 예의인 것 같다. 케빈 코스트너를 배우로만 알았는데, 이제서야 이 영화를 보게 되다니. 멋진 영상과 배경음악, 잔잔한 여운이 남는 스토리 그 이상의 것이 러닝 타임이 짧게 느껴질 정도.",
    "date": "14.09.23",
    "rating": "10",
    "author": "tnrh****",
    "review_id": "9236390",
    "movie_id": "10244"
  },
  {
    "review": "코스트너의 작품들 중에 단연 최고..",
    "date": "14.09.12",
    "rating": "10",
    "author": "aolm****",
    "review_id": "9208393",
    "movie_id": "10244"
  },
  {
    "review": "때묻지 않은 순수한 자연을 보는것만으로도 이 영화는 10점짜리",
    "date": "14.08.21",
    "rating": "10",
    "author": "taes****",
    "review_id": "9117043",
    "movie_id": "10244"
  },
  {
    "review": "명작도 이런 명작이 있을까 싶다. 보고 또 봐도 여운이 남는 영화.",
    "date": "14.08.18",
    "rating": "10",
    "author": "kims****",
    "review_id": "9106604",
    "movie_id": "10244"
  },
  {
    "review": "승자의 기록이 아닌 패자의 입장을 기록한 영화",
    "date": "14.08.06",
    "rating": "9",
    "author": "tomb****",
    "review_id": "9037887",
    "movie_id": "10244"
  },
  {
    "review": "엄청난 명화라고 추천해서 봤는데.. 솔직히 너무 길고 좀 지루했습니다.. 죄송합니다",
    "date": "14.07.21",
    "rating": "7",
    "author": "hanr****",
    "review_id": "8938763",
    "movie_id": "10244"
  },
  {
    "review": "연기, 연출, 미장센, 음악 모두 시대를 뛰어넘을 대작..",
    "date": "14.06.20",
    "rating": "9",
    "author": "like****",
    "review_id": "8841926",
    "movie_id": "10244"
  },
  {
    "review": "이영화의 애잔한 펙트가 뭐냐.. 죽고자 했을땐 총알도 피해가더니... 살고자 할땐 목숨하나 건지기도 힘들구나..나문희선생님의 노래가 생각나더이다.. 있을때 잘해~ 그러니까 잘해",
    "date": "14.06.08",
    "rating": "10",
    "author": "bloo****",
    "review_id": "8811109",
    "movie_id": "10244"
  },
  {
    "review": "대학살 전에 끝나서 좋음.",
    "date": "14.06.05",
    "rating": "8",
    "author": "tops****",
    "review_id": "8797161",
    "movie_id": "10244"
  },
  {
    "review": "자유를 느끼게 해주는 영화, 20년후 아바타라는 SF영화가 비슷한 소재를 들고 나왔지만, 구관이 명관이라는걸 새삼 느끼게 해 준다..",
    "date": "14.06.04",
    "rating": "9",
    "author": "shak****",
    "review_id": "8792183",
    "movie_id": "10244"
  },
  {
    "review": "영화가 인간에게 주는 감동의 완결판인듯.역대 최고 흥행작 아바타 바탕틀에 이 영화가있음...",
    "date": "14.05.25",
    "rating": "10",
    "author": "jong****",
    "review_id": "8765277",
    "movie_id": "10244"
  },
  {
    "review": "내용에 푹 빠지게 만드는 압도적인 영상과 음악이 경이롭다",
    "date": "14.05.19",
    "rating": "10",
    "author": "ferr****",
    "review_id": "8746392",
    "movie_id": "10244"
  },
  {
    "review": "온몸에 소름돋고 전율이오는 대명작. 눈물을 몇번이나 흘렸는지.. 그 말(horse), 그늑대..ㅜㅜ 마지막순간ㅠㅠ 영화가 끝나도 한참을 꼼짝하고 있는 나.. 개명작",
    "date": "14.05.11",
    "rating": "10",
    "author": "qorc****",
    "review_id": "8722640",
    "movie_id": "10244"
  },
  {
    "review": "그 누가 인디언들이 야만인이라고 말할 수 있는가! 그들의 문화는 자연이였고 순수하다!",
    "date": "14.04.27",
    "rating": "10",
    "author": "soni****",
    "review_id": "8675683",
    "movie_id": "10244"
  },
  {
    "review": "8점과 9점 사이가 적당",
    "date": "14.04.20",
    "rating": "9",
    "author": "mada****",
    "review_id": "8661799",
    "movie_id": "10244"
  },
  {
    "review": "하얀발 ㅠㅠ 인디언머릿결좋다",
    "date": "14.04.14",
    "rating": "8",
    "author": "ollo****",
    "review_id": "8649352",
    "movie_id": "10244"
  },
  {
    "review": "이런 영화를 이제야 봤다니...  지나간 시간이 후회스럽다.",
    "date": "14.04.09",
    "rating": "10",
    "author": "usuh****",
    "review_id": "8638381",
    "movie_id": "10244"
  },
  {
    "review": "한마디만한다 그냥봐라",
    "date": "14.03.21",
    "rating": "10",
    "author": "m132****",
    "review_id": "8594398",
    "movie_id": "10244"
  },
  {
    "review": "그냥 말이 필요없는영화다 말로표현못할만큼의 영화 진짜 최고의 영화이다",
    "date": "14.03.08",
    "rating": "10",
    "author": "tlag****",
    "review_id": "8563841",
    "movie_id": "10244"
  },
  {
    "review": "몇 번을 다시 보아도 명작입니다. ^^",
    "date": "14.03.08",
    "rating": "10",
    "author": "lkk3****",
    "review_id": "8563126",
    "movie_id": "10244"
  },
  {
    "review": "인간과자연의조화 대단한영화입니다 꼭 보세요",
    "date": "14.02.28",
    "rating": "9",
    "author": "sue4****",
    "review_id": "8545243",
    "movie_id": "10244"
  },
  {
    "review": "아름답고 거대한 대자연 앞에 무의미한 인종갈등",
    "date": "14.02.09",
    "rating": "9",
    "author": "rcan****",
    "review_id": "8490180",
    "movie_id": "10244"
  },
  {
    "review": "4시간이 어떻게 끝났는지 모르겠다. 이런 영화를 만들 수 있다니....",
    "date": "14.02.06",
    "rating": "10",
    "author": "whal****",
    "review_id": "8479239",
    "movie_id": "10244"
  },
  {
    "review": "한 편의 긴 다큐멘터리를 보는 듯 했다",
    "date": "14.01.15",
    "rating": "10",
    "author": "mara****",
    "review_id": "8385495",
    "movie_id": "10244"
  },
  {
    "review": "있는그대로의삶과 문명의 이기",
    "date": "14.01.13",
    "rating": "10",
    "author": "kbdc****",
    "review_id": "8378458",
    "movie_id": "10244"
  },
  {
    "review": "역사적 배경이 더해진 다소 희망적이며 영웅적인 잔잔한 영화. 미국추앙적인 영화가 아닌것에 한표투척..",
    "date": "14.01.06",
    "rating": "8",
    "author": "redg****",
    "review_id": "8354182",
    "movie_id": "10244"
  },
  {
    "review": "감독의 연출과 촬영 정말 놀랍다...그 모든 것을 한 영화에 담으려고 했던 감독의 노력 보고 감탄 할 수 밖에..꼭 봐라 많은 것을 깨닫게 해주는 영화다.",
    "date": "14.01.05",
    "rating": "10",
    "author": "good****",
    "review_id": "8352747",
    "movie_id": "10244"
  },
  {
    "review": "영상미와 감동 배경음악 정말재밌다",
    "date": "14.01.04",
    "rating": "10",
    "author": "qodu****",
    "review_id": "8349316",
    "movie_id": "10244"
  },
  {
    "review": "최고의 영화 .. 그 이상의 말은 사치일뿐...",
    "date": "13.12.28",
    "rating": "10",
    "author": "khc7****",
    "review_id": "8313726",
    "movie_id": "10244"
  },
  {
    "review": "최고의영화..중1때 .. 혼자 극장에서 눈과 마음을 사로잡던영상..음악.. 웅장했던 스케일이 ..감동적인 내용이 여전히 남겨져있다",
    "date": "13.12.23",
    "rating": "10",
    "author": "iart****",
    "review_id": "8279617",
    "movie_id": "10244"
  },
  {
    "review": "길이 길이 남을 불후의 명작",
    "date": "13.12.19",
    "rating": "10",
    "author": "ykdi****",
    "review_id": "8245992",
    "movie_id": "10244"
  },
  {
    "review": "이 영화 본게 초등학교 2학년때였는데 인디언 이름들과 스토리가 너무 재밌어서 3시간 동안 집중했던 기억이...  케빈 코스트너씨 이때 엄청 잘나갔지..",
    "date": "13.12.17",
    "rating": "10",
    "author": "pete****",
    "review_id": "8219737",
    "movie_id": "10244"
  },
  {
    "review": "미국의 역사 ..백인의 역사는 새로 써야 한다!!",
    "date": "13.12.09",
    "rating": "10",
    "author": "katy****",
    "review_id": "8202185",
    "movie_id": "10244"
  },
  {
    "review": "꼭 보길 바란다. 꼬오옥",
    "date": "13.11.29",
    "rating": "10",
    "author": "alsl****",
    "review_id": "8175487",
    "movie_id": "10244"
  },
  {
    "review": "대한극장 사라지기전에 봤다, 돌비 시네마스코프로... 그날 인생관이 바뀌었다. 다시 볼수 없는 영화. 아바타는 새끼 발톱..",
    "date": "13.11.08",
    "rating": "10",
    "author": "best****",
    "review_id": "8123515",
    "movie_id": "10244"
  },
  {
    "review": "영화 아바타 와 약간비슷한 영화...아바타가 늑대와춤을의 오마쥬가 되겠네요...당카!버팔로!",
    "date": "13.10.19",
    "rating": "10",
    "author": "kimw****",
    "review_id": "8072434",
    "movie_id": "10244"
  },
  {
    "review": "오늘첨 봤다. 이제서야 보다니 다운은 3년전에 받아놓고 ... 왜 18살 고2때 개봉한 영화를 지금에서야 봤을까  지금이라도 봤으니 다행이다. 어쩌면 고2때 봤다면 아마 엄청 지루해 했을꺼다. 그때는 내가 가만히 있는 성격이 못되엇거든",
    "date": "13.09.09",
    "rating": "9",
    "author": "inde****",
    "review_id": "7962219",
    "movie_id": "10244"
  },
  {
    "review": "아바타는 모방작이였구나.라는걸 느낀다. 국민학생일때 텔레비에서 하는걸보고 지루하기만했고 대학다닐땐 중경삼림같은 영화를좋아했기에두번째보았을때도 감흥이없었지만 비정규직에 결혼못한 삼십중반의 나이에이르러 세번째보니까... 알겠다. 인생의 이미를..대단한영화",
    "date": "13.08.28",
    "rating": "10",
    "author": "ksw8****",
    "review_id": "7928689",
    "movie_id": "10244"
  },
  {
    "review": "시대의 대작..이 영화를 미리 봤다면 아바타는 운이 좋았다고 생각 할 수도",
    "date": "13.08.15",
    "rating": "10",
    "author": "mrco****",
    "review_id": "7884176",
    "movie_id": "10244"
  },
  {
    "review": "개척시대의 자연을 뛰어넘은 아름다운 우정, 그리고 사랑.",
    "date": "13.08.05",
    "rating": "8",
    "author": "jiyu****",
    "review_id": "7841672",
    "movie_id": "10244"
  },
  {
    "review": "위대한 걸작백인들 반성에 대한 그런 단순함이 아니라자연과 더불어 조화롭게 살았던 인디언들의삶의 지혜를 백인의 눈을 통해 바라본 영화별100개 짜리 영화",
    "date": "13.07.29",
    "rating": "10",
    "author": "oasi****",
    "review_id": "7796317",
    "movie_id": "10244"
  },
  {
    "review": "너무나도 좋은 영화. 보고나면 가슴 한켠이 허전해지는.. 끝나버렸다는 아쉬움에.",
    "date": "13.06.16",
    "rating": "10",
    "author": "ligh****",
    "review_id": "7647637",
    "movie_id": "10244"
  },
  {
    "review": "정말 명작이다.웰메이드 영화.하지만 임팩트는 약하다 잔잔하지만 임팩트가 없어서 마음속에서 큰울림을 주진 못하다 그래도 아름다운 영상미,음악 좋은 스토리는 이영화의 백미다",
    "date": "13.06.15",
    "rating": "8",
    "author": "chjy****",
    "review_id": "7643448",
    "movie_id": "10244"
  },
  {
    "review": "언빌리버블 왜 이제야 봤을까",
    "date": "13.06.08",
    "rating": "10",
    "author": "ghd4****",
    "review_id": "7608703",
    "movie_id": "10244"
  },
  {
    "review": "최고.",
    "date": "13.06.07",
    "rating": "10",
    "author": "astt****",
    "review_id": "7599652",
    "movie_id": "10244"
  },
  {
    "review": "최고",
    "date": "13.05.18",
    "rating": "10",
    "author": "binu****",
    "review_id": "7539009",
    "movie_id": "10244"
  },
  {
    "review": "대자연의 아름다움에 흠뻑빠져드는 영화! 인디언의 삶과 고뇌를 엿볼 수 있는 영화!",
    "date": "13.05.14",
    "rating": "9",
    "author": "volc****",
    "review_id": "7527489",
    "movie_id": "10244"
  },
  {
    "review": "[아카데미]1991년63회 작품,감독,각색,촬영,음향,편집,음악 7개부문수상작.남북전쟁을겪은한중위가인디언과미국인들사이에중간인역할을하다가인디언들에게자신이서서히동화되어간다.늑대와춤을,주먹쥐고일어서같은인디언식이름짓기가한때유행했었다.기존서부극의관점을바꿧음.",
    "date": "13.04.26",
    "rating": "10",
    "author": "new7****",
    "review_id": "7485341",
    "movie_id": "10244"
  },
  {
    "review": "백인들의 자기 치유를 위한 영화, 영화는 어떻든 참 불쌍한 인디언들 이제는 씨가 말라 사과하기 힘드니 스크린을 빌려 그들에게 사과했다...그러고 좋단다...백인이 아니라 잘 이해가 안됬다....역시 민족은 파워가 있어야한다는 교훈을 준다.",
    "date": "13.04.25",
    "rating": "7",
    "author": "bajj****",
    "review_id": "7479825",
    "movie_id": "10244"
  },
  {
    "review": "진정한 개명작",
    "date": "13.03.24",
    "rating": "10",
    "author": "lsh5****",
    "review_id": "7405232",
    "movie_id": "10244"
  },
  {
    "review": "Native American이 Indian으로 불리는 건 어쩌면 우연이 아니었을 지도. 아시아인과 외형 닮은 것 뿐만 아니라 '조화'를 중시하는 사고관도 닮은 토속 미국인들의 세계.",
    "date": "13.01.11",
    "rating": "7",
    "author": "fran****",
    "review_id": "7102086",
    "movie_id": "10244"
  },
  {
    "review": "아 그럼 나는 감독판으로 본건가 어쩐지.. 지루하지만 볼만한 영화",
    "date": "13.01.08",
    "rating": "8",
    "author": "sinn****",
    "review_id": "7091735",
    "movie_id": "10244"
  },
  {
    "review": "내 인생  최고의  영화라 고  말할  수 있다.  자연의 아름다음 뿐아니라 인디언들의 삶으 지혜도 엿볼수 있다.  현대인들, 백인들의  삶속에서  인간이  모든것을  다스린다는 잘못된 생각을  꼬집어준다.",
    "date": "13.01.04",
    "rating": "10",
    "author": "artb****",
    "review_id": "7082089",
    "movie_id": "10244"
  },
  {
    "review": "70mm  대형 화면으로 충무로 대한극장에서 본 영화 중에서 가장 기억나는 영화이다!",
    "date": "12.12.31",
    "rating": "9",
    "author": "jsu1****",
    "review_id": "7067604",
    "movie_id": "10244"
  },
  {
    "review": "감독판 4시간짜리 보느라 힘들었음 내 취향은 아니였지만 볼만했네요.",
    "date": "12.12.25",
    "rating": "8",
    "author": "chan****",
    "review_id": "7040890",
    "movie_id": "10244"
  },
  {
    "review": "20년이 지난 지금 한번더  보게 만드는 영화다. .. 이게바로 영화인듯..",
    "date": "12.12.10",
    "rating": "10",
    "author": "kws1****",
    "review_id": "6990324",
    "movie_id": "10244"
  },
  {
    "review": "d",
    "date": "12.12.08",
    "rating": "2",
    "author": "3rwe****",
    "review_id": "6986029",
    "movie_id": "10244"
  },
  {
    "review": "......멋잇다!",
    "date": "12.12.03",
    "rating": "10",
    "author": "chuh****",
    "review_id": "6967153",
    "movie_id": "10244"
  },
  {
    "review": "진짜 많은것을 깨닫게 해주는 영화 bb",
    "date": "12.11.17",
    "rating": "10",
    "author": "13ve****",
    "review_id": "6900108",
    "movie_id": "10244"
  },
  {
    "review": "개인적으론 명작이라기보다 긴 드라마를 한편 본 느낌, 가끔 감성이 과하기도 하지만 마지막에 인디언의 울부짖음을 보는이는 감동을 거부하기 힘들 것이다.",
    "date": "12.11.14",
    "rating": "9",
    "author": "jys4****",
    "review_id": "6887543",
    "movie_id": "10244"
  },
  {
    "review": "백인을 미개인이라 칭하는 인디언과 인디언을 거지, 도둑으로 생각하는 백인. 슬픈 그들의 간격",
    "date": "12.11.10",
    "rating": "10",
    "author": "in_h****",
    "review_id": "6874544",
    "movie_id": "10244"
  },
  {
    "review": "인디언을 너무 서구적인 느낌으로 표현한감이 없지않지만 대단한작품이다",
    "date": "12.11.02",
    "rating": "9",
    "author": "kkk5****",
    "review_id": "6845064",
    "movie_id": "10244"
  },
  {
    "review": "ㅋㅋ잘봣어여 ㅋ",
    "date": "12.10.25",
    "rating": "10",
    "author": "hn23****",
    "review_id": "6825639",
    "movie_id": "10244"
  },
  {
    "review": "자연의 광활함 아름다움 그런 자연과 자연과 함께살아가는 인디언들에 동화되는 인간..... 그런 자연을 침해하려는  문명인들...많은걸 일깨워주고 느끼게 해주는 대서사시..과연 명작은 명작이군..",
    "date": "12.10.13",
    "rating": "10",
    "author": "meta****",
    "review_id": "6794716",
    "movie_id": "10244"
  },
  {
    "review": "10년도 훨씬 전에 보긴 봤었으나 기억은 잘 안 난다. 여기서 줄거리 읽어보니까 다시 한 번 보고 싶어지네...올해 가기전에 다시 한 번 봐야겠다.",
    "date": "12.10.10",
    "rating": "8",
    "author": "undo****",
    "review_id": "6780096",
    "movie_id": "10244"
  },
  {
    "review": "자연이 주는 아름다움의 끝을 보여줬던 영화 그러나 다소 아쉬운 마무리 였던,,,,,",
    "date": "12.10.10",
    "rating": "8",
    "author": "dnf7****",
    "review_id": "6778695",
    "movie_id": "10244"
  },
  {
    "review": "장대한 화면과 수려한 음악이 어우러진 최고의 서사극 .. 미국역사의 초창기에 자리잡고 있는 위대한 인디언 문화와 이를 동경하고 동화되는 백인의 옳바른 길을 너무 잘 그렸다..아카데미 작품상 수상작 중 최고라 감히 말하고 싶다 ...",
    "date": "12.10.05",
    "rating": "10",
    "author": "macc****",
    "review_id": "6764536",
    "movie_id": "10244"
  },
  {
    "review": "세상에나...",
    "date": "12.10.04",
    "rating": "10",
    "author": "miss****",
    "review_id": "6763609",
    "movie_id": "10244"
  },
  {
    "review": "이 영화가 개봉했을때 난 군에 있었다. 제대하고 우연히 비디오가게에서 테입을 빌려 밤에 혼자 본 영화. 마지막 신이 다 올라가고도 한참을 멍하니 앉아 있게 만들었던 영화. 지금까지 열번 이상 봤을듯. 이 영화는 클래식이다. 영원한 클래식.",
    "date": "12.10.02",
    "rating": "10",
    "author": "nook****",
    "review_id": "6753086",
    "movie_id": "10244"
  },
  {
    "review": "영화와 예술계에서 역사를 바꿔놓은 영화. 평점 낮추지 마라. 바보 된다 정말로.",
    "date": "12.09.23",
    "rating": "10",
    "author": "arfr****",
    "review_id": "6726265",
    "movie_id": "10244"
  },
  {
    "review": "최고의 영화... 진한 여운을 남긴다",
    "date": "12.09.12",
    "rating": "10",
    "author": "zz6g****",
    "review_id": "6689400",
    "movie_id": "10244"
  },
  {
    "review": "너무나 아름다운 자연을 배경으로해서그런지 보는내내 눈이편안한것같음.. 그리고 정말 많은것을 깨닫게해준영화...",
    "date": "12.09.08",
    "rating": "10",
    "author": "2008****",
    "review_id": "6677668",
    "movie_id": "10244"
  },
  {
    "review": "재미가 없는것은 이해를 못하기 때문이야. 혼동하지마 재미와 이해를..",
    "date": "12.09.05",
    "rating": "10",
    "author": "wait****",
    "review_id": "6671068",
    "movie_id": "10244"
  },
  {
    "review": "이 영화에서는 재미를 찾는게 아니라 메세지를 찾는 재미가 있지.",
    "date": "12.09.03",
    "rating": "10",
    "author": "adoa****",
    "review_id": "6668383",
    "movie_id": "10244"
  }
]