[
  {
    "review_id": "10262891",
    "movie_id": "102431",
    "author": "dhj1****",
    "review": "여자 문제로 싸우게 되는 일 ㅋㅋ 저도 친구들 사이에서 학창 시절 있었던 일이고 공감이 되네요 ㅋㅋㅋ 그리고 서주아씨 이쁘십니다!!",
    "rating": "8",
    "date": "15.08.22"
  },
  {
    "review_id": "10203478",
    "movie_id": "102431",
    "author": "dgtd****",
    "review": "주인공이 양아치 무리에 끼어서 논다는 설정이 억지스러움. 양아치 무리에는 끼어선 안 된다는 걸 보여줌. 그러나 청소년기 시절에 겪을 법한 갈등을 지루하지 않게 잘 표현함!",
    "rating": "7",
    "date": "15.08.08"
  },
  {
    "review_id": "10159330",
    "movie_id": "102431",
    "author": "eyes****",
    "review": "마지막 장면과 대사가 인상깊네요.\"어설프게 할거면, 시작도 하지마!\"",
    "rating": "10",
    "date": "15.07.30"
  },
  {
    "review_id": "10155827",
    "movie_id": "102431",
    "author": "krsu****",
    "review": "살면서 평점 처음쓴다... 학원물느와르 바람만알았지..이런명작을 왜 이제야봤을까.. 동철역 맡으신분 진짜 연기잘하시네요",
    "rating": "10",
    "date": "15.07.29"
  },
  {
    "review_id": "10135864",
    "movie_id": "102431",
    "author": "alsd****",
    "review": "악역 맡았던 배우 진짜 연기 잘합니다 ..진짜 간혹가다 몇마디가 웅얼웅얼 안들려서 빠꾸해서 사운드 크게 해도 안들려서 포기한때가 있었음..  몇군데 대사전달이 아쉬웠지만 잘 안들렸어도 영화가 재밌어서 괜찮음",
    "rating": "10",
    "date": "15.07.24"
  },
  {
    "review_id": "10097340",
    "movie_id": "102431",
    "author": "airk****",
    "review": "일진에대한 막연한 동경이 있었었지",
    "rating": "7",
    "date": "15.07.12"
  },
  {
    "review_id": "10097164",
    "movie_id": "102431",
    "author": "vin_****",
    "review": "재밌음강추재밌음강추재밌음강추",
    "rating": "10",
    "date": "15.07.12"
  },
  {
    "review_id": "10082298",
    "movie_id": "102431",
    "author": "xogm****",
    "review": "처음으로 정말 친구들,가족들에게 꼭 보여주고싶은 영화인것 같습니다영화 잘봣습니다^-^ ~!!",
    "rating": "10",
    "date": "15.07.09"
  },
  {
    "review_id": "10082287",
    "movie_id": "102431",
    "author": "b820****",
    "review": "너무재밌게 봤어요. 이런영화 만들어주셔서 감사합니다. 사운드는 제가 무료로라도 다시 만져드리고싶네요. 다들 좋은 모니터 환경은 아니다 보니..",
    "rating": "10",
    "date": "15.07.09"
  },
  {
    "review_id": "10081497",
    "movie_id": "102431",
    "author": "you_****",
    "review": "좋네요, 이야기 전개나 각 캐릭터에 알맞는 배역들 연기력.몰입하여 잘 봤습니다. 끝으로 현승역 차엽님 대성하시길.",
    "rating": "10",
    "date": "15.07.08"
  },
  {
    "review_id": "10079484",
    "movie_id": "102431",
    "author": "born****",
    "review": "재밌게 봤는데 마지막에 다른친구들 어떻게 지내는지 궁금 ㅜㅜㅜ",
    "rating": "10",
    "date": "15.07.08"
  },
  {
    "review_id": "10076125",
    "movie_id": "102431",
    "author": "akai****",
    "review": "뭔가 시작도 없고 결말도 없는 영화",
    "rating": "1",
    "date": "15.07.06"
  },
  {
    "review_id": "10074700",
    "movie_id": "102431",
    "author": "shwo****",
    "review": "진짜 재밌다 학교이야긴 다 재밌는듯 아무튼 친구를 잘 사겨야한다",
    "rating": "8",
    "date": "15.07.06"
  },
  {
    "review_id": "10065824",
    "movie_id": "102431",
    "author": "else****",
    "review": "OOO기 영화 이영화 평점이 8.5점 이라는데서 한국인들의 수준을 보여준다",
    "rating": "1",
    "date": "15.07.03"
  },
  {
    "review_id": "10055935",
    "movie_id": "102431",
    "author": "dawa****",
    "review": "조금 아쉬운부분이 있엇지만, 방황하는 청소년들을 잘 묘사한거같다",
    "rating": "9",
    "date": "15.06.30"
  },
  {
    "review_id": "10035026",
    "movie_id": "102431",
    "author": "gusw****",
    "review": "말이필요없다. 이건 그냥 봐야한다.",
    "rating": "10",
    "date": "15.06.25"
  },
  {
    "review_id": "10032513",
    "movie_id": "102431",
    "author": "wjdt****",
    "review": "잘봤습니다 진짜 배우분들은 정말 잘뽑으신듯 연기력이 와우 ..",
    "rating": "10",
    "date": "15.06.25"
  },
  {
    "review_id": "10032352",
    "movie_id": "102431",
    "author": "9020****",
    "review": "명작이네요 진짜...",
    "rating": "10",
    "date": "15.06.25"
  },
  {
    "review_id": "10032004",
    "movie_id": "102431",
    "author": "dust****",
    "review": "옛날 생각 나게 하는 영화",
    "rating": "10",
    "date": "15.06.25"
  },
  {
    "review_id": "10019318",
    "movie_id": "102431",
    "author": "supt****",
    "review": "우리동네 ㅋ감독님이 같은동네이신듯",
    "rating": "10",
    "date": "15.06.21"
  },
  {
    "review_id": "10014113",
    "movie_id": "102431",
    "author": "9732****",
    "review": "보는내네 공감이너무가서 마지악엔 눈물흘리며봤네요",
    "rating": "10",
    "date": "15.06.20"
  },
  {
    "review_id": "10008504",
    "movie_id": "102431",
    "author": "sadf****",
    "review": "뭔가 보여주고 싶었으나 시간관계상 좃밥으로 막을 내리는 영화",
    "rating": "3",
    "date": "15.06.18"
  },
  {
    "review_id": "9993510",
    "movie_id": "102431",
    "author": "heeb****",
    "review": "재밌다ㅋㅋㅋ이야~~  80~90년대를  제일  현실에  맞게 각색한  영화~~",
    "rating": "9",
    "date": "15.06.12"
  },
  {
    "review_id": "9992160",
    "movie_id": "102431",
    "author": "rok1****",
    "review": "잠이 오지 않은 밤 무심코 틀어본 영화 엔딩크레딧이 올라가며어느새 새벽3시를 넘었네요여운이 남는 영화 입니다 정말 오랜만에 집중해서본 영화이기도 하구요 독립 영화라 그런지알려지지 않은점이 많이 안타깝네요",
    "rating": "10",
    "date": "15.06.12"
  },
  {
    "review_id": "9990672",
    "movie_id": "102431",
    "author": "goon****",
    "review": "현승이 멋져부러~동철이 눈빛 무섭다..살아있어",
    "rating": "10",
    "date": "15.06.11"
  },
  {
    "review_id": "9990189",
    "movie_id": "102431",
    "author": "outs****",
    "review": "학교+액션물은 왠만하면 안망한다. 정작 10대들은 잘 보지 않는 영환데 말이다. 아마 나이들면서 가장 그리운 때가 그 시절이기 때문이 아닐까.",
    "rating": "8",
    "date": "15.06.11"
  },
  {
    "review_id": "9985886",
    "movie_id": "102431",
    "author": "sssy****",
    "review": "너무 공감되고 왜 추억향수공감하는 영화인지 알겠다",
    "rating": "10",
    "date": "15.06.09"
  },
  {
    "review_id": "9943788",
    "movie_id": "102431",
    "author": "ehai****",
    "review": "평점이 왜 높은지 모르겠다",
    "rating": "1",
    "date": "15.05.24"
  },
  {
    "review_id": "9940836",
    "movie_id": "102431",
    "author": "wuus****",
    "review": "그냥 많은게 느껴진 영화였다..",
    "rating": "9",
    "date": "15.05.23"
  },
  {
    "review_id": "9938539",
    "movie_id": "102431",
    "author": "metr****",
    "review": "배우들의 명품연기, 스토리 최고의영화",
    "rating": "10",
    "date": "15.05.22"
  },
  {
    "review_id": "9934502",
    "movie_id": "102431",
    "author": "lyk0****",
    "review": "뭐지.. 왜 만들었을까 싶음. 감독의 자전적 이야기를 풀어내고싶었던건가.. 찌질하고 어이없는 시절을 보낸 지금의 우리 중 누군가를 만든 얘기지만.. 걍 별로였음. 파수꾼이 연상됨. 글고 스크린채널에서 욕을 하도 잘라버려서 몰입에 방해됐음.",
    "rating": "4",
    "date": "15.05.21"
  },
  {
    "review_id": "9928449",
    "movie_id": "102431",
    "author": "chad****",
    "review": "good good good",
    "rating": "8",
    "date": "15.05.18"
  },
  {
    "review_id": "9925279",
    "movie_id": "102431",
    "author": "love****",
    "review": "1시간 30분동안 완전 몰입되있었다..!!!",
    "rating": "10",
    "date": "15.05.17"
  },
  {
    "review_id": "9923489",
    "movie_id": "102431",
    "author": "ki42****",
    "review": "진짜 재밌네요 연기도 잘하고 시간가는줄 모르고봤네요 강츄강츄",
    "rating": "9",
    "date": "15.05.16"
  },
  {
    "review_id": "9919642",
    "movie_id": "102431",
    "author": "rlwn****",
    "review": "꿀잼영화 시간가는줄 모르고 봤네요",
    "rating": "10",
    "date": "15.05.15"
  },
  {
    "review_id": "9919640",
    "movie_id": "102431",
    "author": "mjso****",
    "review": "와..잘봤습니다 어렸을적 기억이 많이 나게 되는 공감되는 영화였습니다",
    "rating": "10",
    "date": "15.05.15"
  },
  {
    "review_id": "9908656",
    "movie_id": "102431",
    "author": "wjdg****",
    "review": "간만의 굉장히 와닿는영화 최고다",
    "rating": "10",
    "date": "15.05.10"
  },
  {
    "review_id": "9905107",
    "movie_id": "102431",
    "author": "nom2****",
    "review": "우연히 보게되었는데 정말 기억에 남을 영화인듯 싶네요 좋은작품 감사합니다",
    "rating": "10",
    "date": "15.05.09"
  },
  {
    "review_id": "9895030",
    "movie_id": "102431",
    "author": "ubro****",
    "review": "몰입감 최고네요~ 이런영화 멋지네요~헐리우드 고예산영화보다 훨씬 낫네요~",
    "rating": "10",
    "date": "15.05.05"
  },
  {
    "review_id": "9889022",
    "movie_id": "102431",
    "author": "sung****",
    "review": "헐....개공감 감독짱",
    "rating": "10",
    "date": "15.05.03"
  },
  {
    "review_id": "9882422",
    "movie_id": "102431",
    "author": "wnwn****",
    "review": "솔직히 별 기대는 안 했지만 보는 도중 청소년 때로 다시 돌아간 듯한 기분을 느꼈다.",
    "rating": "9",
    "date": "15.05.01"
  },
  {
    "review_id": "9877042",
    "movie_id": "102431",
    "author": "108p****",
    "review": "70년대 태어난 나에게 이 영화는 그냥 최고다~~~",
    "rating": "10",
    "date": "15.04.29"
  },
  {
    "review_id": "9876067",
    "movie_id": "102431",
    "author": "prid****",
    "review": "진짜재미있었습니다.",
    "rating": "10",
    "date": "15.04.28"
  },
  {
    "review_id": "9874923",
    "movie_id": "102431",
    "author": "mang****",
    "review": "?어디서많이 봤다했더니 국가대표에나왔던 봉구네요ㅎㅎ현승역할 배우분 연기가 가장 인상깊었습니다. 중간중간 마동석씨 느낌도살짝 났네요 ㅋㅋ",
    "rating": "10",
    "date": "15.04.28"
  },
  {
    "review_id": "9872574",
    "movie_id": "102431",
    "author": "kimm****",
    "review": "와 추억 돋네 딱 우리 때네 핸드폰 가지고 다니기시작하고 채팅 노래방 비트 비디오테이프 90년대중후반 거의 후반에 가까운거 같은데 아날로그와 디지털로 넘어가는 공존의 세대 문제아는 아니었지만 그래도 친한친구끼리 놀구 여자만나고 아주 좋았던시기는 아니",
    "rating": "10",
    "date": "15.04.27"
  },
  {
    "review_id": "9865917",
    "movie_id": "102431",
    "author": "lemp****",
    "review": "ㅋㅋ 재밌는데 고등학생들이 개삭음",
    "rating": "8",
    "date": "15.04.25"
  },
  {
    "review_id": "9857503",
    "movie_id": "102431",
    "author": "scw6****",
    "review": "냉정하게 평가하겠다. 폭력써클, 바람, 말죽거리 잔혹사 등 학원물의 기본틀에서 벗어나지 못했고 짜임새가 매끄럽지 못하다. 마지막 엔딩에서 그래서 주인공하고 여자애하고 어찌됬는데? 이 생각뿐",
    "rating": "1",
    "date": "15.04.23"
  },
  {
    "review_id": "9852589",
    "movie_id": "102431",
    "author": "ujum****",
    "review": "보물같은 영화.그래 80년 초반 생들은 이렇게 살았지",
    "rating": "10",
    "date": "15.04.19"
  },
  {
    "review_id": "9851984",
    "movie_id": "102431",
    "author": "hjhj****",
    "review": "집중해서봤네요 주인공 연기너무잘해요  그러나정신건강엔안좋음ㅋㅋㅋ저게현실인데 실제있는얘기일거라생각하니 마음이아프네요",
    "rating": "9",
    "date": "15.04.19"
  },
  {
    "review_id": "9849303",
    "movie_id": "102431",
    "author": "hang****",
    "review": "최고다 공감 꼭봐!!!",
    "rating": "10",
    "date": "15.04.17"
  },
  {
    "review_id": "9836780",
    "movie_id": "102431",
    "author": "tjb4****",
    "review": "그때 그 시절의 추억을 자극시키긴 했지만..약간 무엇인가..부족했던..예전 바람보다 스토리 전계가 제대로 이루어지지 못한 점이 아쉽..",
    "rating": "6",
    "date": "15.04.09"
  },
  {
    "review_id": "9835389",
    "movie_id": "102431",
    "author": "qhdy****",
    "review": "말쭉거리. 친구1에 비교하면 점수가 너무 높다. 점수 조절좀하자",
    "rating": "1",
    "date": "15.04.09"
  },
  {
    "review_id": "9835351",
    "movie_id": "102431",
    "author": "good****",
    "review": "야 어설프게 놀거면 시작도 하지마",
    "rating": "10",
    "date": "15.04.09"
  },
  {
    "review_id": "9835295",
    "movie_id": "102431",
    "author": "cg61****",
    "review": "좋은영화다. 정말 지루하지않고 시간가는줄 몰르는 영화 ㅎㅎ",
    "rating": "10",
    "date": "15.04.09"
  },
  {
    "review_id": "9835219",
    "movie_id": "102431",
    "author": "0050****",
    "review": "재밌게봤어요 ~맘에듬",
    "rating": "10",
    "date": "15.04.08"
  },
  {
    "review_id": "9833234",
    "movie_id": "102431",
    "author": "love****",
    "review": "너무 공감되게 잘봤습니다 그리고 현승역활 차엽님 정말 맛깔나게 때리시네요 ;;저게 연기인가 싶을정도로 .. 보면서 소름 돋았습니다..",
    "rating": "10",
    "date": "15.04.07"
  },
  {
    "review_id": "9830450",
    "movie_id": "102431",
    "author": "kyn9****",
    "review": "진짜 집중하면서 봤던영화.. 그리고 남자라서 더욱 더 공감갔던 영화 갠적으로 바람보다 재밌다!",
    "rating": "9",
    "date": "15.04.06"
  },
  {
    "review_id": "9830422",
    "movie_id": "102431",
    "author": "thwn****",
    "review": "결말부분 ..오랜만에  쳐때린놈한테 고구마던지면서 어떻게 담배를 필수있죠..현실은 저러다 최소사망일듯...",
    "rating": "1",
    "date": "15.04.06"
  },
  {
    "review_id": "9830372",
    "movie_id": "102431",
    "author": "smn1****",
    "review": "재밌게 봤다청소년들이 꼭 봤으면 하는...참 리얼하게 잘만든영화",
    "rating": "10",
    "date": "15.04.06"
  },
  {
    "review_id": "9830158",
    "movie_id": "102431",
    "author": "kimj****",
    "review": "좀 놀았던 남자들이라면 완전 공감",
    "rating": "10",
    "date": "15.04.05"
  },
  {
    "review_id": "9823514",
    "movie_id": "102431",
    "author": "pbj9****",
    "review": "정말 재밌게 봤어요 이런 장르의 영화를 좋아해서요 바람 폭력써클 등..",
    "rating": "10",
    "date": "15.04.03"
  },
  {
    "review_id": "9823507",
    "movie_id": "102431",
    "author": "qptr****",
    "review": "재밌게 보고 갑니다 후 정말간만에 몰입해서봤습니다",
    "rating": "10",
    "date": "15.04.03"
  },
  {
    "review_id": "9823505",
    "movie_id": "102431",
    "author": "dvd5****",
    "review": "영화의 주배경이 인천 동구랑 남구에서 찍었었구만",
    "rating": "8",
    "date": "15.04.03"
  },
  {
    "review_id": "9823496",
    "movie_id": "102431",
    "author": "lllj****",
    "review": "채널돌리다 봣는데 꿀잼이네..근데 19세인데 욕이나 모자이크 진짜 보기 역겹네...",
    "rating": "9",
    "date": "15.04.03"
  },
  {
    "review_id": "9823477",
    "movie_id": "102431",
    "author": "quat****",
    "review": "첨에 동도엄마한테 좀 야시시한 느낌받아서 기대했는데 전혀 그런장면은 안나왔네 ㅋㅋ 현승이 멋있다 ㅋㅋ",
    "rating": "10",
    "date": "15.04.03"
  },
  {
    "review_id": "9819465",
    "movie_id": "102431",
    "author": "ssan****",
    "review": "동철이가 왜 그런지는 가정상황으로 말미암아 알 수 있었으나, 그럼에도 불구하고 친구들과 좀 더 진하게 지내고 겉돌지 않았으면 더 좋았을 것 같습니다.",
    "rating": "9",
    "date": "15.04.01"
  },
  {
    "review_id": "9803678",
    "movie_id": "102431",
    "author": "ttty****",
    "review": "9점9점9점9점9점",
    "rating": "9",
    "date": "15.03.24"
  },
  {
    "review_id": "9795246",
    "movie_id": "102431",
    "author": "time****",
    "review": "리얼함은 갖추었으나, 개연성은 갖추지 못해 몰입도를 떨어뜨린다. 결말도 아쉬움. 그래도 추억에 젖어 재밌게 봤다.",
    "rating": "7",
    "date": "15.03.20"
  },
  {
    "review_id": "9794431",
    "movie_id": "102431",
    "author": "math****",
    "review": "최고입니다~ 몰입하면서 봤어요",
    "rating": "10",
    "date": "15.03.20"
  },
  {
    "review_id": "9790657",
    "movie_id": "102431",
    "author": "nate****",
    "review": "졸잼빅잼졸잼빅잼 ㅋㅋ",
    "rating": "10",
    "date": "15.03.18"
  },
  {
    "review_id": "9785729",
    "movie_id": "102431",
    "author": "psy6****",
    "review": "중학교 추억이 새록새록나네...그당시 놀던애들은 이따구로 놀았겠지?",
    "rating": "8",
    "date": "15.03.15"
  },
  {
    "review_id": "9779607",
    "movie_id": "102431",
    "author": "dong****",
    "review": "최근 1년 동안 본 영화 중에 최고였어요!!",
    "rating": "10",
    "date": "15.03.14"
  },
  {
    "review_id": "9779249",
    "movie_id": "102431",
    "author": "smar****",
    "review": "현실감 쩐다 진짜 이랫는데",
    "rating": "8",
    "date": "15.03.14"
  },
  {
    "review_id": "9778723",
    "movie_id": "102431",
    "author": "igel****",
    "review": "와아아아....김기덕 영화보다 더 보기 불편하다. 진짜로 거울 보는 것 같았다. 내 중학교 시절이 떠오르네. 동철이 같은 애들이 많지.근데 동도 임마도 나약해서 문제야.나도 저때 나약했었지.아직까지도 저런거 있어요.부디 나약해지지 말기를.그것만이 살길",
    "rating": "10",
    "date": "15.03.13"
  },
  {
    "review_id": "9771857",
    "movie_id": "102431",
    "author": "hsin****",
    "review": "말이 필요없다 한번 봐라",
    "rating": "10",
    "date": "15.03.11"
  },
  {
    "review_id": "9764342",
    "movie_id": "102431",
    "author": "rhye****",
    "review": "재미는 있지만 억지로 끼워 맞춰져 있다마지막 장면이 영화를 훼손시킨다.",
    "rating": "6",
    "date": "15.03.07"
  },
  {
    "review_id": "9763615",
    "movie_id": "102431",
    "author": "fdea****",
    "review": "이런 영화가 정말 개대박 나야 하는데 ㅠㅠㅠ아~~ 슬프다 진짜",
    "rating": "10",
    "date": "15.03.07"
  },
  {
    "review_id": "9759558",
    "movie_id": "102431",
    "author": "wild****",
    "review": "굉장히 재미있다. 아 이런좋은영화가 묻혀버린 안타까운 현실..차엽 이라는 매력적인 배우를 알게되어서 고맙다",
    "rating": "10",
    "date": "15.03.06"
  },
  {
    "review_id": "9734872",
    "movie_id": "102431",
    "author": "saja****",
    "review": "마지막씬은 잊을수없을것같습니다. 소중한 학창시절 생각에 눈물이흐르네요.",
    "rating": "10",
    "date": "15.02.24"
  },
  {
    "review_id": "9712314",
    "movie_id": "102431",
    "author": "fnpd****",
    "review": "재밌는데 대사가 너무 안들림",
    "rating": "8",
    "date": "15.02.19"
  },
  {
    "review_id": "9694317",
    "movie_id": "102431",
    "author": "leek****",
    "review": "정말 ,,,, 학창시절 영화는 친구, 바람 이상으로 현실적이고, 감정표현과 배우들연기가 최고를 만들어 냈는것 같습니다. 정말 잘봣습니다.",
    "rating": "10",
    "date": "15.02.14"
  },
  {
    "review_id": "9660000",
    "movie_id": "102431",
    "author": "jjaj****",
    "review": "영화 바람, 파수꾼과 함께 남자 고등학생들 그들만의 세계와 생각과 행동들 그리고 후회. 메시지는 비슷비슷함. 남자들이라면 끌리는 소재와 줄거리. 배우들의 연기가 멋지고 공감되는 부분이 많아서 몰입도가 높았음",
    "rating": "8",
    "date": "15.02.02"
  },
  {
    "review_id": "9655943",
    "movie_id": "102431",
    "author": "hero****",
    "review": "현승이가 후배 와사바리 터는장면이 압권",
    "rating": "7",
    "date": "15.02.01"
  },
  {
    "review_id": "9614435",
    "movie_id": "102431",
    "author": "sldo****",
    "review": "하루아침에 일진 무리에 들어간다는게 말이 되냐?",
    "rating": "5",
    "date": "15.01.19"
  },
  {
    "review_id": "9612074",
    "movie_id": "102431",
    "author": "syoi****",
    "review": "오랜 만에 시간 가는 줄 모르고 집중해서 보았던 영화였습니다. 공감과 인물의 심정이 되어 보기도 하였고요.. 잘 만든 영화네요..",
    "rating": "9",
    "date": "15.01.19"
  },
  {
    "review_id": "9596756",
    "movie_id": "102431",
    "author": "sew8****",
    "review": "교복이야기는 모두에게 흥미로운 소재거리 아니겠는가..",
    "rating": "6",
    "date": "15.01.15"
  },
  {
    "review_id": "9587956",
    "movie_id": "102431",
    "author": "love****",
    "review": "현승이 괜춘하네 ㅎㅎ.",
    "rating": "7",
    "date": "15.01.12"
  },
  {
    "review_id": "9567609",
    "movie_id": "102431",
    "author": "rokm****",
    "review": "현실감있게 잘만드셨습니다",
    "rating": "10",
    "date": "15.01.06"
  },
  {
    "review_id": "9565675",
    "movie_id": "102431",
    "author": "2578****",
    "review": "솔직히 배우 연기 어색해서 보다가 끌뻔..",
    "rating": "1",
    "date": "15.01.05"
  },
  {
    "review_id": "9549963",
    "movie_id": "102431",
    "author": "dhsk****",
    "review": "저는 개인적으로 재밌게 보았습니다 ^^",
    "rating": "10",
    "date": "15.01.02"
  },
  {
    "review_id": "9531150",
    "movie_id": "102431",
    "author": "jamy****",
    "review": "코믹적인 요소가 없으면 강력한 드라마적인 요소라도 있어야 하는거 아닌가.... 친구, 바람 등의 반항기적 드라마. 왜라는 질문보다 어떻게라는 질문이 어울리겠다. 그래 사람은 누구나 그럴수 있다. 마지막 군고구마가 희망을 준다.",
    "rating": "6",
    "date": "14.12.28"
  },
  {
    "review_id": "9495977",
    "movie_id": "102431",
    "author": "wony****",
    "review": "참 잼있게 잘봤다.. 하지만 마지막 마무리가 부족한듯 싶당",
    "rating": "9",
    "date": "14.12.21"
  },
  {
    "review_id": "9484669",
    "movie_id": "102431",
    "author": "taeg****",
    "review": "좋은 영화입니다 \"바람\"과는 또다른 재미네요",
    "rating": "9",
    "date": "14.12.18"
  },
  {
    "review_id": "9477962",
    "movie_id": "102431",
    "author": "jtl8****",
    "review": "와 이거는 극찬을 해야하는 영화다아 잔잔한감동이 물결을치는구만",
    "rating": "10",
    "date": "14.12.16"
  },
  {
    "review_id": "9469138",
    "movie_id": "102431",
    "author": "hjj2****",
    "review": "나의 어릴적을 되돌아 봤음.. 어쩜 그리 똑같은지...훈훈하고 공감가고...마지막 군고구마까지...영화 재밌게봤음.ㅋㅋ 7080년도에 태어난 남자라면 추천!!",
    "rating": "10",
    "date": "14.12.13"
  },
  {
    "review_id": "9449035",
    "movie_id": "102431",
    "author": "ssoz****",
    "review": "꾸미지 않은 시골밥상처럼 구수하고 추억돋는 아련한 맛",
    "rating": "9",
    "date": "14.12.05"
  },
  {
    "review_id": "9435954",
    "movie_id": "102431",
    "author": "rhym****",
    "review": "말이 필요 없다... 이건 영웅 스토리가 아니다.",
    "rating": "10",
    "date": "14.11.30"
  },
  {
    "review_id": "9428401",
    "movie_id": "102431",
    "author": "gkdl****",
    "review": "저런 일을당하고도...남자들의 우정이란게  부럽다...",
    "rating": "10",
    "date": "14.11.28"
  },
  {
    "review_id": "9419067",
    "movie_id": "102431",
    "author": "eras****",
    "review": "전체적으로는 괜찮았지만... 결말은 도저히 납득이 안간다. 그냥 시간이 지나면 다 용서가 된다는건가...",
    "rating": "6",
    "date": "14.11.24"
  },
  {
    "review_id": "9403764",
    "movie_id": "102431",
    "author": "hji2****",
    "review": "시간이 어떻게가는지.. 여태껏 귀찮아서 평점쓴적없지만 이번만큼은 여러사람들과 공감하고싶어 이렇게씁니다. 정말 산업영화에밀리는 독립영화! 끝까지응원합니다!",
    "rating": "10",
    "date": "14.11.20"
  }
]