[
  {
    "review": "우와 배트맨이 미사일인지 뭔지 갈겨대서 사람 죽여대네 언제부터 뱃신이 사람을 죽였던가 이게 원작을 완벽하게 옮겨놨다니 ㅋㅋㅋ 어이가 없어도 원....키튼빠돌이들 만세",
    "date": "15.08.19",
    "rating": "5",
    "author": "cms1****",
    "review_id": "10250314",
    "movie_id": "10253"
  },
  {
    "review": "기괴한 동화를 추구하는 괴짜와 정신병자 연기의 장인의 환상적인 하모니",
    "date": "15.07.25",
    "rating": "10",
    "author": "pr5g****",
    "review_id": "10140180",
    "movie_id": "10253"
  },
  {
    "review": "지금까지 평한영화중에 가장 최저점수 영화일 듯.90년대 영화 문제는 아니다. 옛날 영화는 더 이 전 영화도 많이 봤지만. 연출은 개성이라 쳐줘도 구성부터가 너무 어설프다.2편도 본다면 생각이 잘못 됐다는걸 느낄 수도 있지만..볼 마음도 안생긴다.최악",
    "date": "15.07.24",
    "rating": "2",
    "author": "dday****",
    "review_id": "10138834",
    "movie_id": "10253"
  },
  {
    "review": "이걸 비교하는 자는 배트맨 팬이 아니라 그냥 영화를 보는 사람이지 배트맨 팬이 아니지..",
    "date": "15.07.18",
    "rating": "10",
    "author": "jool****",
    "review_id": "10117426",
    "movie_id": "10253"
  },
  {
    "review": "팀 버튼이 철저하게 설계한 고담, 코미디 영화 찍던 키튼이 이렇게 배트맨을 잘 해내줄 그 땐 아무도 예상 못했겠지. 영화의 정점을 찍는 조커까지.",
    "date": "15.07.17",
    "rating": "8",
    "author": "snow****",
    "review_id": "10113587",
    "movie_id": "10253"
  },
  {
    "review": "어리버리하지만 과묵한 매력의 마이클키튼, 착하고 섹시한 킴베신져, 익살스럽고 유쾌한 최고의 악당 잭니콜슨. 내생애 최고의 배트맨 영화입니다. 50번봐도 새로움!",
    "date": "15.07.17",
    "rating": "10",
    "author": "m5zo****",
    "review_id": "10112176",
    "movie_id": "10253"
  },
  {
    "review": "배트맨은 뭐 이래야 한다 저래야 한다 단정지을 수는 없겠지만 팀 버튼의 배트맨은 언제나 답인 것 같다. 내 어린시절 최우상이었던 배트맨의 생명을 진짜 제대로 만든 사람은 팀 버튼뿐이라는 생각이 영원히 변치 않을 것이기 때문에 ㅎㅎ",
    "date": "15.07.16",
    "rating": "10",
    "author": "ibra****",
    "review_id": "10108328",
    "movie_id": "10253"
  },
  {
    "review": "코믹스와 뮤지컬이 결합된 듯한 영웅과 악당",
    "date": "15.06.14",
    "rating": "8",
    "author": "syoc****",
    "review_id": "9999897",
    "movie_id": "10253"
  },
  {
    "review": "나에게 뱃신은 마이클키튼뿌니다",
    "date": "15.06.10",
    "rating": "10",
    "author": "keem****",
    "review_id": "9987726",
    "movie_id": "10253"
  },
  {
    "review": "배트맨(팀 버튼)과 다크나이트(크리스토퍼 놀란)의 우열이라는건.. 결국은 개인의 취향문제라고 봅니다.. 그러나..과연 팀 버튼의 배트맨 없이 히어로 물이 헐리우드의 주류가 될수 있었을지? 그리고 놀란이 다크나이트를 만들수 있었을지는 의문입니다.",
    "date": "15.06.08",
    "rating": "10",
    "author": "sisy****",
    "review_id": "9985330",
    "movie_id": "10253"
  },
  {
    "review": "저기 있잖아..이거 무려 옛날 '1989' 년도 에 만들었다는 사실을 알았으면 좋겠어.무려 '26년' 이나 묵은 작품이야.'26년'..그당시이정도퀄리티는 정말대단한거야..그리고 히스의 조커는 심각한 조커였고 니콜슨의 조커는 유",
    "date": "15.06.02",
    "rating": "10",
    "author": "vand****",
    "review_id": "9969636",
    "movie_id": "10253"
  },
  {
    "review": "조커가 이렇게 매력적인 악당인 줄 몰랐네.",
    "date": "15.05.18",
    "rating": "7",
    "author": "hadl****",
    "review_id": "9929584",
    "movie_id": "10253"
  },
  {
    "review": "이런말하기 굉장히 뭐하지만 마블의 어벤져스에 대항하려면 이쪽조커가 아닌가... 다크나이트면 몰라도 차피 dc도 시네마틱 세계관 만들어서 추진할거면 조커의 표본은 코믹스의 괴랄함이 담가 원조 조커제",
    "date": "15.05.10",
    "rating": "10",
    "author": "jonn****",
    "review_id": "9909331",
    "movie_id": "10253"
  },
  {
    "review": "조커 저렇게탄생했구나",
    "date": "15.04.28",
    "rating": "10",
    "author": "dnjs****",
    "review_id": "9874966",
    "movie_id": "10253"
  },
  {
    "review": "영화하가 된 첫 번째 영화이니만큼이나 기념비적이며 배트맨의 세기의 라이벌 조커와의 싸움 또한 잘 묘사했지만 영화 자체의  전체적인 재미나 스릴은 좀 떨어지지 않나싶다.",
    "date": "15.04.12",
    "rating": "7",
    "author": "elwl****",
    "review_id": "9842197",
    "movie_id": "10253"
  },
  {
    "review": "버드맨 박쥐시절 , 잭니콜슨의 광기의 하모니",
    "date": "15.04.12",
    "rating": "8",
    "author": "otu2****",
    "review_id": "9841900",
    "movie_id": "10253"
  },
  {
    "review": "잭니콜슨의 경이고 광적인, 사이코틱한 연기가 가장 기억에 남는 영화.. 긴장감 있는 조명과 다크한 분위기의 고담시를 잘 연출해낸 팀버튼에게도 박수를!",
    "date": "15.04.10",
    "rating": "8",
    "author": "pola****",
    "review_id": "9837312",
    "movie_id": "10253"
  },
  {
    "review": "마이클키튼 눈빛 봐라.. 복면을 쓰고도 빛나네. 조커는 잭 니콜슨 이전에도 이후에도 없다. 킴베이싱어 비명 한 번 야무지게 잘 지르네 귀염+ 청순+섹시. 원조는 원조. 완전무결한 캐스팅. 흠잡을데 없는 배경을 구현한다.아, 프린스도 빼놓을수없지!",
    "date": "15.04.05",
    "rating": "10",
    "author": "appl****",
    "review_id": "9829333",
    "movie_id": "10253"
  },
  {
    "review": "마이클 키튼의 음울함이 배트맨에 잘 맞아..",
    "date": "15.03.10",
    "rating": "7",
    "author": "pont****",
    "review_id": "9769881",
    "movie_id": "10253"
  },
  {
    "review": "배트맨시리즈중정말최고라 말할수있는 영화인거같다.",
    "date": "15.02.27",
    "rating": "10",
    "author": "mrfo****",
    "review_id": "9744261",
    "movie_id": "10253"
  },
  {
    "review": "원작의 꼬리도 못살려내는 영화들 속에서 원작싱크로율 150%",
    "date": "15.02.24",
    "rating": "9",
    "author": "kims****",
    "review_id": "9734269",
    "movie_id": "10253"
  },
  {
    "review": "버드맨 보고 설마했는데 역시나 세월이 야속해",
    "date": "15.02.23",
    "rating": "10",
    "author": "simf****",
    "review_id": "9732098",
    "movie_id": "10253"
  },
  {
    "review": "팀버튼의 영화는 크리스마스와 할로윈 풍 기괴하고 몽환적이라 호불호가 갈리지만 갠적으론 참 좋아함",
    "date": "15.02.11",
    "rating": "10",
    "author": "jull****",
    "review_id": "9686583",
    "movie_id": "10253"
  },
  {
    "review": "고담시를 뒤흔드는 조커의 독무대",
    "date": "15.02.10",
    "rating": "9",
    "author": "goms****",
    "review_id": "9684121",
    "movie_id": "10253"
  },
  {
    "review": "이걸 초등학교때 극장에서 봤다는게새삼 놀랍다",
    "date": "15.02.10",
    "rating": "10",
    "author": "tall****",
    "review_id": "9683865",
    "movie_id": "10253"
  },
  {
    "review": "다크나이트와는 또 다른 매력. 원작을 정말 잘 표현했다. 역시 팀 버튼, 역시 잭 니콜슨",
    "date": "15.02.01",
    "rating": "8",
    "author": "woxn****",
    "review_id": "9657476",
    "movie_id": "10253"
  },
  {
    "review": "세대차이일까? 놀란이 훨씬더 뛰어난것일까?시나리오의 몰입감도 스케일도 액션도 캐릭터해석도 감독의 메시지도 모든게다 원작만화는 커녕 80년대를 살아보지 않고 놀란의 배트맨부터 먼저본 21세기의 나에게는 너무 지루하고 부족한 느낌",
    "date": "15.01.25",
    "rating": "5",
    "author": "han_****",
    "review_id": "9636377",
    "movie_id": "10253"
  },
  {
    "review": "그래...내가 어렸을때 상상한 배트맨은 이런 모습이었어!!! 잭 니콜슨의 미친 연기는 언제봐도 후덜덜하네.",
    "date": "15.01.25",
    "rating": "7",
    "author": "qhrt****",
    "review_id": "9635861",
    "movie_id": "10253"
  },
  {
    "review": "조우커 선생의 예술가 정신! 그 익살스러움이 마음에 든다.",
    "date": "15.01.08",
    "rating": "10",
    "author": "qkrq****",
    "review_id": "9572618",
    "movie_id": "10253"
  },
  {
    "review": "히스레저는 조커이길 원했고, 잭 니콜슨은 조커였다",
    "date": "15.01.05",
    "rating": "10",
    "author": "wjst****",
    "review_id": "9563734",
    "movie_id": "10253"
  },
  {
    "review": "지금 봐도 충분히 매력적인 영화",
    "date": "15.01.03",
    "rating": "9",
    "author": "gmdq****",
    "review_id": "9554883",
    "movie_id": "10253"
  },
  {
    "review": "이 영화 오래되고 감도믄못줬지만 하나의역사",
    "date": "14.12.27",
    "rating": "10",
    "author": "koon****",
    "review_id": "9527119",
    "movie_id": "10253"
  },
  {
    "review": "팀버튼의 색깔에 조커의 광기를 덧칠하다",
    "date": "14.12.22",
    "rating": "7",
    "author": "rcan****",
    "review_id": "9499953",
    "movie_id": "10253"
  },
  {
    "review": "팀 버튼 안좋아하지만. 배트맨 하곤 궁합이 딱이네. 이 기괴스러운 걸작이란. 참.. 영화막판 함께  배트맨과 조커부하 액션+조커랑 킴베싱어랑 부르스 추는 연출은 팀버튼이 거장이라는걸 유감없이 보여준다. 다크나이트,배트맨1 히어로계의 투탑이다.",
    "date": "14.12.15",
    "rating": "10",
    "author": "ajho****",
    "review_id": "9476370",
    "movie_id": "10253"
  },
  {
    "review": "개인적으로 다크나이트 조커보다 이  조커가 더 맘에 듬..원작에 더 가까움",
    "date": "14.12.12",
    "rating": "10",
    "author": "king****",
    "review_id": "9467477",
    "movie_id": "10253"
  },
  {
    "review": "배트맨보다  조커가 돋보이지않았나",
    "date": "14.12.08",
    "rating": "10",
    "author": "goso****",
    "review_id": "9457766",
    "movie_id": "10253"
  },
  {
    "review": "놀란이 만든게 훌륭하긴 하나 조커 특유의 익살스러움과 배트모빌은 팀버튼이 나은듯",
    "date": "14.11.12",
    "rating": "10",
    "author": "fbok****",
    "review_id": "9375672",
    "movie_id": "10253"
  },
  {
    "review": "예전에 내가 어릴적 특선영화로 보게 되었는데 25년이 지난 지금 봐도 멋진 영화다!!!",
    "date": "14.11.08",
    "rating": "10",
    "author": "robo****",
    "review_id": "9355923",
    "movie_id": "10253"
  },
  {
    "review": "지극히 팀 버튼스러운 배트맨!",
    "date": "14.10.07",
    "rating": "8",
    "author": "ndw1****",
    "review_id": "9271768",
    "movie_id": "10253"
  },
  {
    "review": "감독이 누구고, 연출이 어떻든 간에 배트맨은 배트맨이다.",
    "date": "14.08.23",
    "rating": "8",
    "author": "ditn****",
    "review_id": "9124609",
    "movie_id": "10253"
  },
  {
    "review": "꼬맹이때 이 영화보고 지릴뻔함",
    "date": "14.08.06",
    "rating": "10",
    "author": "cult****",
    "review_id": "9034426",
    "movie_id": "10253"
  },
  {
    "review": "마치 애니메이션 배트맨 TAS를 실사로 옮겨놓은 듯한 작품... 팀 버튼 만의 괴기스러움과 배트맨만의 어두움이 이토록 어울리다니!!",
    "date": "14.07.14",
    "rating": "8",
    "author": "mirn****",
    "review_id": "8916580",
    "movie_id": "10253"
  },
  {
    "review": "킴베이싱어 너무 예쁘다",
    "date": "14.07.13",
    "rating": "9",
    "author": "mcky****",
    "review_id": "8910929",
    "movie_id": "10253"
  },
  {
    "review": "다시봐도 정말 소름끼치는 영화이다 이런 영화는 9점대가 정상이다!!!",
    "date": "14.07.11",
    "rating": "10",
    "author": "ske4****",
    "review_id": "8904073",
    "movie_id": "10253"
  },
  {
    "review": "팀버튼의 특유의 담백한 액션의 배트맨",
    "date": "14.06.28",
    "rating": "8",
    "author": "adiv****",
    "review_id": "8863028",
    "movie_id": "10253"
  },
  {
    "review": "배트맨이 어떻게 배트맨비긴즈보다도 평점이 낮지?  충공깽",
    "date": "14.06.24",
    "rating": "10",
    "author": "ruri****",
    "review_id": "8851482",
    "movie_id": "10253"
  },
  {
    "review": "배트맨이란 존재를 처음으로 알려준 영화 10점을 안줄수 없음.",
    "date": "14.06.08",
    "rating": "10",
    "author": "caus****",
    "review_id": "8812752",
    "movie_id": "10253"
  },
  {
    "review": "놀란버전과는 다르다, 원작만화의 느낌을 잘살림",
    "date": "14.05.28",
    "rating": "8",
    "author": "fghy****",
    "review_id": "8771396",
    "movie_id": "10253"
  },
  {
    "review": "이게 진짜죠 다크도 좋아하긴하지만 전 이쪽에 손을",
    "date": "14.05.11",
    "rating": "10",
    "author": "toma****",
    "review_id": "8723939",
    "movie_id": "10253"
  },
  {
    "review": "그냥 볼만함 놀란께 더 재밌음",
    "date": "14.04.17",
    "rating": "8",
    "author": "kjhj****",
    "review_id": "8655344",
    "movie_id": "10253"
  },
  {
    "review": "코믹스를 정말 잘표현해냄 역시 니콜슨상님. 그리고 여기서 놀란영화보고 팀버튼 영화 깎아내릴사람 분명히 있을건데 평점깎아내리지말길",
    "date": "14.04.16",
    "rating": "10",
    "author": "clon****",
    "review_id": "8653009",
    "movie_id": "10253"
  },
  {
    "review": "개인적으로 놀란것이 더 좋지만... 그렇다고 팀버튼이 꿇리는건 아니다. 스타일이 다른거지 절대 두 작품 모두 우열을 가릴 순 없다",
    "date": "14.03.30",
    "rating": "10",
    "author": "pbs0****",
    "review_id": "8616679",
    "movie_id": "10253"
  },
  {
    "review": "내가 아무리 다크나이트를 최고의 배트맨으로 꼽는데 주저하지않지만 팀버튼의 배트맨의 그당시의 비쥬얼과 충격은 다크나이트가 주기엔 무리가있다. 시대적으로도 그렇고 연출같은것도 비교적 원작의 분위기와 싱크로가 맞는다.",
    "date": "14.03.03",
    "rating": "10",
    "author": "cidd****",
    "review_id": "8553383",
    "movie_id": "10253"
  },
  {
    "review": "팀 버튼 특유의 기묘하고 음침한 분위기가 잘 묻어나있다.조커의 개성을 잘 표현한 잭 니콜슨의 연기도 좋았고.다만 임팩트랄까, 그런게 없는 것이 조금 아쉽다.",
    "date": "14.02.22",
    "rating": "9",
    "author": "ejae****",
    "review_id": "8528264",
    "movie_id": "10253"
  },
  {
    "review": "다크 나이트 시리즈가 대단 하지만 이것 또 한 꿀리지 않는다. ㅎ",
    "date": "14.01.23",
    "rating": "10",
    "author": "pc59****",
    "review_id": "8416683",
    "movie_id": "10253"
  },
  {
    "review": "크리스토퍼의 현실적인 배트맨도 좋지만 팀버튼의 동화적인 배트맨또한 좋다",
    "date": "14.01.18",
    "rating": "10",
    "author": "dltk****",
    "review_id": "8396406",
    "movie_id": "10253"
  },
  {
    "review": "역시 팀버튼 다크나이트보다 재밌다",
    "date": "14.01.13",
    "rating": "10",
    "author": "dudx****",
    "review_id": "8380613",
    "movie_id": "10253"
  },
  {
    "review": "조커는 진짜 만화속에서 튀어나온거같음",
    "date": "14.01.09",
    "rating": "9",
    "author": "lim9****",
    "review_id": "8364192",
    "movie_id": "10253"
  },
  {
    "review": "놀란이랑 비교하는 놈들은 멍청이가 틀림없다",
    "date": "14.01.08",
    "rating": "10",
    "author": "3722****",
    "review_id": "8361580",
    "movie_id": "10253"
  },
  {
    "review": "평상시 입벌리는 스타일이 전혀 아닌데 이 영화속 베신저만 보면 입이 자동오픈된다 .  ' 놀란 ' 의 배트맨은 산만하기 그지없고 배트맨 영화로  이 영화를 능가할  생각은 버리는 게 좋다.",
    "date": "14.01.06",
    "rating": "9",
    "author": "jkro****",
    "review_id": "8353946",
    "movie_id": "10253"
  },
  {
    "review": "배트맨은 팀버튼이 아니면 만들면 안됌.",
    "date": "14.01.01",
    "rating": "10",
    "author": "memi****",
    "review_id": "8331774",
    "movie_id": "10253"
  },
  {
    "review": "역시 조커는 잭니콜슨! 천재적 괴짜 싸이코패스를 너무 잘 표현했다",
    "date": "13.12.30",
    "rating": "10",
    "author": "hbo1****",
    "review_id": "8326331",
    "movie_id": "10253"
  },
  {
    "review": "와...지금봐도 옛날영화같지않네",
    "date": "13.12.24",
    "rating": "10",
    "author": "bjnh****",
    "review_id": "8289291",
    "movie_id": "10253"
  },
  {
    "review": "코믹스냄새가 물씬풍기네요 명작",
    "date": "13.11.10",
    "rating": "10",
    "author": "supe****",
    "review_id": "8130662",
    "movie_id": "10253"
  },
  {
    "review": "배트맨 영화계의 영원한 전설.",
    "date": "13.11.06",
    "rating": "10",
    "author": "jun9****",
    "review_id": "8118796",
    "movie_id": "10253"
  },
  {
    "review": "잊을 수 없는 조커와 배트맨.. 킴 누나의 미모도...",
    "date": "13.10.30",
    "rating": "10",
    "author": "203k****",
    "review_id": "8101107",
    "movie_id": "10253"
  },
  {
    "review": "팀버튼과 크리스토퍼놀런은 스타일이 다른거지 누가 잘만들고 못만들고 따지는건 유치한 비교 같습니다. 둘다 자기 방식대로 훌륭하게 만들었습니다.",
    "date": "13.10.25",
    "rating": "10",
    "author": "yww5****",
    "review_id": "8089097",
    "movie_id": "10253"
  },
  {
    "review": "배트맨 주인공역 크리스찬 베일이 너무 멋있어서 그런가 초라해보이네요 하지만 역시 팀버튼 감독님이 영화를 잘 살려 주셨습니다",
    "date": "13.10.22",
    "rating": "8",
    "author": "lkyl****",
    "review_id": "8079097",
    "movie_id": "10253"
  },
  {
    "review": "어릴적 비디오로 무한반복으로 보던기억이! 그립네요",
    "date": "13.10.17",
    "rating": "10",
    "author": "won4****",
    "review_id": "8064204",
    "movie_id": "10253"
  },
  {
    "review": "평점이너무낮다....팀버튼의수작",
    "date": "13.09.16",
    "rating": "10",
    "author": "thdw****",
    "review_id": "7987602",
    "movie_id": "10253"
  },
  {
    "review": "배트맨1탄 잭니콜슨이 진정한조커! 다크나이트조커도 연기는 잘햇지만 솔직히 몸개그도 없었고 근접촬영기법과 쩝쩝거리는 컨셉으로 집중도만높혓지 조커적인 연기보다는 그냥 악당이 화장하고 입맛다시면서 수다만떤것박에 기억이안난다. 거품연기다.",
    "date": "13.09.14",
    "rating": "10",
    "author": "code****",
    "review_id": "7976232",
    "movie_id": "10253"
  },
  {
    "review": "너무 촌스럽고 디테일에서도 엉성함이 느껴져 클래식이라 부르기도 뭐하지만 그당시에는 그래도 잘 만든영화라고 칭송받은 사실과 잭니콜슨의 연기때문에 그나마 5점. 그리고 마이클키튼은 배트맨역에 어울리지 않는다고 생각한다",
    "date": "13.09.06",
    "rating": "5",
    "author": "mhch****",
    "review_id": "7952733",
    "movie_id": "10253"
  },
  {
    "review": "조커 결국 죽네유. 볼거리 많은 거 좋아하는 인간들은 보면 별로에유. 스토리 위주에유. 간혹 중간에 한 번씩 볼거리 보여줘유. 조커 은근 매력 있는 악당이네유. 여자 하나도 안 이뻐유.",
    "date": "13.08.29",
    "rating": "5",
    "author": "real****",
    "review_id": "7931251",
    "movie_id": "10253"
  },
  {
    "review": "사실 전체적으로 그렇게 좋은 영화인지는 모르겠다. 팀버튼의 연출이 그렇게 돋보였던것도 아니었고 그 외의 재미라던지 철학성도 부족했던것같다. 고담시의 배경을 표현한것도 만점줄 정도는 아니었으며 놀란의 배트맨과 비교하게된다. 잭니콜슨의 베테랑연기만이 명품",
    "date": "13.08.17",
    "rating": "7",
    "author": "sh49****",
    "review_id": "7893638",
    "movie_id": "10253"
  },
  {
    "review": "원작은 잘 살린건 팀 버튼. 작품성을 보면 놀란. 솔직히 비교 자체가 성립하지 않는다.",
    "date": "13.08.05",
    "rating": "8",
    "author": "hoyk****",
    "review_id": "7844028",
    "movie_id": "10253"
  },
  {
    "review": "뭐랄까 버튼의 조커와 놀란의 조커는 배트맨이란 영화에서 진정한 주인공이 아니엿을까 싶다..",
    "date": "13.08.03",
    "rating": "10",
    "author": "qlrm****",
    "review_id": "7831734",
    "movie_id": "10253"
  },
  {
    "review": "잭 니콜슨의 연기가 샤이닝 다음으로 가장 좋았던 작품",
    "date": "13.07.16",
    "rating": "10",
    "author": "jhh1****",
    "review_id": "7747372",
    "movie_id": "10253"
  },
  {
    "review": "컬트적이고 몽환적인 분위기를 잘 살리는 것이 감독의 주특기라는 걸 상기시켜 주었다. 이질적인 것들이 섞여 분위기를 흐리는 것이 단점이다. 잭니콜슨의 뛰어난 연기력도 역부족..",
    "date": "13.07.06",
    "rating": "6",
    "author": "tscm****",
    "review_id": "7711070",
    "movie_id": "10253"
  },
  {
    "review": "광기에 익살스러움까지 더한 조커.",
    "date": "13.07.01",
    "rating": "10",
    "author": "giga****",
    "review_id": "7694042",
    "movie_id": "10253"
  },
  {
    "review": "배트맨시리즈는 어둡고 칙칙한게 재밌다",
    "date": "13.06.23",
    "rating": "10",
    "author": "dkfn****",
    "review_id": "7672236",
    "movie_id": "10253"
  },
  {
    "review": "버튼의 배트맨이 더 낫다?!",
    "date": "13.06.13",
    "rating": "9",
    "author": "sbas****",
    "review_id": "7634805",
    "movie_id": "10253"
  },
  {
    "review": "킴 베이싱어가 비명을 정말 잘 질렀고 조커는 너무 웃겼다.",
    "date": "13.06.10",
    "rating": "10",
    "author": "ieew****",
    "review_id": "7621519",
    "movie_id": "10253"
  },
  {
    "review": "잭 니콜슨을 제외한 배우들 연기도 너무 못하고, 마이클 키튼는 정말 배트맨에 안 어울리는 배우다. 이 영화야말로 조커 빼고 볼게 없는데 놀란의 아이디어나 오마주정도의 (생략)",
    "date": "13.05.29",
    "rating": "4",
    "author": "neoi****",
    "review_id": "7561464",
    "movie_id": "10253"
  },
  {
    "review": "연출이 평범하고 (백 투 더 퓨쳐, 스타워즈4의 특수효과 연대기 포함) 몰입력은 80년대 범죄영화 장르 재미를 추구하지만 내러티브가 부족하고 개연성도 없고 액션수준도 형편없으며 전체적으로 모든것이 (연출,연기,기타등등)유치찬란하다.",
    "date": "13.05.29",
    "rating": "5",
    "author": "neoi****",
    "review_id": "7561457",
    "movie_id": "10253"
  },
  {
    "review": "내 생애 첫 영화이자 나의 영원한 히어로^^",
    "date": "13.05.18",
    "rating": "10",
    "author": "theb****",
    "review_id": "7539828",
    "movie_id": "10253"
  },
  {
    "review": "배트맨 하면 그냥 마이클키튼임.",
    "date": "13.05.16",
    "rating": "10",
    "author": "go16****",
    "review_id": "7532300",
    "movie_id": "10253"
  },
  {
    "review": "최고의 영화",
    "date": "13.05.15",
    "rating": "10",
    "author": "mair****",
    "review_id": "7529047",
    "movie_id": "10253"
  },
  {
    "review": "배트맨을 팀 버튼 감독만의 감각으로 코믹 만화책과 흡사하게 재현하다.",
    "date": "13.05.13",
    "rating": "7",
    "author": "tang****",
    "review_id": "7525840",
    "movie_id": "10253"
  },
  {
    "review": "잭 니콜슨은 조커 그 자체다. 앞으로도 영원히 이 배트맨을 능가하는 배트맨을 나오지 않을 것이다.",
    "date": "13.05.08",
    "rating": "10",
    "author": "unma****",
    "review_id": "7516226",
    "movie_id": "10253"
  },
  {
    "review": "팀 버튼 특유의 감각이 만화에서 갓 튀어나온 듯한  히어로를 만들어냈다.",
    "date": "13.05.08",
    "rating": "10",
    "author": "ouic****",
    "review_id": "7515263",
    "movie_id": "10253"
  },
  {
    "review": "조커의 광기섞인 웃음을 제대로 표현할수있는 배우는 잭니콜슨 형님뿐인듯",
    "date": "13.05.01",
    "rating": "10",
    "author": "adeo****",
    "review_id": "7498418",
    "movie_id": "10253"
  },
  {
    "review": "명 만화를 영화로 볼 수 있다는 게 얼마나 축복인가,,,",
    "date": "13.04.30",
    "rating": "8",
    "author": "milk****",
    "review_id": "7495440",
    "movie_id": "10253"
  },
  {
    "review": "고전적이다 하지만 숨은 치명적 매력이 있다.",
    "date": "13.04.08",
    "rating": "7",
    "author": "dpdj****",
    "review_id": "7442970",
    "movie_id": "10253"
  },
  {
    "review": "겨기서 팀버튼이랑 놀른을 비교하는 ㅂㅅ들은 뭐지? 만화 원작을 완벽하게 옮겨노은 영화다... 놀른이랑은 스탈이 틀립니다",
    "date": "13.02.14",
    "rating": "10",
    "author": "bj39****",
    "review_id": "7264456",
    "movie_id": "10253"
  },
  {
    "review": "조커",
    "date": "13.02.09",
    "rating": "7",
    "author": "jjcv****",
    "review_id": "7242602",
    "movie_id": "10253"
  },
  {
    "review": "♥♥♥",
    "date": "13.02.01",
    "rating": "10",
    "author": "jyto****",
    "review_id": "7208026",
    "movie_id": "10253"
  },
  {
    "review": "최고의 배트맨 영화. 놀란것도 훌륭하지만... 등장인물들이 너무 말이 많아... 명불허전 잭 니콜슨",
    "date": "13.01.18",
    "rating": "10",
    "author": "kong****",
    "review_id": "7130388",
    "movie_id": "10253"
  },
  {
    "review": "팀버튼식 분위기, 훌륭한 주연들의 연기, 아이러니컬한 음악까지... 대단하다는 말밖엔....",
    "date": "13.01.18",
    "rating": "9",
    "author": "kado****",
    "review_id": "7129434",
    "movie_id": "10253"
  },
  {
    "review": "닥치고 10점만점100점1천점",
    "date": "13.01.15",
    "rating": "10",
    "author": "kuso****",
    "review_id": "7117836",
    "movie_id": "10253"
  },
  {
    "review": "조커가 이상한 음악에맞춰 그림을망치던 장면은 잊을수없네여 베이컨그림은 맘에든다며 남겨둔것도ㅋㅋㅋ 캬 명장면이져",
    "date": "13.01.08",
    "rating": "9",
    "author": "lyg1****",
    "review_id": "7092114",
    "movie_id": "10253"
  }
]