[
  {
    "review": "이 시대에 찾아보기 힘든 곱사등이의 순결한 사랑을 통해 정의사회구현을 위한 처음과 끝이 비로소 여기에 있음을 느꼈다",
    "date": "15.03.19",
    "rating": "9",
    "author": "srab****",
    "review_id": "9792828",
    "movie_id": "10257"
  },
  {
    "review": "오래된 영화, 그리고 명화!!",
    "date": "15.02.21",
    "rating": "10",
    "author": "id_c****",
    "review_id": "9721537",
    "movie_id": "10257"
  },
  {
    "review": "나 자신을 돌아보게 하는 영화. 그래도 삶은 아름답다",
    "date": "14.12.20",
    "rating": "10",
    "author": "tlsd****",
    "review_id": "9491948",
    "movie_id": "10257"
  },
  {
    "review": "어릴때 우연히 tv에서 봤는데 눈물흘렸던 영화. 죽기전에 한번쯤 꼭 봐야 할 영화!",
    "date": "14.07.02",
    "rating": "10",
    "author": "code****",
    "review_id": "8874765",
    "movie_id": "10257"
  },
  {
    "review": "볼만은 했으나 큰 감명은 없다",
    "date": "13.10.19",
    "rating": "7",
    "author": "kimg****",
    "review_id": "8072386",
    "movie_id": "10257"
  },
  {
    "review": "1956년 작품이라는게 믿기지가 않을정도로 디테일하다! 안소니 퀸의 명연기 또한 물론~",
    "date": "13.10.19",
    "rating": "9",
    "author": "sly1****",
    "review_id": "8069783",
    "movie_id": "10257"
  },
  {
    "review": "나같았으면 어떻게 대처했을까 라는 생각으로 쭉 봤던 영화",
    "date": "13.04.19",
    "rating": "9",
    "author": "yobi****",
    "review_id": "7468563",
    "movie_id": "10257"
  },
  {
    "review": "옛날 명 배우들 보는 맛에 보고",
    "date": "13.04.12",
    "rating": "7",
    "author": "clie****",
    "review_id": "7453443",
    "movie_id": "10257"
  },
  {
    "review": "명작 중의 하나",
    "date": "12.04.25",
    "rating": "9",
    "author": "kos4****",
    "review_id": "6245178",
    "movie_id": "10257"
  },
  {
    "review": "무수히 재생산되고 재해석된 작품이지만, 안소니 퀸이 나온 이 작품이 단연 으뜸!",
    "date": "11.12.22",
    "rating": "9",
    "author": "mygr****",
    "review_id": "5921201",
    "movie_id": "10257"
  },
  {
    "review": "뮤지컬로 먼저 접한 작품이지만 영화나 뮤지컬이나 명작",
    "date": "10.07.28",
    "rating": "10",
    "author": "qudr****",
    "review_id": "4680756",
    "movie_id": "10257"
  },
  {
    "review": "괜찮은영화",
    "date": "10.03.26",
    "rating": "7",
    "author": "yuye****",
    "review_id": "4389234",
    "movie_id": "10257"
  },
  {
    "review": "화면 색채가 아름답고 지나 롤로브리지다의 눈빛은 매혹적임.",
    "date": "10.01.16",
    "rating": "7",
    "author": "jjyn****",
    "review_id": "4174639",
    "movie_id": "10257"
  },
  {
    "review": "개인적으로 최고라 생각.. 영화다보니 내용을 다 담을순없지만 갈등사건은 다있네여.",
    "date": "09.06.19",
    "rating": "10",
    "author": "pro_****",
    "review_id": "3575352",
    "movie_id": "10257"
  },
  {
    "review": "5살때비디오녹화되있어서 멋모르고 봤는데 아직까지도기억되는영화..",
    "date": "08.06.15",
    "rating": "10",
    "author": "asdf****",
    "review_id": "2701333",
    "movie_id": "10257"
  },
  {
    "review": "순수한 곱추의 사랑은 죽어서나 온전히 제것일 수 있었다.",
    "date": "07.10.31",
    "rating": "6",
    "author": "kuic****",
    "review_id": "2124482",
    "movie_id": "10257"
  },
  {
    "review": "good",
    "date": "07.10.21",
    "rating": "6",
    "author": "cles****",
    "review_id": "2104027",
    "movie_id": "10257"
  },
  {
    "review": "뮤지컬로 '노트르담 파리'를 접하게 됬다가 이 영화를 봤는데 명작이군",
    "date": "07.06.07",
    "rating": "10",
    "author": "tmxl****",
    "review_id": "1688132",
    "movie_id": "10257"
  },
  {
    "review": "안소니 퀸의 명연기가 돋보인 작품",
    "date": "07.05.22",
    "rating": "8",
    "author": "nala****",
    "review_id": "1651587",
    "movie_id": "10257"
  },
  {
    "review": "볼만",
    "date": "07.02.04",
    "rating": "8",
    "author": "ysuh****",
    "review_id": "1443713",
    "movie_id": "10257"
  },
  {
    "review": "정말 최고의 명작입니다.",
    "date": "07.01.07",
    "rating": "10",
    "author": "shin****",
    "review_id": "1364144",
    "movie_id": "10257"
  },
  {
    "review": "고전 영화 보기 운동.",
    "date": "06.05.16",
    "rating": "5",
    "author": "scal****",
    "review_id": "802429",
    "movie_id": "10257"
  },
  {
    "review": "세기의 영화입니다....강추..",
    "date": "04.11.03",
    "rating": "10",
    "author": "asap****",
    "review_id": "138541",
    "movie_id": "10257"
  },
  {
    "review": "에스메랄다와 콰지모도의 슬픈 사랑...다시 보고싶군요. 불후의 명작입니다",
    "date": "03.12.07",
    "rating": "10",
    "author": "funk****",
    "review_id": "1326",
    "movie_id": "10257"
  }
]